name,subject,status,MDVP:Fo(Hz),MDVP:Fhi(Hz),MDVP:Flo(Hz),MDVP:Jitter(%),MDVP:Jitter(Abs),MDVP:RAP,MDVP:PPQ,Jitter:DDP,MDVP:Shimmer,MDVP:Shimmer(dB),Shimmer:APQ3,Shimmer:APQ5,MDVP:APQ,Shimmer:DDA,NHR,HNR,RPDE,DFA,spread1,spread2,D2,PPE,CPP,MFCC_1_mean,MFCC_2_mean,MFCC_3_mean,MFCC_4_mean,MFCC_5_mean,MFCC_6_mean,MFCC_7_mean,MFCC_8_mean,MFCC_9_mean,MFCC_10_mean,MFCC_11_mean,MFCC_12_mean,MFCC_13_mean,MFCC_1_std,MFCC_2_std,MFCC_3_std,MFCC_4_std,MFCC_5_std,MFCC_6_std,MFCC_7_std,MFCC_8_std,MFCC_9_std,MFCC_10_std,MFCC_11_std,MFCC_12_std,MFCC_13_std,F1_mean,F1_bw,F2_mean,F2_bw,F3_mean,F3_bw,spectral_tilt,error
15 Young Healthy Control/Biagio P/B1LBULCAAS94M100120171056.wav,Biagio P,0,120.45117670780738,572.800945398491,75.73617668460673,0.036497995225610466,0.00030489943541202677,0.017936940386084503,0.018786571981087068,0.05381082115825351,0.11160295280554161,1.0648737388440437,0.04813979561992552,0.06396601547683169,0.11304691745195694,0.14441938685977657,0.05983828884335637,8.452494017348013,0.2804790377579604,0.950369744802407,-1.7790469587052966,0.10092495407811661,0.03734025313299041,0.16690954201620167,2.179659938973316,-196.78666205700296,124.18242107077016,-13.261817927632622,68.17312357077186,-32.103280896260756,36.27681288432516,-12.50450354394707,14.364155376917878,-8.215421106379416,-1.9620078099030247,0.8357741578056201,-6.148352480563589,3.5449864428401945,54.30888761871634,44.633714796778975,17.733237193129202,23.914358398619026,22.48560798276489,17.75928781522057,11.912723083391091,10.21817936885188,11.584552802728153,9.037066424688435,7.590938943143013,8.873338615613484,7.821903838867631,801.8713643934243,692.2538010624409,2080.1651837002673,760.1810632963935,3208.6915019711705,642.9454518228198,-3.1502732674140974,
15 Young Healthy Control/Davide M/B1LBULCAAS94M100120171020.wav,Davide M,0,132.09737979500008,592.7205292447961,78.43948949534943,0.02756813830745414,0.00021246975729979738,0.010915674294294039,0.01315848215739894,0.032747022882882115,0.13265907351878167,1.2033925585801226,0.05957522564345309,0.0740000806666705,0.10994984974184299,0.1787256769303593,0.023934719746286717,11.621446723508798,0.0029376892427442243,1.684923861167336,-1.197192659339532,0.19193971662505566,3.341752032741868,0.19615279644329564,3.2076757292044604,-375.9485501318552,84.8179585282642,31.26245542077872,23.035583664775295,5.983602601791568,14.81290711259695,6.792702133808661,11.55476268351479,7.64413038922823,2.9247417561192153,6.410250359049354,0.6462936013165684,1.5132008574450866,55.98343673182537,45.63300071971475,20.774878835757665,23.419564659436247,19.56573267000711,12.9232465003264,13.030619396337626,11.406853222636952,10.667659549302272,12.116484099435622,8.888623427997693,8.00923638391948,7.713888087468304,841.0407724221565,512.3598885904428,1964.5778802477676,711.3712067367416,3139.2990835860373,720.9195720702089,-5.8354054520284135,
15 Young Healthy Control/Davide M/PR1LBULCAAS94M100120171020.wav,Davide M,0,228.52606617121577,595.2805852904075,75.68501306683322,0.04686023741004288,0.000232998044241523,0.02070289475928631,0.024448694614292592,0.06210868427785893,0.2017530492726359,1.7002211833668337,0.1178941986812388,0.13869345320270884,0.23559041883848203,0.3536825960437164,0.02622132269344156,6.9180134455863245,0.11953337017336141,1.1427633941568964,-0.36064608600762943,0.34266406020680373,2.1941674933297728e-15,0.32777930992128673,8.389293383286024,-254.01295684927842,102.09654236545465,0.944197694955075,37.37644912734674,-13.87904651379299,29.078192857688684,-1.8866401185912203,24.805875163796735,7.559824290567127,10.30164746778025,7.579086990145284,-0.5015782487645345,7.352923977270193,52.960767538992485,37.42118709207877,14.721341052776832,19.9741093863027,17.709749507114296,11.720991895447698,11.049650991686736,7.9927473559025755,9.63851511267627,11.419485035585042,7.333659113961093,7.298683640826213,6.198972513949466,877.9357577889318,544.9641596154909,1975.035392886955,866.8658329396374,3160.767770366215,831.5118302069598,-5.469204050488238,
15 Young Healthy Control/Davide M/B2LBULCAAS94M100120171020.wav,Davide M,0,122.08374446263426,599.7843238846139,75.20702172186353,0.034726939398674335,0.00029321368315527694,0.01484709008642218,0.01845834671202456,0.04454127025926654,0.17114994406260933,1.5096046268213426,0.09593248617857085,0.10228546795364003,0.15127772754201,0.28779745853571254,0.027672225165310503,8.677579646443178,0.07505973075569171,1.1600370778604518,-1.0687992191665214,0.2557152232584227,1.9845743498048838e-15,0.18875341555640296,5.576170404191934,-299.04263945751694,104.77403172735484,8.235315370497077,35.30255005402767,-7.556886810246851,24.0453125700724,0.7045583023249459,18.389779235384143,4.979880357207174,7.006303494356669,7.544023305924707,-1.3463156020465616,5.959319791590511,59.877672280237505,41.56326515406716,17.15080245763618,23.16402804589506,19.432672573242176,12.486144463694766,11.750446986283608,10.55993647511032,11.758253323456861,11.764936439429368,8.965762404562636,8.232301217572564,6.626644475781229,824.55437992047,523.7714384870712,1932.1154127656587,741.7340548062504,3109.4150068099366,747.4181603902016,-5.521912766805948,
15 Young Healthy Control/Biagio P/B2LBULCAAS94M100120171056.wav,Biagio P,0,117.17029770424277,171.92440975648688,88.86997725814514,0.03178428807141701,0.0002715398396469415,0.01525963529118701,0.01676758165321801,0.04577890587356103,0.10824965705997602,1.0183822027471594,0.04260026168770422,0.06052267392977567,0.10643750203992201,0.12780078506311265,0.06356630021612039,8.77907235934724,0.24764838658868216,0.7052933608829391,-2.4671039340076684,0.04697795574716182,0.02939033884941347,0.46939996430024283,1.28316056222247,-218.34594145102403,120.00653152151455,-12.846897634712754,65.23358558605696,-28.74852844736555,33.16332468678166,-10.921168454519147,13.560394678648619,-9.112298223392811,-2.5443351655780555,1.3561997921024582,-6.522977512655485,3.157914162705072,61.63051917803846,44.463062789173364,19.902539413304925,24.911903496152988,23.26269584496777,17.926494419188995,12.367296942567458,10.096757555728209,12.180006288408922,8.965382031415036,8.326483522445866,9.4923908985232,8.102456273840778,844.6348011428928,690.9261491290374,2104.6970421048386,725.380070519122,3215.5303371071964,622.1970291940683,-3.41655897296834,
15 Young Healthy Control/Biagio P/PR1LBULCAAS94M100120171056.wav,Biagio P,0,117.14911479963087,173.6855640958095,78.81971308025221,0.03412507169642886,0.00029003014230447293,0.017541808121545266,0.017472307198645183,0.0526254243646358,0.11097027976686392,1.0485658101611126,0.047362774497282455,0.058468310391373374,0.09801906381885361,0.14208832349184736,0.06115738084916902,9.195416620608533,0.1860740466700347,0.7738261197374287,-2.5883343013519977,0.051384957552609654,0.019191973666817366,0.40906636858406037,0.9963033233611043,-254.6127884877298,122.64034157688987,-9.58403768348773,66.2793027970841,-28.947116592780763,36.79210334232945,-13.500741261193305,15.863601223044027,-5.357716955902057,0.5667911902108527,3.6358512189462604,-6.393053772473309,1.6046570667966042,60.37251554733063,39.80099202248477,16.84203428201452,21.905163296416028,21.97006741944313,15.910955745241436,11.67184589520746,9.90673055988038,10.273236204111905,7.340324240026441,7.552557128657377,7.601582952924885,6.9098027740171055,796.0506323008002,713.3688719209869,2095.7809745670415,810.2601744054349,3208.182588149017,704.2343181242516,-3.125538596239076,
15 Young Healthy Control/Giuseppe Andrea M/B2LBULCAAS94M100120171021.wav,Giuseppe Andrea M,0,220.9552449002591,596.697912463099,77.03538199541441,0.03834557938902057,0.00020156318986893674,0.018887917372763022,0.019529041492839974,0.05666375211828907,0.20171605157140507,1.6708721230465848,0.1162629169966362,0.1486825717168296,0.1845948376748234,0.3487887509899086,0.04472440100680528,6.337229866013924,0.170495664569011,1.0284465126805946,-0.4951910806178317,0.28477328786618844,-6.611410947567815e-15,0.25463546576662477,6.500533725717258,-189.80705832873483,122.31645580190347,-10.436407561825538,42.0543495617039,-11.187937640958012,28.737263602368003,-6.37450226685091,20.26040964981924,-6.676280076495612,4.823948053647322,8.354852375917071,0.49478600640209636,6.87328893384573,45.370869897027795,35.74397358658966,17.178392092995093,19.71780482974489,16.784331749579085,14.691492329197658,10.733015781683577,9.394405935808374,14.546706555077735,12.24123776202555,10.047343551822399,7.829962676011238,6.616515421498538,740.2367757239923,508.73506801597097,1791.7647470745435,675.5094246707521,2993.7774896415917,643.4925348325428,-6.370111568614105,
15 Young Healthy Control/Giuseppe Andrea M/B1LBULCAAS94M100120171021.wav,Giuseppe Andrea M,0,229.21254516102542,599.7049094841527,88.24108734082127,0.04080761605975839,0.00020475849437091945,0.020520090295495563,0.021410058346643654,0.06156027088648669,0.19919571152421173,1.656260923455453,0.10937183831046045,0.13811535733173297,0.209992999834608,0.32811551493138136,0.04367814786136067,6.021938840148666,0.12026048708467468,1.0078287960000085,-0.4452566578076929,0.2961286840211285,-1.0509976997085868e-15,0.16239389388754355,6.794587347384713,-219.99882923914873,116.09433427838114,-3.166114734761145,36.62772571217333,-5.99398520432364,24.96466586842329,-3.526042849763158,18.527842842936106,-3.1849124864367027,6.091020946703458,8.033642449636421,0.9984660554424513,6.391471083527805,46.132804781465495,35.45260824543355,17.707392201312057,18.917032686342118,16.12559630291053,14.18788632175206,11.237904439209828,9.6023050415518,14.143598745586242,11.86211883261946,9.706354444399095,7.486426237977613,6.528494746145392,766.5629432884699,483.52609252252324,1836.100723724172,684.1873636910393,3032.2025106506003,643.6799456129261,-6.527166233089922,
15 Young Healthy Control/Sara T/PR1LBULCAAS94M100120171066.wav,Sara T,0,221.99883524078314,570.9109314572879,168.5995432331772,0.021945308197153054,9.883301193316047e-05,0.010666522952070852,0.011119067328905068,0.03199956885621256,0.10272810791367797,1.0710066699853824,0.04431276577392982,0.060268825541605245,0.09304857791827081,0.13293829732178947,0.20306384658753276,10.171933002303716,0.12139204381911674,0.4512599168924469,-2.0544153652746115,0.05351064941906253,0.9018739950629905,0.27947523800907614,1.5328715427310726,-255.06688720688382,100.35447590690612,-22.91843991510516,58.07737449356727,-28.72097315780588,25.24540615067398,-6.327298561086659,6.8033068338962615,-2.5841232070546187,-0.09705723042733808,3.373140251378565,-1.0782204291242974,-2.0619879949843387,73.62483457069948,25.602852198267108,32.5324657265499,28.176706127477683,18.591520294027983,15.010059043004642,13.979176396807516,11.587279408214059,9.435013870127095,7.750900045966285,7.318289871548888,7.437395680766389,7.454364574173787,798.6550696130554,599.7255876520353,2058.69411489794,701.3878115840503,3160.1723579148306,618.1770323502155,-2.156888592411613,
15 Young Healthy Control/Giuseppe Andrea M/PR1LBULCAAS94M100120171021.wav,Giuseppe Andrea M,0,283.5795333949409,599.8408941109727,85.3291205551906,0.04708449758026002,0.00019383972310981967,0.022313076019509236,0.023295828350009616,0.0669392280585277,0.21439013396140627,1.7102439446692337,0.12997696714640533,0.16960751123010354,0.23469456756555623,0.389930901439216,0.06618283247668699,7.760593072743298,0.17855368978094166,0.885054960726621,-0.3930136007143393,0.2895139617547454,-1.4757619440413526e-16,0.19968657035682505,9.496019569325899,-213.61716987204616,112.51650532591735,-14.686731579894335,40.959505022503144,-16.35145848004531,31.033910430044813,-6.081075943251849,26.100013132157958,1.1249608919063838,12.370955067456158,8.876138100696137,0.8376230561956419,8.350621914997468,48.051421785656174,33.98611914294018,15.701988358526034,15.736673695692483,14.702132795946293,13.474153546869719,9.9314848258647,8.1007693796144,12.402949137679284,10.746349625279942,7.969259414216309,5.996849151628207,5.499363364884289,837.0633268630482,525.8434174655782,1853.5585743880617,838.5141921974559,3055.766332877037,771.0804646432322,-6.41795448805534,
15 Young Healthy Control/Sara T/B1LBULCAAS94M100120171066.wav,Sara T,0,253.7026689558669,549.5589999316644,88.36411789750669,0.021762132034817437,8.587120230084862e-05,0.01035740594102839,0.011056876689592965,0.031072217823085172,0.10235307284208446,1.0362776267872769,0.04156357633462941,0.05988402655139319,0.10506906147920932,0.12469072900388824,0.17780872105938916,11.473656806855619,0.17683522420801467,0.36937762808311336,-1.5014359127777148,0.05968552724521878,4.301451564978231,0.32448366488741803,1.4478188992264478,-234.36792320886462,95.97432619467865,-24.95437069274673,56.87946293199377,-25.86295472355274,23.305105992741268,-10.996452590420258,3.0459052941519644,-6.73035048435714,0.9038280890573932,1.2572743013609715,-3.287398404937395,-2.0538151938830476,66.29930960454696,28.734292427894978,30.01356960991419,28.165986560699853,17.14044084420616,15.468950228551183,15.301936281667196,12.79513919126433,11.716069883996031,9.755266402454431,8.708305708177628,8.464193949859725,8.088406502866572,703.4567868534535,528.7198541850527,1968.7491466255242,556.181949134647,3099.108215275031,536.3703889483112,-3.1493589215132367,
15 Young Healthy Control/Sara T/B2LBULCAAS94M100120171066.wav,Sara T,0,252.00432546930685,581.6913884847672,91.46228664521333,0.020875100784059516,8.293296670299397e-05,0.00967653523738557,0.010558661405735989,0.02902960571215671,0.09871827790738509,1.01472829531723,0.040270354623920555,0.05737655721128304,0.1014778914070647,0.12081106387176166,0.23587301540789524,10.466432564958179,0.1328201862557957,0.24718119735353414,-1.5484374257186935,0.05908053500401432,3.4190490662502957,0.27547048699594706,1.484250829581221,-225.64633826665235,92.42979755835881,-26.89829817894465,56.67739906438703,-29.62516387685995,21.523407382318904,-9.359386076923082,3.8329916171685197,-4.5704587540483645,-1.0987864516838042,0.963011177389491,-1.9804128422285054,-3.040389612398578,74.50141631115751,29.37996506584653,33.13159372868157,28.572838893602146,19.145655223328344,16.44658772322141,15.946603665227856,13.50926267867315,11.58935901818765,9.43085694140318,8.34655997176885,8.23535770878095,8.560939712382224,711.1607392482723,499.9872220360948,1972.6661912968923,544.8872145302929,3107.8247607188,522.2562268824872,-2.6134504607072118,
15 Young Healthy Control/Gennaro T/B2LBULCAAS94M100120171064.wav,Gennaro T,0,119.58114932850272,379.4849006744521,75.64034074974771,0.026065186174352366,0.0002182439092843276,0.012418413587957809,0.013515483401606958,0.037255240763873425,0.1101133952434031,1.065629805201488,0.04763668741658066,0.06407850100396707,0.11377293182541608,0.14291006224974198,0.02036909415707362,10.600896463799653,0.25485579525078694,0.4511559693793356,-1.8354967434227485,0.07125949481815262,0.06451268279907031,0.22533871358457017,0.5953800769103239,-193.23839039907133,135.7908922867208,-6.799680746373367,53.309618753221386,-17.84467200587256,22.914549865881384,-12.33635483415327,4.878214827869027,-10.544632462008272,-3.3647474883234576,-1.167656356888732,-6.535211517719381,9.370661049485939,56.671321282223225,35.953781205274765,19.909464406172404,21.708725724438292,19.476795396524082,13.334097064845372,12.025072637528574,9.38377331191773,10.830513550024936,9.108879538040526,8.818129695669727,8.621693104835623,9.887290940642407,642.8592496659018,507.9614119940097,1800.6899286728617,712.6502303425444,2969.5830136636405,721.1338700364391,-6.40918670128467,
15 Young Healthy Control/Gennaro T/PR1LBULCAAS94M100120171064.wav,Gennaro T,0,116.07368251559689,599.3409410506285,75.54267398368579,0.02818477517212429,0.00024336265014703853,0.013690818941023699,0.014290133979197563,0.0410724568230711,0.11477777334415559,1.1083066098789325,0.05090517807646624,0.0646431233235464,0.10930215368004342,0.1527155342293987,0.023554699516978903,10.504079340604784,0.1874764517650072,1.2654655893495095,-1.637122582666108,0.10804891618562709,0.011115055857037136,0.23208688323306886,0.6633255857752758,-220.97360563244675,126.95388453952096,-3.0082953647833524,51.39547734167502,-12.293162698747635,19.10255245961837,-7.584903638080968,6.12524845029324,-5.113180581241036,-4.277463432946077,2.8020712859414836,-3.6110021846827007,7.835155094400532,57.74221632268791,33.4953232804276,19.46782098867962,19.028372239610807,19.951705415354965,13.605355412188645,12.347793650702062,8.454003358715395,8.659011862206588,8.310845905187666,9.01289125314432,9.740680708794768,9.507185241171642,701.5220654155174,575.0478023734737,1909.9028571512545,791.8281024999359,3016.8371330957852,718.0930133937462,-6.1786741518091235,
15 Young Healthy Control/Giuseppe M/B1LBULCAAS94M100120171043.wav,Giuseppe M,0,132.7560433408252,572.8882609997424,77.13381610669313,0.024101914061828624,0.00018173626952438488,0.01033498232016724,0.01208467843488382,0.03100494696050172,0.08762267218972557,0.8826081411342506,0.03270387178723533,0.04879198908095437,0.09194905590335853,0.09811161536170598,0.015437020658870423,12.656129733428651,0.2686934572221202,0.9586292161172141,-1.9136323940816422,0.07348737454543278,3.0101305016978914,0.2056478981438364,0.7202546851080669,-215.65020174619988,135.24753905895045,-16.881570513856378,54.56208136533757,-22.04792192485285,22.630268539181795,-6.200268295802574,10.092772578738275,-7.937431562471315,-2.8543433963403646,-1.2124160510513124,-3.5669230117822526,5.005171002399019,64.18382379357435,42.604185551659384,26.03424635533872,24.407472553602346,21.90133782401028,18.871513632264524,16.31092849163831,11.206711061972676,13.587640098688887,9.832869092761655,10.361980977649022,9.187874211198688,8.231814583389754,669.8993055248267,491.7808353661016,1861.7180731019218,590.2432250720308,3027.591817449107,607.5446478573735,-6.494122891662708,
15 Young Healthy Control/Gennaro T/B1LBULCAAS94M100120171064.wav,Gennaro T,0,119.9309438711122,516.5338754427338,77.04969882746107,0.026171147961057684,0.00021839605211885574,0.012157711493939578,0.014079770601191938,0.036473134481818735,0.11239344684678897,1.1029391980223182,0.048835341988746596,0.06621137018700753,0.12270850865159595,0.1465060259662398,0.023399215884161086,10.284904742784072,0.1899876710011204,0.6162880510948815,-1.6456942576929647,0.10250175879803951,0.022315024741339687,0.19905755396877936,0.1523006248161778,-212.8604329066743,135.42025093395128,-9.381897134367161,52.957656595831594,-17.385455742204595,22.561382606016245,-11.431538685180405,5.756187269563885,-10.330038006057654,-4.231908447138265,1.1317737887157813,-5.788082056732334,7.857004474956282,59.684591859309435,35.865425565181454,19.638325660580914,20.983461909900523,18.651912589632282,13.126929888346263,12.277071341978292,9.24593184705248,10.181309446092763,8.875779994861244,8.910281010510126,8.719160312985132,9.518713810050944,653.0463602755094,526.8416818418057,1828.252350912584,728.0094971406473,2957.231867976991,684.4085169571701,-6.272823381717036,
15 Young Healthy Control/Giuseppe M/B2LBULCAAS94M100120171043.wav,Giuseppe M,0,134.99207404570578,530.8092646244468,74.96293622318167,0.02389315161128321,0.00017732428235411814,0.010279866564535247,0.01210315671734586,0.03083959969360574,0.08883738662620275,0.8863400751185317,0.03376063892665952,0.049229063855441776,0.09787385664555716,0.10128191677997857,0.02211004897093571,12.085964196702642,0.31788217007492026,0.3622550491097377,-1.9012290336577318,0.0703128151453724,3.153774015496737,0.14650883717370622,0.4813269988040858,-209.13214349150783,136.1461168483223,-20.419090849361684,53.7741094691889,-23.020011167966565,19.02244955064878,-6.515375577213548,9.083667205196502,-8.717406148129815,-3.197257419121302,-1.0864581839410739,-3.274062810398863,4.852979904844638,66.04241234028595,42.007304917735134,27.649179746170923,24.201355349152113,22.451752703371852,19.30432867442015,16.10513407312768,10.830579908846232,13.153786513491067,10.270261859944506,10.55666997286804,8.702874817004396,7.654869100282124,660.4067093911247,497.992333247079,1845.3443904861606,584.60610654031,3000.7811126885545,607.959903720687,-6.293717387859988,
15 Young Healthy Control/Giuseppe M/PR1LBULCAAS94M100120171043.wav,Giuseppe M,0,121.91555391663049,166.23017297708932,76.35231173617967,0.024295715362202208,0.0001992152879322081,0.011184383406996568,0.011875525682360796,0.0335531502209897,0.0838455125030666,0.8995070774041501,0.03235012600056084,0.04244798111958518,0.07692541819513664,0.09705037800168254,0.01862070807154376,12.86188435696918,0.22875062997798432,0.30119330429000873,-2.3163621618213397,0.0489535920226275,3.3516397860603706,0.35291943520371494,1.4157614585719216,-232.5347793367118,127.69729892535806,-9.995570198025108,53.34629654155211,-19.910596667169326,20.376595787812693,-6.300056596736843,11.758818855760303,-2.5469156060630613,-1.204751703492209,0.23964646076269755,-4.71391832848116,2.9601805926622746,67.16711192419216,43.438760258830214,28.899346184530533,24.25603577781397,23.6682748293796,21.257569671264104,15.414009833845947,9.906038900764093,10.768973579911414,8.651029057078777,10.466228796556585,7.840214054740101,7.33140280060784,681.0880330803753,539.8209588626701,1922.5981811653203,638.9371913821886,3075.99761071161,651.2243295602822,-6.1882182070070835,
15 Young Healthy Control/Alberto R/B2LBULCAAS94M100120171015.wav,Alberto R,0,128.7643819734332,598.7426633456224,74.96247689038096,0.028093173135409842,0.00022341001534940673,0.011122894188343613,0.013714504598326918,0.03336868256503084,0.1358040477815705,1.2636331702562957,0.07025918915109178,0.07965827392009678,0.12901408589251545,0.21077756745327533,0.012826613052998119,10.10460470461519,0.17878544915236647,1.0226317029704162,-1.1102043417894554,0.2376571970366105,0.006616854130982621,0.19269806847789914,3.3763151541525076,-232.992630906795,122.63289455204068,4.801319853464272,43.454581009473785,-12.528591761848055,26.881798930169275,-1.2159454472125295,19.052598893726756,-4.023945612835628,6.977094909115576,3.067794886737657,-3.6498942696702885,6.7904553761223045,62.60261860282941,44.69596255070075,17.875721753008825,24.748419485798706,18.864128937273914,12.555964429228613,11.58836040909211,11.232323989955713,14.329322870493545,10.787681285628755,9.872655748669732,8.9497785622209,6.844674730866549,729.118695334555,491.56420017216783,1832.5157095718048,602.9137658931897,3064.9561576490873,652.6453269230972,-7.076772469129809,
15 Young Healthy Control/Alberto R/PR1LBULCAAS94M100120171015..wav,Alberto R,0,221.23036729353086,599.1518051262753,83.66509388465771,0.040481840791652415,0.00020628974421417733,0.019327336052334852,0.021530642994191544,0.05798200815700456,0.17518238650657397,1.5271450366190373,0.10220642691653363,0.11671226352455477,0.17873450569536167,0.3066192807496009,0.008906248332822332,9.329854242970393,0.24996321770503602,1.087931613510237,-0.39278254271360924,0.350776458835852,0.0005515205743405775,0.19612921768770947,6.82212485506146,-215.3808061398674,112.35827856494866,-3.9858586099373143,46.795847209039714,-17.321498424782277,33.91940531911988,-4.074740611572978,25.960199795329338,1.4941228504852535,12.135916156924592,5.7755912179021305,-2.188765648557232,8.578858246072143,59.567414796945044,38.41934691736033,15.58914584937471,19.74795310273618,16.400971934177925,10.841545550314354,10.258560435283503,8.858290583964141,12.173431495419086,9.625502851431138,10.0109461493409,7.363618460216775,5.751754858061637,825.4161430931869,526.9483402504964,1938.24286772015,778.0832023754293,3141.4542738813475,768.4158485471634,-6.730877850708847,
15 Young Healthy Control/Alberto R/B1LBULCAAS94M100120171015.wav,Alberto R,0,137.98420326637702,596.8217097428354,75.10893261652828,0.030667850835627713,0.00023304407552078606,0.012539847245676831,0.015468695094156262,0.03761954173703049,0.12874613315411768,1.2142396294380413,0.0678360291463081,0.07760145171925097,0.1168223357934691,0.2035080874389243,0.014388491620429976,10.094457781347732,0.2644514701162137,0.9881038517863837,-0.9537078056495677,0.27862505099983964,0.0047936559829216815,0.164503647093489,3.1113419619688756,-212.52621494107626,128.2199227330173,0.19590067941150535,47.74479800988825,-16.654078910287186,30.183457495337873,-4.217711311490006,20.323561794870187,-5.293756035626924,6.738700050534446,2.880430431795906,-4.41282401385689,6.947373963918608,62.97068820068181,45.059987032885715,17.96416612476625,24.56638772253892,18.084019134048003,12.523524447900911,12.028281710076639,11.087997232770313,14.177043706066767,11.081661316463439,10.19212620183985,8.775989907962458,6.712834482016419,714.1672910200609,490.04878427366356,1803.555466066963,615.3321469049913,3042.1715588721463,660.4709766479582,-7.091234038546034,
15 Young Healthy Control/Alessandro M/PR1LBULCAAS94M100120171016.wav,Alessandro M,0,138.31402096738003,787.9880901674412,54.57120062251997,0.02436888533841985,0.00018226034764560242,0.008963228600466125,0.011148585366052762,0.026889685801398375,0.129277346022407,1.1632285855064515,0.0481728569388171,0.062217160089005054,0.09882318328979509,0.1445185708164513,0.029941129904092825,11.248784005522886,0.011006416074282929,1.4587232290295733,-0.9383906505220876,0.24016496518616393,4.322987752553979,0.11067648099190336,5.510527434398671,-416.9539347535665,79.03444206843182,25.697635822133293,21.17793037184613,3.3716546988993357,12.924500725060643,5.151767679986198,13.714676556014439,8.780036885502316,7.575317728281492,8.294262722268842,2.6702674049838278,3.517015451593134,75.98760311335722,50.340972324139884,21.33484341419095,24.413588796985344,20.65156685716253,16.29796951451748,14.80713925916009,9.275489813850374,11.987448360031907,11.282670860737149,9.062301578761968,8.767375885286128,6.404444695777965,863.9950221849425,499.02911820156913,1965.2841537742668,741.8827831878017,3150.0216692883755,722.1876756679238,-6.1191890483197975,
15 Young Healthy Control/Alessandro M/B2LBULCAAS94M100120171016.wav,Alessandro M,0,125.09743109155144,555.9194359377603,79.76123719331274,0.02420526059102287,0.00019530529484587813,0.009141004935639534,0.011405904203722582,0.027423014806918604,0.1237244725032754,1.1179371089261037,0.04836699064692416,0.06874375018670252,0.12581060973086822,0.14510097194077248,0.028252947578784843,10.934787904045725,0.02958738663875384,1.324054405510741,-1.5183390355242086,0.15562664789863684,3.9539785033175474,0.14870811570851927,2.448409334944742,-383.1988980195671,106.69246737576812,15.73643518774402,30.246807069782093,-3.97525664565286,16.46289216436341,-0.038796275925476784,13.499100745312898,1.3123629221667303,0.5704765509121225,5.506612097904894,1.3847826186287828,4.2194987438341425,80.94796894036534,50.1460899382677,23.864039497462663,27.569799579516356,22.862815519023197,17.505679530548612,14.808160184684601,11.0676660037173,13.237386135423247,12.824388427065093,9.729051804368096,9.857713351623225,7.2023094097120195,797.4818892278824,494.5288221511263,1906.0721808461865,682.4222685607225,3064.325626053013,659.3292822713028,-5.729171263262587,
15 Young Healthy Control/Alessandro M/B1AMULCAAS94M100120171016.wav,Alessandro M,0,135.08869091359185,595.8867748799568,79.57871942597471,0.03222215197882769,0.00024356966219043225,0.014535359859545245,0.016488003343317677,0.043606079578635736,0.12413843044849251,1.163260235484406,0.04938696989452844,0.0701785168676985,0.13451822785086298,0.1481609096835853,0.030800534584008644,9.89556227763339,0.16358956522873797,1.2088454680062433,-1.1654440168111468,0.21294321817222492,1.4940239775579756,0.18891765105261774,2.1962618810226004,-273.45736234653515,120.59637236920577,2.9824849105272615,40.17008780229971,-12.38786983590902,22.373845916077165,-6.75561528076479,16.14647196701581,-3.2225999916947647,1.0899065905560885,4.431812841920166,-0.5865185308036132,5.100607947184651,84.07955603852253,51.236870400744465,24.351905254148427,27.354142887717156,23.448562229131607,17.95236922889242,15.219684293157083,11.433922839490366,14.503265690453976,12.928534170481248,9.813272736979435,9.950688749905702,7.890199766364847,771.2145860087851,487.5565008712201,1861.5019356597854,654.0389555202445,3025.448415956952,640.8485908514909,-5.953304470405091,
15 Young Healthy Control/Alessandro P/B2LBULCAAS94M100120171017.wav,Alessandro P,0,179.16176600477635,597.3704456907682,99.83702919892482,0.0330179001808602,0.00020023429160856784,0.01602718144729979,0.01688070154520384,0.04808154434189937,0.18779377661010307,1.596471741008476,0.10410703950021988,0.12263180627560845,0.1802586669568657,0.31232111850065963,0.057605115085618885,7.098698425247367,0.2596447484440372,0.9785202130769584,-0.7590117722528883,0.2813786937306456,0.0006612048062790506,0.24240318163435712,5.1029557934797865,-201.28336502563963,124.62932354941357,-13.581023241594037,54.056609739832105,-17.60145725143383,31.72003331222734,-7.296477412469665,19.713139300274804,-6.032510359910547,9.16685319558997,4.758477546050183,-2.0628630657835836,7.817043095678217,49.732003162427716,35.466237277239266,20.050293733034295,21.91501265753132,16.143346628261632,14.374375296301949,10.56927090829711,11.597210970259916,12.406104967298024,10.366122053066388,9.043189767823147,8.559853030164772,6.070263712316967,741.8476590323226,548.2602404647063,1861.75429707677,737.1377745571184,3058.3412080510507,665.8972289277252,-5.7046286204808485,
15 Young Healthy Control/Alessandro P/PR1LBULCAAS94M100120171017.wav,Alessandro P,0,254.43740638795575,599.7037333617493,98.55615502790755,0.04355796020438154,0.00020093143706402254,0.019558083387780235,0.0199806824177941,0.058674250163340706,0.17567009507599682,1.5559034071776505,0.09693277702369876,0.12718794959202376,0.20442785163675772,0.2907983310710963,0.13921191134096228,7.401925203140177,0.16991588560440116,0.9270880233546306,-0.40870158621541225,0.3136554488309227,2.734084775461818e-15,0.18407214935879398,6.70542805572255,-224.88040554332656,114.2856266627692,-14.948229633200071,49.71702219925284,-18.60785040210356,29.58404906344344,-4.978647969977917,24.44240298402584,-1.0797036334765857,13.270450094212366,7.413825242891028,-0.54904483536614,8.980773282430274,60.131046629966576,32.974890407059476,24.043882056724218,21.73895927654293,15.906443705658045,16.52903010872214,9.246589700326098,9.200730123680396,12.367071915555721,8.75569808892753,7.812115394140285,7.262545879570973,5.583094625764887,845.2610897586675,548.2781195278004,1941.8072568595785,850.9408633163839,3126.5724993309527,736.0013514568317,-5.3016523984473025,
15 Young Healthy Control/Alessandro P/B1LBULCAAS94M100120171017.wav,Alessandro P,0,177.73601043667577,598.3550401815644,100.1196012474855,0.03268751786574758,0.00020048411512910104,0.015944171101455434,0.016688233930799108,0.0478325133043663,0.18173056003602037,1.553902649175963,0.10381988806177347,0.12215457320613388,0.16269944021744573,0.31145966418532045,0.07387517949288533,7.401943691494705,0.24249563452794054,0.8992957699647528,-0.7502946575083355,0.27199121618153566,-3.309260062678524e-15,0.15778779847092578,4.40235176737108,-187.8372371549357,124.74457830685121,-17.394638894359232,58.60726562029774,-19.378564006612777,32.30669394207352,-8.637282602767279,20.266211233462734,-7.165476049473281,9.849305988240966,4.222959827548894,-1.7827599734150115,8.701802240585986,54.20550559010716,36.07887744307818,21.485106054892324,22.735729385099475,16.785154018553925,14.627053772508225,10.284714243817906,12.185249081857714,13.000490904467004,10.537931661165063,9.303492027194737,8.572678792653738,6.080895809792542,745.8452114696908,553.3125509411219,1890.9978843313768,735.9510716400802,3068.437692680941,665.501051673495,-5.493387292679303,
15 Young Healthy Control/Davide S/B1LBULCAAS94M100120171036.wav,Davide S,0,136.3498075721463,597.6195084528053,83.14617216192468,0.0300748523272089,0.00022396778085343196,0.013009776826752324,0.01528859445323095,0.039029330480256974,0.13887302301918475,1.2954836191985284,0.06420416832774932,0.08351606301929737,0.12747260125039792,0.19261250498324795,0.056007847611865134,8.12137330127166,0.15639326211123752,0.9580382423388865,-1.3943519764909467,0.16721234340314794,0.03220236001779436,0.20085193310153332,2.2425820828197516,-236.43257941446828,113.47144428803728,-11.469741498579813,48.68823158556575,-17.800864083956945,28.082632752389443,-11.387789992623604,12.754043637658281,-2.714696076600484,6.1993904101318416,6.638175518873519,0.9275437802115432,6.095819587229227,81.33699464902942,42.975955860731844,23.13914760674613,22.825772538673377,23.136325674712594,15.705739444688898,15.35911884126166,14.90882529923455,13.702786295983316,11.635287867071327,9.17789997319937,12.070435698076603,7.232335928582214,830.5418218067203,565.1207549297483,1955.267446820728,736.3629974898925,3073.1433093527503,667.3431385419008,-5.518773801601876,
15 Young Healthy Control/Davide S/B2LBULCAAS94M100120171036.wav,Davide S,0,142.88922643251246,595.4516150156481,92.95059047306988,0.029493226498087582,0.00021341103185952068,0.012612063775948895,0.014489297082744395,0.037836191327846685,0.14671875162556341,1.3500111341536616,0.07141528442280401,0.08960503274086902,0.13722934556860836,0.21424585326841203,0.04700874617738209,8.078219096242755,0.2136684380422986,0.7172244660584857,-1.2006981665593135,0.2082827860461002,0.05439263355813784,0.23413615534569335,2.4527571062243894,-239.73017762811156,114.37035779250697,-10.002975350646945,49.29774595397064,-18.369795573558218,27.395452722456398,-10.427288782913106,13.233342136069078,-2.2477934731394273,7.684240915415881,6.490029938115401,0.8538494014242035,6.896417919456566,77.09754927548506,42.86459567663907,22.131651470185403,23.197404158163863,22.583908220687906,15.917597848268517,14.379531637744883,14.831456410621529,13.243807062315291,11.316545751024597,8.888743648750552,11.641940379612027,7.204699071969859,833.240812168526,569.8213141975403,1965.7798807451547,754.6661368975945,3079.145800521895,692.703175147992,-5.579973824598234,
15 Young Healthy Control/Domenico T/B2LBULCAAS94M100120171065.wav,Domenico T,0,131.00603429692612,560.1051307441671,75.47217594645086,0.027399082879450226,0.00020987534319203286,0.010863296341252328,0.01354576532881352,0.032589889023756986,0.10477144756959032,1.0130052647244918,0.037928893513482304,0.0574429879023904,0.11759911626206565,0.11378668054044691,0.07527653215747573,9.746363339644581,0.1968580467308038,0.5489329792370419,-1.460875334319014,0.0844411962482483,3.3066565075074204,0.2294610731998583,-0.029301750190690257,-234.0827559489564,115.65793766240499,-17.375373426691684,53.401488532908104,-20.32621572825514,21.804166077771203,-13.417656787588365,10.758743019150305,-5.538305070701517,-5.471131250152457,0.18369662006843454,-8.26168944974604,3.862355775252615,80.99946347894573,46.790853206424046,30.530883498343492,27.90969939410963,26.280045650233564,20.679285349132023,15.636847271477095,10.95815497972449,12.36023761532212,10.145971407918923,9.215946012992754,9.699282985898783,7.8726999335464365,785.5850850799459,606.2594606220377,2009.41610518069,686.9771139611282,3078.5095003877213,634.9010644302546,-4.677393832484498,
15 Young Healthy Control/Davide S/PR1LBULCAAS94M100120171036.wav,Davide S,0,188.85584939160086,597.4252295735374,96.84702812533092,0.034879070844113985,0.00020717350475743754,0.016806562625692658,0.01765832378326001,0.05041968787707797,0.17239052833658092,1.4880886876736326,0.09237101481006482,0.10950048146083495,0.1744637225345833,0.27711304443019447,0.06988330974697377,7.55408588940359,0.1837157913652061,1.0642947472311468,-0.5968834723215135,0.3341750224868462,0.000569384506931581,0.25241085496236937,5.117848326234579,-239.68436451943506,104.37386052825936,-9.928368125149799,46.0579270869623,-17.59027159446986,29.122206821969385,-5.233476907638356,20.195277925424797,2.0923477548506675,12.145197951743043,8.740561308968392,1.6426982575369364,6.971141517518504,72.95389474090328,41.89273515576931,17.96597612768502,21.13764212358305,20.53108238725111,14.45254205748847,11.26599157336541,12.841476070665967,11.893420254524637,10.171890676556325,7.817836545282085,9.578765214159116,5.887210041592795,904.808624314215,615.571430828745,2018.3534521618178,849.2476473021619,3160.6727755155193,760.0719678360003,-5.429980895827437,
15 Young Healthy Control/Domenico T/PR1LBULCAAS94M100120171065.wav,Domenico T,0,115.18839803032489,184.7719298079691,75.59220959053656,0.02551322992183677,0.0002221481385177434,0.009813124680258231,0.011458940352921825,0.029439374040774693,0.09977716228809748,0.975942138481724,0.03579408245911804,0.0529801119971853,0.10602819518962384,0.10738224737735412,0.06243189796937657,10.750484336279714,0.15483875044675924,0.9743399627682903,-1.854902811720839,0.05396937049034913,3.157460793746746,0.45061475487156116,0.5897931967669123,-248.88778853784183,122.40233506111828,-12.909595624097582,61.81482952665261,-21.22052536790126,24.987885471233977,-12.45057633019964,15.270333259054178,-2.2910700637288235,-3.775009417943427,0.8329292071445954,-7.355872939645129,2.6421861140937417,75.97071063393915,46.99717271705695,32.8467644415433,26.789261615154825,27.50191684065415,22.474093710566827,14.664922062420938,11.419569148581457,9.730246528017403,9.446595448128884,9.506484241577173,9.672778111895127,7.90005872103506,739.724572164072,577.6071343362408,2037.6155714217189,684.2946554390217,3119.7690021267367,633.3503133857168,-5.047136798508683,
15 Young Healthy Control/Arianna P/B1LBULCAAS94M100120171053.wav,Arianna P,0,192.27652259840704,599.4247200514874,85.19800745080542,0.020404683368243876,0.00010641088053730062,0.009462511582699956,0.01097952110284638,0.028387534748099866,0.09720487901596292,0.9476906042778115,0.037372822346384865,0.05446535583134609,0.09784377036540409,0.1121184670391546,0.06833088505927162,12.002183239456297,0.25127625472782705,0.2670168487664448,-2.0825091141270624,0.07315547844202452,3.276110914492121,0.25508155439486724,2.2090524024420546,-212.93949524572932,114.92242565094061,-26.31844295456846,56.447581448348046,-35.8882079594613,23.185723437802828,-10.036279550258893,-1.4928512954303998,-5.523172778053446,1.5676655580963923,-1.2261379046773795,-3.0597007062644486,-0.9305148056346416,62.77681893894876,38.13063142120395,30.805002495246885,30.044264353861937,18.92054622347459,17.586590832783912,17.019312644128213,15.203450441484978,11.790258721201399,11.52056878553396,7.964811708784242,8.660024389394144,8.315373199460145,694.1928192488833,468.66301688906145,1902.0634145972185,567.3164053666155,3111.666935826091,680.473252515579,-3.6435887479962923,
15 Young Healthy Control/Arianna P/PR1LBULCAAS94M100120171053.wav,Arianna P,0,182.87848933569475,583.4765279081519,82.10761493244836,0.018747793241145512,0.00010249371867885793,0.008771985431405711,0.009221772436059986,0.02631595629421713,0.08609534264609699,0.8451645593671798,0.03210400839941116,0.04454062243435136,0.08277198440614139,0.09631202519823348,0.056512354245793796,13.195691617343016,0.18428625368323773,0.762721942647575,-2.082994841631314,0.07700220831718199,3.531167871037928,0.15651270370188924,2.577830345017496,-268.65412864897223,113.47841342707522,-20.02146161489011,50.73454794595184,-29.528565614170958,18.88520731996054,-2.846489272680992,0.6006743973902083,-1.5854704802496131,0.9366116357095783,-0.6370968377480528,-1.2765504246057104,-0.9070692322187245,75.16276632584452,36.67336407802587,34.89322899877998,30.99652813107969,19.53101813236862,17.99646763429184,16.631343733538326,13.292495158427062,11.276957337955153,10.292651269426807,8.207253084517369,8.216801592075031,7.792894397345667,711.520761385991,501.31034031771304,1895.3123569778597,640.8391863756174,3106.9351665923914,713.6415241579928,-3.7059814658187156,
15 Young Healthy Control/Domenico T/B1TDULCAAS94M100120171065.wav,Domenico T,0,130.99829198691032,545.6906213322197,76.78277622902294,0.026507875667376023,0.0002029996792544425,0.011175901006457493,0.013265539629427975,0.03352770301937248,0.10624462826180232,1.0102490130879482,0.040493091008139956,0.05957223811241574,0.11390631225638764,0.12147927302441987,0.06851269405574228,10.07257794282118,0.2100050224919385,0.7234839494073189,-1.4439094139927258,0.08620225072163872,3.520578276481366,0.16978710734488558,0.048993839944081685,-250.84417358761615,110.7115353318017,-7.752794571437226,50.83158879367129,-16.442144455796235,23.892742202906902,-11.650250178261913,10.01772155519764,-7.144926490186599,-7.893953380748776,4.565522555086311,-4.469583512114576,2.864796360871214,77.90950561071048,44.290954418978004,28.281065826244866,26.86337483653483,25.591837860707976,19.365101399837844,15.323103876327853,10.497226313538418,12.78584811905664,10.553113984952635,8.95629371896188,9.16652687253436,7.514226097538945,766.6478121711159,656.3134991554132,2007.2587162277268,685.339151193264,3088.985465009188,638.2405161326225,-4.545198613984688,
15 Young Healthy Control/Arianna P/B2LBULCAAS94M100120171053.wav,Arianna P,0,194.62853832254305,585.0116026757544,155.05629370302813,0.020634006251961406,0.00010640533312101228,0.009917530753572433,0.011108322137710503,0.029752592260717296,0.095843740738613,0.9411482590829735,0.03703243084895304,0.053673536974016806,0.09591823474191657,0.11109729254685911,0.062272165249724204,12.385165093074626,0.24612135531098586,0.4429151142714764,-2.112727709703037,0.042869458002565454,2.69742019388483,0.24795574088089561,2.4174232027243363,-214.14555792978365,113.93808932693865,-25.795596371995455,54.16612773900885,-33.294087291063285,21.751844407044594,-8.620246672934707,-2.427373998740621,-3.2486897601738693,2.3824238156457875,-0.9581807349656983,-2.115734039493516,-0.8979162431899738,61.70606812194794,38.16492468712396,31.824617970105667,29.631430180672066,18.728198283685483,17.56596361382035,16.83738972835736,15.227127226001194,12.377015200415295,11.71207184986656,8.06785185783596,9.035056466777968,8.406115036304346,682.1772647024708,457.3870549313052,1884.4062745508577,546.6074261609258,3086.7662350805076,675.4033293395952,-3.9713498627426547,
15 Young Healthy Control/Luca S/PR1LBULCAAS94M100120171063.wav,Luca S,0,117.39550804578599,306.84127954765285,76.47188685652249,0.031189520871450823,0.0002659951587438909,0.013859190521835344,0.014927376034688118,0.04157757156550603,0.1253483951023685,1.1707807540103359,0.06136568059715595,0.07361418254746983,0.1129136248340279,0.18409704179146785,0.027951987572905443,7.404156054293733,0.23740941902835025,0.8105368707195089,-2.062820023682143,0.06682160605476177,3.5229142359662374e-15,0.26170354799381634,0.4483754127637809,-184.87015986393743,123.88235179054634,-11.63870696226485,65.49859984816283,-26.723837420455926,36.40914854463422,-15.541266891274931,21.52048568739696,-1.9739262818503625,-0.7511953965459436,4.723997649799571,-5.152735624549657,4.906451248635922,43.965639301539724,28.29534652419766,13.237629369096885,17.123670741318275,17.08439025690799,11.502301445812696,12.267733552108217,8.713070599573532,7.790619931274796,8.142454564022735,8.198011412180149,6.708134936334865,7.5637155045376945,798.1427108710457,726.6706476159213,2129.7913329475896,821.7585568043127,3181.951942854208,796.6970816187221,-5.382085706019572,
15 Young Healthy Control/Luca S/B2LBULCAAS94M100120171063.wav,Luca S,0,124.85142509529686,594.9067142984001,75.90291596905732,0.0278052895936826,0.0002239852659567815,0.0126467029512796,0.013466852342477032,0.0379401088538388,0.11323459227632579,1.069966469649667,0.05109170966940282,0.06840228400930588,0.11595368982049654,0.15327512900820844,0.022599479538824907,8.871991768657526,0.266507390855994,0.9905012001547469,-1.827146263810668,0.09406782491194315,0.00045086901393251097,0.1450019668954602,0.8429941379997672,-182.95014927952477,124.78658920055626,-14.231760593450232,67.39142785028561,-30.072631755009635,37.57577262844874,-17.213845837261097,20.662637665098483,-3.989691821259001,-4.124563841612504,3.5242642085631246,-4.744774470836933,5.281271033449229,45.265039495055724,30.57567159977747,14.091368664631757,17.971809059496625,18.134911048287698,12.448599760109335,12.38794246637385,9.504493501840896,9.259861017543383,9.966624339294343,8.526327186695715,6.807564079625164,8.338802962653462,776.0651709346585,704.318300685049,2090.1510928515963,841.2645081785627,3153.941973665809,732.8289107496686,-5.228002138355358,
15 Young Healthy Control/Nicolas M/B1LBULCAAS94M100120171023.wav,Nicolas M,0,226.04760814628528,598.8809569555249,75.77558738705305,0.033639589489587875,0.00016172910927753285,0.015101122565138672,0.016605326685223534,0.045303367695416014,0.1543100337548906,1.3959077445192702,0.07531934592312861,0.1118808240068967,0.15120003222259154,0.22595803776938583,0.024298987403498267,9.73660370066904,0.2483559999307528,0.8384636935913213,-0.8045449872528214,0.21632917098231166,0.003260625754457498,0.19735668103665582,6.090269468206511,-228.02722519019355,112.78144415640953,-9.114387586213434,50.9955611464584,-18.302193052929542,22.441700368807,-5.0405406092999785,13.231196676634632,-3.128598608374615,7.924203237122171,4.215407596113809,-1.2268053991209051,7.195218661851132,59.6276626905218,36.27229410479307,19.417201446852996,24.254680782220976,16.739921440996802,14.299975329598938,12.3184698921509,14.76017928216627,13.539534193861625,11.048881133072857,11.553124940065002,7.687213541849576,7.592302369517097,716.5407970099928,459.37421393277543,1842.1317715048992,793.1919376372424,3027.4066834332775,699.1970861051016,-5.566112850048438,
15 Young Healthy Control/Luca S/B1LBULCAAS94M100120171063.wav,Luca S,0,124.1619153000735,506.6593851082558,77.78256446787496,0.029264261789849772,0.00023606637883638378,0.01362117708372475,0.014510748488516882,0.04086353125117425,0.11734583762820577,1.1279527485403975,0.05359934275418611,0.0699967561511113,0.11660843364487887,0.16079802826255835,0.019386293164113787,9.037524955364562,0.2931957378054232,1.029855102375424,-1.8718593409223325,0.06522541347841396,0.0030320006127711077,0.15406539774060835,0.37129899657679744,-207.1825578301856,125.30425650385043,-8.123757861266785,62.3303898706459,-27.85755847785801,35.33778829707499,-14.266038307126026,17.723737503536576,-2.6463331363372307,-6.756289862785048,4.255347841122017,-3.281232205583733,3.4609036205341015,45.03115309503687,29.740449261663652,13.655661492947305,17.641669201919832,18.113307832650005,12.228037046728405,12.62110533234548,9.40289910771934,8.9346110797502,9.9904471071499,8.42191645925341,7.014320880790266,8.19141201120108,747.9893469029349,689.2118224081485,2053.7731103260107,814.5572342155106,3146.5666472678467,744.331065675537,-5.295391195901331,
15 Young Healthy Control/Nicolas M/B2LBULCAAS94M100120171023.wav,Nicolas M,0,238.23945616018773,597.7407862435559,75.41676113152099,0.037150650452518585,0.000172469873357606,0.016935727307494496,0.01781641820366978,0.050807181922483485,0.1594191187892742,1.457887126184119,0.07995571442233239,0.11977361190080857,0.16031515992198436,0.23986714326699715,0.02824932330684573,9.354584176361014,0.25353151831035653,0.6917435391295842,-0.7000244528999617,0.23916197752438395,0.0047933817590230824,0.1950875155526362,6.736987165069856,-234.12034794568143,108.5754219916699,-9.222337657530266,49.70781777095455,-17.859510257684292,23.101583545357983,-4.547451117733246,14.421857955965294,-1.7365769994489269,8.57926035410468,3.993134148974259,-1.4593296466753838,6.756196442933747,62.433537078001436,37.137302042718666,19.529615238150843,24.369644523974195,17.170848401616812,14.197175030654401,11.728822238476798,14.40766335243914,13.37817835668463,11.32762877355682,11.259754215500305,7.888036556582512,7.513276606617099,737.2638847233567,492.45510620162645,1874.3622269544212,804.8499782297448,3042.6106314073018,715.1269169496601,-5.48357753852591,
15 Young Healthy Control/Daniele R/B1LBULCAAS94M100120171057.wav,Daniele R,0,122.73380267740639,590.3073134248704,84.13152453856151,0.024776897000912294,0.00020225165667977203,0.010840249914904456,0.013706396875075926,0.03252074974471337,0.11178606569670908,1.064820479772659,0.042852851749369224,0.0617032250621808,0.11221510317822547,0.12855855524810766,0.10926297475366009,8.893473921486967,0.22865790185777665,0.7620393317874135,-1.6703079210465224,0.06924918818561325,3.6620937944287384,0.13401531220879317,-0.5055982950473066,-217.22283581871656,122.17582659043016,-31.858148617897278,59.4443824881426,-22.43963659793406,19.116056441470814,-4.501431976545752,9.316885908881764,-6.599149903378265,-3.794654109449644,-3.1188469999145516,-1.471098153431282,7.567178791929159,80.22739952905347,39.88250160499729,28.615547739467104,26.04266961563372,22.623106886847513,17.498825415662512,13.725012431722165,11.906377774039623,13.817949636487091,9.531670073359068,10.27318647020436,10.563296462538167,9.522442801198354,901.3404342005592,648.2420319065307,2132.6503356160456,691.6053592237645,3166.358453007089,658.5004096720922,-4.326037934763766,
15 Young Healthy Control/Nicolas M/PR1LBULCAAS94M100120171023.wav,Nicolas M,0,243.16450541520632,598.9299317841766,74.89090992229745,0.03606043660280857,0.00016548336621279976,0.016256685670485098,0.016491177226462303,0.048770057011455294,0.1415213466481429,1.3376816577002202,0.06900104022647437,0.10826925890278861,0.13579908085849596,0.2070031206794231,0.07727697777391578,10.131041255061323,0.1687402341550655,1.0520969499065556,-0.7270490216540155,0.27531232824295043,0.014135810326936074,0.26342779501029445,8.421031409103886,-259.1962298500391,99.02131224250513,-5.369774727523217,42.9663252417197,-14.267204727634464,20.37278159077336,-1.2506849839169023,16.65127232234685,4.620371628918815,12.047420219118054,6.556074569206294,-0.13328991207139793,6.589071449048683,65.15281899067628,33.416106709924385,20.527651462045803,24.423140706674708,16.842613576428974,13.900483688929622,10.832712567199719,12.283476221840953,11.894060237222007,9.915566453000372,9.973220958629428,6.454219774048028,6.132623284146354,823.2096126008842,498.68688481671643,1920.8938015840274,849.0295448857771,3106.6917623667587,764.9371528046813,-5.397955087999942,
15 Young Healthy Control/Daniele R/PR11LBULCAAS94M100120171057.wav,Daniele R,0,112.80613864504325,519.569634150407,86.44999898671593,0.02120996294149734,0.00018834116054713916,0.008626413589237596,0.011009166067900051,0.025879240767712787,0.09519521837064825,0.9660997114031282,0.03493078638839652,0.04929131356432438,0.08869462293636197,0.10479235916518956,0.08884409366503786,10.598804262474678,0.1302053744039373,0.2759380160406063,-2.0526953853151793,0.06483322748277277,4.27706681585006,0.15909704617843368,0.7298612966242644,-280.11563888388037,123.51564525628062,-21.99300753399089,55.90159714898104,-19.354999927996843,18.064984809847385,-1.7992825742288494,10.153965542197586,-1.056698895545012,-1.7153116699117688,-0.6158242185792048,-3.5592505410372306,4.934285893730301,90.63011729134062,39.78386348623842,34.93095735771047,27.003065858191075,22.016168034781607,19.596093892968227,12.72004056743095,10.856594653089237,12.557533022408792,8.154913005338058,11.466784937863462,9.765491284630425,10.259409081719499,863.96441683462,606.390299695607,2144.63430487193,732.1984495577966,3182.530779845321,716.9579933078448,-4.6688925555383465,
28 People with Parkinson's disease/17-28/Vito L/D2VLIAT OP47M100220171317.wav,Vito L,1,132.50426281130845,197.47035532479958,75.13823857279678,0.03908621986408237,0.0002967183791775058,0.020434944696101586,0.01718294972637132,0.061304834088304755,0.09252740675690038,0.9555884715166031,0.0359484077212606,0.04662733693725513,0.08199626171094831,0.10784522316378181,0.040688603024732824,11.293937603748855,0.07331574962464125,1.0438270942802443,-1.6317428716670128,0.10105349421651003,0.3886689346144956,0.3758677563244993,1.2089843243343452,-305.2427413218417,128.61507091170157,-13.51054866204075,17.69279730857008,8.876236935995948,10.80267526611947,-14.489001060358452,2.458450421010533,1.367815965542797,4.540339741883165,22.12619569986085,9.338059777427357,-4.018550386541607,143.6547133111417,67.01645183295783,37.72713621333801,16.767745104459866,12.505934689474863,10.294856168911084,17.63093830358372,8.475029978477608,9.84856435376553,8.632573833925889,10.471158804275955,5.539748705778845,8.524219809070278,824.6768404496376,357.18152536573626,1836.459279665022,398.4014620167132,2882.012017405031,419.48977067151424,-9.170545785706535,
28 People with Parkinson's disease/17-28/Vito L/VI2VLIAT OP47M100220171320.wav,Vito L,1,156.76532717247952,159.6849151827141,153.47799494584146,0.003232450059177463,2.0619445402708514e-05,0.0018396260817288462,0.001957286588183872,0.005518878245186538,0.013809003129586238,0.11967728717253115,0.0071583133976457075,0.008718466993520775,0.011222055804450591,0.021474940192937123,0.005846692119434022,29.466038495546908,0.33474667264179797,1.6153147495391111,-5.058284655804293,0.0021432814417383607,2.083399762450687,0.8683896219092563,20.783518863866924,-265.14583981400284,84.47220429380053,-16.080868417414905,127.98679502783364,31.949616443721155,-24.115797741569427,18.92488481583316,21.672664669150684,-28.290118435908784,-5.950859794562033,-9.567259746990073,-11.150760378016654,-13.972343384757904,26.803778846026873,9.654629136438244,8.212686901215445,8.420357671400264,7.28294112088638,7.731234814673494,6.314171169662732,4.7484789501108855,4.632655201390536,4.593486883895162,3.7799597183940836,3.1978057293382864,4.792962422446629,280.02773668042323,18.955167777364313,2418.7703833391147,1052.4688329905098,2646.5949608481155,470.62979799603465,-0.2718109930617824,
28 People with Parkinson's disease/17-28/Vito L/FB1VLIAT OP47M100220171324.wav,Vito L,1,146.74569705242195,590.9480710787268,74.88670161420866,0.02319411869194129,0.00016020962450009438,0.010933104549864141,0.008428452440555623,0.032799313649592425,0.08621321261215249,0.8613351673559402,0.02917382410939051,0.04039824452756841,0.07977390055853123,0.08752147232817153,0.007114339104886229,15.783918679053029,0.17348176488030606,0.37464887204479125,-1.1764946249060257,0.199391505835562,0.3303435990349814,0.19571856434099705,1.293336658429169,-349.3842693093022,112.11450034842912,5.921469030250846,33.57400413393956,13.900834490650954,0.8935710602086641,1.4561845012185826,1.4262593650649042,-3.4741071927006293,1.6812428956941743,4.654761110354834,2.155553297931682,-4.626838576829548,115.9836458831063,65.46935620052817,30.92162974207341,30.52420213810237,19.970543346062712,20.712008724727973,12.755221968627604,11.83041395626706,13.061339382388377,11.948518628296604,10.973251336077059,8.63491423726509,9.858442317781526,729.4657368338868,381.1614954723388,1820.4089744931505,501.6471004396371,2921.2950998979604,622.3129155727177,-8.242172679054601,
15 Young Healthy Control/Daniele R/B2LBULCAAS94M100120171057.wav,Daniele R,0,124.0754264630669,541.1450856474971,80.068041021742,0.024249199953277515,0.00019597535967227743,0.010637943564896944,0.013198692645036899,0.03191383069469083,0.11345574173176817,1.0667416754453687,0.04307894457636892,0.06474839005261082,0.1148032244407153,0.12923683372910677,0.10532734827748136,8.80715624944363,0.2296736592444271,0.3578282880825261,-1.6657300231177408,0.07466052550286932,3.63562520858184,0.24095026869979239,-0.042831685583848866,-224.23809684056172,125.27678305347975,-31.443935449362442,58.02628401296541,-24.335308610623176,19.934964076206022,-5.082240927692094,10.14693667991182,-7.333693571348044,-2.7282834103223204,-3.180563947171775,-2.7142855611644356,9.214837625424845,83.27594402607642,40.95326492412623,30.320965272639995,28.074390684495295,23.352818887243796,17.72122391085547,14.143883366481905,11.588222672416943,14.071834578271053,9.34522122553162,10.398399661792228,10.506915841144519,10.03175166064217,875.0441171799106,629.7484191842866,2085.89235245944,691.0769576200462,3155.5251226362334,670.1844718187559,-4.305057598841354,
28 People with Parkinson's disease/17-28/Vito L/VA1VLIAT OP47M100220171318.wav,Vito L,1,149.43062876505599,162.05670276081514,75.04215416725076,0.005538038138636071,3.7037640434946596e-05,0.0031299212013478806,0.002985490777351217,0.009389763604043642,0.023422671120980478,0.21755600677816966,0.010976242013809662,0.013487045729243316,0.02377924327718995,0.03292872604142899,0.011598510323144502,24.662366198830533,0.28840065472653703,0.3360952474864423,-1.7277177875114544,0.060080581935159215,0.2974863918108523,0.19554598875520962,17.336560758407092,-190.00713607126934,167.1670337028022,-57.842104926237894,3.3681141918295405,-22.70772027418237,19.19746506677851,-22.496427959449438,13.836332435414642,-15.468475756479027,-1.124792063984215,30.589036934616736,-7.738682984792959,-1.792532393700121,29.426180744107448,13.263308069087662,13.349900898453303,9.66958662972409,9.6928785846383,6.68568327884097,5.435533430393163,3.616838824981478,5.50369431273337,4.703282980255969,3.6630644842021836,5.735673585719497,3.7770183695701123,638.4798981669007,176.0168661950123,1373.2302639746865,144.94070269841896,2430.3030372776047,432.32480255238636,-7.314666640310836,
28 People with Parkinson's disease/17-28/Vito L/VU2VLIAT OP47M100220171321.wav,Vito L,1,145.0692373628232,150.02126349046495,142.95189984629118,0.0014477242059497142,9.97952878405405e-06,0.0007204275483558872,0.0008724837732237056,0.0021612826450676617,0.011649823382906132,0.09981497197873031,0.006496622742045861,0.00725549067936604,0.008603091079379538,0.01948986822613758,5.466479928153038e-05,34.80157984498711,0.31802375546721046,0.15528705721751665,-4.809570229772826,0.00144146000531647,2.18788215130171,0.9016861652335857,19.752009832733425,-322.04319376304284,165.4501868994174,63.907511887525544,60.45739990041329,7.152169563726848,-38.03989583966688,-5.05155713935791,9.98085465783523,-18.444426624477494,-10.307329392251681,12.313262170975072,-6.4976154037427225,-13.009530496504153,23.629819593672806,8.681278844639404,7.516480821231491,4.821759797587515,5.023594045492535,8.365832502089493,5.38234314684516,3.960463325707737,6.299315618718277,3.094651544548475,5.148365333298758,4.532080070212183,2.786851996333074,297.8692399570343,83.98562464634607,644.8615885363449,208.34598973746722,2555.0181604148343,165.67163981916076,-9.13754616698346,
28 People with Parkinson's disease/17-28/Vito L/PR1VLIAT OP47M100220171323.wav,Vito L,1,146.3548539342502,597.1860825383241,74.93476999047888,0.020697779371792544,0.000142042117659435,0.00994572703702087,0.007611990461897064,0.02983718111106261,0.07167718466233274,0.7736154298214838,0.02127406508420895,0.030311246122210072,0.06586721750856132,0.06382219525262685,0.007007340125155283,18.46354265064933,0.13190167522795612,1.012423585940403,-1.4062321927605779,0.15686493261998524,0.3305051144417335,0.120952826483027,1.878797807436996,-410.9831652266359,98.555288240657,9.68230433874834,33.12901816953985,12.743687155953978,-0.7895952173111219,3.407816794842253,5.650379789994521,-5.004230355844635,2.3327625517809962,3.90073149902936,-1.0099643619675722,-0.6338106942987066,118.74065832593615,67.0733168314843,30.71971134259281,29.434253702418534,21.625217391419866,21.945577252315378,15.087108880157256,11.396871869347976,15.34590719623134,11.874323719153292,10.982249940877164,9.362875898496245,9.002624492865294,764.4792929928751,403.1838269224891,1855.4037991537118,527.9637944466956,2987.3038344193137,571.3506643319546,-8.368638194341246,
28 People with Parkinson's disease/17-28/Vito L/VO1VLIAT OP47M100220171320.wav,Vito L,1,146.60444272034763,158.43881686954632,74.87344769393343,0.004754175176847422,3.242104970294161e-05,0.002781261390387967,0.002387483479999361,0.0083437841711639,0.014513727614134416,0.15723736792305226,0.007450617373805974,0.00789986738592617,0.012237102454068857,0.022351852121417923,0.00048758223067793245,29.146928087154976,0.3169979493349539,0.21037236165649348,-2.740007284338658,0.04108285580522252,1.7249346264729613,0.18974982353796369,16.761364691897413,-254.31819303541997,169.42750650525312,16.495116910136087,19.036314599265,-42.15411497782769,-42.49658993326397,0.8621924822208449,11.442983070348033,-12.53405115087697,5.1276004254075405,-0.8236109790994872,-20.728367631151848,-7.408999683969932,29.755463427096565,10.213146669542365,12.848821293366782,8.331901335274098,6.92970593449602,7.6590690867028846,5.905897124040914,5.897662174561667,5.771626334152527,5.66113048736828,3.811653031365354,4.273678176138055,3.3399577863727066,509.859532148308,105.9410137807175,881.407924226542,56.42221012665664,2706.1213339497804,524.5048750766441,-7.261221382209682,
28 People with Parkinson's disease/17-28/Vito L/VE1VLIAT OP47M100220171319.wav,Vito L,1,151.04864093134975,174.2050366923587,74.98513644144438,0.004113253752364845,2.723476924963109e-05,0.0022666298046526206,0.0022702924298253547,0.006799889413957862,0.014661415070847962,0.15064087531042045,0.007248278707394163,0.008680269942978916,0.013020691488314645,0.02174483612218249,0.03853222842297271,28.224266876650496,0.20998656211472083,0.2882137591193889,-2.584487715631323,0.030423009487235565,1.2561614764230786,0.015259107711241471,21.10255747195066,-185.39852239292915,140.46990979745254,-67.70085850563954,49.551662525128314,23.631823804968615,-19.021123045726657,-42.17006982040569,2.7943109640193886,-17.374056522737398,6.61879765367361,3.5744972118250913,-9.903884049688271,8.733760394476828,25.45104243226561,12.092796875453077,12.784359513496332,8.18488133801063,5.51358487865539,6.3283525523057165,5.192059631353082,3.4111618767925074,4.224708266026878,4.847340185956293,4.236329233645658,2.7280600816483607,3.530162296031744,528.4229958518458,119.32213296335004,1768.6478690082065,244.13309433965716,2471.782717674102,258.1278464982341,-5.143580758951052,
28 People with Parkinson's disease/17-28/Vito L/VA2VLIAT OP47M100220171318.wav,Vito L,1,148.09077128627615,152.01137392279458,144.73002730828915,0.0028667153637705165,1.9357956882759655e-05,0.001524774471225126,0.0017737674286346732,0.004574323413675378,0.018023701791931312,0.16106801956730127,0.009486133081311758,0.011069942334039953,0.015201627056709618,0.028458399243935277,0.004591811912283233,26.47365816089108,0.35973226816585047,0.42258228661591785,-4.461176916743513,0.0024562680228200763,1.9706507461592913,0.8879453613626009,17.93467415949889,-171.304814181467,161.90987350725834,-59.51342501062573,5.760658010616826,-29.07008184893313,14.748871130702842,-19.483293425974722,18.016323442417807,-10.514484389063286,-10.380047246388038,38.21105430941963,-8.209185926537641,-13.743029836026887,17.40175188079062,10.187385451147945,6.550451453017937,6.340889992486715,7.658698173657678,4.276514623803444,6.3474076001056465,3.7061260580943394,2.8995970686775325,3.8430004822748836,2.50845594432118,4.6007827490241935,3.5470005426294695,679.0264980235977,142.51008285865328,1328.4589315548103,159.46183737690825,2491.572105299177,581.1541045801488,-5.869881079858376,
28 People with Parkinson's disease/17-28/Vito L/D1VLIAT OP47M100220171317.wav,Vito L,1,142.61457581520742,196.1589816519266,102.75671200095493,0.020626021262827914,0.00014481183958452306,0.007784963531191413,0.007948439816231726,0.023354890593574238,0.06544921119334376,0.7188906780241617,0.020722904143385307,0.029090724052624306,0.05463487199428923,0.062168712430155926,0.014564520653663288,13.762106188130565,0.008788360075283563,1.0942347260176593,-2.494268463961265,0.06520759154079493,0.3368146393888201,0.4608848958141788,2.358502066687514,-362.955214699337,122.11680657499139,-2.6669548736025392,12.551376241658177,10.471646825482482,5.978888163308354,-0.2619835092325821,8.230893262996606,-0.09042101591962083,1.9027454675004238,20.854435670598765,13.314433662453807,-0.1241791847239368,139.02663230309406,77.2714291876269,44.50114660161373,18.46933070765912,13.714228423227624,11.840863938804937,15.764524251391867,6.353549486972357,9.725127267746752,9.317699994703473,11.511786495312668,7.708557216807266,8.578046001778645,835.0874080541604,351.5647621406459,1757.026210535915,451.6129111562138,2863.791813088089,487.318651295145,-11.131945665202247,
28 People with Parkinson's disease/17-28/Vito L/B1VLIAT OP47M100220171314.wav,Vito L,1,139.1835806192815,595.6624157467982,74.8840919823906,0.021593683340786003,0.00015556753893238308,0.010658291934232336,0.007848879723806611,0.031974875802697006,0.08256525112666699,0.8232139510546664,0.02816717512246793,0.03703028620074084,0.07323345268830672,0.0845015253674038,0.00573924876522235,18.376276002853295,0.15143634170447462,1.1173846126061693,-1.8105082821410403,0.10847511153699367,0.4330953232754462,0.13459627666163965,0.40442298846282654,-411.83009341909116,95.25219551127884,13.502622214855048,27.26016940475781,16.625825628050173,-0.29561276983148727,2.9839804850614757,4.754666318608265,-2.410807239649053,-1.4220332550585046,5.286225831597937,2.0177998693374826,-3.961240522339865,99.04297649378074,64.09536979354472,27.65736426125578,26.541638521742023,19.401926297810427,18.384565363615,13.272761853276037,11.0087740017328,12.325797852198354,12.108849646824154,10.486861410288501,8.352300236676186,9.255397121903794,735.0103771515617,380.6955075263087,1811.726872722268,539.5474102889261,2920.210421670082,573.1957891735187,-8.95015475460982,
28 People with Parkinson's disease/17-28/Vito L/VI1VLIAT OP47M100220171319.wav,Vito L,1,150.86266124864073,158.4388948673892,74.92285658714816,0.002492992576709114,1.652219873608246e-05,0.0012197064683578144,0.0015001323016346458,0.0036591194050734433,0.009393472108692893,0.090104830350703,0.004408288494787676,0.005666177026320651,0.009269427534502776,0.013224865484363028,0.0189796301594539,32.802976940559695,0.18129454746499804,0.14443189560984743,-2.236620347580127,0.02997051337526287,1.6903360117563055,0.16625829615040286,21.38921844487712,-254.10329423827264,84.3815675368044,-24.737550225418325,120.98150982701343,35.74662280993123,-38.179113433068196,8.947422218641632,17.730290912206442,-29.9175106659071,-9.778227560729079,-10.223989041035333,-15.009963072643565,-12.961825183843276,24.9323296894102,7.61906167198476,11.962823930256794,7.195442590953712,6.257618890463501,4.277624886841458,5.601511540395224,3.2704076842514325,3.260772148188363,2.6096169736005956,3.3526364317450046,2.9154957208587273,2.999705044759522,296.8420778441535,11.205440437389772,2403.0324610289863,278.98624867223964,2719.978815710352,360.8469552481806,-0.7451963707463455,
28 People with Parkinson's disease/17-28/Vito L/VO2VLIAT OP47M100220171320.wav,Vito L,1,148.5335918432043,150.9463632130698,146.0454036189083,0.0052242881012515945,3.5171501333913544e-05,0.0030934317897164335,0.0028155603881779615,0.0092802953691493,0.015095004620223874,0.14235694984319952,0.007229981309935637,0.009197575398145391,0.015797597390216505,0.021689943929806912,0.0005522532680593788,26.628006165245424,0.2941061576336759,0.3835305229109348,-5.0532097183811935,0.002880883782869191,1.8677899011836097,0.8645802142694938,21.273598927232584,-240.0040793141983,180.7378992024552,13.52669713718969,30.638837904551853,-47.763393310138554,-51.058579702749434,1.9846539676347248,2.782542290765488,-14.236047807303242,13.69469289817217,4.414007567435195,-22.09582615760416,-7.462349999000845,25.355504769356163,6.177822633767906,10.070966495954183,5.120851424525861,5.39090880972123,6.913592906078417,6.036389367429906,5.131917641029347,3.3059851764659083,5.002090350218706,2.607400835910175,4.883876814304138,3.5104182628393765,512.3910343555531,110.8417746096261,859.076902522084,69.53170059686873,2828.511689774319,365.06092110560877,-7.082490554062103,
28 People with Parkinson's disease/17-28/Vito L/VE2VLIAT OP47M100220171319.wav,Vito L,1,150.32492571499128,153.6596802740234,148.06569933813557,0.00288367838319928,1.918281198589622e-05,0.0015698130270945013,0.0017880122719126548,0.0047094390812835035,0.012386842364640261,0.10950008641487699,0.005808102698614152,0.00759207654284679,0.012443022362711501,0.017424308095842455,0.017003670180244495,28.664959016768968,0.236293634517335,1.4067209492545314,-4.883308855785842,0.002340817344865789,2.0284825686998427,0.8752629659106199,22.212461970641762,-170.6465266983436,148.5336089559183,-54.760937539001155,47.92921306873749,15.819746108980263,-12.888999410179967,-46.055428666361536,4.451170445081191,-15.43696321198912,-5.888616658018884,2.3390223259172136,-8.262163629476396,10.719533951155174,20.163143300799778,8.799052125371999,9.625372942352692,9.740777787665683,3.950607945659059,6.811616429802461,7.125403431615197,3.6150733465295004,6.3315245511192675,6.787577402513435,2.8282505475255073,4.16289118743542,2.5049235111312806,526.6479515214845,111.739703531315,1864.1360202422584,324.74622785960446,2591.2456879018564,344.8885392489457,-4.63062441829341,
28 People with Parkinson's disease/17-28/Vito L/VU1VLIAT OP47M100220171321.wav,Vito L,1,146.73032322759005,152.21918211225127,76.35073939460719,0.001853342053485005,1.2635674852868539e-05,0.0008500810319318087,0.0009470021606135436,0.002550243095795426,0.01485542002101946,0.1341695257387448,0.007999757085842453,0.009175885699926284,0.010830441151592679,0.023999271257527356,5.2071288230057e-05,32.22389866585785,0.37569427453081083,0.15715805622992227,-3.467642164586442,0.022118147245097478,2.039717756767783,0.034094345963546345,18.02467884691011,-316.66538405207655,171.39626747541442,59.255917756730824,43.64919210224586,0.7392771985945376,-29.540093281745484,6.5420002346136545,9.114982475141991,-20.695366106670004,-4.540842054413085,12.92862399602515,-7.51736983142757,-12.937506697976264,20.755210572737766,9.905730733959965,7.0505883950931985,7.598951639248018,4.048374168926406,7.6530519347282135,4.950284147484305,5.209474468678669,3.6550970734249004,3.127702447708817,3.8341070975468226,3.2118824214433745,2.943329705658472,304.7825796886199,93.0473603932746,678.915051299632,211.24677885520998,2755.1104495891263,271.8824004324606,-9.260725598227825,
28 People with Parkinson's disease/17-28/Giulia P/VU2GPIUUGLL63F100220171027.wav,Giulia P,1,238.37117083122973,244.29151243659558,229.6116951481012,0.009174897688333667,3.8489445699506006e-05,0.0059427012923537826,0.004254833932131037,0.01782810387706135,0.024854415634526488,0.21729980425642054,0.01515304569605552,0.013181536330748643,0.014954541931365526,0.045459137088166554,0.00014202390863465462,30.57011244762675,0.6495772675473738,0.02014948970382309,-4.558882492729393,0.001986209536729981,2.6187900778805084,0.834113996621214,18.86577352624993,-299.07883552740867,153.60021824840373,42.30142545931794,44.122245778993864,-26.649090551064305,-22.015376427268627,7.5141549666522,-10.773235418511579,2.3210802988889965,-9.715262709646888,-25.06895813067322,-8.853290051432927,-23.213076579609115,18.65184111681589,5.464750556930369,7.16620599855452,4.3017970956621765,5.411075045788117,6.96035110855353,4.934301554550781,2.646935457965128,3.3178997197218094,3.221994710390479,2.970238987327138,3.221549039543458,2.990803328477668,391.7064350882867,74.94572923172474,795.4774128126832,202.85746162019836,2697.9078492701724,343.19292295375453,-6.001633646891561,
28 People with Parkinson's disease/17-28/Giulia P/VO1GPIUUGLL63F100220171026.wav,Giulia P,1,221.81588232513684,231.7039566303442,77.07193721101237,0.0032164717680184755,1.448833933091318e-05,0.0018400639758583287,0.0016615865465319786,0.005520191927574986,0.009604033006922455,0.08884518617125295,0.00484580634545266,0.0052447437755534,0.007157694366987313,0.014537419036357978,0.000800262712877083,31.55920513782083,0.3010194592859613,0.017996255314028126,-2.209141938495473,0.029287422311532377,0.14286534622571556,0.0049873710647284535,14.616953864587359,-254.59526791112546,146.1741628550896,-18.45354714545764,21.419435816096176,-56.2868102312397,-20.886412783839507,20.185187172504417,-6.903227547161411,-9.93343823773377,-15.252617395501362,-19.79713068418702,19.4714713495943,-10.197737693624006,25.699186858741943,14.28679964856956,9.59371005953799,5.706098943838055,8.011878657001645,6.541666534432032,4.2195094294036295,3.5224645432462305,8.241120156386279,5.219620816248742,4.016480632974563,3.7559751395894856,6.927951849691822,515.6245396793485,103.48568992338626,1077.8483577130041,45.90883241637744,2673.832153674305,214.79413860961608,-5.745192974061097,
28 People with Parkinson's disease/17-28/Giulia P/D1GPIUUGLL63F100220171022.wav,Giulia P,1,199.11540027756388,226.14993527843006,176.61944527382192,0.011587767356830333,5.822879559362284e-05,0.004478805172371862,0.004863018310259605,0.013436415517115587,0.0680893158970946,0.8036765979721285,0.014212128497702281,0.022308737661838222,0.05383744267471519,0.042636385493106846,0.011767494086158709,15.417016017503009,0.119038243475852,0.8159243765131274,-3.024143492881671,0.02262798078269363,0.10737064397962685,0.6806955805790964,0.9960498349490408,-429.7709596818802,72.09940792093194,-5.493396995670655,10.72640612464574,-2.1260802035637956,14.845529588240023,14.845217863964946,4.468667676231707,4.149444415918145,7.375197045090222,1.864768148583965,2.1661192699650957,-2.3750179334198758,157.8117466588093,63.75111142403789,39.022007219009076,7.56358062533005,21.112509026107812,7.275488976592107,9.65978000192101,9.938500135662705,8.01747976931384,5.033703149982348,9.171729605273045,9.24119747829383,10.12264363510393,911.0178268968147,662.1174020453021,1799.920243919612,621.7806954784519,3113.3214673845287,863.958546739941,-6.533170553687496,
28 People with Parkinson's disease/17-28/Giulia P/VI2GPIUUGLL63F100220171026.wav,Giulia P,1,238.23597197124454,245.99069947844487,231.34465207055914,0.0013760569480874554,5.776150314947487e-06,0.0007237751910140455,0.0007959072479531243,0.0021713255730421363,0.010509902512659873,0.09086950713946162,0.0047433320338572775,0.007112888545657355,0.009179960869721742,0.014229996101571833,0.01628754958149974,35.64682747531859,0.3980991853566809,0.035640569392190964,-4.490644293869153,0.0017858346338408774,2.424496396104292,0.8084899427779633,22.2265422554301,-258.7074014829216,51.73376819176942,-7.367961079825041,115.256921034309,-11.429621784067654,-12.499372659209495,18.92505866491265,-9.599831703746746,-24.215922247338206,-3.4885354698297584,-15.807829232655394,-1.7984283892831219,-16.747083089894257,26.37939037885254,9.703618912588214,4.0826891397308325,7.354313112351611,4.987556785606126,6.367118140490745,5.650222085201785,3.547986483719514,2.5996139786742245,2.8407715738143082,2.6218593211087824,2.6459758872443175,2.3500132112539696,310.09356193866176,88.58713242708993,2559.579431563204,1533.390983087489,3157.503892045199,1493.2487751787507,2.5468455152220257,
28 People with Parkinson's disease/17-28/Giulia P/VE1GPIUUGLL63F100220171024.wav,Giulia P,1,209.9020839003321,231.09053837356592,88.53702596021094,0.0034879468120823723,1.6619718332076728e-05,0.0014756049843340844,0.0015892003824281601,0.004426814953002253,0.012514598995497754,0.12781121389323402,0.006008536998808961,0.00696397123638053,0.010219086517054015,0.018025610996426883,0.016756013291292626,29.27173969890506,0.38703582938308656,0.05411523721488407,-1.936065749919076,0.030958542834858663,0.018047204002591265,0.06591403913521532,16.50975821333142,-206.43620605914236,109.51895528021443,-60.69818668945641,63.65528303738353,-7.2311403636718135,-27.616643083929894,-33.22623653350553,-6.689622177916309,-3.530334450416455,-7.6490033795832035,-18.75007140973358,21.605019459823684,-5.418098957413396,24.190115992320635,18.19025758641604,9.552302160209837,10.366406161395846,7.952861334768315,5.888038802163855,6.360607150863065,6.623529791177342,4.573970818877845,3.433842724605784,3.321997008675519,3.393519859421699,3.500592956686126,540.7631650537415,121.53909307104928,2094.7482140547118,236.08380722170824,2766.013092285903,579.6703285243707,-3.8836418442271348,
28 People with Parkinson's disease/17-28/Giulia P/VA1GPIUUGLL63F100220171023.wav,Giulia P,1,201.59242436996948,222.14197534215435,77.28813259550755,0.007019742311911898,3.477192471094287e-05,0.0038975253593131792,0.0036967810442719512,0.011692576077939538,0.014683380005327162,0.14035379717426663,0.0078499873478034,0.008535872444564697,0.010843235926593909,0.0235499620434102,0.004430841238204892,24.073916684876064,0.36724941462965055,0.05354914556675548,-2.026735243922054,0.054533069661472616,0.01980756504834566,0.02336098276029863,11.581064287627182,-185.0700213426323,159.03351184455005,-69.81257221988237,5.51078757697674,-49.342513379968,6.196203600650585,10.692129308348116,-7.917373685500905,-4.460462491110529,1.1675452590049584,-12.905600327719132,7.360631252571866,-35.619433628877175,29.661590266852286,13.892689674855193,12.870688267570019,7.748671172134182,7.473108043570275,8.00920124250991,6.436849164501049,4.0536292831601495,4.740742041473827,5.609237342094796,3.817084296069327,4.459438656092955,3.1939019940213513,779.8406681267087,252.79715596094522,1272.346786586386,318.17043783261164,2771.1880039252255,469.4232666433092,-5.33878153614422,
28 People with Parkinson's disease/17-28/Vito L/B2VLIAT OP47M100220171316.wav,Vito L,1,138.41165288399932,591.3072957095661,74.89478580723512,0.024142075530021845,0.0001750969435694028,0.012160303641342057,0.009406360816333415,0.036480910924026166,0.08907465425579356,0.8534644525386282,0.03287928669267942,0.04190755539329858,0.07915913831840758,0.09863786007803826,0.005962415377067821,17.36684429052108,0.093797386261838,0.7885051988483796,-1.721237669434031,0.11523182028667635,0.38242779301987906,0.1515161680870639,0.4393490301778016,-390.1958958588859,86.49177149390496,16.90747671726725,23.961977809531565,16.713145638885955,-0.4173218628941761,1.5790783387027028,4.081976616484244,-3.2690418625634052,-1.7316791810613092,4.732158066068543,1.2083368253320559,-3.525875456327037,86.63769482695304,61.715786790035764,26.05971523686931,25.353896328509478,19.432937784496524,16.758954545693367,12.866974078084935,10.686085690595752,12.054623072038144,11.768392438252725,10.49103978465664,8.000899778188629,8.880857044997391,723.1052052662184,366.07398308157127,1801.3990396525046,493.29503305314546,2913.613500112188,565.7907619438556,-9.202376544625753,
28 People with Parkinson's disease/17-28/Giulia P/FB1GPIUUGLL63F100220171030.wav,Giulia P,1,207.15744762161648,597.7824849411122,77.93376818375219,0.01608912470739018,7.837728728124308e-05,0.006466029602737351,0.006760806676717004,0.019398088808212054,0.07598128171301653,0.7642483081308842,0.018942777534810964,0.03242827936875928,0.07087233940402275,0.05682833260443289,0.019890118678668973,17.012880189363628,0.17060444371456163,0.2152529736052827,-1.6639028857738853,0.11691654980807366,0.42456340954321203,0.13729378145826912,1.1140347457177313,-306.2052567528265,96.81346858300083,-0.4701241351506689,31.55234934023499,-1.2153182840734824,4.12495058019776,3.506088166542637,-6.653806068296398,-0.6678640203230717,-0.32893513264510255,-4.0785699560299795,3.3353626295853136,-5.8498798693286345,115.4869251616142,55.91135744770622,34.460308269990705,28.852544959806625,19.629746520767377,16.48636830340554,11.603001115013475,15.373336923282533,10.193409105954611,11.070455332226055,11.399034188569455,9.983686051262602,11.447782502867357,664.3831638529491,433.05848749085135,1802.4883301375023,501.28925682876434,2924.5163686653827,703.3637826303042,-7.251891158552353,
28 People with Parkinson's disease/17-28/Giulia P/D2GPIUUGLL63F100220171022.wav,Giulia P,1,204.65573419876657,237.29459958550908,187.9409660611539,0.010946540057654233,5.361860311352049e-05,0.004738246334652765,0.005097719074370114,0.014214739003958296,0.07996534235917706,0.8079488616191355,0.018691810442406264,0.03074768273711735,0.05955844689171639,0.05607543132721879,0.023197062377799206,14.014192763252751,0.06376534125034837,0.8873583330050053,-3.046571174125088,0.016464992443240418,0.16979365240547775,0.7641034759015346,0.7189291899360555,-419.1460828859806,57.34132091305501,-5.520590324562831,12.176181039228046,-0.8998954245540822,12.277390512676988,9.896342102655451,3.8336135361317014,8.575012953557808,7.39263592207883,1.4533707581283017,2.6179697031856812,-1.0534433800612337,148.58387179461351,62.53021163708237,30.614605525087164,11.351219275608978,17.18881237207015,7.542151349103932,10.538028090147831,8.050320783594382,6.846931905973713,6.935965087779656,6.821422004348541,7.027177600912481,10.139452940513857,1060.7391711644088,697.0460511908178,1976.2629401280017,782.1228926955401,3145.239327029765,827.454530504297,-6.426355792736967,
28 People with Parkinson's disease/17-28/Giulia P/VU1GPIUUGLL63F100220171027.wav,Giulia P,1,182.19454762567037,250.36368093326317,84.77298064041261,0.006441862186681557,3.535800963745468e-05,0.0040352479792652,0.0028692527486007344,0.0121057439377956,0.01918394801148679,0.17660589062769144,0.010658571270472119,0.011126084572943888,0.014054861344577504,0.031975713811416354,0.0008756373188415592,31.068634941243207,0.2643103946889737,0.0403791588561164,-1.0227107432106302,0.029549675217410223,1.928745109249748,0.1716496349424207,10.360790162729035,-276.8212681604036,156.530692209203,38.80891620495082,49.85384680766489,-33.429738586529126,-26.554840572514323,14.420736449950615,-13.055744575382061,-7.934943340824037,-4.408458821462416,-23.038303285720037,-7.543123785097986,-21.322298867543807,30.445535054963745,16.767376977040286,11.31685611088257,4.484523371023099,7.195149153953317,8.911095032745912,3.5715405538951397,4.4681450940254015,5.563765429765149,2.9994940442963225,4.450923849161811,3.8545334497513637,4.012272169019593,382.5264375301431,91.561769421661,795.9577415293908,175.19682414656063,2748.177310284841,283.1312763543683,-7.34519049554116,
28 People with Parkinson's disease/17-28/Giulia P/B2GPIUUGLL63F100220171021.wav,Giulia P,1,207.11552898435167,598.7619060327277,76.03690069904235,0.017081972577306627,8.34047601920251e-05,0.0070285467636759195,0.0076293008449872515,0.02108564029102776,0.07792786316097967,0.7755538748861636,0.018984619209414508,0.03279879607158202,0.07613033552337642,0.05695385762824352,0.018391352628945885,17.22727361454503,0.22137698670792733,0.22395352643083372,-1.7257418466280499,0.10280682804848273,0.4414203839062594,0.09770720334976878,1.122035623951902,-310.11723020778976,113.53743585756051,-9.285002106010095,37.518273154759065,-10.383414675708263,4.4501692925486855,3.058660549524631,-6.18001905305769,-4.145247607136386,-0.8864717774199937,-6.752647061849688,4.279694899909099,-5.961398399622196,121.004764111297,52.09790792435198,37.60855723195347,30.914364277142504,23.70719025962783,18.79179662432985,13.465985571603888,15.747922755680923,10.866642671914471,11.765963739984866,12.020639281770862,11.05104255452092,12.145796895017,671.847082324688,370.70967106781836,1756.701732991074,504.9250404197956,2939.202927584774,589.9935124244704,-6.986238737957344,
28 People with Parkinson's disease/17-28/Giulia P/VE2GPIUUGLL63F100220171025.wav,Giulia P,1,218.22833540407274,228.7869096433652,207.04547044916032,0.0032015620392337185,1.4671540565216129e-05,0.0018405815181008773,0.0017481830839457722,0.005521744554302632,0.010387475085466013,0.09116319283682657,0.004837926631038799,0.00554286899106574,0.00820572772386631,0.014513779893116396,0.01923561834637064,28.594474369334733,0.2672898028405046,0.03868124710745564,-3.9226693208878975,0.002980672879991198,1.2367504864326508,0.7927267699665207,17.060177337525403,-191.0754459375749,104.0776168650134,-59.27112067670095,71.06272548511986,-25.733886581051973,-21.50355285265176,-30.044013934638063,-7.136985860456327,0.5518296835960051,-9.383069842713429,-19.8301817440153,15.523624408313541,-14.039796408148081,20.651079876141353,7.669147251729416,7.154568913550318,5.2051260647227116,4.2819509297007645,2.7875949028889107,4.242598318555547,4.471385516155231,4.9638403247490555,3.7415705827561485,2.248333607183016,3.8511513822346353,4.50572892235503,542.6467413121215,155.979830862277,2085.4272520225445,359.06559875833375,2882.231073283153,368.76705389983533,0.31261884689727243,
28 People with Parkinson's disease/17-28/Giulia P/VO2GPIUUGLL63F100220171027.wav,Giulia P,1,213.76019540757832,223.3047110894491,206.87202194686841,0.003233475528777875,1.512713015211225e-05,0.0019444290194408815,0.0017771583820650116,0.005833287058322645,0.0088542686923035,0.07901075087277705,0.0036986340275685036,0.0048852928261478605,0.0072837752035709614,0.01109590208270551,0.000780862481708631,30.968970739415397,0.3492535008664531,0.05648663340132344,-4.02689380073778,0.0021469893888540073,1.332671659624997,0.901315794463685,18.00403118889582,-236.87018196836127,158.3167040351591,-21.73608353106531,22.570629345409724,-62.154512862283134,-23.242424603693244,23.29096223082871,-11.42911796337385,-16.102643716672983,-10.725258019981675,-23.6227130247609,19.196698167235613,-9.089570228209237,17.71371571972329,6.921271954252483,5.0218557642810415,5.272814214644759,4.467193517383327,3.4699879066674826,4.0286508291818315,3.622827732826122,6.50551544512441,4.669704792566149,2.9616500020112735,3.1890056689778605,5.850979443495624,533.9197287563504,93.27187288160887,1052.8187107949282,40.187896069193705,2664.6782566254756,274.1088353289197,-3.413028826899121,
28 People with Parkinson's disease/17-28/Giulia P/VA2GPIUUGLL63F100220171024.wav,Giulia P,1,213.48262504744577,221.7495840269786,206.28106954296038,0.007491887321250886,3.509413624209649e-05,0.00464128240966954,0.004046936789163401,0.013923847229008619,0.014231701229139986,0.12432629719493814,0.008234192883785631,0.008090276935135426,0.009276064549602434,0.024702578651356895,0.007205692470542217,21.962587268577497,0.3182297531238036,0.02302215085484792,-4.318962576770878,0.0026028556573871285,0.1980592803949145,0.8018967359201141,18.14573495079474,-152.80226457418044,158.6759684910981,-78.70175789928875,1.4196178045260541,-43.07066027904366,-0.07575897456138977,1.8977035234690216,-8.732410187478834,-9.70874592573473,2.16007716035058,-12.255269509155656,8.56244261936018,-30.304452273722347,11.812308704859634,8.198736245056248,4.739592803319527,4.067544507882327,4.093882877158959,2.8197624626658975,3.5574852805558135,2.565500745353168,2.3401094890895124,4.625543116829273,3.5345768709769794,4.466646606248082,3.7835016934227497,768.8093664842636,194.6277893426702,1312.0446442075977,345.49761131620033,2673.2715576357186,502.7019466253644,-3.2428855635061713,
28 People with Parkinson's disease/17-28/Giulia P/PR1GPIUUGLL63F100220171029.wav,Giulia P,1,205.25242180951216,593.9373937072028,84.58861327318319,0.012832804991866223,6.288349219414589e-05,0.005447974738948754,0.005326012882848837,0.016343924216846262,0.05573030906032307,0.6158188875664327,0.014299652385956681,0.022254677157207477,0.04452653822562533,0.042898957157870045,0.008940731362179072,21.079440551751713,0.20625280182561703,0.8897527653914047,-2.0067822627307335,0.08427244313407957,0.5515116699632455,0.1531820765783568,1.8020882154743632,-347.1742189014505,85.19704175092863,7.445453847713756,31.33426475277816,0.6083503123196913,2.15300143565673,5.016610636231208,-3.252222241888956,-2.3247076900233217,-0.1314935132121998,-5.005703995655944,2.643726407148663,-5.002358695805649,109.42106790064297,54.47221350051868,32.350660871507564,29.480772876365503,19.993680758598273,18.649895719819764,11.885806226393687,12.825098157838951,11.04169925475939,10.389683680684447,11.93689523261278,8.523089764668143,11.591334163964055,675.9070423710577,426.68762147421813,1808.1080152778159,579.740239341091,2985.838605093865,797.117259374535,-6.95889328938228,
28 People with Parkinson's disease/17-28/Giulia P/VI1GPIUUGLL63F100220171025.wav,Giulia P,1,228.19339442604976,243.35762992555289,172.9077787942667,0.0022250541259780415,9.751218828949924e-06,0.001202906159121754,0.0011758018365075075,0.0036087184773652622,0.011593249566079739,0.10352017423293418,0.005381503167556637,0.007721619003186589,0.009284085631739021,0.01614450950266991,0.042365001865582286,32.2485857623669,0.22964199123312712,0.04214238164881557,-3.571430557965275,0.00300167365087141,0.0478455906320381,0.38309542762356585,16.76607777265933,-268.175666361427,47.27235765380999,-9.648786213479429,118.23376214759452,-15.937680571063789,-14.820884157671678,22.192705750258053,-11.484759961769367,-24.84124271293321,-5.8404247507,-12.490818859112855,1.074815276726531,-22.149555592791614,22.193116840903837,9.416108128148322,6.710674011920323,6.6486643958195835,5.617969379178556,5.396149613437558,5.539008677722693,4.008759827089133,4.213196082931855,4.175381437875477,3.883053358209425,2.8526706584499704,3.80865174397341,332.97822781326033,106.93049476366578,2729.44305790593,329.2228213676428,3313.12756796794,718.1573844551939,2.3590375403587647,
28 People with Parkinson's disease/17-28/Giulia P/B1GPIUUGLL63F100220171020.wav,Giulia P,1,207.11552898435167,598.7619060327277,76.03690069904235,0.017081972577306627,8.34047601920251e-05,0.0070285467636759195,0.0076293008449872515,0.02108564029102776,0.07792786316097967,0.7755538748861636,0.018984619209414508,0.03279879607158202,0.07613033552337642,0.05695385762824352,0.018391352628945885,17.22727361454503,0.22137698670792733,0.22395352643083372,-1.7257418466280499,0.10280682804848273,0.44666978389864886,0.09770720334976878,1.122035623951902,-310.11723020778976,113.53743585756051,-9.285002106010095,37.518273154759065,-10.383414675708263,4.4501692925486855,3.058660549524631,-6.18001905305769,-4.145247607136386,-0.8864717774199937,-6.752647061849688,4.279694899909099,-5.961398399622196,121.004764111297,52.09790792435198,37.60855723195347,30.914364277142504,23.70719025962783,18.79179662432985,13.465985571603888,15.747922755680923,10.866642671914471,11.765963739984866,12.020639281770862,11.05104255452092,12.145796895017,671.847082324688,370.70967106781836,1756.701732991074,504.9250404197956,2939.202927584774,589.9935124244704,-6.986238737957344,
28 People with Parkinson's disease/17-28/Giulia L/VI2GLIAUDLO50F100220171303.wav,Giulia L,1,194.20829108168027,204.20729174589175,157.5592500085445,0.0027609613098136727,1.4216464425679254e-05,0.0013648929414336406,0.001280508495942069,0.004094678824300922,0.012666634964102159,0.11473210598532121,0.006565832685804884,0.006790901064833517,0.009462373255562363,0.01969749805741465,0.0001659691795334264,34.258990176524094,0.2994893674139622,0.17296297564897073,-3.6473510844801598,0.004432948930295713,2.1417753856451616,0.447884041470205,13.856575509328525,-307.8737266850749,91.28590882115749,48.13781772097615,83.69291237789224,3.464612266895798,-14.785848354306825,-1.0487545456969105,9.257469778446206,-35.13408295811763,-8.204119651925955,-17.873392378438783,-12.93321846835936,-9.903435859432543,24.8079340798856,12.84140259811926,8.294097058890568,7.751376645105372,6.4890942281969375,5.456649153812414,4.61822524360527,3.94701498802981,5.574085366918136,4.014773578348403,4.737825564781357,3.4586058668808315,2.8910567135058143,381.1325083597949,20.148722924465336,2606.7198145097327,234.74458968108573,3277.6511502796084,658.8153889216148,-4.448767479695805,
28 People with Parkinson's disease/17-28/Giulia L/VA1GLIAUDLO50F100220171301.wav,Giulia L,1,193.867129773021,224.01460695709278,99.5189655256024,0.0043299057201826655,2.2333651937094263e-05,0.002433055655310923,0.0023918227591490956,0.007299166965932769,0.02793459196795746,0.3422303857250151,0.015500116028892395,0.016504027527780477,0.020483764974653387,0.04650034808667718,0.010660326721830492,24.784567828084494,0.3399876050352643,0.0543380090064238,-1.4336524697823698,0.037432041916355685,1.5607947909512878,0.09815997889094923,13.128892674256505,-190.14674440013337,151.34495055027332,-57.9408031346686,-19.841162497470652,-14.56176210743898,25.53570758900677,-21.222215720665986,12.126472133278442,-15.379177540345268,-2.9254174788247806,3.1658725234000307,-21.367454592603284,-11.159740004639566,31.756783344518027,20.858556306167436,15.145415360868332,15.768048337697705,7.76916266706166,4.990879366211415,6.95755624320186,4.053270043693192,4.690967161372364,4.648146809102837,3.241355070234532,2.719939881974459,3.675556875652198,956.2589122473216,252.78128704117992,1575.96971501321,210.32970031867515,2763.98757245149,356.67826773099773,-6.983274043937397,
28 People with Parkinson's disease/17-28/Giulia L/VU2GLIAUDLO50F100220171306.wav,Giulia L,1,197.33895968546335,279.368043131803,97.91277241529218,0.0122229725367228,6.184546273640215e-05,0.006781594165294465,0.006772011631828617,0.020344782495883396,0.12144686037157618,1.1182486449504863,0.06540379859307317,0.082570370071794,0.08244865746040873,0.19621139577921953,5.206585010398783e-06,17.6204673796333,0.22675450949241607,0.2340192050241954,-1.6018263337828789,0.05459041644903701,0.24873223460964733,0.07723074997928793,9.541410733823856,-321.41062553239215,164.89368397585096,82.6186186688827,32.58936383361288,-7.854218142928302,0.6968746154289898,4.798693270117699,6.872326704091988,-0.9876449980122461,5.021512215235264,2.3638447479800577,-3.9379365563345874,-7.234582015307745,48.779524028775796,41.98752625468112,18.286245081442114,8.647795125275952,10.011919870035262,7.6495451531077645,4.933982496978664,5.250414685385586,5.883488194681577,4.435298710277718,4.590730445534489,4.54791669278006,4.5867718690992305,364.01326369616214,123.40606927112566,792.8929815384151,211.76465916453512,2897.6630754640296,800.5983931103152,-12.41678857189434,
28 People with Parkinson's disease/17-28/Giulia L/B2GLIAUDLO50F100220171259.wav,Giulia L,1,198.9298347056705,599.1235027747864,75.21381178281386,0.01556173175499989,7.947712734030095e-05,0.00707644769546333,0.006817434470894123,0.02122934308638999,0.08145680941828949,0.7945092614821231,0.030007995102306454,0.04319349614658463,0.07015008679654326,0.09002398530691937,0.0023893156830529444,18.572472565081124,0.19047864167444215,1.072864504173076,-1.4656879749650824,0.12662781559313557,0.20888373554246292,0.2434303743970347,1.1032493091517779,-363.0513364046954,103.27576812744105,26.067246196075306,32.26003482240085,2.7420293267162434,9.340203693943671,-2.109968351552224,7.574699450850123,-4.020671140367559,4.484784795585592,2.4771421165831704,-5.411151544134608,2.6929461270988324,107.94055993841907,61.01337636352909,27.672535257752514,31.60699034724727,18.14716786133217,18.360270485891366,15.233637022123657,12.454950186104798,11.649268329941016,9.798593202489203,8.14190536002827,10.50916571921703,7.925066413849065,707.9845811446077,421.5985827821698,1939.5897934531233,583.0936572278946,3146.2569190137597,601.5983653680586,-8.167176768130528,
28 People with Parkinson's disease/17-28/Giulia L/PR1GLIAUDLO50F100220171307.wav,Giulia L,1,187.64723231195015,599.6618897413988,81.62857871341421,0.011891077554949928,6.39451085607784e-05,0.005261346238035734,0.004728652473300477,0.015784038714107204,0.07697323906976627,0.7014812500538671,0.02692315603864747,0.037861597366862565,0.05856161164528429,0.0807694681159424,0.0025835435324939792,18.97559288718348,0.05439626906832466,1.1994121421865274,-1.7321255225382017,0.10582520649310043,0.27188316926883305,0.10422390952703599,0.33123857562031134,-435.7471542255713,63.638827916142574,21.34343910573234,19.65433656556739,4.091219356505225,5.964256484425559,1.6890381366304565,5.608820616308224,0.32496642911590623,2.4451163941540996,2.028722245987854,-2.0170804944749308,1.3626113063354495,91.05196613093447,59.95360018002903,26.25466474480459,26.993599905071818,14.51448563461515,15.347624234116479,11.065743558685023,9.464776402847113,9.080791145025737,7.717472123518304,6.106806473564526,8.012329163582793,7.314822826161762,852.4315351523917,538.4353809920117,1971.9549816977167,698.2580644096649,3200.4643654765164,751.475296936246,-8.617078818119541,
28 People with Parkinson's disease/17-28/Giulia L/VO1GLIAUDLO50F100220171304.wav,Giulia L,1,183.8523645664764,260.63146300170314,80.36085763711138,0.007338447515143089,3.989652882239222e-05,0.003975334592475315,0.003669487596561351,0.011926003777425944,0.03341596850143741,0.3178287932187416,0.01945678189746971,0.016571201206485513,0.02208479340589772,0.05837034569240913,8.705086743629886e-05,27.42092258519379,0.32811386385678554,0.0459342589235455,-1.3042191823723848,0.05228055170370135,0.03507451670599374,0.0502299427947008,10.264513301167277,-272.6189386145952,178.10756931206043,24.444993700788853,-7.8881510220674596,-59.430463490427684,-15.265529259997841,7.093180268597345,10.327126421907472,-12.258689584661028,5.307920538404293,-6.619420984320164,-22.31841791537312,13.040867004154949,24.7648554584577,15.872362403982319,12.590291338578698,7.945385851360685,9.64216165747795,7.339286079979858,9.306605686332624,6.871909664755944,4.59680878763878,3.4418605781842606,6.663107657236987,4.433569838186772,6.018846857317163,598.783532293267,224.7140803373341,970.9419696650529,123.71629823189491,3149.123841780218,322.75809797664215,-11.04845704104072,
28 People with Parkinson's disease/17-28/Giulia L/D1GLIAUDLO50F100220171259.wav,Giulia L,1,178.03075608684537,195.83177687430845,149.12431334670052,0.012474383525046897,7.014474880264464e-05,0.00585714211438236,0.0055314995298027855,0.01757142634314708,0.06284867332710425,0.5844482889253108,0.017718314208489665,0.02502570912821595,0.03444489816659226,0.05315494262546899,0.010570184730355231,17.80993900487388,0.11652637216952964,0.8447807286246383,-3.0369600413377555,0.01601073263001524,0.2242477495112111,0.6976205917068221,3.117522930285652,-407.2910802213704,91.9819585394979,-4.812193960906463,4.132653908810937,2.2345604086275044,21.3093790548627,3.053711048525637,13.069895328280488,-0.25869232595699343,7.156808387815219,9.585461636887027,-9.143234879737337,-0.5043186272282297,161.21098751404048,70.05224203297261,32.353613149285735,13.232409720037596,17.01411399367911,11.699086102706069,12.16129546272186,9.3148751416195,12.058430325107027,6.3946532652167765,5.368377714923669,15.810529981641848,7.110343827155465,1014.5887303852732,642.117699790442,1855.5262177412237,643.1681394884691,3098.2747220799833,604.4503410445178,-9.39134665509877,
28 People with Parkinson's disease/17-28/Giulia L/VE1GLIAUDLO50F100220171302.wav,Giulia L,1,206.7085385518941,223.94969016455678,84.59434551440597,0.005260849575542971,2.543983740150371e-05,0.0029761175826039017,0.0030201473984347604,0.008928352747811705,0.03130909605223406,0.2882050355084199,0.01862451580452988,0.01692073502709571,0.019625357606304,0.055873547413589644,0.0035288381823969845,28.27541044194881,0.23091279135606838,0.045206606548819396,-3.03322331845493,0.02205620783889308,1.3036771166835974,0.14143026648454937,15.423801557077546,-223.19078904217898,125.82987372213027,-21.386260118379326,42.48907568627464,-24.02009954618849,-25.575263337402433,-37.51549557711048,18.00825904828457,-21.409303349794914,-0.7415950135396139,0.19562369866428075,-5.184536244400699,-3.155452344018465,31.464908316322912,20.64249122470632,12.01349003580041,12.655409031041405,7.82674401183412,5.6028971866339665,5.253867174035489,4.171150846712863,4.702722705624494,3.67867753477463,3.66833397379961,4.164655460383803,3.8949024309115163,620.7263549541434,181.1699060998559,2252.91558800612,497.1117893881988,2981.983466553829,580.0339920968285,-4.851177477353075,
28 People with Parkinson's disease/17-28/Giulia L/VA2GLIAUDLO50F100220171301.wav,Giulia L,1,196.43288969664837,202.16051100108268,191.82370623092314,0.0021775164901361977,1.108524290067624e-05,0.0011932659169670223,0.0011961969109889332,0.003579797750901067,0.012103308512652226,0.10578335468016653,0.006527183617616783,0.007044930330107184,0.009386244445039429,0.01958155085285035,0.050153907255505524,28.870196703231247,0.24731672091293472,0.10610454228880192,-4.498565519948451,0.0020281159793104596,0.5758455516439279,0.8584707680677013,21.82645140193138,-165.82346317015262,134.33467525762873,-76.50137433653894,-1.627872607333309,-14.933421526291184,31.119905757587038,-16.850932078203762,6.811947588846887,-11.513268639777403,3.946907778826839,-2.2158738779470784,-21.439017036123484,-10.413924460897443,19.95756263743569,14.307389033978627,7.336825773819447,9.39937935469094,9.620170265351335,8.757938691868018,6.625983995364027,5.012253900733814,3.3272798027525265,2.69639002651344,4.039764211604472,4.041723610553113,2.946999436244524,990.1415858549362,168.32694400876636,1629.550878873929,115.30200719911697,2826.972774631554,321.1899867174598,-3.6861768616163757,
28 People with Parkinson's disease/17-28/Giulia L/B1GLIAUDLO50F100220171257.wav,Giulia L,1,202.23874891351358,599.4963788711249,77.39709406332547,0.014474991885635797,7.221347179036335e-05,0.006632126013491932,0.006275980733920371,0.019896378040475796,0.07402513567758513,0.7067964660256674,0.026798174064163044,0.03830422572365075,0.061844139353130115,0.08039452219248913,0.0026412433302550834,19.397049967961106,0.1634912503517037,1.142937736765714,-1.664614866607737,0.11403046090185073,0.2544257998552884,0.07448072167143135,0.940703819667057,-391.4483409107389,94.59444912757678,26.273218704078612,28.63988823459528,3.974690656968544,7.601261632723912,-1.4068086663069295,5.088178063702507,-3.2714210061242235,3.7644500490774266,1.7986460676670732,-5.083183387858466,1.3882364845924409,100.42941628528584,61.35266438052121,28.979663134298796,30.234090289057143,17.631182091582808,18.22439167520224,14.277716531772127,12.038603992732112,11.022582006138679,9.751424859792035,7.845076520176571,9.870849567951625,8.023787474127897,696.726318688774,435.6779340497467,1922.1839493318662,585.1920691733567,3149.8551059046363,634.0623732307926,-8.549847540663233,
28 People with Parkinson's disease/17-28/Giulia L/VI1GLIAUDLO50F100220171303.wav,Giulia L,1,196.63894748754362,222.8514818958925,99.23020983873951,0.00890016755578531,4.526105147306147e-05,0.005374512796728589,0.004434226379991773,0.016123538390185765,0.024816987515938582,0.2478654876321541,0.014426489236440722,0.013116122556581145,0.01619283803958393,0.043279467709322166,0.00016957067246543852,30.87949719825065,0.23121011176319278,0.059760896816801246,-2.1400509597464072,0.02179186040456838,2.0660364279257246,0.018556913306403695,9.42013752962988,-327.3455691081622,85.79595086291546,59.563176932631734,78.82505209132194,2.844937253146521,-4.722726573612565,-6.376636036719825,11.001008919493216,-34.57454620705623,-8.100453392966218,-15.152518504761375,-16.732387112173722,-9.628597879520967,24.8106530261614,13.899985435832706,12.412432860014746,7.8083625272642845,8.954240614479989,7.114659089233075,5.873268429507443,6.090768655493119,5.491724240066138,3.6667700019808596,3.8553007808698974,5.538684263906187,3.5323510658635993,370.3229184598845,31.21111894856575,2648.5742953493577,158.20788003371285,3415.2156340196243,666.2906508612896,-5.630011178367682,
28 People with Parkinson's disease/17-28/Giulia L/VE2GLIAUDLO50F100220171302.wav,Giulia L,1,185.9163924253731,204.23453267116176,92.43068979525525,0.0020460903895228007,1.1004334869252382e-05,0.0009531809874181628,0.0010414228544736775,0.0028595429622544884,0.012041509324549407,0.10758866549142586,0.005381716945499344,0.006004857599103994,0.009711621604385736,0.01614515083649803,0.0034235472920337456,32.02942871533242,0.36923368676133994,0.06413224732711749,-1.6553544473656199,0.04158112208700913,1.4450740474941508,0.1123219526070506,14.930850999588163,-223.123215182787,118.06512591212447,-24.42424406647325,50.53011835351668,-11.220406062296338,-30.119905902930572,-36.680743619965185,21.077091138956913,-17.16790851180566,1.0088713346825593,3.551491223405544,-6.146587904644288,-1.3492280262980934,29.996451789107354,12.834051973768158,7.280516050930317,9.63492772286209,9.50313451036236,8.697763411643706,4.5915857879697635,4.370206437505855,4.845641476657264,3.7200590653328764,3.1089221474853255,3.3365584580494017,3.697656273201474,630.4076836886543,138.14124188996414,2316.2506308571205,306.7843473640026,2921.860716294955,478.3044189489018,-4.883091815955766,
28 People with Parkinson's disease/17-28/Giulia L/VO2GLIAUDLO50F100220171304.wav,Giulia L,1,140.37755843400228,198.48323894268,92.2989193206721,0.00555818061724939,3.966097718926998e-05,0.002990409567790602,0.002762911225914339,0.008971228703371806,0.03755627434784192,0.3652827014326099,0.021267383450698757,0.02173844139120847,0.02691042960330113,0.06380215035209627,0.00016923424490208953,24.778757551012266,0.2224445903603628,0.06555786723272364,-1.0474764210432392,0.029523132800175492,0.17475601547598496,0.04332624091845417,12.011516433856396,-250.10699884550215,204.14539389588472,28.25449652915546,-11.164653297771725,-67.05719943046697,-12.702081332471236,4.481930306320415,13.114959963096785,-10.716112823210198,0.43745442052322353,-7.190946567531192,-22.16340768472644,15.736399890111485,16.983835728436773,13.70632588252082,9.4513220366227,8.048399091698794,5.1063682988317805,4.668421247471319,4.4137438747310975,4.299184465367176,3.6919213183418256,2.8714950569363107,3.069725247486693,3.239311290466569,5.010492790041532,603.9458138630483,258.24115249050476,958.7129836511064,140.93535746936598,3370.44721318898,479.90380151815566,-11.211785267436913,
28 People with Parkinson's disease/17-28/Giulia L/D2GLIAUDLO50F100220171300.wav,Giulia L,1,178.99371395033648,212.76595160609844,160.07890694336277,0.008951884236732578,4.995285304456893e-05,0.004060963758663755,0.0038927453795970053,0.012182891275991266,0.06504983355679837,0.5952810797743572,0.01566403387137563,0.022940462870495067,0.03778590939940544,0.04699210161412688,0.012835227593838523,15.771529044847204,0.019214780369555786,1.0822182702771037,-2.808785605060864,0.017107360228053665,0.11256393850480126,0.729354433110717,0.5157836949005912,-438.3730265992468,69.04281189779388,-1.5657770907212556,3.2095356286168943,2.426335530304587,16.671392976709964,3.4299712852638398,7.384442313200397,4.605971432900666,5.370817077158833,6.170159325511839,-3.9250889190492564,-1.202385094414082,142.19618580506992,71.27873979601954,26.352423420155077,15.927402178152374,13.763702354309947,11.59054192911288,7.850326768898734,7.944561213630701,5.968787617832543,9.66991423494492,4.6137441000231965,10.952851969042422,10.292599202486524,1015.7962454371973,675.8870093975617,1885.730288702716,656.9865644146029,3085.3932370319117,691.8548315060115,-9.680920344588413,
28 People with Parkinson's disease/17-28/Giulia L/VU1GLIAUDLO50F100220171305.wav,Giulia L,1,204.65267891289582,222.14102954488104,104.43619790308695,0.006626372338447435,3.236909366027493e-05,0.004023532429275565,0.0036934082088341718,0.012070597287826695,0.08250194046812342,0.8689661934132795,0.044392711317048375,0.05511655814350217,0.05660405326624494,0.13317813395114514,5.315179500383654e-06,23.2179102176406,0.2770635729523386,0.07192733799899623,-2.709480182617921,0.021971716704367327,2.2307129746368237,0.20392125958156174,12.881903663930828,-377.58155728549485,145.7609051100082,84.22559094787356,36.95910326634461,1.1000652629574121,1.8770066350818877,0.31903737843635865,4.703632453912367,-1.0515445744308636,2.97377303835014,2.508899506501044,-5.510837325213284,-7.1136414264784165,26.981829136792154,15.829704459667136,5.41836148964566,3.9785683126222833,7.36145369624412,5.823537276254979,5.2457875642286655,4.7553110931284275,4.404643015587139,3.7380451059446287,4.289275765092808,5.8344019602393375,4.757290936760247,298.9453335344481,97.02950664457504,666.1818295581235,217.99840314043746,2892.751717520582,619.5124486208434,-10.279022094680942,
28 People with Parkinson's disease/17-28/Giulia L/FB1GLIAUDLO50F100220171308.wav,Giulia L,1,205.51838133404374,595.3704066376407,90.02151716282873,0.014966994221214062,7.393920570969427e-05,0.006490224832629385,0.006249886101996964,0.019470674497888155,0.08153630480685368,0.7776106839284007,0.028640248341449855,0.04479694855477429,0.07553409297472047,0.08592074502434957,0.003784987254264998,18.265841416006854,0.08021787352366344,0.47737859730532,-1.516676411472011,0.12276579597172747,0.24618959744809826,0.2617967529887106,1.3891604944230735,-395.1604234528885,83.32499085290618,20.48834220644744,27.05553609640249,5.605982600039032,6.712790767654282,0.5181783532874243,4.1541980428175,-0.2685658807413752,4.965755675868315,2.3023529800487283,-2.40184477600302,1.2858296070308353,100.26627818573847,59.467383979874775,26.77624137251687,29.326489917160387,15.929830901605321,16.19327607226972,11.580498068713872,11.703475407259193,9.896346208130735,9.107616187994473,7.4597738873037285,8.7671901716287,7.8363438010100035,785.4169030924911,457.0136575159104,2022.4730975007494,609.3762383939431,3178.6265087102006,627.4787334603859,-7.938891664665969,
28 People with Parkinson's disease/17-28/Giovanni M/D1GMIAOSVI44M100220170945.wav,Giovanni M,1,130.88794165072696,155.0395630602193,69.01348233001805,0.03206898590824678,0.0002442389268501479,0.016007327313601438,0.015245354297628837,0.048021981940804315,0.08794441511582919,0.9868366600633048,0.03412374259984007,0.04075475898946744,0.07632202998428018,0.10237122779952021,0.004466381900373002,11.455743442813674,0.11045244266891036,0.6453282759947246,-1.994967988222371,0.09442173052309401,0.08616904184240923,0.31882841058817507,0.654041659141086,-412.2123773499268,90.45588959981148,0.1529147644003991,4.647411011596275,-8.219431318526397,13.333419578561527,5.596712927900198,9.289768699017166,3.544931057962274,-1.9521241753935772,9.216670324386781,7.233296836645145,-0.8269799400066588,175.74416090385856,86.09122300187933,26.25402164647608,11.744403683381655,25.583544783201173,8.622259273989878,10.166581276952282,6.017909570341212,4.766504720637937,7.948453550341217,8.169132808392922,6.885804061375631,7.863350974322438,962.6730062482155,574.3714148678138,1761.7803329392525,610.6147953630195,2931.894451832637,738.6686979583133,-8.029212533600495,
28 People with Parkinson's disease/17-28/Giovanni M/VI1GMIAOSVI44M100220170948.wav,Giovanni M,1,121.4152891050329,181.7176500289655,79.31121517323577,0.005826820481238479,4.7950474666082115e-05,0.0028234989852253846,0.003612994709134797,0.008470496955676154,0.023941163506702487,0.2942824590904304,0.01093382822754304,0.013035551442819326,0.02177348732439529,0.03280148468262912,0.011648104501611196,24.071920097928913,0.24111751380716834,0.22565192280611174,-1.04622234659531,0.024712918191176596,0.562818769766595,0.20932065601176952,7.964415960223956,-237.42306341719322,94.95603968804595,13.899444673849148,119.53571492574797,-0.5297609203772217,-12.880988694092188,-9.047216015383054,5.115893572343385,-19.73654619069459,-22.230190816406466,-1.0185279708547486,-5.648481352171968,-24.014547266394665,29.749210626578368,15.837480800959957,10.508862941323498,13.90230449844104,10.35845464361066,6.202085704053968,7.084056240168478,5.500316265834188,5.984730393353579,4.663225942063399,6.411601600123481,4.23324333832122,4.574546849965095,319.5937196514112,69.20809751332041,2630.848631027718,219.1163665984702,3078.658905019626,484.08601051792596,-2.24885733487886,
28 People with Parkinson's disease/17-28/Giovanni M/VE1GMIAOSVI44M100220170947.wav,Giovanni M,1,132.66697506737842,172.05190986603475,120.77238643373114,0.07699198616800085,0.0005835269907905091,0.04893026494628504,0.03721537539578098,0.1467907948388551,0.09114369312733585,0.8929134662672843,0.05141868045421799,0.04993780581993169,0.08302856532127961,0.15425604136265397,0.016177706654297564,1.7592972091108872,0.26335092546094024,1.3250520338024636,-3.088651126641866,0.03434985595723949,0.23694042846254462,0.5567085362830532,5.36159458847802,-163.67015020389815,175.15125713691117,-15.65128225791112,56.51070592270046,6.803745253521474,8.056720165220245,-47.69262618697112,-2.27272246675119,6.158729957145038,-6.308703957651777,1.7219108707788247,-4.972020626979683,12.391113314276659,39.86073100599308,9.884114654244819,9.588928917802358,9.513329979778124,8.733539228635983,4.930633503237956,4.171684597950089,4.472779848763949,5.4604842304207475,4.457157081073126,5.189315132203841,3.535575100852809,6.342442495120211,484.0427958647669,120.96890475036788,1855.4698090044415,418.7647621921058,2462.497433914845,615.7509814757691,-7.124746913632053,
28 People with Parkinson's disease/17-28/Giovanni M/FB1GMIAOSVI44M100220170952.wav,Giovanni M,1,169.5636015380313,580.2197287450898,74.87229046015679,0.023985542978874397,0.00014192512874039765,0.010587344607585796,0.009165579127987974,0.031762033822757385,0.07998675947224643,0.8262448069234768,0.026366401901252796,0.03856227159271004,0.08228870242360231,0.07909920570375839,0.01178893211994922,15.404540051758124,0.1723037283930443,0.27338898655950145,-1.4144386943954719,0.1058222728867595,0.2627589133173288,0.3086309931709874,0.4123506325121298,-364.31447506528656,108.52676516712839,6.158483014988664,26.16078475449154,2.674901702306879,13.862341535822427,-9.90443629013111,0.35045993852798846,3.8206975428304433,-7.9868295041565895,5.1338801179116595,2.162698128566031,-3.538723069587774,139.88026581979886,70.96341570554038,29.708539454748475,28.110580793229683,22.90994793572391,15.366990144871789,19.85491709918068,11.52284272485421,10.981733502940445,13.163727767043826,10.046371803017482,9.51670765015891,10.686161283515306,683.2488627930362,427.07211699552784,1765.4912587894423,535.1625388540799,2776.4999157746865,590.5007752773802,-8.97597705947173,
28 People with Parkinson's disease/17-28/Giovanni M/VO2GMIAOSVI44M100220170949.wav,Giovanni M,1,154.99562535695628,183.61066227932983,78.70039567381593,0.007265739634551918,4.6834842127676585e-05,0.00422145062441835,0.003713950986251378,0.01266435187325505,0.03027353438174349,0.27151495396055303,0.016001717909436095,0.018564693760979814,0.024617214969569576,0.048005153728308284,7.175617382953687e-05,22.718230560845374,0.1906094075453453,0.3977050644471475,-1.5472841636117487,0.028052535565208363,0.1779728981685206,0.05896936082213471,11.201561187072397,-240.65717581506544,185.89124223576084,24.148253204146414,18.026144990900132,-55.825946731733296,-12.557991063358193,-9.021198011148808,6.610997826229008,0.43623293107203603,-13.977485355841713,2.706562597692343,-9.77883687108192,1.964014570397775,17.492418670929226,9.9939396325831,8.928710237496885,5.683428607583332,5.314920084013702,6.939638765646917,5.225682798298331,5.533091733545865,4.987492777885129,6.9572602192654385,5.71417672304747,5.436879985391212,4.831871923383132,429.077545819937,187.14483405697652,882.3900059866222,139.35679089193692,2484.49555687698,850.3750622045219,-9.808529319255397,
28 People with Parkinson's disease/17-28/Giovanni M/B2GMIAOSVI44M100220170944.wav,Giovanni M,1,144.60597025863936,294.62523106596205,75.0879527307529,0.024664330304757787,0.00017060153964980665,0.010972550484389073,0.010140205279234206,0.03291765145316722,0.0942529587045138,0.9256780657942253,0.03360897175424247,0.04585637518289137,0.09142238401525653,0.10082691526272741,0.006953202465503712,15.690365986323062,0.20796796675541088,0.8530627931865403,-1.55205808303412,0.08389337075332555,0.3072992059784099,0.2979503818582866,-0.29216915325534387,-362.95068388488454,113.1587358495398,14.640606157713787,25.782490555420182,2.1361103848219027,10.833088725616445,-6.26085002107998,0.09338071181771489,2.6840866829002037,-9.274144281987526,2.4130629603600537,1.867930816635966,-3.7688741933916794,125.96016282976352,72.33820999166988,28.08678912439522,29.530767814491,22.51424311469915,16.627854859437672,17.97155613445686,11.414318142906547,10.104892638152256,12.758964959771205,10.772038989837927,9.350858053678943,9.767891718289988,661.1943597524014,398.51895893315594,1727.0598639747377,524.2894854564819,2775.454070312817,596.5833134444786,-9.126704521313854,
28 People with Parkinson's disease/17-28/Giovanni M/VU1GMIAOSVI44M100220170949.wav,Giovanni M,1,161.53124250735635,182.88608130968007,84.90281638723776,0.004150645575962801,2.567032621879045e-05,0.0020433987450533086,0.0025021339870887906,0.0061301962351599255,0.022521048083487007,0.259030752313768,0.011883396183113423,0.014167219410793295,0.019349636714457316,0.03565018854934027,2.5020417196962172e-06,27.46589304508725,0.22146427763735066,1.8069008861420768,-1.3557055044322823,0.025508859194994526,1.9259421342667375,0.18342608552396666,12.802788958204324,-313.381286995979,172.51504214266774,76.78043436644658,29.582539673580403,-13.43533933635175,-11.866248064855728,-10.823020117333403,-6.944223097036406,-10.681306284399298,1.3632654891862266,2.3879181098245135,-3.621195901764718,-9.472704455171996,35.26676426601989,11.500726987553968,14.465618240826888,10.028464348625251,6.450239016751472,9.480602012175686,6.793278167485517,10.199393875170914,5.296358850495158,5.859601228332752,3.747430155132985,4.012130186919286,4.4795660102417125,307.3076853389199,110.18252821958103,680.3060588895685,90.22637705799441,2856.9848168064914,509.12156559012317,-10.413538770244418,
28 People with Parkinson's disease/17-28/Giovanni M/VA1GMIAOSVI44M100220170946.wav,Giovanni M,1,127.62327596676872,141.38569920836642,76.38916436623983,0.04721666369442897,0.0003724640018340583,0.02920948482022921,0.017377619946950827,0.08762845446068762,0.04890455389639842,0.5525887907130754,0.027522408389747153,0.023806918063609434,0.03533421094216893,0.08256722516924146,0.0007076317350220282,12.078004546197493,0.23184297731235837,1.1746083341926374,-3.113448973793724,0.022476031573165328,0.1377484147164907,0.31508497379226436,6.7039919204578915,-214.7964683672834,192.36608860048983,3.886868849786763,1.7545902302494192,-37.489348860154955,19.27397282878636,9.088147265757444,10.969172660005896,9.331346214159156,-19.79242445432053,11.652593140133517,7.303579333079953,-12.339661080547335,40.080366732759444,14.049436755928147,19.01522633919302,7.998414837215317,6.75655802378927,6.085761483841924,6.77329975593008,4.55275060007436,5.164278292088811,6.502681069823175,5.237292775673419,5.625028883348458,4.322448536953807,532.0440336394212,422.02076943553726,1111.7540539409445,210.34604640790454,2558.352155714455,536.5043555345072,-8.92089688911082,
28 People with Parkinson's disease/17-28/Giovanni M/PR1GMIAOSVI44M100220170951.wav,Giovanni M,1,148.64653337656043,258.15443531639926,77.06262707425826,0.029335958168083744,0.00019812915376606885,0.01228310771414032,0.010748688639004614,0.03684932314242096,0.08545386735045651,0.9104256613275363,0.02967332733225873,0.0400569408690167,0.07793246191218711,0.08901998199677619,0.008546858050265437,15.343936830257649,0.1861270341281423,0.819698143768407,-1.4838113521289324,0.08241487739131702,0.3956564555973415,0.40231091031744154,-0.1118430653194622,-376.0266933025236,101.95725532227476,17.542843663818793,22.927904798557776,0.3570271671492218,9.912722214151994,-4.287427860218584,0.6351573758465779,3.8733370285890003,-7.542798758877006,3.4222981857356056,1.3714691085589181,-2.4621394751818917,126.91471907056315,74.59129706435874,28.238679346079433,27.028784514086396,22.489658265896328,17.558708177706826,18.357916530899686,12.025972129372526,10.238835729968898,13.979517414409045,9.90892931485831,8.350439136218236,9.795728731779214,707.3333685420315,439.650805473498,1740.5230162963194,550.3394614569953,2827.619664828991,614.9546170907814,-9.102345624039408,
28 People with Parkinson's disease/17-28/Giovanni M/VE2GMIAOSVI44M100220170947.wav,Giovanni M,1,129.89443375302076,133.29233282647985,125.22111531371208,0.019466071142543652,0.0001499933533623316,0.011562255657363057,0.0091895827859414,0.03468676697208917,0.04801113163049341,0.45131128943043686,0.02288813506598339,0.02870659249166434,0.048841677451617486,0.06866440519795017,0.005486841732390515,11.17271360243634,0.15449301829331982,1.2464066462438361,-4.440647212010013,0.007825624180995406,0.01974796780407944,0.8301323961556882,5.576640032509712,-171.87288079320342,157.4779700409819,-3.7022594114012115,57.733674297402345,-1.156922328642946,13.934775254854417,-49.0770349305598,-6.133024938345695,4.401167971583585,2.6231296069821117,-4.868230493997005,-2.3772003971859728,15.064464465066482,20.56833795452183,17.683495310122495,20.822517821413843,7.469412312459823,6.2955963840034,6.32774368917681,4.628542096473706,3.5272742430049706,5.657603789641369,4.354231200685211,4.071785750530763,4.021090388552203,5.217100835597083,460.87969479313335,225.36521036783458,1930.9227328711388,580.3993216186119,2901.1844233826578,1127.2840547378976,-6.627177363321678,
28 People with Parkinson's disease/17-28/Giovanni M/D2GMIAOSVI44M100220170945.wav,Giovanni M,1,151.67360055353384,170.1580058050409,118.65864840887888,0.031034686123862558,0.00020493025496240482,0.015769384008816775,0.013080174736320867,0.04730815202645032,0.12144098913841483,1.1506084560164573,0.05796529571048255,0.06100212230124964,0.07972345369283143,0.17389588713144766,0.007471402622734008,10.728210224666707,0.11692183952546652,0.8481359752028668,-2.4889525403375528,0.04889568841956254,0.05373741969265812,0.5766331031241749,0.29868871956666965,-432.46098625108795,84.91806514592878,-1.8192359721715405,6.576828344496671,-6.484128645450271,15.608891737347179,1.6837398699519397,6.792394348640153,7.1256689371742485,0.4643348520947801,10.66027494259637,6.742669921146977,-4.026928408191172,180.81422006701507,82.98972539172,28.210034270086506,14.020346358799845,22.382866457238688,11.644185265972874,11.639133801758145,4.625689783624734,4.776624673906805,7.793275566544418,9.316512349117291,6.511250974053972,10.034343789013,969.0009544983463,532.0585821387447,1795.478483694944,706.0539878809599,2911.7436939773856,702.7800760340198,-8.256787069302582,
28 People with Parkinson's disease/17-28/Giovanni M/VI2GMIAOSVI44M100220170948.wav,Giovanni M,1,165.30497691148918,169.25304607223697,158.76545393480276,0.003476757676475022,2.1031927825859375e-05,0.001824128896566996,0.0020668064883961647,0.005472386689700988,0.018040738877227024,0.1570172748997717,0.009024976626179538,0.01088594999314457,0.01623064756946924,0.027074929878538614,0.005384943079756048,27.421625657559723,0.3256776942223662,0.2804094431970722,-4.5833536697890365,0.0034237597496267376,1.4746994200126664,0.8504310181275448,18.666879744546655,-224.87907293176988,85.09192963744376,10.917298090845588,127.76673021660638,-4.288165484867365,-11.838176667298008,-6.494907509750099,8.86971788529418,-17.151884360078476,-16.820077139058096,-5.3510307387232245,0.6444897942907636,-24.46881659788479,12.663043795397215,10.64837702779066,8.913478475243327,6.9459176170509895,8.533083792830277,7.597838584720018,4.8672338894702305,5.747991028029935,3.646619330463177,3.7747074075857094,6.270203258926441,3.0424767219267346,5.091175069472797,308.5605797911117,53.15322642351138,2620.809501236629,261.5833796561402,3246.3429609560694,1078.0929458922328,-0.4833847895550633,
28 People with Parkinson's disease/17-28/Giovanni M/VA2GMIAOSVI44M100220170946.wav,Giovanni M,1,132.0740071451158,141.88647390718486,115.34177540282465,0.09482004394944653,0.0007293692524510579,0.05894292475153688,0.037425991756193225,0.17682877425461063,0.1834858718049603,1.6947609946956776,0.11577004785116772,0.07965146820096221,0.10862905622011773,0.34731014355350315,0.0010679821554509573,4.893831804291674,0.2830939490053875,0.9003248522743232,-3.3450508388064772,0.02196246766251227,0.019741929898925082,0.6504986203063607,4.81769278008538,-145.44526729461583,205.2253992304832,0.049135395548562194,5.914241765234849,-44.85969232155481,29.239118996338746,3.4950174243305976,8.095934838030011,9.210871184500304,-17.17134735182681,7.416100760450677,13.102838601395888,-17.999124271467704,14.944164613107699,12.781370364135435,7.879398889885063,5.552953262350735,5.763367546544637,4.269797192795264,6.827542999383663,3.994617226035893,3.472133336819141,3.8665373974168697,4.158445174488168,3.7695158589804123,3.3296061331064073,533.19402856412,404.45956629607446,1113.5917264654774,208.58199064315707,2393.1972003285637,901.3433176994076,-9.203903649516171,
28 People with Parkinson's disease/17-28/Giovanni M/VU2GMIAOSVI44M100220170949.wav,Giovanni M,1,174.63848510967037,184.79623325568392,167.00493694984127,0.004539503220381844,2.5993319804931126e-05,0.0025255299175701565,0.002660149351845321,0.007576589752710469,0.03231943398126628,0.2799282066908034,0.017036927484745758,0.01957467466956691,0.026662539415666354,0.05111078245423727,1.598822832286777e-05,27.23099177828938,0.2622419663505292,1.7525062760319488,-4.238414238049433,0.003665270599119096,2.422714875413972,0.8361154553368202,15.058105437234808,-287.5258842260625,172.46180931350466,74.55816182902328,31.434899338978738,-17.07677928816287,-8.80516466777372,-4.345354475447446,3.874487989689852,-7.351799346419281,-0.5928282116206496,6.658923513757951,-4.470289120258532,-14.218411558170766,23.34249055272231,5.544719556934031,9.713020767247766,6.038799848473527,4.1648326919292,7.347748680251182,3.8142586268721157,4.017069795172312,5.059859740525028,3.7994781903254062,3.273881247416306,5.570132958720628,3.4997260801434797,273.56225805445337,191.48706481350973,652.9273146432246,176.9269086533252,2809.940513230047,331.8030062697682,-9.815289039356262,
28 People with Parkinson's disease/17-28/Giovanni M/B1GMIAOSVI44M100220170942.wav,Giovanni M,1,151.8140013769156,569.1062321354708,75.28387247632794,0.023999289160665425,0.00015840278668441897,0.01068277050174317,0.009433639023479762,0.032048311505229514,0.08996057360776503,0.8919646824298232,0.030275784692770886,0.04329045307262425,0.0895939776289747,0.09082735407831266,0.0060712404864314675,16.728477830200543,0.19396074430003274,0.23165264994781745,-1.4648124659247677,0.09311125284179124,0.2911758936844088,0.13954448844386688,0.2554513521232309,-362.7899706530554,111.46035148079746,13.83229928175654,26.161569625143823,3.8858723017808843,10.361322301259783,-6.319279390989234,-0.2812759697562131,1.6626738087171573,-9.34741516095376,2.314119046367729,1.4239547062383628,-3.940656633707793,121.2487267184847,70.80771086165814,28.14062767271461,30.168420513775356,22.202074204031994,16.782923812556938,18.32995970210654,11.74081684721918,10.483363318358368,12.53456404088415,10.924747345731419,9.387388815441545,9.810347338493711,652.3242230284256,394.11577398438317,1742.1734452488615,510.34615378872644,2785.290855001163,575.5272188285999,-9.200569411438593,
28 People with Parkinson's disease/17-28/Giovanni M/VO1GMIAOSVI44M100220170948.wav,Giovanni M,1,112.07613594547863,179.94355784035577,75.88973413190422,0.007328726197617155,6.540592749575293e-05,0.003895569870100881,0.004435326840724834,0.011686709610302642,0.03582219625870868,0.4489139540567789,0.018116400673291816,0.021336562479949965,0.033650298644332055,0.05434920201987545,0.00032588875757639564,20.60037197023142,0.27127018950670556,0.47020632668486734,-1.0703205691769402,0.04178012283869828,0.01695482512713927,0.05844636903386542,9.112323859009205,-249.53934253721542,200.930865368356,38.2869819453979,13.151370340403078,-53.61919155946768,-14.420345938149215,-16.21910273187468,12.407272298043184,5.775237456623971,-25.04895958662186,10.137207121385092,-16.023728209080556,5.114294275286763,29.355183283839725,13.582616356972906,18.90345093516905,6.330776235906517,9.143483955726742,5.8224362094784015,4.898693623834332,4.736264855286968,4.845398077703648,4.001214814099021,5.241496738668233,5.035381965067733,4.915180209102134,451.9584630467757,110.31689995449018,872.5288786080084,92.3943328247523,2378.7231291154303,536.8218053689155,-11.135603241524121,
28 People with Parkinson's disease/17-28/Nicola M/D2NMIICNOO52M100220171135.wav,Nicola M,1,163.04615788746278,320.116139013975,133.15701307000575,0.0196760156664651,0.00011998930631024062,0.007017791602015612,0.008541055211086784,0.021053374806046833,0.09340158899125274,1.1526996071849596,0.025980375449764514,0.035023395734455426,0.08031516882975395,0.07794112634929354,0.0013666372993677903,19.287200496044903,0.06291544298986819,1.5980590526099951,-2.148056555661188,0.06711026650795489,0.7650224975575168,0.4267703586531034,1.7566864226685937,-292.89603089787533,105.87702343849936,17.152585430811804,27.439438397573056,10.561547515996995,19.113575239120568,-12.491511228658913,9.029285855300461,3.72854558671411,2.4667484267400153,18.648590472249133,-1.469165533817239,-5.378446004583797,119.93723754341497,49.01958158642162,19.270440318451787,8.030348019688613,15.14125014285247,8.694545736540556,19.843577403817587,7.79755167996039,10.282466104880086,10.17294331206999,8.840343401004194,7.479724116114927,9.360279473041183,687.0832672389421,538.120352619912,1819.6651879517108,496.3467075404706,2886.943758601704,546.6608878415624,-9.188943017900197,
28 People with Parkinson's disease/17-28/Nicola M/VO2NMIICNOO52M100220171140.wav,Nicola M,1,178.9918970302227,184.99001805632474,173.17886626208738,0.003739992475687945,2.0895622715035938e-05,0.001924602701329225,0.0021785994707252065,0.005773808103987675,0.019991256587886374,0.17567922334107272,0.010568104179525287,0.012789913860898724,0.01642451757986255,0.03170431253857586,0.0002456182819620968,26.157282009594475,0.3366920478972195,0.20460918580704557,-4.524244569762644,0.0040142139275013144,2.7035239255754235,0.892548822378593,15.471739734299234,-196.48782015752124,152.11476018817234,21.67729612166395,10.411696993269501,-20.33826927051294,10.419100299953202,-21.22122403246582,35.11854663102738,-30.082365847334223,-30.32821325283621,15.28545034345622,-3.012113026425137,-4.693356479935715,13.722522901502966,4.28182945524452,5.127823626507443,5.623233409901166,4.470293629609495,3.691845666272753,4.412507038394787,5.298464048243036,4.082302163041864,4.343917205455605,4.868209655310565,3.601200661888896,4.167113587524776,289.2484878786315,188.54942854888887,1013.2433770257863,323.7545818216196,2604.08694645118,186.1895624803186,-8.192944259006007,
28 People with Parkinson's disease/17-28/Nicola M/VA2NMIICNOO52M100220171137.wav,Nicola M,1,152.717697468713,173.54399153804735,141.82363554486193,0.007925736772848952,5.1895813198257054e-05,0.004283798205193994,0.0047561948050534415,0.012851394615581982,0.03290206680344384,0.2965385364126103,0.017386968991108753,0.02056619954525253,0.02715619857934176,0.05216090697332626,0.002531965676076392,17.94958041838541,0.1963017587244509,1.6537454594622945,-3.2467356096289435,0.006960243140897564,0.04585404763446666,0.8298367787454699,9.745199644066293,-144.76497254568739,144.315599354004,-20.73970682182092,15.629908666608806,-19.993008299281183,35.004696131606885,-27.27288454912045,17.045108710649547,-13.54172324048506,4.745649384716453,21.631967688308087,-9.890891751549734,-6.562594661015658,20.596304488723966,7.469443622293561,4.762564899748541,6.103162556561488,4.061191804203414,3.477674750149452,3.912738426506588,4.772682676234621,3.8211867215989743,3.87439841523881,4.867795537697704,6.96908322469136,3.677791008036101,297.96125602288157,286.7256134418079,1380.7519790774556,187.57215358483228,2444.772640761259,328.67904055625786,-7.788132044628599,
28 People with Parkinson's disease/17-28/Nicola M/VU1NMIICNOO52M100220171141.wav,Nicola M,1,164.83432246928052,181.76440418836117,155.71501987307752,0.011097105772962548,6.732047585703037e-05,0.006599462703528868,0.006203113004596464,0.019798388110586606,0.10101934441412588,0.9171039918889401,0.05694786051915637,0.06291242136701337,0.06421496714288233,0.1708435815574691,1.3790129047898339e-05,21.87590587986075,0.23081263810684463,1.7559191825092346,-3.7508262410549666,0.006350429268181231,0.29155897836189576,0.7521274664657529,12.557091041238827,-295.9445342119649,169.45980354009004,73.33285650350501,25.9436216440171,3.8117625257969827,12.065298068906765,1.8198923668455291,34.420926540025896,14.50654147126476,-13.089926334922104,-5.200223963628886,-9.59499183175539,-9.234312670678925,18.8274517458271,9.696023471618156,7.6422682363917245,4.324592729432168,5.963310731262645,4.867401780663342,6.74967952665089,6.874137456559681,6.613868992802803,6.665653204795099,4.640894471326291,4.319577849298001,5.551164510973796,249.59152800796838,80.51196499430343,861.0453210420833,290.574008449721,2439.425078870612,297.9322347645722,-11.583855427794544,
28 People with Parkinson's disease/17-28/Nicola M/VE1NMIICNOO52M100220171138.wav,Nicola M,1,160.41232553341501,184.98395063540167,152.29923422783287,0.005759139320701444,3.590077682142447e-05,0.0027539725667503285,0.0033148719971362794,0.008261917700250986,0.02723772186808557,0.26815573886847893,0.011542796345936409,0.014860946020243567,0.025570992081334815,0.034628389037809224,0.0017673966965808345,23.900104244972443,0.1531712177103011,1.7396708168008745,-3.4643472557732577,0.007184671994234976,0.8042502701293688,0.7198022192937379,10.309655621355986,-175.33704725894182,121.68803533426228,-4.553767950842406,61.734137188643984,-4.5084086165618125,25.51597918064938,-39.87561816915721,-11.16195625839298,4.904477071651887,-10.037858693558512,-0.008510465905243412,-7.774861779190009,-8.600323538770741,20.669430245038455,5.554072571544799,4.0715709018948045,6.8876075497808475,3.868991181572684,3.6944721338714803,5.419209433313654,3.4060008288614845,4.671388408349325,3.9437424212430803,3.5430959664135244,4.424563669387575,3.405744834985367,293.5456218282437,156.56823398049488,1769.6176466708139,722.9378964933992,2588.3445226826307,879.5959190658791,-4.879038788217599,
28 People with Parkinson's disease/17-28/Nicola M/D1NMIICNOO52M100220171135.wav,Nicola M,1,160.84279661270878,270.10995254202663,130.76939662184577,0.025522046630432338,0.00015693935551827978,0.008173858737341696,0.009772569179458936,0.024521576212025088,0.10336516624271802,1.157160130227797,0.025388222497172437,0.038767346255936495,0.09945712357963761,0.07616466749151732,0.0009841179777440787,18.402455702107634,0.04538312824227038,1.5644147016392995,-2.0154971686862524,0.07769966904409113,0.6224786476429237,0.4759369852090497,2.712461017536974,-316.5305600263092,102.68471688037565,15.000342236733104,13.974368051987655,3.74699564161296,16.709113794920814,-0.9286967669470455,13.244056015675575,-1.1933995169080995,4.659147257232972,26.35651338970768,3.500972620217291,-7.033854474865675,119.35396242620367,51.90070055595236,18.135794507443528,10.52148157662739,14.646918564146553,9.403073406061235,14.805161193424654,8.73152490949849,11.943305678320835,10.583287664221075,11.20664885451671,9.693083987836044,10.81346841088063,728.4881968147085,496.9664627490914,1744.9741165224714,495.7495122259852,2925.051068797267,628.4734048472776,-9.575293003777837,
28 People with Parkinson's disease/17-28/Nicola M/VI1NMIICNOO52M100220171139.wav,Nicola M,1,175.93818783982127,241.82234646379382,163.0372536433658,0.005633367302133528,3.2015071493355626e-05,0.002578451302180534,0.0030031756174424,0.007735353906541602,0.020577922192524623,0.24936451295012707,0.009235968339097973,0.011702728781652176,0.0177095992630165,0.027707905017293918,0.0001673275610459148,29.53339527303462,0.11413233074942443,1.7942081809893107,-2.849391375356518,0.01078216592406397,2.0425696121887027,0.518362283339879,8.53359603166253,-299.28284003708933,92.6615872040174,32.035919654465516,71.4697158692977,43.28011648836563,6.24450540331398,-26.827763107848714,30.95488253889679,-1.2524147093301694,-15.027613378033212,-7.019790036656616,-15.89798414727899,-10.935467102429513,29.125233918728767,11.112461513991226,6.565102519902559,9.02252894586796,5.846245202271086,5.931090534212679,4.813137646338018,5.56920127032894,5.840820075545916,3.6129390663492837,3.477353347803217,4.905905449166069,5.805599205414572,256.91193737085734,64.53120228367462,2197.010106198907,509.16155371216746,2863.8282414624373,523.5484841277811,-6.2212284987601425,
28 People with Parkinson's disease/17-28/Nicola M/VI2NMIICNOO52M100220171140.wav,Nicola M,1,172.69391463172795,193.87849188869205,159.7572002692365,0.0063470512894184565,3.675090991229708e-05,0.0028812332939793573,0.003295371572626025,0.008643699881938072,0.03670692083551712,0.3325828820773969,0.0153894022692967,0.02080331003113503,0.035482886955485855,0.0461682068078901,0.00036286213973804295,26.167473605838588,0.2536765339385218,1.75856394021514,-3.3082145387388255,0.008402196481376306,0.5999623572796662,0.8167317938976169,8.935494096186602,-253.9405072902451,94.38884430111774,25.61474877447844,88.02280226167689,29.00053832181673,18.95237827973166,-31.53928355283517,25.960730840327443,8.92546634482577,-16.42369149749197,-5.683294652163435,-11.276458622664574,-16.65663828891006,25.443413065891523,8.131135503754233,4.943169378358856,8.480806839588487,8.206218656757637,7.27966180225731,6.2777791912155685,6.010660375704443,7.364450247806278,5.329264759895631,3.912174698652172,4.983684219609573,3.9648150166230804,255.89383708804957,51.22558069198153,2167.071145136758,426.7235539431808,2905.348692574747,501.05908246213875,-4.435205210378988,
28 People with Parkinson's disease/17-28/Nicola M/VU2NMIICNOO52M100220171142.wav,Nicola M,1,167.89047143511507,173.28361533663528,163.15270400312787,0.0038727925429580066,2.3067544689286565e-05,0.0020594390209188827,0.0020899252083513955,0.006178317062756648,0.0309191582227354,0.2742542019979228,0.01618344174649215,0.020595364528581767,0.023737052407907782,0.048550325239476444,2.3591733805870795e-05,28.137115424712057,0.25285609692646005,1.7930375054103653,-4.482133564827737,0.0037931378147526107,2.496851772995613,0.8783443694778825,14.467101215936378,-303.1680862113942,158.66081417212482,69.94333189834215,27.136991745601513,-3.5385679713119473,5.5452520144806465,-8.455534573326801,42.646771374643556,5.53304505029904,-20.20587220300862,-4.216971613569053,-13.615001053036066,-13.044612511417888,23.696829949785286,6.297670664113175,9.177957491012497,6.2454557224359935,3.9199794522778255,5.070691003316189,5.593936966248646,5.437815980531333,3.663887237760005,4.962988480812497,5.036759326109667,3.60371099053703,3.2051808219553677,257.25301463974364,53.38432382672823,832.2452847955674,188.1728284653237,2455.453423003593,151.14864547586646,-9.877460499360707,
28 People with Parkinson's disease/17-28/Nicola M/B1NMIICNOO52M100220171134.wav,Nicola M,1,184.17118150400754,790.1662057770975,66.17243889827705,0.020899285761341528,0.00011375077045639682,0.00904305734130256,0.00999475089283058,0.027129172023907678,0.09062609478399279,0.9947309295977653,0.03467252072605902,0.04751859626184308,0.08243336860168908,0.10401756217817705,0.0019233966483645228,20.387642395498595,0.15026652092503198,1.7295527114222948,-1.4342283044098296,0.11316466329223608,0.30817350903435065,0.1425166430303643,-0.37483293235735715,-415.9158328547603,59.11332758265477,24.93644487250901,23.969015242726684,14.768475888008114,12.94522845450075,1.9887120589321887,5.416821673711832,3.6916506252090917,3.8645558953783374,3.844993296069392,1.6342658297847996,-0.4099979010904728,83.64573303653553,51.239383827437436,17.634811417837945,18.991483392168092,13.155924629730471,9.735947382480923,13.55390318040464,10.00346327752877,10.32820462902952,8.40234602068547,8.62396950659866,8.568777289159907,8.472235512242767,731.8212052774585,475.258338778361,1901.6831885137808,582.7303871771367,2999.116340959712,644.1431102815944,-6.669812601956048,
28 People with Parkinson's disease/17-28/Nicola M/VA1NMIICNOO52M100220171136.wav,Nicola M,1,156.62057413386384,210.18779796457903,142.16559921816204,0.013392695481643027,8.550348628056288e-05,0.007211516523328293,0.008714485725906352,0.02163454956998488,0.06317079656529985,0.6342135855044806,0.034113668104668725,0.040502802374196206,0.04994770733563916,0.10234100431400617,0.0011801183557193472,16.700990412084607,0.08799018524999654,1.6409316272989596,-2.6605284191536875,0.016460347089028153,0.1716906177875442,0.4648011700942128,9.031934871559997,-150.6821712260462,155.5528591301293,-14.859119732287065,18.612367980530355,-22.04194673514933,22.673794710527325,-11.93138243004505,7.11705208983944,-5.28739403061138,2.6448893016819772,18.965369185170807,1.6912552595342178,-18.61392959452528,29.22410039520476,9.618110452351956,4.784310833350512,4.576490855604094,5.712909753634375,5.544210226792304,4.916257712774341,6.226067937647809,4.049174888206876,3.946485039758979,5.187238155825439,5.251761076388913,3.353370286608602,311.9935087907151,354.08971514323264,1343.1329570024884,255.84365961584035,2528.737637919803,367.5049983420016,-7.750367321687996,
28 People with Parkinson's disease/17-28/Nicola M/PR1NMIICNOO52M100220171146.wav,Nicola M,1,178.5015417526633,779.9399398577992,53.422831253873525,0.017877450797640873,0.0001012436292150929,0.006360044441748368,0.007305742704717064,0.019080133325245104,0.08001177536651655,0.911260951318606,0.023283131977912624,0.034574173674438796,0.0696042017190071,0.06984939593373787,0.0014720733888664121,22.36788181799953,0.09392023334501827,1.350833078229472,-1.3367478296382689,0.1416695063638272,0.2959683574602125,0.184013034401229,0.13476290853314055,-451.71669125447664,40.80881223391431,19.353212903009485,20.00087926964569,15.173092364448648,11.656716050521634,5.439059854721387,7.012210173316287,5.340410531003135,4.484390881228141,5.1013653996626305,4.2489322834335965,2.524427926791082,67.79466065160891,44.522012814060915,16.807557687206334,17.04563184623684,13.286816113539839,8.32895736372762,11.038142316632884,8.273840399747861,7.5023074656248205,7.932294372138812,7.251375126627424,6.3973553127430005,7.682174947421027,918.402026518294,605.0426413790267,2022.4601328028407,618.8130269362132,3130.91330961479,713.3446023125715,-7.440392617630749,
28 People with Parkinson's disease/17-28/Nicola M/VE2NMIICNOO52M100220171139.wav,Nicola M,1,153.34688954731394,168.6816445184434,146.01566362927073,0.007227390021486222,4.7133641785244324e-05,0.004031091995170926,0.004326397729178012,0.01209327598551278,0.031098819222350967,0.2781609870006257,0.01615275803938662,0.01836264463318967,0.025291703547062512,0.04845827411815985,0.0022405133172276855,22.5676004817268,0.27546922777674354,1.5878196831468592,-3.884956238630923,0.0057850268567837355,0.3568453450143182,0.8006458372588126,12.588558122120787,-177.59362003250172,127.97370933987916,-2.1239831519434533,62.20024938377267,11.734864667306196,15.329596573613681,-47.16556900899195,0.6055208464507833,-6.1081336619600695,-9.762015545707756,7.253736995363331,-21.106521890567212,0.9692311290109954,13.48726915749666,6.426223595869997,3.7289546518013252,4.218158833717258,3.9793145807624093,3.861426485440539,5.076770561338978,3.73153746832452,3.337104906080049,3.379587522445455,3.409715837903942,3.1736995197023186,4.145150550459882,280.49534421296636,99.48103620148845,1687.0054964044168,457.21835500292207,2501.859919104099,345.6648223863729,-6.358485901043994,
28 People with Parkinson's disease/17-28/Nicola M/VO1NMIICNOO52M100220171140.wav,Nicola M,1,172.64537788620783,190.22397476827854,152.1618865879749,0.005616306183740209,3.253243556748279e-05,0.0029872490539524783,0.0030628537882943733,0.008961747161857435,0.028165302710592012,0.26020881392729145,0.014478486880496133,0.017621740951600743,0.023228079980799995,0.0434354606414884,0.00031269922222133047,24.820756179368228,0.19276214397837935,1.7446916808090025,-3.7177660066749976,0.005374263213595159,0.4310008768485177,0.6762155305630893,11.493564685860576,-216.42276242979773,158.9159535950246,26.137070006756744,11.827097615426142,-15.91056263188718,10.668752835142827,-16.439038375977916,37.05935093557982,-30.980696726662313,-31.29806377108698,14.355857232366658,-0.33231385020867427,-2.300327892482436,24.641884538938264,9.85124961535071,5.696492805797054,5.1573461028607035,6.543215395721005,8.578742486250814,9.38415195519462,9.25115811354627,7.333569937973338,8.210429883874975,6.873061774328883,6.601560858290348,4.388110534058237,316.6429245750156,195.49388443081187,1057.979590759926,302.5347882779198,2658.2319334622666,266.37244366554324,-9.83330835091912,
28 People with Parkinson's disease/17-28/Antonia G/VI1AGNUTGOL52F100220171051.wav,Antonia G,1,192.886391575875,281.88366257539457,75.03394854037622,0.005925811522025972,3.079384357526834e-05,0.00260628339094333,0.0031788400143691305,0.007818850172829989,0.022131418740111666,0.24017529976618948,0.009478714362856102,0.011553601901266686,0.01913360761340407,0.028436143088568306,0.0005523758725908555,28.67430332574357,0.22310243108207903,0.03456764313766605,-1.293851271979437,0.07478862339713173,0.4968186973634163,0.05871393947113836,7.585168299674205,-273.9344821125008,87.68976181567355,24.73815762363356,59.263837817787255,-0.44367725448838136,-3.061264686999305,-52.40706364605786,17.993237091356843,-26.02355970404141,-35.721442205948115,10.05977365563459,-20.14405976210027,-4.5996292411160775,37.910197949552504,29.107790536049002,10.90910308888838,10.54640068838484,15.108013265317034,7.408767737898124,9.845123124803601,11.701825705478756,11.92238763274617,8.234435060287472,8.44755693481678,6.347359582788758,4.472435674492863,409.7890495214989,54.8227807136482,2283.0358026129043,321.91518438765945,2936.443508088055,436.32351655901283,-7.54065138062007,
28 People with Parkinson's disease/17-28/Antonia G/D2AGNUTGOL52F100220171046.wav,Antonia G,1,174.10489665902978,232.9443762638214,76.84335067309553,0.028963721930586894,0.00016656220272389725,0.012149598156682768,0.012673756579249035,0.036448794470048305,0.06505349985736518,0.5885739148266589,0.024159213525146384,0.03264587799530899,0.04616820276436229,0.07247764057543915,0.018394604640534582,11.754931053992946,0.06071450134248624,1.0264928437239704,-1.3355781655003447,0.15283229049109442,0.19212226680370173,0.3452471487743826,1.5075986653186249,-374.81070699259976,101.72459298456181,5.454171774731827,9.434250769976568,-0.1894747819656381,8.57082928769728,-13.987584488122737,0.09471829640011321,14.44368718887118,2.281617888835407,7.897809281057858,-1.5415947916372876,-7.91689941555916,146.08120319608707,76.76016518437706,31.0512552345801,16.596098086239973,16.854306423494183,7.448834512275671,22.296809895656548,10.129976279583444,11.740252622840616,8.149947311815941,7.020410592899361,7.197573305837624,13.096470902764828,861.8148636975654,438.05840946327436,1972.5408703399357,523.1535152967988,3036.007061036424,815.1935844677042,-9.831787374512574,
28 People with Parkinson's disease/17-28/Antonia G/VO2AGNUTGOL52F100220171053.wav,Antonia G,1,212.5040822332778,228.52725357853288,187.4879076234066,0.003911126162087716,1.8405832370187354e-05,0.0021696339592071857,0.002004452949104866,0.006508901877621557,0.018937864959607708,0.17560919021046734,0.010823408816213527,0.009727199969466785,0.013440922903155125,0.03247022644864058,0.00013119215875205447,29.533269953336983,0.2976632891118404,0.025514718549299736,-3.5017331822225177,0.004134251654394461,1.2159987930851366,0.5434321032198021,13.368371626404379,-238.93905319059442,155.47501581577242,0.259753567493442,-17.492782105977234,-36.08159862747743,-2.9276406710485103,-16.207103711555988,-4.289398374466266,-24.10300054575071,-12.112933073025168,10.848024177062184,11.708771516658796,0.2720244846080995,28.356158733260333,12.940678003080297,13.626151469276827,11.636383851559211,9.846107030793533,7.299631572516095,7.857740212561851,6.893213461280831,7.531895394028644,4.502848307246483,3.992174952422619,4.73796406049271,4.469775198706749,613.3753758464429,60.701894585849494,1229.60726155566,255.40008937641295,2789.3962090442183,485.79881496424497,-9.143202902598095,
28 People with Parkinson's disease/17-28/Antonia G/VU1AGNUTGOL52F100220171054.wav,Antonia G,1,210.42014354917606,250.18307466476963,97.68225181098427,0.0024543642741706277,1.1653812118800314e-05,0.00108714724177903,0.0013339354591626607,0.00326144172533709,0.011831680360470559,0.14466468854722267,0.0056213507775190125,0.007036649802502289,0.00961475473119777,0.01686405233255704,2.6103537049701728e-05,33.70063318712011,0.2819319053006167,0.034542348327668004,-2.350522144706158,0.025109839168950314,1.238882966840995,0.21529779579104635,5.921704773848603,-317.3091265230182,140.42420332273915,45.04265576843494,-9.020896588177903,-27.09847932355099,11.5571756560327,-0.8739442076982696,-1.0524800827822136,-15.094860078767326,-31.663182382656267,-5.200555231382325,-4.312058285092182,-2.2286289113666866,29.106145175021336,11.485620100408138,13.230387520329277,10.309658393876411,9.729341538875989,10.000316043243455,5.8757247524150396,4.600539708875161,5.361304560931652,5.125278190252314,4.665298621161031,4.101024676701719,4.062454598827957,425.7342570218677,48.846302012905724,1086.8505640573505,104.62308273656038,2864.584623156279,575.6253909970538,-12.410243877170648,
28 People with Parkinson's disease/17-28/Antonia G/VA1AGNUTGOL52F100220171049.wav,Antonia G,1,189.7909486779894,337.61303676246035,75.22613477552692,0.019844550310349457,0.00010482693066705217,0.008261538467609068,0.008909746418814516,0.024784615402827205,0.06661654950693983,0.6783989606574087,0.028214870557100306,0.031402759072133746,0.05973664515017181,0.08464461167130091,0.013772737514997056,13.77202709131942,0.24649972132438475,0.04065710850862372,-1.375750934485105,0.1564597222477511,0.19175530090238552,0.30293396294407404,1.6236729547423394,-336.470372187158,114.35756126949815,-8.993642502407527,8.339342600662594,-2.051768428388668,12.720155550040602,-15.293204707312475,12.934224998102637,-0.048312420308839935,0.7696396717091915,6.196639313861617,-17.807116073489908,-7.527060532765537,176.48482295686512,72.11685688625872,41.255252733559495,18.432070768358578,17.961581917305477,7.898912002237258,23.311053645478975,8.813806763026983,11.081366899337036,9.016006805397357,7.6272208315981445,16.03912840399733,8.858731761387045,795.4271218678809,443.4630752129346,1760.3654019590986,538.8317324028798,2903.2692434476007,482.6881387059284,-10.66828048515827,
28 People with Parkinson's disease/17-28/Antonia G/VI2AGNUTGOL63F100220171052.wav,Antonia G,1,196.34225717279062,225.51841030648703,125.44287038219474,0.003743462375076314,1.9054278086735518e-05,0.0010882007962671227,0.0015295994416113302,0.003264602388801368,0.01911196598903596,0.1777022545697663,0.0037503548111295607,0.006636337459401196,0.019104812405922326,0.011251064433388682,0.00014066869994991543,30.588154143573135,0.2567791589652049,0.02341619025862379,-2.9622976462305943,0.03279253184475876,1.552370163224174,0.08786610693425934,12.298260315337412,-281.5944761307446,84.62151495436211,41.76708405063703,66.68044634342213,-9.2393493959884,2.867153734808182,-45.35072218422104,21.867486148136084,-33.706477919662824,-33.049510132004855,11.739967988739073,-25.045206140796832,-10.354451831692595,20.134618004103935,14.013696082503595,6.814815043105215,6.583760462121098,7.220498684476343,9.225841733643605,5.8456387195374475,6.63389123536183,5.259960287928458,6.216205482742395,3.885707166429032,3.5885892051279162,4.698524971455716,402.6073537266312,39.929503680810456,2504.27096508468,286.3581227934057,3068.7590560210456,1008.3352089914995,-6.697340081783889,
28 People with Parkinson's disease/17-28/Antonia G/FB1AGNUTGOL52F100220171059.wav,Antonia G,1,196.02290025844945,571.1204550817138,76.2572535727653,0.0242573425799709,0.00012379019376884318,0.011217862699698452,0.012158481022666558,0.033653588099095355,0.07293174413531141,0.7738537160351362,0.026989209626581287,0.033876994680804684,0.0532579224383499,0.08096762887974386,0.003416543271396268,18.776267422781036,0.13569192353286325,0.09615956895862875,-1.2554934280626888,0.1362415416893879,0.14548683388062975,0.22125731732830398,-0.20328107049520128,-419.7623208522656,77.7103822930898,22.874470329894134,17.307611467544195,8.231919785710563,6.039488212169474,-8.348402767485005,-1.324279274086159,0.06225519974985474,-4.0357978514662,2.2911041261649214,-3.522798815467737,-4.127074050570507,102.93433553855081,70.62798876773441,25.111066449760777,21.27740140017615,12.204776215821287,10.389429761274016,20.536994217419796,10.380048962100663,10.50792747404289,11.229189508582847,8.492007912132104,8.754613896008106,9.26344231010499,742.5843092667928,452.1926568754969,1940.562992410562,698.0181974885284,3063.45634268187,715.3323095578982,-10.7958561820662,
28 People with Parkinson's disease/17-28/Antonia G/VE2AGNUTGOL52F100220171049.wav,Antonia G,1,185.6435283001851,329.16973536898297,81.33477461916677,0.02115502904681386,0.0001144592867420229,0.010279274146579311,0.010655313311526181,0.030837822439737934,0.06502002204960397,0.7989987340624238,0.02806642853245473,0.03333065726316169,0.054621560057659946,0.0841992855973642,0.004517757372265862,17.030430651617284,0.18280668791500657,0.052348376544311494,-1.04491725162753,0.1565612841492837,0.51636296707997,0.31147198361358014,5.827636578870944,-204.25091673193273,143.25649546112825,1.3550463611212826,37.25732124518742,-16.090701629065936,-18.805680778272567,-56.03916500638217,18.09143155674308,-9.811365533097867,-25.359367833481002,21.369623192146403,-12.332298676955247,-1.9777366004429568,50.9568302917767,22.570556006819753,20.690224789286706,7.7730156532353805,15.352992691168229,7.221114047727877,12.89487255649888,7.011407722613767,5.521458403049941,6.4983570751099355,4.940754709760888,6.350951717758363,4.592826758321053,592.8111626283381,87.41452246122822,2238.608948479886,272.7316162809056,2936.4186001880275,300.97400562662807,-8.789142518352385,
28 People with Parkinson's disease/17-28/Antonia G/VE1AGNUTGOL52F100220171050.wav,Antonia G,1,187.48229640667472,236.1232752905861,77.39383539261252,0.005781696636880642,3.077176546660398e-05,0.0020028639699757648,0.0028037166720792134,0.006008591909927294,0.018071776610991384,0.21369379241324538,0.006697154545413095,0.00942631529480913,0.01751965418581045,0.020091463636239287,0.016219559516572498,24.65907623967021,0.3109843580231463,0.022314123916619914,-1.2784474593682054,0.0676968436397209,1.724856804364545,0.06784889573474623,4.0491351291793585,-252.19610431608194,109.27597318741164,-5.028698083177823,35.143848977748114,-13.20721967052278,-20.36951958953981,-57.682183988944296,20.83510733415447,-4.936052242775303,-25.699007868835594,25.110420905177147,-7.810467102052401,4.361209256163624,47.98519903528675,21.19652906216104,16.205595787084388,9.30606496902877,15.263671529067292,7.121114155208266,10.294417916957013,5.964241891227848,6.614059315547106,6.737625595677167,5.836628880531767,6.265155636057852,4.838522542148178,609.4616017840569,107.65456947865546,2201.804794110368,229.29616949890317,2879.8553948663925,367.18905048263537,-8.820996438709832,
28 People with Parkinson's disease/17-28/Antonia G/B1AGNUTGOL52F100220171041.wav,Antonia G,1,195.98941338339029,414.00610878362755,75.00271020381216,0.022084803383796356,0.00011277228699116098,0.010489018225052538,0.011403398679080837,0.03146705467515762,0.07408739101919837,0.7711723341825906,0.028634222765537426,0.03565040997309492,0.055935337506847184,0.08590266829661228,0.0028797258410037216,19.943569395113812,0.161096065299558,0.27838332896821555,-1.4146750550366176,0.11097536177555992,0.2278582101431482,0.2631140552929777,0.2357413616913604,-423.9811036581767,69.4414380358746,19.798740389385536,18.88051654344935,9.187268636750572,6.803401481227736,-3.9868274195014006,0.827698697775575,-1.1507240241847523,-3.4967270298956876,2.7448036175815855,-3.2828273718579917,-3.228724132283487,103.03591300993689,66.83516508330104,23.772572462256342,21.31398134211165,12.213930081262143,11.08542692989531,18.042328814338944,9.296870771941729,10.80042248513362,11.03543850893278,8.20358451935867,9.134025757574992,8.819735500177337,722.8101099581176,493.9632771362766,1928.2505934379076,698.2074927521841,3060.7900151548565,702.6022029858792,-10.279081669084393,
28 People with Parkinson's disease/17-28/Antonia G/PR1AGNUTGOL52F100220171057.wav,Antonia G,1,194.93184200980983,798.4044833533743,52.1001375720458,0.026672552150579405,0.00013715285425507586,0.012996369812678828,0.013263389900411291,0.03898910943803648,0.08276361833930865,0.8365534438656916,0.035463562444783825,0.038596460311416905,0.056318902646255414,0.10639068733435147,0.0029499161278216538,17.694079774624257,0.1603666595574216,0.8745108338093334,-1.1603833802500596,0.1522923875021371,0.2040743633283968,0.16280784660860204,-0.2946685324663889,-459.0911156333325,65.41000155931495,22.392808132490142,17.18262616262849,9.256663070738234,7.841819438637946,-3.224395704959656,1.688635372102616,0.6998117867345354,-2.338304244508228,2.7686843297323467,-1.9683755373535836,-2.2767925168539516,101.56052664538052,70.62617692245746,23.61643654096028,20.178524108223677,12.235074905305483,10.543914904748446,19.20261547224201,9.079481905967047,10.36032159539661,11.285604216153173,7.7217825930630655,8.800422229198462,9.025929670086452,804.4677922497539,497.65721267926483,1991.6840942038557,724.1822377570448,3123.497171045546,731.2224578525436,-10.361747399288715,
28 People with Parkinson's disease/17-28/Antonia G/VA2AGNUTGOL52F100220171049.wav,Antonia G,1,172.99638250594737,235.87391766003844,82.23633395191604,0.013805846907324785,7.984157420792783e-05,0.006462971756267937,0.0073014108835355905,0.019388915268803812,0.043129576122918525,0.4651811136626143,0.019531658733158107,0.024372593139238306,0.03590577607447867,0.05859497619947432,0.02630352893708712,18.799365447873818,0.2502131168159962,0.1279788834548276,-1.5960741660945956,0.06575329287194383,0.14579393257749668,0.1720647384901919,1.6856874380806488,-225.20539628405407,157.32410294218246,-14.423922367117322,4.065574270248522,3.5784451650559097,15.484721855040592,-20.53489452287706,20.293436537339186,-10.407657621771289,10.868347358823415,7.996078287314806,-21.092121284217892,-7.368695915323271,98.43049842971733,27.0117837985441,49.55267187517622,21.082747433546363,12.141905102856063,17.82751046101655,17.34725648069179,11.09341511997218,8.9719180841821,16.87619527859766,4.88665412932139,7.454304845133672,5.207576830681168,607.8732958532303,177.2945767274189,1605.9278998097293,390.14851948974723,2766.5369568361903,436.47741315239176,-11.585420006651267,
28 People with Parkinson's disease/17-28/Antonia G/VU2AGNUTGOL52F100220171054.wav,Antonia G,1,215.19009170152344,242.0203613989117,197.45553523709196,0.001626341011859209,7.5571800620816024e-06,0.000832726480361828,0.0008544672815730722,0.002498179441085484,0.012757254015559183,0.11416383265658357,0.006661116243196062,0.008223460503697532,0.00997555848804072,0.019983348729588186,1.9350205608936682e-05,33.260417110442766,0.5495439522152461,0.0370213065603629,-3.036284153014876,0.002007009279300823,1.8173072119625782,0.8884211493590087,9.286584163748483,-293.1512998852517,155.50114784380906,37.69287776258642,-12.966894187510428,-23.827714956231983,18.52628470437658,-0.19599368376067813,0.3318382963682287,-13.124258530620475,-29.717868633615154,-6.75747471000573,-5.643153935271591,1.0521940753889683,22.908799910756837,7.187802295882098,11.40466533202827,4.406216205527369,10.885233675125953,8.954691763940836,3.8346257081574917,4.262513215053677,7.7789043559770965,3.6120528961019716,3.0833556007995937,3.77481012257879,3.755500746800757,430.89369101746416,57.01343811603955,1077.9709390269857,126.02469017390631,2384.5203092713587,1352.7968754208769,-11.296855396909496,
28 People with Parkinson's disease/17-28/Antonia G/D1AGNUTGOL52F100220171046.wav,Antonia G,1,171.00805542115532,271.49822430542724,77.75874787215392,0.014239563220549645,8.348691517601844e-05,0.005517001668106831,0.005916122772567458,0.016551005004320492,0.053897601322174526,0.5175042731692929,0.018251056565039427,0.02592280636143587,0.037302346345746105,0.05475316969511828,0.030983324019812967,15.012032138109287,0.06366677542295196,0.9664507142371789,-1.1053533963684306,0.15879480734599283,0.3039712136147092,0.21362367361687223,5.048661590427798,-330.9798726134775,129.0652319401934,6.204714942781501,6.892773374050201,0.9029671380424865,14.178557972736899,-13.061827866533996,6.03126772806543,8.86437067003983,5.280430696979427,11.661569397650943,-2.021077925487366,-12.381501972658516,137.74775292420765,71.47597748825316,38.001831025340174,18.822703148550286,18.56599203155673,8.939444532135141,22.212247112279506,7.445736325329765,6.972679141503085,7.263384378184177,10.879650279637378,9.622278689890129,12.365938543989362,720.2156773436452,368.5687743684147,1727.1531680229607,493.73288423191156,2812.8616229167387,655.8139049318539,-10.503991394700074,
28 People with Parkinson's disease/17-28/Antonia G/VO1AGNUTGOL52F100220171052.wav,Antonia G,1,195.95911150239544,233.81381257054085,95.94305216712966,0.012124252670660338,6.156668845420577e-05,0.005107316993696965,0.006464474457560378,0.015321950981090893,0.056567574562878115,0.49926805306702615,0.025185680989123483,0.03047494472398742,0.052610939987148594,0.07555704296737045,0.00010667187039145102,21.99796573658187,0.2800306204650253,0.09095669923028953,-1.9491047489459457,0.07832931221558212,0.5850125377038808,0.25685960624069426,10.348116070334115,-256.7320597546954,180.44903297954338,13.27214589475291,-18.50086052485337,-32.803961994698405,2.403011626363222,-14.75289643858379,-15.0684035849499,-20.856376430356327,-23.48718008225079,20.023757454843135,9.335937133675667,-14.780806747070551,40.40353965915797,26.745992715262904,14.888182728314439,10.844523655260094,9.33601139560101,6.002923325434253,7.34150795011527,5.824789571941156,5.3538959074901395,6.401151627150252,6.341209919300961,5.365940943747998,4.840458886303899,573.0638989983481,80.92516695699497,1243.692403144965,242.54378749225367,2791.408597036896,359.0063899762929,-11.829750367270757,
28 People with Parkinson's disease/17-28/Mario B/VE1MBAUROIN45M100220171009.wav,Mario B,1,110.89954037507279,122.40949806354793,103.5348380856259,0.006870582808810006,6.195679096713111e-05,0.0030524813121377264,0.0041340687268692404,0.009157443936413179,0.03317512262823114,0.3000872647178576,0.014487975607722053,0.018583418489591264,0.036300664706054454,0.04346392682316616,0.017144402695284146,21.871954828031697,0.3070022055689057,1.067729480513492,-3.936913810102096,0.007292667197567646,0.05516818750906069,0.8167178483830416,10.845211859731943,-164.20858608902563,171.81582333829886,-44.31131865208297,64.70743490811657,12.053367079615729,-18.564055658623055,-24.838465394960757,-6.130073627525228,-20.43412973013697,28.939642089570714,2.4259196646557926,-11.27838387544409,21.766591158686087,33.06653422075164,8.550419483951977,11.435121206017538,5.692628848626811,6.04453172125651,4.844580970517759,3.8299569480246345,2.998746464934434,4.190749566100946,4.15037849570629,3.047750399577186,2.8428686092762865,3.9596101856557926,502.7981455592229,103.39681208403525,1764.0193993184037,255.17675886254239,2762.7449879271194,477.63476079543756,-6.714890182749455,
28 People with Parkinson's disease/17-28/Antonia G/B2AGNUTGOL52F100220171045.wav,Antonia G,1,191.352822139197,591.6388116002879,75.22122671631178,0.022514546598519813,0.00011773559436100237,0.010791947890488911,0.011620888300932976,0.03237584367146673,0.07361601543019786,0.7574263006757487,0.028353298819586217,0.035424531231959835,0.05909126612235841,0.08505989645875865,0.0029221013135198827,19.49620767060495,0.18146603330129288,0.10232821041769109,-1.440859944390425,0.12392839795221686,0.25731377282916607,0.28399018708560575,0.4636619378957292,-408.3644594908638,74.56628784255763,22.656674821149583,18.474525275938735,8.681521205745055,6.846954804559181,-5.868489954784772,-0.028291109227426472,-0.8389304879013677,-3.913248947811238,2.8046834202358557,-3.4629226060802356,-3.522748539775852,100.26059427058235,67.4684039120832,25.260606450917226,21.590947487551798,12.829241719578928,10.687282969213516,18.912532296121963,9.670644595395984,11.071508090320998,11.443821497548711,8.326185977145084,8.969073688204718,8.867340502267016,738.4938473938449,449.72657497273315,1944.5930874226565,670.021369621852,3067.5258381609337,714.759961545156,-9.922687438983536,
28 People with Parkinson's disease/17-28/Mario B/D2MBAUROIN45M100220171006.wav,Mario B,1,111.69817878629034,133.6126982176662,86.73270670713771,0.021574432545606443,0.0001937662757943145,0.00622364221026372,0.00700733981749433,0.01867092663079116,0.059707971776823535,0.561898006773544,0.016726047901059537,0.022037652204996885,0.05022715383075478,0.05017814370317861,0.012643812309978453,14.46402042811704,0.16049131884563123,0.5826665921232019,-2.766819422093821,0.060880444019719995,0.3197591055797551,0.5428816409983511,2.2076011998627507,-295.0687309749942,152.9758301266984,-9.188411110065461,23.994696834845833,1.5727357568922122,10.13235782789857,-9.399350646306024,-3.3106875681819186,-13.524242959513481,10.203508808010238,27.061082428227557,0.5226660485852612,7.272436727178877,163.54652877200996,67.23162843053875,37.32116963468102,11.190430981725916,12.473789713624747,6.6638377002206415,12.247317412449323,7.443139425847497,13.721024748232066,9.30488483064411,8.45047961137245,12.064859117214015,6.920042448929416,581.8767295587728,299.0552849803573,1553.3195707273644,261.7911191166729,2843.1622755580033,449.4426154198631,-9.644831490758328,
28 People with Parkinson's disease/17-28/Mario B/VU1MBAUROIN45M100220171011.wav,Mario B,1,126.84918451812051,133.6400564909953,103.02093346731607,0.005144556733342815,4.055885282103583e-05,0.001964471517030449,0.0031947796470409547,0.0058934145510913475,0.02192813908087855,0.1952175997016896,0.011174233277792428,0.013052751712469241,0.01959816334288686,0.03352269983337729,0.0002086383108406994,27.39887914361473,0.23664157913873674,1.5526288746186112,-3.8141520559880027,0.006942110080393901,0.597742916711185,0.6343540939156344,14.113077328246149,-289.9454814190888,173.2643731711806,62.13605965015446,60.53269284220956,-22.836068315711497,-31.54991079891533,10.701129090857634,23.48246984759049,-19.8506979320468,-3.131467026496999,7.121606300727234,-26.634873539159667,-16.978516956831296,27.910045924174803,9.707415016910451,11.694696386063393,7.811282262949421,6.692881802951512,8.483033864444476,5.250139667577857,3.3940273553191505,6.454046908258124,5.6296983680645605,7.155670768242017,4.774808003205203,3.2725527325924633,323.3957982574807,94.68747710687865,779.6236784166274,181.69538935116518,2859.8089282194383,100.9468429430996,-8.994144007060962,
28 People with Parkinson's disease/17-28/Mario B/VO2MBAUROIN45M100220171011.wav,Mario B,1,123.52026508080542,129.5570747008997,117.94359423651825,0.004422426230633625,3.5803236832352e-05,0.0016333953947800571,0.0024804324847787725,0.0049001861843401716,0.019309536709024532,0.1734634006119969,0.008693191691844323,0.01102675653596677,0.02050408529266118,0.02607957507553297,0.0006207629102253821,26.94944860014126,0.30777767718324806,0.41380802262296695,-4.144321591671597,0.005377816310196104,0.3023967159051655,0.8439868263085559,13.135080347891055,-209.7913541037676,190.59578508477068,7.342196421494372,39.98733178107731,-32.804920111405586,-25.878403811365086,8.113436274226196,18.779706603425456,-30.27297028861958,-4.654880669344883,0.23142846507609027,-17.09688513061925,13.349465649445381,12.063640598761806,7.842293557918747,7.05316628140589,5.552611031612145,3.897468890016961,3.992415974385751,3.2989877241207677,3.4796629562456394,3.1499772605232583,4.964455859745515,2.3831116299599824,4.307300751347984,3.9418672321295682,448.4557315458259,112.57893068260293,952.8277795299317,154.89679896372957,2802.4622112011252,251.11189443823972,-8.776007904385615,
28 People with Parkinson's disease/17-28/Mario B/VE2MBAUROIN45M100220171009.wav,Mario B,1,116.47716162276775,124.42571230595767,109.03904194742776,0.005575639576796897,4.787114233965903e-05,0.002210823208473668,0.003455012643993284,0.006632469625421003,0.03143724789034657,0.2839944317244207,0.012444615713188348,0.01706321758137194,0.0359001348911615,0.03733384713956504,0.013246777690596524,23.396004530776054,0.266443585680175,1.0655355102374366,-3.9733724091983693,0.006735606667745976,0.3088035256798093,0.8582253055133162,10.041550872746392,-172.0433408884772,161.31301262021492,-42.22512891488168,70.1370083376034,13.218531437070178,-14.830090225227625,-29.488898628536816,-8.801024861924601,-17.78279799604697,21.592782337943724,-6.868324237462752,-9.014039749113888,23.995677959668942,26.88698328211396,5.521770162783493,8.617790396246784,4.8550802053417,6.59780518440888,4.4464726224186695,3.130368323547788,2.624221898170097,6.172770047626944,4.761650351624842,3.9616458322714037,3.551116327770058,2.7074595720617305,474.8591654108327,90.00689987244532,1837.3682422946163,288.67022794842956,2713.4627572410473,875.4274951637922,-5.924454640699197,
28 People with Parkinson's disease/17-28/Mario B/VA1MBAUROIN45M100220171007.wav,Mario B,1,109.40130465873283,124.41105751124627,99.69167703266739,0.006144328398423098,5.6164769592933055e-05,0.0022417648991616282,0.0036819717736254116,0.006725294697484885,0.024352858506751653,0.22066552033125272,0.010687191838776996,0.012499399697748164,0.028262294239456205,0.03206157551633099,0.014715021554746402,22.1714566217548,0.43840092151484145,1.011034383845013,-3.8441714097848974,0.007643086836503414,0.026535757865505712,0.5822475478112259,10.995947600529242,-158.77961478374723,198.74011589536636,-61.51218158332877,30.74127127167645,0.6414469895372277,-5.20644419892044,-8.726347779776649,-3.130901365881146,-22.686196579654084,28.791436455228116,13.1172267960112,3.9428646468125788,22.055024626956985,26.421029775070963,8.20343955756713,8.016979539153589,4.878089862435462,9.92630528790267,6.916590774974657,5.935211308855216,4.703812358314611,4.938037728489102,4.927537249985197,3.9876260021358716,3.2237028378521866,6.071594838536161,594.0493488396581,112.41092726720827,1415.222388291045,214.41275140806644,2384.615658887238,419.0642287304433,-8.336877941979706,
28 People with Parkinson's disease/17-28/Mario B/B1MBAUROIN45M100220171003.wav,Mario B,1,112.02957597840553,592.8661317902387,74.89043260940129,0.017981988284132288,0.0001611634372436738,0.006047785802531984,0.007816514280432585,0.018143357407595952,0.07962115492040737,0.8419860161463989,0.019280184203642626,0.03369646629265845,0.08571706387685632,0.05784055261092788,0.005110494130254976,18.93899592834589,0.21866728785609135,1.1432380999923752,-1.9133104185714611,0.09076648214364036,0.5340730135909298,0.09244011852411592,0.293473431313231,-411.41540007401437,106.09030957612595,20.085632454895794,33.76342998264377,10.475076140027692,5.891072865558094,2.2735624701127257,4.489159542741199,-0.3199064584306649,0.8076017754266421,6.222569440661466,1.0593176477827753,1.3490467425723673,127.05743091889674,73.84866739594283,31.475041217692095,25.353647140734275,19.13458973437199,17.258667970317642,13.77879902844807,11.543439740330793,13.085742398697823,11.00658989352782,11.186246881895288,9.201522881845627,8.93512250745437,741.8480891589136,487.38264051335676,1868.6758786464582,629.1384713093053,3053.1416184958703,658.3358009728107,-8.478420714778766,
28 People with Parkinson's disease/17-28/Mario B/FB1MBAUROIN45M100220171015.wav,Mario B,1,115.54139293941597,598.4266514850844,75.22949425534941,0.019631344058635238,0.00017140552459694915,0.006367812684670392,0.008310446363852746,0.019103438054011178,0.08517047827165548,0.9055971736856367,0.022184232324656546,0.038361353522673454,0.09579948547455173,0.06655269697396964,0.005237208766738986,17.514124990182598,0.1541087176919617,0.5033680789232214,-1.69366826192839,0.09034767886485581,0.3438219206891294,0.10142393736193149,0.39966573279022555,-401.2742623792583,106.891312728332,16.81809850725975,34.388060516202685,7.4796624385817845,5.382829683967183,3.2669486644077574,3.7849195777728846,-1.6331949422235468,4.4901543575105425,7.122179046109101,1.5865240566241146,3.2147379224834483,136.19181324447806,75.9420822245579,32.22799643254867,25.606278904644146,18.116872847290328,16.625040957039076,12.60123991648334,11.860735250604222,13.747850973694613,10.406341698495343,9.926577658288029,8.247250128400069,8.32905398499358,808.1256027728119,462.1047276304262,1922.7659477451973,630.3354092361452,3103.686720738461,643.1878772756013,-8.584465175117273,
28 People with Parkinson's disease/17-28/Mario B/VI2MBAUROIN45M100220171010.wav,Mario B,1,118.38022352551654,123.37929247996784,113.79808686110336,0.0048060246620738765,4.0597982658897217e-05,0.0019522605584759375,0.003002628503610667,0.005856781675427813,0.021881798306501235,0.1915659488989076,0.011137863509981947,0.01201739970500567,0.02200381266754853,0.033413590529945844,0.005431794439331856,27.36663227998686,0.1969455341286526,1.6108294839981718,-4.186959345019175,0.005574545727892678,1.8785960648132516,0.8660911080401923,13.31159735697969,-220.1044866318516,111.71866144874146,-3.9967530754137663,122.35258535056458,30.465158771863774,-14.208331126123037,-7.027648552889422,21.30543666185698,-23.73926316689871,0.2753747906161027,-14.006670998088085,-19.327496844552726,14.809487740029011,20.340941756560216,5.792956047160139,4.933384111567296,9.272895803620111,5.159233503142283,5.171696071099659,6.635689836945467,3.452889899548882,3.536078331662139,3.8234547412332702,5.7345036002473915,3.2139116623734676,2.411393547501452,259.0965689740083,44.73630325768351,2258.8565500972113,118.27590499402679,3153.7468039583164,470.672304905934,-3.702612838509154,
28 People with Parkinson's disease/17-28/Mario B/VA2MBAUROIN45M100220171008.wav,Mario B,1,111.17124271722136,116.50362461416034,103.30778133368625,0.006172430674331753,5.552202658336817e-05,0.0023990453788512935,0.0037741885951920406,0.007197136136553881,0.02554797328275633,0.2261862469219163,0.012283847870649138,0.014246737775620468,0.025482128291127223,0.03685154361194742,0.004630134640889972,22.57118564695865,0.34631357653719474,1.009064919918883,-3.913868156471018,0.006850654377135965,0.284760742626659,0.875978771675281,10.40554396251514,-150.1339942303499,202.85775692085534,-53.745297356363686,23.470610704306246,-6.961720592421877,-1.579794316959491,-10.57279333037193,9.769987669959388,-26.53848335219662,22.473365896044253,23.337878483895132,-2.019857769550548,15.398835212895357,14.036902893677528,7.141298710815603,5.677551524231552,4.9720373804222495,6.488504991795608,3.024924676111785,6.121182819053409,3.8543191514993986,3.7101687005234054,2.614711335928197,3.7331766166722096,3.7421584344193484,3.7886501736456477,622.4902791875887,131.45409251064635,1420.2055811955254,231.05397841356657,2632.1850538826275,300.2622196962482,-9.295592676577444,
28 People with Parkinson's disease/17-28/Mario B/VU2MBAUROIN45M100220171011.wav,Mario B,1,126.42250400632336,137.08718812986007,111.22275220952095,0.005225554979416035,4.134489009492944e-05,0.0017668449706321053,0.003006098010948085,0.005300534911896316,0.019556184275837916,0.17116372229033294,0.010130506653969175,0.011296882907784475,0.017488362695377936,0.030391519961907525,0.00014277316965967136,27.763812175609225,0.18709460974833195,1.63680632937721,-3.7433142843521177,0.007272827412613067,1.8837744737071198,0.6456708470267004,12.621251451076809,-274.32325836395097,176.4194320099324,64.73091880066097,61.652526828154016,-28.79633553400154,-23.474438208012938,9.165611597263174,18.409659532990823,-14.150401702277422,-8.217306771546285,12.44917300396514,-28.583844055286804,-18.313503220265762,19.439883266911217,10.689302827114181,7.139997134620759,8.289799692404397,6.538149561163845,5.056299181468625,3.0850103541590084,3.081690225000122,2.739412933651162,3.3245341499725853,3.9129813103395814,3.7270621816075877,2.903255228925165,305.61024096165175,100.28651706858692,762.4375777607945,190.2860854125978,2893.2582911356953,95.44612536932571,-9.222849916632839,
28 People with Parkinson's disease/17-28/Mario B/VI1MBAUROIN45M100220171009.wav,Mario B,1,123.17683914175875,166.7750179246646,112.92998288665228,0.006151778507681071,4.9941785716316264e-05,0.002229799119005727,0.003656825521290846,0.006689397357017181,0.02552648622381023,0.2426127024442885,0.011378805975455937,0.014398979217965308,0.028719007671576677,0.03413641792636781,0.006404181896780622,26.10212704652185,0.24516608064352044,1.5489928633546095,-3.586582249123148,0.012236310413229876,0.21609401924854696,0.33669646876286097,10.422554218701968,-239.57975206025273,108.21605898240995,-2.3168036909561858,113.2511635764691,35.13972816585884,-14.373014176450123,-12.243696628990206,22.292985599939254,-20.392272738703173,-9.888048988221787,-10.166911889285393,-15.117781377983846,10.126475323922973,22.33364694263087,9.79341757925945,6.099854837156401,12.087344058360305,6.6061156253310545,4.944370203868823,4.931199975259269,4.784083261979511,5.048672239700581,4.25574698634042,5.021367896975814,4.189030080390291,3.6759062742335815,277.8563192019462,44.878992891694715,2268.897992034113,100.05602065458542,2992.6933138589548,593.2022247963585,-4.7353241496585285,
28 People with Parkinson's disease/17-28/Mario B/PR1MBAUROIN45M100220171014.wav,Mario B,1,105.32290873331874,580.9268784216808,74.90075355896732,0.021445415073364754,0.00020473315047871683,0.006918137403157045,0.00856799462594104,0.020754412209471135,0.08777866545699725,0.9530856183254443,0.02267855527956568,0.0369511214677566,0.0855675350341154,0.06803566583869704,0.006153058029476361,17.094961169747087,0.1232195783924897,1.2286541231945696,-1.911936050516181,0.07182825780878528,0.5208405399185371,0.10003823814710416,-0.07627778795143314,-443.45681809260407,80.60963633626852,23.436012048938288,32.19807997197979,10.73909221873698,6.7899904298402305,5.502024671905312,5.628526962779499,3.467594470754411,3.8696850281813786,5.455945661259539,2.3951356131651753,1.8297890060241855,116.25586293662214,72.82275925150286,27.844958335278086,24.488870198420823,19.461204681272775,16.806938277288967,12.526209596092995,10.620376637712605,11.50728902240575,9.084596971995209,8.730520455240134,8.074243147815558,7.658101629091359,903.1181185912885,543.5707763495762,2054.1070175496147,706.776839806952,3235.058069867972,715.514140234779,-8.406219108978615,
28 People with Parkinson's disease/17-28/Mario B/D1MBAUROIN45M100220171006.wav,Mario B,1,110.66427021671383,123.08700998374736,80.21422947890288,0.01733630413575488,0.00015754967189501276,0.0051681910128065275,0.007238739354579085,0.015504573038419582,0.07249215787113633,0.8141349017965128,0.02276177017168111,0.03645745565605947,0.04782409879114629,0.06828531051504333,0.006503685521806044,13.940734853252177,0.09072382127058555,0.946974730836028,-2.989099283867922,0.047465293069197015,0.3171597123768861,0.45811050426643557,3.91939551531911,-342.4970105038355,147.11684523583685,-0.49405660042041993,21.721953338664417,5.9701745850289925,8.046313621234441,5.837528215917915,5.528772112169118,-6.745445335197725,9.256288008258634,22.86289449400672,9.88932826411898,14.04448212861307,164.05764984549788,78.36958850473377,41.15692263819877,10.517728353761093,15.73389270026087,9.380895599544472,9.241663909367118,5.211041603580439,13.579506629335395,5.900287540262461,8.825914041592084,9.531942315389015,9.231737589128159,711.5396215737746,365.38230916867053,1677.0459897999622,448.57158092062673,2841.43953293345,703.9960762447542,-10.563887205862349,
28 People with Parkinson's disease/17-28/Mario B/B2MBAUROIN45M100220171006.wav,Mario B,1,115.3422505856996,581.6294721841003,75.0980284860934,0.01947632372876851,0.00016953347123002842,0.006734954017008098,0.00870469518626566,0.020204862051024293,0.08401495850907505,0.8991332399339471,0.0210270943779278,0.03681250835781542,0.08979812393387632,0.0630812831337834,0.0046743024244724415,18.64766707986083,0.21858380534674365,0.8853421933661135,-1.873890960939372,0.08042486656134318,0.45377961540065875,0.2526603657961553,0.42160408728749843,-391.4941919045941,112.26475143303486,19.986330042400592,36.744965629400156,9.330629506948926,6.5397243672851575,1.591755800098785,5.529799546679651,-0.2204882878699503,0.7038811689991694,5.88526535504153,0.01610693937001543,1.3065153767670499,132.45790120624312,73.82875617318035,31.76491677111775,26.481072296927884,19.673015111030136,17.126492804514992,14.562417415927756,11.631632249540303,13.354853422503027,11.501331088678432,10.288982361149221,9.216855080772918,9.150297248180951,743.1378073586586,474.66108096660105,1886.6443690723715,607.1609728956752,3066.5856291200053,659.5793148574298,-8.553922552976315,
28 People with Parkinson's disease/17-28/Nicolò C/VE2NCIICAOC52M100220171240.wav,Nicolò C,1,158.53428570683795,162.23884303601776,154.26194287987306,0.0029287856025326285,1.847452659376883e-05,0.0014381935703474777,0.0016985743420379128,0.004314580711042433,0.015568111713181218,0.14322984995403343,0.008015759337052309,0.009208341502699308,0.013546177746970678,0.024047278011156928,0.0009869120202596882,28.234602487959034,0.24038417181011695,1.6713460106439193,-4.578847814867004,0.0033037457880830292,2.2132444573756933,0.8570015288053212,14.63938745493811,-204.04275471491243,130.0544313124254,0.9207593853230175,36.88056985171,-5.951931118491981,18.013311672822315,-20.090179840418983,-12.557555399168168,-22.544694094592725,19.868033950344174,9.827648283134176,-17.504301724552004,-9.085017757204001,24.96035921600277,6.996568455574686,11.977034785326978,4.659711870449737,8.753277200595754,5.43847358841356,5.684160979111278,6.850944546878334,4.3212540743608825,4.926048242702413,4.350024103909945,6.038308899644548,5.4206794832724015,350.65807778997475,319.8095645395323,1522.3564513434337,641.6426427650257,2992.605818021461,923.4978513375737,-5.635007284987219,
28 People with Parkinson's disease/17-28/Mario B/VO1MBAUROIN45M100220171010.wav,Mario B,1,122.65567889408469,130.3933668690335,97.54441845712995,0.005275303270213856,4.302116752423684e-05,0.002010275160252706,0.0029105134310707507,0.006030825480758117,0.028733292521026948,0.26253358157975604,0.01261785135823028,0.016187090901048626,0.03063773197079277,0.03785355407469084,0.0007719092261241835,25.039110709180346,0.2859961642173495,1.0095265494142165,-3.9077490838889144,0.006696208451057949,0.06093969185953856,0.5936926422817318,12.1554790938889,-221.23710421486135,198.95737025892134,8.11565198177773,33.96035400091596,-34.48793209717814,-30.840031984988798,10.060076699757776,17.83081076102525,-28.604026912266676,-5.764548082051538,4.972690712080355,-19.253576500425442,17.772077708841387,27.942501701642215,9.834945070651319,11.177995567903077,6.658897942893073,7.717066797815814,5.8403491964003615,4.614401509444274,4.9089747445745955,5.212796183363491,10.876338217993624,5.6423146452896775,5.960802573986501,6.175369539530454,464.07934905817615,92.4614709515593,955.8115772401911,126.80819174106061,2787.11569056526,224.28859983461226,-9.167507547324176,
28 People with Parkinson's disease/17-28/Nicolò C/VU1NCIICAOC52M100220171243.wav,Nicolò C,1,148.74027583390844,167.8716381729224,77.08880545668198,0.0045287336695445995,3.046378451355346e-05,0.0023233595383362195,0.0024900801354083187,0.006970078615008658,0.02691248994507525,0.2679583069975499,0.015016743998073682,0.014756240466855843,0.019788719766098733,0.04505023199422105,4.587463257939289e-05,28.935126332522984,0.21490277256918494,0.2479062172734892,-1.4051881070643135,0.04356611527886568,1.4509540052345204,0.11105113277831088,11.865224214123497,-291.8514313990416,163.8187642088003,50.29363082461645,44.63919036332265,-14.029944873700568,-7.487765527935791,10.937667558278864,4.978969653573298,2.3039298199305653,-11.341907644856043,-8.938765843886234,-15.292446450515381,-14.82158513127048,36.77073603941297,15.855819565316612,15.368753957413613,6.60311141114037,10.191777469470098,6.673733356881175,7.096720884735947,5.190060360250727,4.2565770402913525,5.1477449807497715,4.818826205708767,4.187772748772777,7.668221836463682,280.0272217160104,186.86646989847293,865.851322003349,676.1747741235,2896.5342986935816,512.1444353157196,-7.804711561104701,
28 People with Parkinson's disease/17-28/Nicolò C/D1NCIICAOC52M100220171238.wav,Nicolò C,1,138.2715170358847,171.80314708547758,127.35384634392594,0.018038012785743282,0.00013026466557321796,0.007174687221654298,0.007989170654551087,0.021524061664962894,0.10674761507901107,1.0207222748380333,0.034170485859772996,0.04388644855818872,0.0738062278231012,0.10251145757931898,0.000715640340783503,15.551506034044627,0.01826215324502734,1.38873846674354,-2.952699886416478,0.03241223485942042,0.15964417869288353,0.6457397368430581,0.3819719265500936,-364.2283406972409,93.30181024059819,21.505631572175407,15.575208383663902,-15.122628837572943,9.731499446105083,19.936869809597116,10.107005456886283,0.004278740310531941,6.419683699400732,9.830695566540426,1.3762187490835145,2.579466401536089,125.45456810688749,62.29001947813504,14.35912500822109,16.415760302975553,28.8068606755164,7.4241558451350365,9.378294493030568,5.421824296731703,10.340596394528804,4.417023766705429,5.251762772062685,9.645498268281916,6.390551507779759,881.7564562847665,560.5597099443147,1812.4734213942602,612.4690760257498,3298.360321147718,642.425419150234,-7.693444425783906,
28 People with Parkinson's disease/17-28/Nicolò C/VO2NCIICAOC52M100220171243.wav,Nicolò C,1,165.30231486196723,172.08228239129804,155.3858983656818,0.0032856098678759873,1.9876850835612117e-05,0.0016419440875491678,0.0018438725031044117,0.004925832262647503,0.01986059190872986,0.1794902704885087,0.010989807862495666,0.01087975852035367,0.01533746042657873,0.032969423587487,0.000276547050705253,28.66009072833641,0.10276572726804985,1.5885440986625257,-4.090589584009033,0.0037098182814627187,2.3790577635114256,0.7800759988112052,14.572342294004834,-275.7333808813343,145.28378579495504,46.85979581897998,38.44255105054859,-45.66048206465799,-9.111472357645008,-3.7912732405790397,3.3075928549557383,-7.759456073898822,17.533716189420804,-6.78716217810692,-19.52083681629656,-6.625950232850381,22.24794496072864,10.078473766463624,7.713893704755021,10.153302362059893,9.916273422120627,8.67313233142137,6.89706997744747,7.112586261167622,8.917944444706364,4.912182572594254,5.316071352390773,4.341738966892431,3.2721720037529365,339.9408053313823,327.92894153064685,1190.720694032305,291.5225801900547,3197.231175289506,294.64712170300396,-6.809344664623489,
28 People with Parkinson's disease/17-28/Nicolò C/VA1NCIICAOC52M100220171239.wav,Nicolò C,1,180.59797705928048,192.86380852911816,171.89564966154964,0.0035316809532619565,1.9556601770196764e-05,0.0016391787495669858,0.0017007241579778056,0.0049175362487009575,0.028448865176021774,0.2545862085682738,0.014791102197286495,0.013528834833860413,0.021166403970632772,0.044373306591859486,0.0014386812190615873,26.92580103031818,0.19980960487409685,1.7115578217136875,-4.106598713069417,0.004766074852750418,1.060870531330767,0.876635058827424,14.920765942283708,-226.31070521850992,139.02858152530177,-1.155920379301035,16.597140894506154,-44.949999807062596,14.727936568033757,27.03637261586609,-17.346281597856443,-18.2297619336806,7.565123999843495,-5.748366004186914,-9.324982813011697,2.8860208926755506,39.82148262577794,9.085644778660905,7.692546616488365,8.082349557438098,16.009914004811623,6.241740319463394,6.420959639191917,4.767521814368451,7.285325075598087,5.116816421762776,5.489222487776666,5.363621879995989,5.844809724458245,291.046768010512,345.40683243717075,1207.4625324153662,263.5757206063173,3211.5655997706835,716.0973776977826,-4.306563972428048,
28 People with Parkinson's disease/17-28/Nicolò C/VA2NCIICAOC52M100220171240.wav,Nicolò C,1,149.67512780958245,184.89792545533294,75.04318586665663,0.005744176006539654,3.8375200644080334e-05,0.002715161415815293,0.003098809446097968,0.00814548424744588,0.03241910628074635,0.311204641335664,0.016746604963868265,0.016913533144257073,0.02338205560058762,0.0502398148916048,0.00036949217653147685,24.579574520447064,0.06177711564519783,1.6047630032340678,-1.8190623955244665,0.05147323027795512,0.07037937814541291,0.0592676839649322,8.144494689246518,-286.56574173602746,136.11945278742397,15.498644573762581,6.777626955946515,-31.234618849478416,6.054121459083681,28.205093305454156,-4.661652265980637,-10.938663563281196,4.614735429926604,1.3758272773849205,-7.313242439157764,2.634019467798569,87.0774478652661,51.85818097316089,7.948467109367666,9.126257198208929,15.760472646699952,3.9597615054348987,9.120763565536588,8.767498674117101,8.151957298044016,4.5089794409411645,6.291787816439185,7.825370975181419,4.09662623059191,402.510165938819,376.892711277357,1231.283260391924,295.6512318421903,3177.51442614469,453.04982212892276,-7.445401271953395,
28 People with Parkinson's disease/17-28/Nicolò C/VI1NCIICAOC52M100220171241.wav,Nicolò C,1,155.7167098045999,166.35474417397126,78.49179530262529,0.004430266825877504,2.8427095666766112e-05,0.0024209850017668883,0.0024766622089168753,0.007262955005300665,0.03198127024644791,0.29018186907556476,0.01858078306970551,0.017794860937573872,0.021201599195734944,0.055742349209116526,0.0007695712168028098,28.946776168693823,0.24203238852607248,1.659728604510804,-2.4121296912601675,0.031081978055713444,0.9497825528423987,0.2071543644142853,11.322022911612923,-253.26271335682387,94.53699281063739,27.914111511488652,99.967875289777,18.80916934043197,14.805145671233927,-21.248703019654048,10.821192493820554,-3.4987850796974627,-6.894853541930673,-5.614776272429471,-13.623128818955136,-8.512901422155819,32.53779140571344,10.036509065187232,10.205091774500332,13.736944252808726,10.867389056507328,5.366024641378939,7.207892997160888,4.657736268816294,4.064182870509075,6.604623443513608,5.1984956962755575,6.006574150479885,4.164413757044191,248.22650607061644,57.43171396317977,2181.1303155787773,754.396372571795,2952.588700100707,343.02945763317837,-2.889862247978613,
28 People with Parkinson's disease/17-28/Nicolò C/D2NCIICAOC52M100220171239.wav,Nicolò C,1,143.05092567178215,179.19752084031765,118.9595239959045,0.01729643303279643,0.00012104712336641437,0.006469334516411779,0.007882408290046791,0.019408003549235338,0.0794964798860335,0.7399374279921573,0.029764509318524087,0.03894339265090204,0.056887407236854266,0.08929352795557226,0.0011434240164210094,16.560099926895237,0.05572382910644413,1.4893906437513194,-2.7174333624269082,0.050728673480323824,0.2686170545940392,0.5166725848379902,1.2869126572337208,-350.1225144067642,111.58556210338618,11.81072379965063,13.9168742312906,-11.875027610749735,4.294629722499147,19.54826053819439,2.018486437447639,-6.6806141083375135,3.998645595386125,11.442365194452687,1.8069244127556299,1.1352979797112426,129.5762265127807,67.84203121710873,18.270203864388193,13.657403620993051,23.722220978364014,12.596894432826204,11.597819428784337,8.906567591562123,11.777094745416663,5.739366486349698,6.226696929071204,10.681867708779132,6.628523399284126,732.3496406976961,569.5976235512541,1544.3910957224077,490.9627486777259,3079.932352676429,711.3536895448524,-8.724035460344444,
28 People with Parkinson's disease/17-28/Nicolò C/VO1NCIICAOC52M100220171242.wav,Nicolò C,1,154.78300231673845,172.1493320457182,80.11285771446359,0.004675327248796028,3.019735133262776e-05,0.0025731852510226913,0.0025119979055784137,0.007719555753068074,0.02822946592135696,0.2649435034712489,0.015863965475807942,0.015453670530610508,0.020397461143052013,0.04759189642742383,0.0001999341062369449,28.233634851450525,0.15412468542800786,0.2784265667514412,-1.5195597065353774,0.04048982287480358,2.65947973111104,0.08787499160545399,12.606342134088255,-292.2674736223881,145.13733123416634,37.23135180775663,28.168530517021463,-32.29846604334507,2.6099305421329437,-6.271786544484721,-2.070997532683527,5.928611259415588,10.65966434021488,2.128637706501785,-13.153841143925767,-2.2050875185960344,52.41892413836645,15.214617204597033,11.600591739638038,9.289302321450448,14.065733484284369,10.49076144004784,4.870310138142598,8.580060075066116,15.95021817115607,5.621399073648774,4.447012384515177,9.748402783770949,3.638139506641493,559.6872474541898,389.9301004948553,1608.8474584379283,914.536443042819,3401.754010729417,474.6682616498992,-7.436534850676196,
28 People with Parkinson's disease/17-28/Nicolò C/VU2NCIICAOC52M100220171244.wav,Nicolò C,1,165.04697636334114,170.06884147967676,158.9437223066609,0.004278322028522006,2.592233956432906e-05,0.0024368226222091366,0.002291567853188733,0.00731046786662741,0.041193470045681704,0.38297945017078794,0.025552930779757482,0.01968073194755735,0.02653554582945273,0.07665879233927245,0.00011990367199264994,29.461236540506878,0.28521110939982863,1.722509551991918,-4.392748101053054,0.003132345698061308,2.204377101018584,0.8272754573283536,14.479739827803797,-261.06283187198744,163.06534690307012,46.96034832497808,52.795348155636155,-31.312490449494945,-8.015056593283639,8.33619403269599,8.820025388213377,5.717902119898998,-12.526435644235333,-7.656027970229662,-21.52195827680207,-11.309332328580988,21.175103395035602,12.150381509850124,10.705947289084135,7.270492697874206,10.273036558824213,5.48862409616539,4.464039505244565,4.828353271675802,3.782270630528439,4.55270829877163,4.18897738801646,3.464944385928273,7.125456213904031,285.50571461508207,183.43468287813087,1054.7966435971518,447.93163399145897,2951.25293433195,484.60522560593046,-7.603302982285771,
28 People with Parkinson's disease/17-28/Nicolò C/PR1NCIICAOC52M100220171249.wav,Nicolò C,1,127.80430440525281,735.856093144662,50.306638073761384,0.02056590048326317,0.00016140267645968105,0.0086739026018122,0.009539099494174367,0.026021707805436597,0.09272521271256981,0.9567233106032933,0.032171925265036684,0.04039596948295358,0.07253054262975438,0.09651577579511006,0.0005583984169971203,19.31418251387594,0.07617541613474949,1.5770587625701775,-1.4438103203157013,0.09824189239805885,0.6461962289520964,0.1198526086517089,-0.03719281268003982,-439.2580650324266,51.74457520099175,22.77485969332503,16.54360823163047,9.07526873660512,10.001155658862135,7.640049942418129,3.410337231775224,1.1775079393375028,5.402992745244782,6.956956785097777,2.0522611433428066,1.4269492051985138,63.121106826058565,43.62452186830853,15.56920421962794,14.650428950854355,10.16957639010525,7.873216741049265,7.587549795148997,8.095883856092053,9.761439944666224,7.006352283915325,6.5675890724471495,7.481284120348492,6.409849514731462,834.8032412634174,640.7893583829531,1842.6203974590435,720.1447764839857,3101.046047662451,760.2258715464624,-8.633242015195847,
28 People with Parkinson's disease/17-28/Nicolò C/VE1NCIICAOC52M100220171240.wav,Nicolò C,1,151.28485683664059,161.98813293765522,144.22701516618886,0.0034590782054429938,2.2865058500169958e-05,0.0017486326989962907,0.0018444034146432163,0.005245898096988872,0.017608742846756835,0.1772112346837042,0.009237566720523858,0.010024906209100293,0.013424438996213761,0.027712700161571575,0.0006306840845217864,29.70570420002979,0.11972834343502226,1.6510943004229135,-4.077453681094001,0.004211910406706936,2.5269880274786343,0.6937444105083093,14.087114049430532,-230.81882147524183,136.51718234110797,5.493664452496639,31.340032956552676,10.60180193629114,12.051218333382273,-15.321469772613847,-12.859442308530893,-24.878040082826217,18.535450138340998,2.152576901199313,-10.770207583260818,-10.094259530777224,26.954478063436458,6.873529614695476,9.33389655910283,7.5761154397029635,4.419984926891546,4.1526721199678525,4.83495540531352,5.049001960366675,4.770223795291355,3.9724881194693307,3.478235396344227,4.6563093815362055,5.34967077449332,280.5354671814847,259.6439753180531,1601.4866174110214,455.19985863509726,3046.421528034833,802.2810051456057,-6.5478283165948366,
28 People with Parkinson's disease/17-28/Nicolò C/VI2NCIICAOC52M100220171241.wav,Nicolò C,1,155.4962224267371,165.43057041377858,149.68463327646106,0.0036953440166782913,2.376416304035256e-05,0.0020033614782365514,0.0022179110943446783,0.006010084434709654,0.0206024270369346,0.18106750408597647,0.011507745071349775,0.012190154438137047,0.014959684091306895,0.034523235214049326,0.00032713064320431215,31.26630406645745,0.4123521934414906,1.7391894143447295,-3.9518541564910814,0.003177351573977873,2.52089997555152,0.8562017696412424,13.245284771649583,-245.3872947215234,99.72073270606046,25.41487531096208,97.78203296621656,24.460053546857864,14.221305731957592,-17.92927216279938,11.920272957758801,-6.448832292033941,-7.069762743778767,-5.670087590671598,-13.799320181053503,-11.737886931707685,17.492336005674954,7.880302223027327,7.252068772351707,8.06437578759619,5.109720696721382,4.148397807647195,4.658078616778762,4.544790241782525,5.242855610992055,3.396845320053997,3.240926147386773,3.813871799529743,4.496318790801001,262.92648245384714,48.68196525295624,2288.094135731132,597.8160719943678,3007.6659350952796,369.54046015605564,-3.8624531096052346,
28 People with Parkinson's disease/17-28/Nicolò C/B1NCIICAOC52M100220171237.wav,Nicolò C,1,134.07724394719546,193.33112887099446,50.440352960233525,0.01800203336769438,0.0001342649154057431,0.007506074334121753,0.007453996093318259,0.022518223002365258,0.08031329471633,0.8444740374514537,0.02691330669443148,0.03484927278044018,0.06818076226151366,0.08073992008329443,0.0010693259177803054,20.686200479712152,0.08419119980153532,1.7063769930855357,-1.4277320833496685,0.09983268416732781,0.36000565064379697,0.14815150387708947,-0.48414381044182875,-457.17058746158875,54.64398734510813,20.242225739150115,18.811900142073995,8.462317470460382,9.659178110599587,7.527924413646779,-1.2792147351096208,-0.9735766469699718,6.470374771772523,5.0659418620100976,2.136649300199693,1.1231600498350514,83.41709651561524,54.44191659123659,17.485347027081684,19.240036642194802,12.193765751127989,9.624004484230307,8.570781661382732,12.368322819493095,11.696364623685305,8.040232856037603,7.388306388390239,7.294173821764135,6.465182104647227,832.5844665656425,588.7287920885276,1879.905372953332,688.3867347485337,3194.5215361111887,770.9905398160114,-8.452077797246698,
28 People with Parkinson's disease/17-28/Vito S/VI2VSIOTLOP47M100220171334.wav,Vito S,1,144.0813516205684,149.76465618787722,140.01146522349393,0.0026395527943772873,1.8320215542444093e-05,0.0011602874510960278,0.0016025629488280863,0.003480862353288083,0.01031902551608531,0.08999176050707396,0.005029148645770991,0.006356936320403177,0.010022359227766474,0.015087445937312973,0.019004344142252143,28.578093253233966,0.20496585571043063,1.4544016179417627,-4.479915808849429,0.003344809793212016,1.8402297205066276,0.7948382743415116,18.963153506398108,-231.44971182358395,117.54108118819093,-35.95865970046239,95.13551419734469,52.920104073549844,-17.233180932191544,-26.61296426267421,8.998515013396746,-12.75557467208661,-5.121639207673611,-37.343499093181975,-5.9873777007252675,5.100623213850776,31.417849106790257,6.026903167926896,8.508361089611858,6.050189858712532,8.393994696587365,3.5538183604087497,7.458298020214009,5.841895262489521,2.9651683197535346,4.508029306947591,5.235631522820479,2.160049057308734,4.088226851238608,300.12316809771966,46.58574291508546,2069.563400222226,195.48484035385772,2427.477033892683,336.3297319754625,-2.962280812011829,
28 People with Parkinson's disease/17-28/Vito S/VA1VSIOTLOP47M100220171331.wav,Vito S,1,129.31048646393663,135.6662508201411,119.27095626014248,0.004182540103921959,3.234517881651408e-05,0.002187921325299399,0.002334917761777841,0.0065637639758981976,0.025313962334508888,0.23209933612645242,0.012175440293977708,0.015256790082134618,0.023518244058589037,0.036526320881933125,0.0012351509219686206,23.957861632775302,0.2550605394434245,0.6577475208775124,-4.13504951741977,0.0037091181194791756,0.12243072282042426,0.6888044583632316,16.60216929140958,-214.62465997170796,169.93190995970832,-25.041685549731266,11.161674657351048,-44.169927893416045,-4.2868143640868475,2.8056409600901264,10.846266728172344,-0.32867740623170666,-20.55214287556868,29.281636032431837,4.248728124244945,7.555162421184317,28.403798503586184,8.686559816738686,10.508514665659291,7.225966165691089,7.756331781148065,8.672683966874969,9.563264644093628,5.409732007931908,6.8301558202158645,6.4810546549700545,7.113437539743156,4.025507971928136,6.569385691643709,663.7850925613579,225.40125752646463,1116.807042418913,396.81353219440354,2528.2604976134444,1230.3105162336465,-6.548780396874284,
28 People with Parkinson's disease/17-28/Vito S/PR1VSIOTLOP47M100220171337.wav,Vito S,1,128.04562402470623,186.7373294343107,84.73473371857382,0.01787356795386647,0.00013999775024929503,0.006224095943356518,0.006941994890752969,0.018672287830069554,0.08131052234985296,0.8679282590992969,0.023991807088700388,0.03728266992530809,0.08640927923791829,0.07197542126610117,0.006979630136327054,17.822319197369744,0.10657032088450966,0.472866730154734,-1.8641925014240828,0.05995262335451349,0.2643179870824214,0.40406398679234934,1.0751033844285516,-414.27994176686406,73.22619118433546,13.694671105395326,27.041586851743897,12.519157820750985,1.8071574616347923,1.101437278071373,0.9937435962754169,-4.311793307167681,-3.026170900353121,-2.851448744535433,-2.35172655111588,2.292429516639559,100.71992176376123,65.00296133968122,27.967760970030735,28.428143845208787,19.76314532176442,17.141565812457266,11.743087337226305,11.64893753541178,11.763032066098864,10.154906073159754,11.856403733025578,9.046901129659652,6.214529686219698,733.8552280864608,473.1054724298436,1927.367762313182,645.2785095655169,3010.2962134304626,680.4129070346432,-7.849399613437124,
28 People with Parkinson's disease/17-28/Vito S/VO1VSIOTLOP47M100220171335.wav,Vito S,1,138.11078607673016,143.01308691910694,126.65073644135694,0.0035445504276751917,2.5664837000313968e-05,0.0018401935707773767,0.002113520476632616,0.00552058071233213,0.036947230745664146,0.32986562357557947,0.01939501971274766,0.025570226386983034,0.027493113118294627,0.05818505913824298,0.002062148547827174,22.650044194827192,0.24769392630275167,0.33939507961649207,-4.590577157986086,0.0033106200255259696,2.401705096173216,0.6916916781366405,18.22223277352397,-274.5255324966264,185.23536403667973,10.221034286247146,39.973964961298094,-17.344107800999964,-42.683734205026916,-4.694405072976717,18.642826782700126,-5.01647416156385,-8.814724968140396,10.626905156046023,-12.218842125089973,-2.489287142730863,44.46675638672895,9.841958915446886,17.393342587439374,8.867410096336753,6.984578810121317,5.298374600400405,5.161432306995502,4.6173891427355365,5.805477953343606,5.44166125247162,5.002200200205842,3.68541425874956,4.160892441527848,496.0985292865732,206.65695036855521,799.8015638179604,394.3997191188508,2524.682075497875,346.23969449555733,-6.477941742899987,
28 People with Parkinson's disease/17-28/Vito S/VE1VSIOTLOP47M100220171332.wav,Vito S,1,136.83394653012402,140.6934827124486,117.34496255113126,0.003825194453693568,2.795441816515757e-05,0.0020234168762582687,0.0021035032599889085,0.006070250628774806,0.018562524462900916,0.1776042048620617,0.009906295490624405,0.010900100158077719,0.01602886066999781,0.029718886471873214,0.009291449261946425,25.52410472106312,0.2597083322080934,0.9792467496546805,-4.283068723417107,0.0037356444834332767,0.7274459454277837,0.5190136517236417,16.62147730819037,-231.23686541131173,156.17920853812518,-39.754152768757805,41.34313722427799,3.7254774694606465,-1.7991125215005164,-36.937594247952084,-31.571260379868605,10.834087894739246,-11.767369862764328,7.391934697876689,-7.65618788400924,-2.6698471721530823,33.561248756788146,8.753644689734083,10.372896338130442,10.683262705928946,6.724596736901948,5.597449088894963,7.695978057064542,6.125044378534391,5.343967620473627,8.421011036548697,6.3916082465924235,4.476880449320693,5.556576162216096,495.1053116697051,130.0828721741523,1687.0387316808294,859.9749379920077,2254.7370498132063,733.5333747815968,-5.236247422368422,
28 People with Parkinson's disease/17-28/Vito S/B2VSIOTLOP47M100220171330.wav,Vito S,1,123.82852367755213,594.7693116629678,75.98160672866203,0.01728527879697501,0.00014076578675392066,0.005726539014427684,0.007135238203739052,0.017179617043283052,0.08626283555071691,0.8716509512999365,0.025135275447960067,0.04332001004530517,0.09590090251531135,0.0754058263438802,0.007611102638613465,16.851535288395002,0.28322923287980034,1.177890766409833,-1.5451370437453071,0.11521733164641183,0.36815804200368973,0.10228479455494217,0.7658306035267444,-355.88223077161194,113.46123344626317,7.152774717592084,43.13295943729527,11.538390903146956,-1.6470980309600705,2.3524760641378153,1.9413810746706384,-8.192424131181104,-3.327158502666938,-1.927330455362904,-0.3403797992501182,4.5649825654042235,120.47121353568184,69.82554731123125,29.98682935041605,33.11199395886994,22.78678583906016,22.92272637889699,13.268358940785767,13.446405488543391,14.587093101713018,10.863396034816716,12.60571997413736,10.514130939327105,7.984185430926787,679.6544337899663,402.5978687803751,1850.9639357380988,621.1867128442373,2931.471364560183,604.2142224156786,-7.916515979029352,
28 People with Parkinson's disease/17-28/Vito S/D1VSIOTLOP47M100220171330.wav,Vito S,1,117.19261034290355,134.4171688887529,98.8357486068763,0.010480930628068768,8.936516171744789e-05,0.003536417913574681,0.0034366247228231855,0.010609253740724044,0.04583920803019737,0.40654850059950953,0.018771720036099178,0.027139027754051734,0.036784941209760634,0.056315160108297534,0.00754287632061183,17.354644972909362,0.211433878013272,0.9189727901993354,-3.1961218082197447,0.033864693558864505,0.3622867997793312,0.35890020815335966,4.603792284123898,-283.45140683852156,149.91659311315465,-25.963144079691684,23.711000979968222,-14.464986792868608,-1.5623648188921997,-0.5636303167043537,5.116611634953382,9.485981867478941,2.0009312309779683,19.134491886699223,5.188211520745253,4.547762198600341,167.81000727722977,70.33826762678868,45.10357139207274,12.226352168922018,18.23124558046623,8.202646691562554,7.494040571177119,7.425316362206301,7.030204496774274,9.568737807492216,7.6845391554921685,9.094930542566948,8.545540691207123,783.3442618172019,389.3308404677045,1618.8616670268004,827.4577700528417,2750.5763867179057,668.2301682487006,-8.276156813236764,
28 People with Parkinson's disease/17-28/Vito S/VU2VSIOTLOP47M100220171336.wav,Vito S,1,148.33804892134427,151.7125800837647,144.78374745868388,0.00492203158081823,3.3180548644605825e-05,0.002696349941701293,0.0028816807185481986,0.008089049825103879,0.020737963538756815,0.17283779236387545,0.011195462395321187,0.012396854717362758,0.017893533016681326,0.03358638718596356,0.0010455522508532823,28.347208556772234,0.2626517489987106,0.3876946033126521,-4.72891558504647,0.0037373393468433675,2.204737965950542,0.7902895443104901,19.18131542644427,-267.40821597328716,174.53000293454656,17.92270412493947,63.172456852026365,11.887136224376583,-56.5256771849747,-4.9971975179251205,26.72115299121562,-15.117010069299674,-3.3748112342817285,-3.4604772208965606,-16.152461387261873,-11.39768901855925,34.189826736991286,12.202688813936561,11.725629173023504,4.754256959629709,4.180289106757276,6.252960798604638,3.34292432950368,3.20462312849664,3.5299772201161765,2.4934658066356987,4.230457946318737,3.9544409061806403,4.141192457246733,525.8013823670996,185.6933858635614,2102.765213086096,1263.0400507050354,2647.184528366078,307.0281174041294,-9.460665974848748,
28 People with Parkinson's disease/17-28/Vito S/VA2VSIOTLOP47M100220171332.wav,Vito S,1,133.58552594054242,138.54223756950987,129.0373029787155,0.003359638265500318,2.515036322251245e-05,0.001639561457159624,0.0019464287446141425,0.004918684371478872,0.020444203586774606,0.18253974351279317,0.01073444865941135,0.012879554355396484,0.01749962903020067,0.03220334597823405,0.0016977254847594407,24.19781990884161,0.3056936872200286,0.5907323581674985,-4.431294893976835,0.0033745841926510413,0.9108134966586977,0.8414246130719993,18.21916519093664,-204.069116719138,175.44374374100195,-31.764042309697235,15.077973419338663,-52.11037939334228,-0.229651627582359,1.7829630173437214,6.728433771399823,8.220323640882219,-18.776294246324678,22.354738754860893,4.538211408982331,6.803034228473728,30.167930303971342,5.285807326785779,12.817421332321272,4.777565116295142,6.754259016793215,6.682362927842117,7.4111522274988575,4.738316560638617,4.661808941282789,6.315639234586268,6.808209858442057,4.217954557072102,7.107912097428358,681.984316763705,292.20181134137414,1129.1581111126768,465.86246312658517,2529.988607259594,1199.291668342255,-5.957267334829598,
28 People with Parkinson's disease/17-28/Vito S/VU1VSIOTLOP47M100220171336.wav,Vito S,1,146.76654345904038,151.8844943261247,126.04822608477605,0.004055757224301051,2.76348824528568e-05,0.00198572132250484,0.0024806870233983636,0.00595716396751452,0.01919566980093004,0.17384722481187692,0.009976353641603796,0.011651414014203052,0.01624988527804098,0.029929060924811388,0.00021838324184312024,29.014855725053824,0.2707682712403405,0.32830295363160195,-4.386869720126493,0.004002201359234671,1.997081996980883,0.7397472835753468,18.321975636386988,-288.92487108245126,175.22796652174276,37.786770673689524,51.01591741677901,6.191844131091709,-46.193881566230836,-5.601158594937895,24.910749336769765,-12.553404255592342,-10.505523628516011,-2.099967604586329,-18.103920775376167,-15.359761631163995,35.708791399800226,14.659783661447227,12.865140731694469,7.005600041017572,6.591656154911084,7.7094250953638594,4.1984188865384775,4.360651403751053,4.790269077527831,3.282721157002131,3.0446618425056116,4.2099691533107535,5.069198560925785,376.72408113147407,262.2191737429577,1095.9341242626967,1044.6951513631486,2562.3466266568867,166.1397938889748,-10.34760671558091,
28 People with Parkinson's disease/17-28/Vito S/VI1VSIOTLOP47M100220171334.wav,Vito S,1,145.49993282655498,157.0685427031538,140.13462766814814,0.002731926812896743,1.8777008963516537e-05,0.0012978967665024683,0.0015723275037960165,0.003893690299507405,0.009398559429203987,0.08619963294566294,0.004587635686247291,0.005830756804141941,0.008739577756906038,0.013762907058741874,0.021219105303648927,29.849549228268735,0.13409825651196652,1.336465797530498,-4.6906283436756135,0.00423366149441151,1.6155397052376217,0.25467915322761314,20.421810440639682,-260.00258948715856,104.90007248442834,-30.983523170061513,103.54459724283505,50.718951446092234,-22.0371252642598,-23.262092808507703,11.048468850354642,-13.976901814868588,-8.015766713839717,-35.40417823824906,-4.3455341724780885,0.5263288976661691,41.8956986876204,7.770743062957514,12.964027060617216,6.3855328739595665,7.27568251173528,10.941759680737464,9.401953200396369,6.4433416622735225,6.900574482285346,3.9276125534287782,4.611706415777515,3.6993703368630393,5.9642274902909715,298.4775743602358,45.21805913361425,2116.2640885502383,232.45854150431407,2478.21256804674,318.5166638322953,-1.7020829196624587,
28 People with Parkinson's disease/17-28/Vito S/B1VSIOTLOP47M100220171328.wav,Vito S,1,136.25626301406763,599.1170376943445,76.03086353627955,0.01972597247448465,0.000146695030468213,0.007492876545110613,0.00824913921653717,0.02247862963533184,0.08778082566458319,0.8905297353405538,0.0279890791406514,0.04445922681170339,0.09888476452154843,0.0839672374219542,0.007737537102790881,16.840669867592528,0.251054884872025,1.1059916236047178,-1.3187492670617607,0.1333465469056002,0.3322915323721555,0.2363938656042467,0.39430878945053394,-362.084452602057,110.99581160914094,6.888549155645318,39.05021103303308,10.020209907091994,-0.015729436871560226,2.3512600150301846,1.4256276040611944,-5.855531353363056,-2.7383331969503986,-2.09854764543751,0.6523711079217888,3.8764181906897486,127.92970980598952,73.02566718672864,31.685666532509842,31.419536999518893,21.9436094035101,21.81228376927356,13.320598716990204,14.790591167739615,13.813753811970516,11.301730999238798,11.924300774562486,10.08573021491808,7.676927891219476,717.689427144219,433.2932019475092,1856.3234995464557,620.3258358685757,2940.762665483612,609.3994402019242,-8.52922874689505,
28 People with Parkinson's disease/17-28/Vito S/D2VSIOTLOP47M100220171331.wav,Vito S,1,116.39789373847205,133.53465343967727,98.13509320841314,0.010948667300560752,9.382150624042906e-05,0.00371394690657328,0.003631910645343986,0.01114184071971984,0.04424293660135519,0.39643950811052214,0.017699716037318736,0.024414600097424577,0.03242949302058817,0.05309914811195621,0.014666050363551923,16.240371828787314,0.23744423481042629,0.9973480525192788,-2.9381060669786123,0.038417846741945705,0.3212996312049354,0.3756507404356273,4.8087656374852585,-267.23143002608964,155.03672044728802,-31.333282429402036,29.606995217211665,-1.9171515619518043,-1.0227160973856744,-16.868767349358794,4.137310264673142,1.7496076362066997,2.7359946855124964,24.550955973348476,-0.8772327577471408,-0.7633540390197889,154.88200191105082,61.326192536595734,41.951974004982766,12.802201050163799,13.994613567974456,10.667107509424195,9.800113987576495,9.2487945220898,7.99357029143825,7.01393093201824,10.02374882218781,8.71342009063017,7.045975034790318,689.9890419593986,307.91744180854954,1515.827078692979,716.7478279938655,2537.8935984523164,446.0523389876383,-8.977542360439902,
28 People with Parkinson's disease/17-28/Vito S/VE2VSIOTLOP47M100220171333.wav,Vito S,1,136.94510531652162,139.95703449371584,132.43811594087418,0.0030812451961837297,2.2500598490240373e-05,0.0015933602902838612,0.0017121932657865996,0.0047800808708515835,0.01752501075858289,0.15143734872879216,0.009981118916762172,0.009660539696626096,0.013312582933768743,0.029943356750286518,0.03201702007442459,24.613474967787074,0.26629147333759845,1.0227610655199542,-4.564857819134643,0.002910959430199467,1.9623565739039484,0.8382622151782739,17.293974949472968,-179.8447195120656,154.73435030689637,-59.1466629008567,53.11027132512734,0.48565939266486385,5.847379625813264,-46.45523557083456,-20.956813059356286,5.14340900283843,-8.005794592327799,11.393505439938775,-13.191797327156033,9.012060922080332,29.011088828620665,4.694023326185974,8.873476407428454,4.128148280410326,3.176048532110123,9.438103823273623,5.399704762819459,3.9630309176781187,4.335119697661011,5.424918300229851,4.623732974645937,2.6020489113582133,4.868007703227201,493.3572257880607,99.08231918755172,1616.0498501813227,381.79372141908556,2234.703153834967,214.70741975142056,-4.482384512925524,
28 People with Parkinson's disease/17-28/Vito S/VO2VSIOTLOP47M100220171335.wav,Vito S,1,136.34863417358963,140.31034834090428,131.75180917883952,0.003319380765245457,2.4345061781191543e-05,0.001776464533317856,0.0019387399980700275,0.005329393599953568,0.028225523296338543,0.23493578813484206,0.014975128404783072,0.019488342176082408,0.021185972764472788,0.04492538521434922,0.0012746302897269977,24.68903999135532,0.21032254943239223,0.38035410687053606,-4.681788777033022,0.002749519865806667,1.9465245835762244,0.849174180428968,19.042973340489265,-257.1752843839198,191.06916252528202,15.854384667643792,41.81103173613134,-20.187793599579905,-42.12652628206867,-7.674976782664435,13.153074235496122,-3.3292763246876906,-9.029287452709097,9.072177897487038,-9.195116595375948,-2.5105267621251737,42.343287493708,6.739026265530125,19.737425042375154,8.611489845999621,3.7666764712367655,8.360795485565687,3.364537790026717,3.4164316725765396,3.591592700436244,5.888527865742911,3.4878329810379,3.5684349870166807,7.209528617317082,486.9908693359596,199.1783593456884,754.013160177083,356.8196089050699,2517.458406977874,525.1958992283019,-7.470139321003542,
28 People with Parkinson's disease/17-28/Giovanni N/VE2GNIEOGVL47M100220171217.wav,Giovanni N,1,117.1329969229493,121.19332204918047,114.68862440467151,0.004232997638779364,3.613869290669014e-05,0.0024881577450213154,0.0020898883793181553,0.007464473235063947,0.022736403897419426,0.19808367202076513,0.013587179596742719,0.011477334238741208,0.016630398046679633,0.04076153879022816,0.008202525650738007,24.94643448551917,0.3295116710509848,0.5833995389641495,-4.623931014218052,0.002756651318034449,2.1627841896368243,0.8100251969999432,16.222581064952934,-183.99038815183306,167.03089821378197,-35.14987573747136,63.872888078848426,29.125150196583665,-0.5556483520857525,-53.456770172917295,-12.532743686790221,4.601440620381614,-23.4032046449555,3.3046016970544128,-0.2827912552907239,-6.083095031443629,16.48875264168655,7.573099426200144,6.949321324217334,6.950573691684859,7.365288378781505,3.5370649068375797,4.301420025695221,3.4170106516806777,3.5676676853183418,4.876267081864398,2.933852796562197,2.8637475034788644,2.908409309026357,442.44956413882693,77.338209662419,1913.0761672817105,427.5406873100967,2401.3148762013493,465.1354447703806,-5.823092775233889,
28 People with Parkinson's disease/17-28/Vito S/FB1VSIOTLOP47M100220171338.wav,Vito S,1,129.78759690982224,580.4530764795262,81.34700658891242,0.0209808943842088,0.0001623637726572405,0.007936960898790292,0.008223446876089552,0.023810882696370876,0.09643887285002792,0.93698954586447,0.03439275900178226,0.05163988654140597,0.10196588611974873,0.10317827700534676,0.003096390280555895,15.83462507195161,0.22751645159159678,1.3719123149042878,-1.5337148496875617,0.11195245028888434,0.1902891998275812,0.11011876846058355,0.3426386423137373,-363.7416492694797,111.97724372457309,12.145108296597696,33.598687436721136,13.419796565729166,5.888808013037435,0.06751586264106453,0.045179113035768964,-3.551038243081164,-2.199292532639705,0.40174875359198964,1.34750570038246,1.7554488395215853,129.45006980085842,79.18974111812834,27.84099236830164,30.532404982267852,19.71591223893091,18.480023647985295,12.548385671073472,13.237299012478584,11.407088137944317,10.600826860078545,11.159413066114018,8.883442452365342,7.322596191559034,698.2461420147386,428.6606682038444,1826.016699736539,666.8132921457175,2922.7315934044095,699.9804248668289,-8.90119833342144,
28 People with Parkinson's disease/17-28/Giovanni N/VI2GNIEOGVL47M100220171219.wav,Giovanni N,1,115.12644739503335,117.56118405149653,112.72333480857476,0.0035193072784934962,3.0568779824569187e-05,0.0017415718745833573,0.0020585594276233132,0.005224715623750072,0.02344663443553857,0.20949421768006776,0.013384822508657175,0.014503583400714141,0.016787075290767228,0.04015446752597152,0.007123894003627381,27.95867591787678,0.23297681087522926,1.5489877505892542,-4.867755081528414,0.003242365899480876,2.4755449328813937,0.8727366212357631,17.310604210228018,-229.33110195360692,120.55395054937705,-1.187944339321637,103.92168674295723,56.900698435940114,6.508610287361451,-31.867994764182594,21.972539547808907,11.034544506170086,-38.10642255000145,-8.371249598015341,10.351953630243964,-18.098171379448335,14.001173134066924,5.408135663653117,4.5239719250047346,5.818463545439982,4.763383687976304,4.773494828728647,3.356589329829454,5.154083998351129,3.7496112826974746,3.258685961388732,2.8058932269004146,2.4301341620202814,2.9139314940553445,239.41750255699918,46.00924056211119,2254.8519584478986,42.87634101519407,2803.1666819828847,414.89973653184995,-3.840664612750984,
28 People with Parkinson's disease/17-28/Giovanni N/D2GNIEOGVL47M100220171215.wav,Giovanni N,1,118.04895870928611,132.09380578628003,82.36448457051002,0.015972889586512322,0.0001356552880145483,0.004601863484702324,0.0070264456047136725,0.01380559045410697,0.0908069425904355,0.9249607890726154,0.03284374945820284,0.04598458355533742,0.040584871316071774,0.09853124837460853,0.010940384337260065,17.075278654826747,0.10745826047503633,1.0280863409857552,-2.394641309402572,0.06333148656268771,0.19825436332275093,0.4586787762771637,2.5234675741639876,-376.8846746114532,114.12817142850432,-3.2903557107136767,27.77398579915678,8.730906301022252,2.9303523625672283,-8.8344401514517,-4.684272875454038,11.787065013133148,3.3497063119849915,14.988045509075416,10.954369288749046,-10.617320558420323,157.46736195197258,80.13294481425982,30.11820267081164,17.510969092382762,13.081265939831525,8.884452432818232,17.551308267202458,10.576117771602252,9.822175815970967,10.128273933818798,7.41967880721296,9.213479176640506,14.239640760486449,779.218551814608,481.778799256141,1862.338504702268,698.4612876600683,2838.022827125346,534.6176184201643,-8.995020933287897,
28 People with Parkinson's disease/17-28/Giovanni N/PR1GNIEOGVL47M100220171226.wav,Giovanni N,1,106.41487909385967,158.76406270429834,75.03146728893562,0.019401239901147015,0.0001830483507292071,0.005871385610986677,0.00721809469745985,0.01761415683296003,0.08230823825114592,0.8880744065191002,0.02475331210965906,0.03704400730244863,0.0797198425599792,0.07425993632897718,0.00642003449916071,16.982118197108782,0.257230600411805,0.6584850006322798,-1.86132804737653,0.05971961586678219,0.5370984236446783,0.3943121777358101,0.4135820891306068,-356.8311895836802,132.10693279282353,18.861179663541538,33.63766154140012,15.389844590535292,1.559622647599328,-6.139578948497173,4.015627930915941,4.11106722824128,-7.428123786123794,4.666903262668204,2.6807666840122977,-4.1415563613923645,115.35463801024075,69.42830408790361,31.15461656034863,26.311340697477675,26.547360385037468,16.64085871159863,17.36252798119529,12.057109473537267,10.965747738096507,15.36899908219499,12.077353970429431,9.114168424183715,9.668710023183856,605.5306837826422,347.8770405400064,1698.513082863464,515.8292154077226,2785.842568422479,563.7683300329785,-10.955146312859483,
28 People with Parkinson's disease/17-28/Giovanni N/FB1GNIEOGVL47M100220171227.wav,Giovanni N,1,113.82207978550078,152.6805959298986,74.88262866879366,0.018698849776272664,0.00016471178585160707,0.0054480294697815896,0.007477588141461873,0.01634408840934477,0.08546614723796289,0.8416872818093423,0.023713850960194023,0.041978646390858715,0.1016816483193825,0.07114155288058208,0.006925163808229832,16.382865744846224,0.2630937332523088,0.810922894127822,-1.8895213813004923,0.05879528533939545,0.3419970103801968,0.42693778268418003,1.2963864859970826,-330.5758372025762,139.15487502005237,5.9613379624419,32.20733029415873,18.644271446005728,4.67473396634069,-9.34109634271631,-0.6952010539596976,3.062790703753747,-6.85606713303005,3.8753174365110254,3.225787894329879,-3.8106345839237536,126.9487758640136,74.58011181248942,30.27261694841867,29.311867833478477,22.546039892831462,14.404862928826283,16.810054122392348,14.319781843543465,11.528243330798587,15.154501933265776,11.070303377518444,10.343002339508669,10.806661855062359,589.6502841692884,349.35790656730046,1710.4608341562146,479.7251656538425,2709.352425804148,587.8902568282216,-10.798420647615961,
28 People with Parkinson's disease/17-28/Giovanni N/VU2GNIEOGVL47M100220171224.wav,Giovanni N,1,112.78461569514693,115.06489400542193,111.21173168217975,0.002175094934820195,1.9285648433222914e-05,0.0011732239930723422,0.0012831402506865038,0.0035196719792170263,0.017007467900446643,0.1467278328512011,0.009666847974230298,0.010137947717360015,0.012789517751801162,0.029000543922690893,1.3787774853285588e-05,32.859247747211995,0.30782330209001707,0.9663345551132495,-5.272844936306574,0.0018750758239841371,2.650441201014351,0.8455015452957241,21.56950870499886,-277.4241297776725,199.28595354709782,66.93511749540109,60.939987725216675,0.5985982548780385,-28.05222892189132,-11.915860986726141,6.119671370555503,-0.5094440864468376,-5.601238553081744,4.58981619648988,-12.900423044822388,-1.3455113309048747,23.66398701118612,5.72562059202494,7.349921505306486,3.6585605892636326,4.177072839713385,6.1901757458821915,3.1528832947282006,2.3975685431231404,4.016959030767126,2.4154240916923473,2.726090850872905,3.4341342468437377,2.5378565567913065,303.925660061203,148.7064976169285,667.785239504675,226.98852781015884,2431.1233281424147,401.9253990990527,-10.05377505126992,
28 People with Parkinson's disease/17-28/Giovanni N/VO1GNIEOGVL47M100220171223.wav,Giovanni N,1,111.52831085053776,118.98913117292341,105.1597333925425,0.004784024754548454,4.289564735208004e-05,0.0027102751335101333,0.002605506622396451,0.0081308254005304,0.036875000389963344,0.32924010019708205,0.02153532636645697,0.022257069712827964,0.025073892534240333,0.06460597909937091,0.0005683177967135699,22.26953402448676,0.3681117131188011,0.6126920687946411,-4.257751352501545,0.003939154886195672,0.16202722109069786,0.7859099100926735,12.67279522723916,-210.13390507260794,203.63413932821342,18.78479904801738,55.39384055182304,-26.64476107048967,-37.006030061701665,-6.190812450658841,22.15428468448346,-9.152618553389786,-12.208832371236934,-1.0856619489959272,-12.192762022262476,14.188805327968941,31.274333335971797,9.756908812687538,10.929111528412337,9.196738246492826,12.701671392427158,7.21008491789578,5.52629953908876,4.038814432299793,4.650208549481347,4.753455635965431,3.9391209972590895,5.430739596306349,5.9308867674453865,494.7998434329798,361.32218057812963,1457.561505235956,583.962529361793,2792.0757549039095,628.9377092977345,-9.028764088071604,
28 People with Parkinson's disease/17-28/Giovanni N/VA2GNIEOGVL47M100220171217.wav,Giovanni N,1,124.63024157842982,127.53998396343745,120.35384967922316,0.0030788587540879183,2.4704144243587655e-05,0.001587350199463653,0.0017695522257441104,0.004762050598390959,0.01915121456115644,0.16318907736539628,0.011009170466169985,0.01056079402256561,0.01384333794838419,0.03302751139850996,0.005305501112739641,24.556327903772726,0.30985845919890515,1.0606753928685235,-4.478167411436708,0.002700664566543707,2.182706829853801,0.8360718364899713,19.00889948477511,-139.78512182982539,181.995117850289,-49.834729793361035,19.54644630325904,-30.22371794587427,15.791005269988538,-16.235885886067607,3.175247075547904,8.368008335212496,-7.585018755272641,26.1236484044066,10.016599217401794,-27.285316627838498,11.8102255492773,14.12291449603364,4.163373186925316,11.522769179933213,3.374518380703587,4.085776047350851,4.158368587157059,4.239275119094942,3.9367544450405445,2.9937763761878045,4.035000877574907,3.627593480190286,4.216704095454547,686.7119938397668,157.13898721379772,1395.484650689699,343.3327883858364,2566.5764690143665,427.3721170154262,-5.906542868707584,
28 People with Parkinson's disease/17-28/Giovanni N/D1GNIEOGVL47M100220171215.wav,Giovanni N,1,112.41651162992093,145.76112245066864,76.46205273837,0.01920408491962192,0.00017190269877816506,0.006311662470542707,0.007329419643114032,0.01893498741162812,0.07478238442808703,0.8844572982431427,0.025911794618157062,0.034132105003620336,0.04387715843767976,0.07773538385447118,0.007927830583565918,18.509491449539023,0.12262241508348608,0.8315530342904915,-2.131914692021908,0.06499409746789706,0.23275905398373717,0.37550384927339253,1.1436278379064717,-365.6217063914099,120.50597930338981,-0.6920187486207434,16.00156210728263,5.811987837533054,12.661517133119503,-4.565893484052243,2.371857393774226,11.839106991956585,-0.39259837388544205,18.010717201675224,13.359473322448748,-6.193892181218708,159.3575544310502,79.64799592687714,33.237190418617224,9.909794117208813,10.432626377267953,6.293744071362075,18.343933709255452,8.081923312133789,7.145281941544979,12.63120566436309,9.11281124578885,10.081564851826919,13.489245992417885,839.6189023590678,545.0596308920595,1794.6260556826069,657.4576239887131,2931.8750338667055,575.5121800995489,-10.106118310909057,
28 People with Parkinson's disease/17-28/Giovanni N/VI1GNIEOGVL47M100220171218.wav,Giovanni N,1,120.28361664917833,126.04198754557721,109.3307215496402,0.002179898338388155,1.8123637032471166e-05,0.000978046880641037,0.0011698017677431712,0.002934140641923111,0.009910071696717608,0.09407692047864111,0.005644224303002866,0.005665312350406022,0.007016275514429581,0.016932672909008597,0.002054724491902942,33.488289513316545,0.09398498520471872,1.6160939546915132,-4.248043048409775,0.002400702500487665,1.880363032531169,0.7205276824119367,18.564946469312908,-240.30202126933006,129.92975979558767,-9.723129448101233,99.9981959375381,47.438877568589604,1.8225434833649607,-20.88243786055879,-2.7726899500289117,6.505920013990013,-23.673322829141974,-20.427933935115167,-1.3905091557222644,-15.238610145803943,18.51471694162344,7.293345012033908,6.29699013387386,5.3628634848225305,5.75070782625496,10.620661163974933,5.494674012512723,8.15271069179157,4.980628966263589,3.694775986651436,5.223112581958433,3.897158027516981,2.7468488748282285,274.78639682397375,42.233902542420864,2261.437136554457,316.0350876521418,2632.134599976997,849.8604778963538,-3.423171541992132,
28 People with Parkinson's disease/17-28/Giovanni N/VE1GNIEOGVL47M100220171217.wav,Giovanni N,1,117.63927109324007,129.58446144630534,103.94237375030474,0.004210665256972673,3.579888905999314e-05,0.0023355820587556966,0.002297117303914765,0.00700674617626709,0.023279624438363292,0.22043216841778218,0.01345504076194602,0.013062691271761922,0.01608952154562784,0.04036512228583806,0.010704369427747022,26.009041336940175,0.3183666721306203,0.5380757600170606,-3.973993476428149,0.004758892961921169,0.38741347515274477,0.2760167866459531,16.84765097924238,-202.17172145839808,162.00273876160477,-39.22187149409635,59.66547422800104,28.873803968849288,-5.4031168940287015,-46.38705745111499,-12.796685894899653,1.0021822204903663,-9.387387854340286,4.820931464931788,0.11868057190408318,-4.555396508786765,30.20765298373374,10.801192669227547,8.33197262254491,10.966067142052372,5.612406277783033,6.4545114126309935,6.452619949316696,5.006089753042473,6.2642555498474355,4.1538181556825355,4.981949620227098,5.081630059038236,6.637025530420913,456.5496323450953,113.23169861931012,1783.132433761105,544.9699969927781,2379.113112099908,381.8486837762371,-6.5316586284533855,
28 People with Parkinson's disease/17-28/Giovanni N/VO2GNIEOGVL47M100220171224.wav,Giovanni N,1,111.45979863386987,114.46518668992492,109.31843524067497,0.004056306338339061,3.6392904076969836e-05,0.002328322417950386,0.002015472772656203,0.006984967253851158,0.03585196672381843,0.3148926354502254,0.02241516977158317,0.017573696353733504,0.021460948978342404,0.06724550931474951,7.345651598773303e-05,26.3205343314196,0.20919393878334944,1.1685320933985108,-4.815748671230422,0.002957780150361044,2.1507133835654133,0.7780769143345617,17.213028296004545,-231.0109606098753,213.07061777245016,46.93963154117829,53.0257273944903,-27.119444197785096,-43.292348784383314,-14.896296704177141,10.842293271234277,-1.6457768325699411,-1.0038023387474018,-0.6088621470773526,-13.7560334283363,9.413675134579508,19.225141922887673,8.838053959073314,8.498280830707824,12.932580289973952,10.654140320303778,11.937484427769782,3.7935519659476387,5.663948733438318,2.8207848002584766,3.178537983359701,3.0945268813151134,4.4000855196968,3.819061809838187,429.2525000993466,198.06556415522982,714.5992352626415,175.25809540362525,2583.826019264377,354.93058048396887,-9.690493909447943,
28 People with Parkinson's disease/17-28/Giovanni N/B1GNIEOGVL47M100220171213.wav,Giovanni N,1,120.35136463071296,577.7604803051393,74.90189700263613,0.01872586630998802,0.0001561232225816078,0.006328557975260725,0.0076221035660138875,0.018985673925782175,0.08231212953669312,0.8550651683518258,0.024502307496328438,0.04111870228758113,0.09196496904260565,0.07350692248898531,0.0068454643220498745,16.947132917710128,0.29051291922689604,1.1479883569322147,-1.9044951400277992,0.06515967227132027,0.2650245960908182,0.1404024289499673,0.9166449694623182,-324.48673008256407,129.81554537278862,5.99294471822825,27.77406710532708,18.123932470374264,1.9520654983899155,-10.136930367059739,1.6508854858102562,2.7734400321679527,-8.459247914547323,4.296783880810597,4.023171197700494,-5.296704219504522,119.42540141283173,73.94885936952036,30.041318215447777,27.62991727391224,23.977817258537417,15.744004444347851,17.352847571809352,12.474738086301345,11.876758758391059,15.14889936417385,12.000502487094696,10.03060976434052,11.194496955295692,622.7807740422872,369.05751145207677,1693.1960010396328,517.0035865436967,2713.275972873468,547.9893931160044,-10.815166728121579,
28 People with Parkinson's disease/17-28/Giovanni N/VU1GNIEOGVL47M100220171224.wav,Giovanni N,1,115.14501543491731,120.85486138843433,108.54772029457753,0.0026525451146511636,2.3037544916070315e-05,0.0012867492298055637,0.0014262626511249324,0.003860247689416691,0.01851895121962157,0.17985537549054995,0.010761453122374514,0.010460901078054263,0.012520760485237288,0.03228435936712354,2.1584975997112938e-05,30.732218508943813,0.19726821163797972,0.5678588249257711,-4.221868470986035,0.0027717431492862853,2.2516742793778217,0.6562796861425871,15.542115380032445,-304.33435281529023,198.95655994234343,65.43570891025817,49.126128554160594,13.149738250572568,-21.587935367617998,-8.775082256819456,8.76981604073117,-4.363014567141925,-7.985159668373484,5.259761594620684,-4.748569111278681,-7.902580926844435,27.40336575039928,14.163840042736219,8.47740096225115,5.109022546332115,7.033646108038396,6.627862498815102,3.7277915081043207,4.902116914801086,6.185845177346058,4.4845886854815555,3.6511333960617733,3.4144576235544655,3.8179493821712938,310.56922725660814,171.1779378510268,649.9640381958245,346.3801666588502,2450.603722180936,416.7196708653201,-10.496251414217792,
28 People with Parkinson's disease/17-28/Giovanni N/B2GNIEOGVL47M100220171214.wav,Giovanni N,1,121.21975233680368,560.812758411109,75.23945718831627,0.02019531524853587,0.00016726431234901067,0.006749288766539756,0.008697035877254821,0.02024786629961927,0.0908091639114075,0.934444238861531,0.028803797756054197,0.04655168463279016,0.09926358410503577,0.08641139326816259,0.0061378554779334136,16.300785212236587,0.31645853521068334,1.4057329951227777,-1.8684294951519163,0.07527310338444669,0.1986413546859245,0.12109437496746235,0.9411291896706118,-319.8573831914638,135.14668754418028,4.604166688485199,24.802987837266762,19.754593252529794,3.3892792132973444,-11.63725932128797,1.3558302551870387,1.981492648927157,-9.410038746773258,3.013967303657066,4.377117712338122,-3.992924101311039,124.39864385336945,78.02761680079679,29.135619432335773,27.85042619906908,23.042752070479786,15.027741215198759,17.840639722146932,12.593694357411628,11.15635653274409,15.634583865528693,11.778672202577933,10.416007057906876,10.397239137298925,625.5038644465825,335.72802029865585,1684.175420944466,467.1014125564322,2676.38080317387,523.5786390805406,-11.48024508742392,
28 People with Parkinson's disease/17-28/Giovanni N/VA1GNIEOGVL47M100220171216.wav,Giovanni N,1,121.26693074182838,129.82188454457506,112.62673056783399,0.004755577781796678,3.921387637176104e-05,0.0026424609133470973,0.002661050738582635,0.007927382740041292,0.02497181479704318,0.21479440330380128,0.01439509948415109,0.013921761497711084,0.017841933410796103,0.04318529845245327,0.006053396464701722,22.879188907274813,0.37118625353341544,0.8170888447493242,-4.192796467205276,0.0037140337301542754,0.07562174279879975,0.5979349369515342,18.147853095695403,-154.12732628165173,169.93390923444477,-51.36815283183957,35.33471494805656,-27.187544842196576,17.031174956238306,-17.550312417463026,-2.497554432135955,18.37948256698443,-7.698894960107287,16.402255772040757,10.753517178052817,-31.728529007949447,24.657802039335856,11.387067716441454,6.604389060586933,8.810463101339533,12.122907713665946,4.814003841701089,4.107125608493997,4.9762964733189445,3.9957471662941977,5.353664471700803,6.062100198896012,3.0186674427584976,4.575260053019508,635.0942142703581,369.05608190911187,1302.191666715912,514.164347324191,2476.1816534639515,340.39885607508626,-5.206800411992604,
28 People with Parkinson's disease/17-28/Daria L/D1DLAARCII37F100220171113.wav,Daria L,1,178.924114659271,201.24433940382053,77.5348033979463,0.016078473079329136,8.964216045466212e-05,0.006299001579351662,0.007406403711484157,0.018897004738054987,0.07969998783991189,0.9079434588883359,0.027807312786245385,0.039233446219669885,0.06527744500451313,0.08342193835873615,0.0003609851521401589,18.417300785051502,0.04450733492366626,0.8540642843802337,-2.308550530080415,0.09162331375934624,0.4289631615916287,0.2665739816971081,1.5566841919131704,-393.08296258658993,117.57607012360734,26.27883377483457,15.416068706956485,8.211129246857295,7.991695322698399,13.051794951395433,11.640436386306902,5.575702449404405,5.293384436412451,9.016116472798714,-2.1390027822285576,-4.662828029286761,110.36673712323515,76.50034996180247,33.75525298112448,16.223870357946332,14.682419474928684,10.17579109300448,8.564438787528958,7.6192262617726065,6.253462715048088,5.178308969392823,6.724772966456981,8.622027632878362,9.574952463472046,657.6839951446453,547.1072498068304,1660.4577476195636,703.5191424952487,2940.9456852544745,755.766238327047,-11.45261615768674,
28 People with Parkinson's disease/17-28/Daria L/VE1DLAARCII37F100220171115.wav,Daria L,1,195.54955591076424,205.81115052274063,178.68402383387723,0.0034052083222628282,1.7414755063848525e-05,0.001603233667016932,0.001697923360810841,0.004809701001050796,0.019754673056273136,0.19032018365686626,0.0076907583728142,0.008656936458991906,0.016635785319212164,0.0230722751184426,0.0050227039885462855,29.290980069677584,0.21386151020946054,0.09427908939266318,-3.735941700860537,0.004902601168180794,0.4587374251053856,0.634488315843997,16.43928175330411,-236.61530117226553,130.39338149267553,-32.92119833188346,46.650816626977345,-5.389813930982182,-36.22537909146994,-41.35864245528406,14.660214560456392,2.3672062128745974,-8.628342598332837,4.398679687886237,-2.3791489216671033,-2.545883282853408,33.610771167811954,12.998651315489488,12.148529997489485,6.51389028882082,7.72498836422791,7.437224153461648,6.843360729862662,5.245436142135811,4.685889735602072,4.4981270217871625,5.112518873621476,5.58557641350341,3.544220764283872,631.7365823978807,100.7289874988328,2182.5623324017147,170.97279412331199,2859.909741418803,330.0372848796294,-4.686031747290597,
28 People with Parkinson's disease/17-28/Daria L/VO1DLAARCII37F100220171117.wav,Daria L,1,197.43319941779959,206.80783375878482,171.89780030867286,0.0023096625556277618,1.1700526629486294e-05,0.0009041137234441603,0.0010603790360619425,0.002712341170332481,0.015924040080420847,0.14133617146283606,0.004933086177947911,0.007599815456444553,0.014747618513913546,0.014799258533843734,6.20064861995937e-05,32.80836947005577,0.18887137827535339,0.22131439090709798,-3.9073691231766157,0.004784316938106121,0.19474807718782408,0.5006468811009751,17.491230200995695,-343.8184703813835,152.97977940984958,47.73936898047011,8.73943924167783,-31.902014648990196,-32.95423691283493,6.857573946016462,4.793041474506193,-9.56371338786431,6.461810973491663,-0.984427565630044,-16.734880495157597,0.2641802426068675,23.703782146542956,10.330682968019532,10.032026981120795,7.226728129857947,5.744881167407346,6.426339408451614,5.5549220621535005,5.822668230113974,4.900167028398762,5.2965096973666,3.984119633284811,4.2621589974480845,3.529550874258045,514.4360611913379,190.30319003806167,891.2244432805699,177.9975641072853,3098.432510528618,293.0119686684645,-8.47623146242067,
28 People with Parkinson's disease/17-28/Daria L/VA1DLAARCII37F100220171114.wav,Daria L,1,190.3245062118027,205.76904461930766,92.2740476302394,0.007498551876288758,3.9430124880202615e-05,0.0045344697198658425,0.003762211998489725,0.013603409159597527,0.02831780774197996,0.27270309454832087,0.012215746371235686,0.013820633191433538,0.023165953031117847,0.036647239113707056,0.0020048837531707383,25.808586799158736,0.24783542613070067,1.6001108832187623,-2.1379782134246783,0.04046322972928541,0.19900762253187226,0.054017757198376794,16.547615120192326,-253.051584997098,171.8254716979034,-35.883105808996845,-4.08714404991027,-18.983419062540868,-7.434610889813885,9.273934440299472,14.309153438181834,-14.35289607685001,-5.468607526006178,19.377959402371236,-10.818736873484346,-17.13564236003037,48.539745236126876,16.54425050604985,18.516672413087452,7.031938980412272,8.145601991746913,8.298791132334381,9.152392643498628,5.898402108049884,5.414052070126305,7.474503158323235,6.179101733956654,4.8347596352457325,5.726234308928343,642.4017853466132,502.49938958814283,1200.080810097712,388.55220808826067,2697.671404577602,619.3350024522368,-7.804976960021107,
28 People with Parkinson's disease/17-28/Daria L/VU1DLAARCII37F100220171119.wav,Daria L,1,218.3379892970698,242.7659179196219,201.43624525037544,0.0020753841326342217,9.505330074696724e-06,0.0010143784673124065,0.0010222795414557657,0.0030431354019372194,0.012495239085920215,0.11704314579296596,0.00405391380469055,0.0063508828910546575,0.011945585004478492,0.012161741414071649,2.1734330466453295e-06,35.17195450671616,0.24655793694100298,0.06095571327006163,-3.3930070456202692,0.003145578136901888,0.2577672803374041,0.7505073280944967,14.577689261428876,-411.1207945845909,138.72483827159206,84.60536218277495,36.69583943360887,-5.675439600202232,-22.58603363035191,-18.137572328649505,-17.741643925774667,-16.52208703131446,-1.8749768657178638,-1.5833006228145408,-0.7031152086326173,1.938831010810349,18.208992367149847,8.976813968369477,4.392653708949351,4.304899113800677,4.877097996308001,4.460346179089153,3.8661817443914606,5.238066904130781,3.307663203926359,7.102206330833256,2.535451221720907,3.257273594974733,4.309659438641582,372.68754417166144,83.99461285387797,642.5658132631347,56.95916538905782,3194.712756647825,213.28177619623654,-10.436158402877647,
28 People with Parkinson's disease/17-28/Daria L/VI2DLAARCII37F100220171117.wav,Daria L,1,204.12396564620732,211.16446903218397,196.42759246555357,0.003432586737094459,1.6816157093020598e-05,0.0019997991579109287,0.0016149423449575329,0.005999397473732786,0.013324214336917805,0.1170585285578645,0.005468304917293904,0.008022234534305745,0.012070236955905391,0.016404914751881713,0.0008606190738292835,33.316554821987076,0.3111209839256466,0.1054735980965899,-4.270033789673389,0.0032921682661137563,3.044094133138035,0.8762485335448843,16.670178614172865,-263.2727837812562,89.70342113454313,20.942827577835274,102.20389147007272,12.396236499172272,-11.443986361104198,-3.8036940983875924,5.968661597635012,-22.344864395697762,-13.293610935780013,-3.9659318452365717,-14.207997753535684,-21.439587167824946,18.711322602619905,9.742287009369196,5.262500780103417,8.572713098717403,4.437508671885044,4.607839927867789,3.8532110637457633,6.248939670440741,3.4263797428233684,4.564683157609259,4.26187963038753,5.018222874164492,3.187439974961896,356.8734844894826,83.87891405666697,2665.6250665910516,278.2131815069511,3073.0121965715107,463.9132896034086,-1.7578182473097697,
28 People with Parkinson's disease/17-28/Daria L/VO2DLAARCII37F100220171117.wav,Daria L,1,189.8820506287304,200.92275493231796,94.74594520608863,0.003476369120288516,1.828342389192217e-05,0.0018347745485989904,0.0018440571484344148,0.005504323645796972,0.02263339947358255,0.2360141812037114,0.007194047590406058,0.009783247506073437,0.020602220136438365,0.02158214277121817,2.7955211891077176e-05,30.166952756952412,0.36243251020367473,0.13714765472295715,-2.289766227523865,0.04102629727451586,0.46821322859201686,0.2091733807645424,15.305842973925678,-342.60175368825236,182.84657349698566,54.70082940068665,8.384657380772305,-34.904000556654395,-42.280542314661055,1.1638004729981202,10.330498458480498,-13.56926622695203,7.301843784539007,-0.8917445905805126,-16.608528941326252,-5.0255597917323485,30.263805254234942,10.30277089724168,15.742735280763778,6.619841844628899,6.6768871245135815,5.881836093193596,5.413322167842981,4.238470563995501,5.350529779167834,4.164602244126532,3.7568337232130378,4.081020775105926,3.5539532679042503,497.5601115860315,197.2729404516783,826.4878786398365,140.06820457607395,3038.723519967175,153.15490947413002,-10.687163471676081,
28 People with Parkinson's disease/17-28/Daria L/VE2DLAARCII37F100220171115.wav,Daria L,1,184.48965956560212,194.88946664454193,169.7426860603868,0.003987969143176855,2.1617171591342314e-05,0.00193673106296626,0.0019268696195997926,0.00581019318889878,0.018137715556435625,0.17081584193104046,0.006216648306394305,0.00833213867462139,0.0155692770464692,0.018649944919182915,0.003094968739872733,29.062162584185184,0.21712211924201646,0.0860898623232234,-3.8792060362549634,0.005635332246798086,0.8124995515576985,0.6350757603346681,14.21223889819505,-225.79699997569847,152.59692596033946,-27.228965838218976,45.18313068103734,4.243622808496252,-30.670424550261558,-31.471421708308593,5.3644030664293965,12.498198750971442,-10.658549694855639,1.0699052603810644,5.01481751209649,-12.725984440028872,33.392824191385635,12.060992898288655,12.99379220556098,8.498493742035896,4.916824456358158,6.555110411162412,6.254295154378343,4.9676001998288,5.296307731032986,4.570473587917472,4.592932939291555,3.7279241147560773,4.909464219315724,613.4662899365896,135.97693231070386,2125.190996985697,219.43643636443045,2800.507812306536,357.53290589220694,-5.652734796812009,
28 People with Parkinson's disease/17-28/Daria L/D2DLAARCII37F100220171113.wav,Daria L,1,185.48975899511947,575.8110453966946,143.89673359480506,0.020755037295422316,0.00011302083652589094,0.008154055986783358,0.008732321612324087,0.024462167960350077,0.07221743598055559,0.7471533369988591,0.02638225384670531,0.03928609628882398,0.06720792468730433,0.07914676154011593,0.0012224811387152134,18.497774450280122,0.05081633896065092,0.6709577544354048,-2.0115634642505267,0.13801543031637534,0.2877636343651046,0.24583605270843356,2.0118306957641323,-373.6104859659742,95.93023014484697,16.06708060609554,22.030786597577315,2.4191414271369194,14.33390258426106,10.27180412523698,9.64671536751015,7.907140431962747,13.120142798293363,5.627664340937608,-3.6708810693636784,0.0808245710438991,126.3145658105366,71.45145086788173,24.33908074825418,18.022812385590353,15.693203787741323,11.252478231231414,10.813462299331869,7.386265276757685,8.161184714299113,8.412018551522824,5.160747514483039,13.129857614274092,8.797481184699658,950.5675470292022,584.9041717717012,2030.2693807858736,740.458030729953,3319.7455903188893,677.738643619441,-9.25031347777655,
28 People with Parkinson's disease/17-28/Daria L/VI1DLAARCII37F100220171116.wav,Daria L,1,210.33502351690427,222.53195210017176,186.3245125517212,0.0033559891988195747,1.5955924371507658e-05,0.001712686424905386,0.0014615135685599238,0.005138059274716158,0.014260382043927827,0.1323244422298117,0.004312151441201923,0.006288021974071337,0.012533000802531129,0.01293645432360577,0.0012378089921261835,33.61579434057167,0.2543051008497606,1.8467655345629634,-3.5785042346969917,0.005250361551496845,1.9666674967560054,0.6151788162592733,12.347604438671159,-284.5279423390812,81.31061812524425,17.43372972272441,103.37169096155195,11.609847007498388,-18.216930812357045,0.6031555603323473,1.1032884460677135,-31.394898339761724,-15.371817748487304,-2.7589831799223483,-16.04762341766518,-18.058223867787767,29.018130904830944,11.482916068251257,7.559735406838212,10.48339534937084,5.118627066147053,7.093869578868225,5.886769639038673,5.532662993453965,5.814826285936141,5.78361503037791,4.187871162833911,5.9982185753076545,4.8070391844778,372.0598428533134,81.78696696005005,2665.8009706586754,160.25045547949819,3209.7072471789597,382.4087803727991,-2.421843884586671,
28 People with Parkinson's disease/17-28/Daria L/FB1DLAARCII37F100220171125.wav,Daria L,1,181.10250120815363,598.3690764460271,74.90257453404648,0.019367571620604318,0.00010877903771570827,0.009231535391260861,0.007827169558671666,0.027694606173782582,0.07294959147484585,0.7884991030449408,0.028675099641023973,0.038322906095543716,0.06305530104241487,0.08602529892307192,0.0009799915184144944,19.62337852847885,0.20751004758875977,1.4668204348898781,-1.324960680276676,0.13929905380763383,0.42488316468966436,0.09804290757132707,0.8326080714770185,-376.08683516809606,85.76391870050527,26.866005262478645,25.654582870025834,8.966308748965943,8.004320310268122,6.592281432403202,7.015723623710303,2.107999652409855,7.218844962210795,3.779513284890458,-2.2192960407154847,1.091635487627646,98.41766955635129,67.6750419744228,26.884552797614496,27.411110324396677,17.772207521576394,18.914553302104295,12.290579650956042,8.79246906285362,12.222745388415724,9.853328030766217,7.238147312278214,10.084956029759027,7.677532835343465,788.9457791879202,506.8827334295273,1988.31699257986,612.7552007539425,3227.8528061171432,623.554187533928,-9.235615365661223,
28 People with Parkinson's disease/17-28/Daria L/VA2DLAARCII37F100220171114.wav,Daria L,1,187.4746323484427,203.55025309336762,93.9996915430567,0.003415567913455188,1.818441732742431e-05,0.0014478850175057873,0.0014910806218625262,0.004343655052517362,0.018578922687158245,0.18295202796461033,0.006087012628792876,0.008067698870959148,0.014781799454944563,0.01826103788637863,0.0032904930393267665,28.257979001912158,0.24940075491511945,0.07504938179487962,-2.087890951595589,0.05747256935149679,0.2821595506298759,0.024085777959543815,14.99544976658239,-215.79919949501425,163.80369094693407,-49.47088237742267,2.42721676372174,-26.766350238527682,-6.792063849198846,12.290289055718642,8.378811277580699,-12.40784923099633,4.7460946003515,11.575128984199436,-8.897833950665387,-28.583569820565913,29.29193737710461,17.09462101978231,15.570568674505589,7.374977964241735,14.921060364493247,11.393298637249622,4.575154758395631,8.66119761006279,9.503828000050758,5.48958337060007,4.045031167942645,3.7712112429192817,4.076411492950668,768.8181087731085,400.3531424268203,1218.9035062623757,541.7450565503468,2492.649811186743,1346.118397591611,-6.959386354492429,
28 People with Parkinson's disease/17-28/Daria L/VU2DLAARCII37F100220171119.wav,Daria L,1,214.3471647873785,224.08064091895181,204.2678066338009,0.002780722483422321,1.2972753377599011e-05,0.0014300910429629128,0.0014004573411588908,0.004290273128888739,0.023173541730245037,0.21796487327648661,0.009695014789757742,0.014654490193159914,0.022262821690339753,0.029085044369273227,4.1960367547691934e-06,29.56542192464805,0.42959030256442027,0.04992272521496456,-4.0795544916314,0.0038625574349704286,0.9247560842213937,0.8822937433364194,17.436202588958913,-375.5731392319931,158.9416316446579,93.19425907277324,45.09990289622952,-2.3666491955082813,-18.202909400868723,-7.649261839380403,-11.412642720853112,-11.992572185055787,6.5581154900585075,2.258062528480078,-4.027280653945587,1.717333148002122,21.139364095627357,10.865762986469248,5.89928495489397,4.803399702514421,7.422269627480673,6.7851210548659395,4.839051108111503,4.1005146435522954,3.5541133890330707,5.550806766724692,3.7628891264221704,6.212953583523906,5.2652211543440925,348.1974553072647,111.22667343625933,614.8205969139541,118.12429923219376,3240.7263269312657,153.0342840372963,-10.121837298407039,
28 People with Parkinson's disease/17-28/Daria L/PR1DLAARCII37F100220171123.wav,Daria L,1,170.23792614193727,591.5814050843144,75.111154989962,0.026802310622807458,0.0001598489148780872,0.013397054095212491,0.011312568108831947,0.040191162285637475,0.0904044331653188,0.9547268756841165,0.039564951235731706,0.04766339218229362,0.07164301034315324,0.11869485370719512,0.0009393965822908662,17.324257735545462,0.10641513043668772,1.5828541260349231,-1.430993015888214,0.14825053917958758,0.5325560111848112,0.23974768525245957,-0.5111625157264825,-420.2692515787718,76.77862710836004,26.951000631081516,25.264853525257692,10.428741813017458,11.690707354980905,11.481118575880588,9.750020456276376,4.784845688310205,9.103801512728479,5.687948179773067,-0.27545350745434044,1.7525564973803684,100.52449274687669,69.31716549095712,24.779196341680368,26.326594581873795,16.745014930338517,16.71109819920787,12.32528685282591,9.269079573051327,12.553890227993312,9.76600503061466,7.2478393179451475,9.45272194423134,7.756630538225596,852.567939006076,571.8711700314636,2029.6358253117842,671.2479079795606,3262.3614653571394,666.2537348876488,-9.772421584796719,
28 People with Parkinson's disease/17-28/Giustina M/D1GMIAUSST39F100220171157.wav,Giustina M,1,169.83758022871808,269.5140330260128,76.48993591319021,0.026752294062882535,0.00015836704043351607,0.01063173289609002,0.011083292664382748,0.03189519868827006,0.07214225277540319,0.7859554440713274,0.03481442064804168,0.03902888368617115,0.06059204148432426,0.10444326194412504,0.009861681351950131,13.906352416539958,0.19572858601455675,0.4256508191747794,-1.3315057804582762,0.13694538415945468,0.44869218641336805,0.28963406382664075,0.7099812914457715,-352.7579111827208,115.09178834447779,0.30265799229524243,8.51272332453618,-6.457758121071602,9.168612453127704,0.11833647096490224,-0.23745851967859236,-1.9537413893216304,15.02710575221353,9.554848649554089,-10.210332275557755,2.3058960574432055,164.7437402705587,77.8048997030185,35.394404251569554,15.80919146798412,25.80239415042838,11.309498527983143,11.889369826765963,7.879878752287748,10.58282072494157,10.990805880966112,8.321652035678529,18.719966895016334,6.587303623648132,788.200459005612,368.4224098719024,1676.506009137652,461.00517340421544,3178.8278863505043,688.0495968757581,-10.461299235947754,
28 People with Parkinson's disease/17-28/Giustina M/VI1GMIAUSST39F100220171200.wav,Giustina M,1,352.60120229434614,425.3185431135933,107.91443680968368,0.00820280051308707,2.3322037829824513e-05,0.002344834688428456,0.0032513424076774738,0.007034504065285368,0.01651692944172975,0.24078475332309962,0.005178876202050758,0.008411779957662832,0.016451701417502233,0.015536628606152274,0.0010070628236507758,29.540718171637995,0.18491238404133353,0.01368191054448744,-1.5349058210842255,0.08800973346480455,0.12217585340580865,0.2011841210633666,4.579485621097877,-271.75139434559424,56.76870616386977,0.028150433791775564,45.9300434889809,-7.108117507528042,-0.9854669825646294,-21.29957172283059,1.0947446635501323,-16.35687406687846,-27.153637376133723,-3.8869686089448683,-9.799681984184692,-9.760326137247679,95.48445817087747,36.306031224277554,24.224836149103826,22.383553988966078,17.804922509679177,18.712044262446792,16.521058721314734,8.468258212503946,14.52002374402663,18.477981554436052,10.864275420427978,9.13741414563431,13.917333239112322,510.0189524550679,177.17720569617288,2067.19230585222,471.4871723600583,2925.6490915724607,617.5203514634111,-3.674455330443035,
28 People with Parkinson's disease/17-28/Giustina M/D2GMIAUSST39F100220171158.wav,Giustina M,1,164.25069032427595,252.60106473860114,80.71509264535179,0.019490508603347088,0.00011828893333580643,0.008452192706349605,0.007710366689593745,0.025356578119048814,0.06466594154287153,0.6934204063222549,0.02541019904633628,0.03695850444331079,0.06343051465821564,0.07623059713900884,0.017727250575797635,14.392288764205025,0.20044039833805444,0.4036882420544339,-1.262496737325298,0.1266133041780981,0.16057297497915218,0.2654989231836558,1.4237567747858364,-351.2848061451769,102.28836039607103,-10.003471506020876,10.631070998274064,-12.688189710419428,12.797887077187383,-1.361450058128761,1.6370456094144061,1.7436653664733637,18.843746721536498,9.403559630220958,-10.491980652288623,6.7855637678029455,180.70855746369665,73.78598176188319,31.567704150348145,12.22035127073514,27.79476902569944,10.165435925201512,14.811251977358992,10.280385869804356,10.897338758644334,9.109539826433458,8.369803839285685,22.074761331226988,6.007335881315332,958.954918679575,467.80088135663374,1869.950290524936,467.2799538729538,3298.3934131658184,548.147306210333,-8.828985253507513,
28 People with Parkinson's disease/17-28/Giustina M/VU1GMIAUSST39F100220171200.wav,Giustina M,1,347.6462106711241,382.7910042556544,260.56890251333465,0.0035006715899470876,1.0072851592558304e-05,0.0011950539309136716,0.0012108775755726986,0.003585161792741015,0.015427934073516315,0.15664160152625087,0.0064689296929042895,0.008377636014635226,0.013577621588742504,0.01940678907871287,3.2787818668844624e-06,32.57282296280643,0.1139199338353872,0.021807995261250247,-2.9735795589644702,0.012744748655632888,2.1659175633740557,0.7432936405907649,10.936960458782053,-334.7396463229607,129.55281256047027,50.63489057922528,6.42482254069478,-20.866109423628888,-13.264412412513284,-6.621297324182757,-4.863914859575344,-1.3002669825608184,-0.34087069496172206,-3.621972276318107,-10.160392923097767,-16.41229651420937,36.88100819487246,18.629700263690125,10.772721288682991,7.905464785942319,7.767233033467313,9.818783775976453,9.177261674957531,7.474163011769631,3.9693995048648367,5.039656562614284,3.87279538051882,4.684701092977342,6.401308170959447,370.8878110845288,45.40617144960295,788.846582637184,101.18661585769173,2844.818935633898,944.084816189579,-9.576248170731493,
28 People with Parkinson's disease/17-28/Giustina M/VA1GMIAUSST39F100220171159.wav,Giustina M,1,178.2683433882124,578.6586110537112,76.05492553612666,0.02945637586563687,0.0001664024935029839,0.00726893345523409,0.009734482141820443,0.021806800365702268,0.07334242677425476,0.7859493479361237,0.02494895031047733,0.032944901349044195,0.06529677021836196,0.07484685093143198,0.006503554175226703,11.773486916878888,0.2661555098592835,0.18335402641256374,-1.1701642076651355,0.19812177477500373,0.3227684995200943,0.35567478959136434,1.1381497247027852,-235.05756930758974,154.17064652505707,-12.914992028556,-10.049470036403838,-48.95177964266223,12.012427694104959,6.442192705441875,-1.8384800634387812,-4.137957475518354,3.247698092729324,12.726915302581261,-15.803530557193492,-9.728500960848697,115.32815022423367,51.26967662817544,28.75597985092205,13.365483339081917,26.213216381315977,11.868265766046617,11.734266752682622,9.086639826552739,10.049949993758286,8.277224832952784,6.176329299836226,11.429771177842882,9.229677085444006,842.8417917882475,204.30103143268695,1423.4347142431757,360.6726825378845,3252.198641293271,492.3700870746334,-8.97240606584859,
28 People with Parkinson's disease/17-28/Giustina M/FB1GMIAUSST39F100220171206.wav,Giustina M,1,155.78081243111524,546.0924127515242,74.89109774895877,0.023639219747706525,0.0001521934192365996,0.0071516199624994435,0.008755884534350568,0.02145485988749833,0.07397909386531494,0.794481341901797,0.020352301937616855,0.03368039856880278,0.0735718102078599,0.061056905812850566,0.005168935851343767,16.621542580029143,0.17752960077520274,0.22090380631669412,-1.5697951048215124,0.12306975174795308,0.34813213396357295,0.2246407122197093,-0.06652025026966868,-391.3733491114054,94.6593982899732,18.54225266589001,26.711591426603093,-0.08552870522058459,2.3387076282680175,-2.946238414944646,-2.1405252658680407,-0.7441218431778762,4.5040516012218275,1.175358416851579,-3.312421162789864,4.440395843567444,125.5443942478615,71.25757580791479,27.67192175914221,27.36154354784835,20.51819894560598,18.42893303734106,17.25868267836297,13.692781584242494,13.590496955276851,12.625504887853054,10.364510723133764,12.084941611272589,9.680385036235062,736.2151363782956,403.0295956637291,1885.3982399575525,546.9167913457002,3194.1889633539336,705.4201661184698,-8.726462883461414,
28 People with Parkinson's disease/17-28/Giustina M/VO1GMIAUSST39F100220171200.wav,Giustina M,1,276.42298523685525,386.31029482390096,108.78680286946262,0.014285430083867586,5.144634478030509e-05,0.003699313988300293,0.004460564371103165,0.011097941964900878,0.04664280845231443,0.456538631949634,0.018437920093551163,0.026056048957644937,0.047150536850120904,0.05531376028065349,0.001484973331690412,18.021328920697787,0.2386283946335789,0.04862966958631894,-1.076182792182331,0.1040682827967029,0.37045906152572444,0.3948081156861906,1.784108714372806,-285.69423451251345,133.8583639248026,5.1128542015380285,8.907575104444087,-57.45389836304947,-9.162082129443025,3.649073733124714,-2.2086463160418983,-7.980947180358562,3.047793535765228,-5.80600318000293,-14.082907782584376,11.302200447278153,122.98248700922328,54.154257973603876,22.75081094078126,12.65018086954673,47.786763590715594,17.92612825253415,10.22396141710463,7.734798123682046,11.416794008268612,9.194801071867513,13.578913146060787,14.206799351027339,7.925967537887388,618.6804833192367,317.4225791787164,1230.1816503179184,211.3206694178114,3273.902632109198,466.63905292260375,-9.393583562710907,
28 People with Parkinson's disease/17-28/Daria L/B1DLAARCII37F100220171111.wav,Daria L,1,184.6734957405861,598.2436308527356,75.47405585338761,0.013947985280829009,7.621335485945131e-05,0.006422925551146834,0.006163444972424147,0.019268776653440504,0.06367749700346502,0.6842143931962288,0.02265026787203908,0.03270715619067037,0.05561038332608503,0.06795080361611724,0.0015403851686637319,21.758575071752038,0.2271253523223366,0.518048855661347,-1.6451018204791519,0.11030740260241448,0.5650107308301425,0.08099783098127365,0.9824436981233831,-421.3344594121246,85.5883051959973,23.257408701271498,27.678396351457575,7.677252580668641,8.086238208325103,8.181996550881678,7.071390398945455,3.0020044605560328,7.340951917141523,2.636576434435323,-2.2608640016775206,1.276439218666596,107.37862315860784,66.78946887920144,27.594241583170888,28.33707342362968,18.965022511334606,19.240630861958582,12.458881141623666,9.921442823434319,12.47104119167764,10.455585432562946,8.5051081087587,9.917819831154102,7.742525701654436,780.9808287716875,484.19763389694515,1982.3570055961418,617.3071024784628,3229.3382571543198,666.1769443714434,-8.624977456034523,
28 People with Parkinson's disease/17-28/Giustina M/VE1GMIAUSST39F100220171159.wav,Giustina M,1,218.49038056594313,347.65839571991586,128.7749021008881,0.018611047324866653,8.533037277814921e-05,0.005103629198923365,0.006767489891398882,0.015310887596770094,0.10648978415490766,0.9983730735562547,0.03664183199887738,0.054212048602946115,0.1283585882059907,0.10992549599663215,0.00603123870948933,14.7571014882741,0.39756970242878475,0.1038733877863913,-1.6924300309616724,0.1005605929310812,1.2704805193518807,0.40299671719481855,2.204067454844221,-127.64385864941254,144.0519327299657,-31.232773435505457,16.24698311154348,-38.06497097549649,-16.741002122606922,-44.075706806064396,-15.07960714748607,5.8042493203233025,9.290741590867862,3.6175029441679354,-1.4822825999966909,8.587506580638163,53.2026386554337,20.344486755848965,17.218673698959098,13.005873641652848,17.17792683636638,12.242234157461198,15.047960084219552,10.495316199688597,8.440675294273442,7.566425918093522,7.539118271428655,6.101933180886755,7.994777633763992,660.3547517753543,124.27844993576913,1851.1848657507255,389.0172382435028,3023.55721428533,778.010311907433,-6.951629298087323,
28 People with Parkinson's disease/17-28/Giustina M/PR1GMIAUSST39F100220171204.wav,Giustina M,1,158.95391405912048,781.8858084432953,52.05285135106974,0.02137683389821823,0.00013678922032947407,0.006522901998237555,0.007713463235359535,0.019568705994712665,0.06980745224355459,0.7427579978551708,0.019400185538340154,0.030954789820003253,0.07029918380118623,0.058200556615020466,0.0036997353737763927,17.78704449785265,0.16401621760002238,0.9508828408801272,-1.3726113600971657,0.15115929301693803,0.26137325492247837,0.22156975473740595,-0.41584234716455626,-433.7045250332638,73.09227496017745,19.08021140352459,22.01922094486876,2.352941612348659,6.033770072245674,-0.2379834320809927,1.5177645072266608,2.182672686253856,5.29421653431099,3.454114962322172,0.2680145168393604,5.0745629167048945,117.24185381210056,70.43147954616397,25.527633369779167,25.72372655104367,17.952498902736455,16.431726799444203,15.846992613916171,11.95280941289615,12.21639457836639,11.417053625060305,10.085595125904952,10.76776039286979,8.513484638047439,828.6743281336954,496.1830869534341,1908.4718537838926,576.5758210156629,3205.6601436370433,770.1943622665126,-8.74050971319988,
28 People with Parkinson's disease/1-5/Domenico C/VI2cdaopmoe67M2605161911.wav,Domenico C,1,138.82488214869056,169.12153729443858,100.14784627113383,0.002304178638463563,1.660054200310462e-05,0.0011004614823411736,0.0011688440208101178,0.0033013844470235207,0.007279286795024428,0.06814157394895776,0.002888830075996266,0.004091086774149637,0.006771992364310515,0.008666490227988797,0.0041448819361839875,34.442611950151345,0.10447390226973652,0.2437742513531411,-4.11492936856366,0.007327963190966438,1.7514302342926553,0.15012834092233437,21.209692057391415,-240.70681046657023,69.65114546282919,-0.04725875507699023,91.13291841138827,51.65723036642856,-10.094859428621167,-30.08747417817493,14.575404417535225,-15.617236007612217,-5.969755860365675,-22.493839712549146,-8.887946473134997,4.112017386935131,24.966369043096964,8.995658943832362,9.06877354104488,8.250568605735207,5.22436616800113,5.258461607138605,4.993217800130526,4.6021792391623855,4.411894873089796,3.6324701669190906,3.580602995550478,2.884728143161706,2.3409631236041757,271.7824242490022,17.793923265754884,2074.8730786488336,74.26948625464668,2624.996567155391,311.12942670452475,-3.144852723456607,
28 People with Parkinson's disease/1-5/Domenico C/FB1cdaopmoe67M2605161917.wav,Domenico C,1,136.02814270951913,596.3876505614297,81.84896796143902,0.0218661737010411,0.00016199298196389766,0.008116808700651118,0.009334434064981825,0.024350426101953357,0.10028260127981388,1.0198081446688125,0.02827947652638883,0.049444104904703676,0.12380492698934724,0.08483842957916649,0.007901656849216626,16.01136139984215,0.1395162523152058,0.4354431546467909,-1.5889949294420322,0.13141647975101572,0.5971358980758822,0.15849845442922075,-0.3868931468134704,-346.83328473098635,112.11199144848614,17.178973578421953,20.023364169517173,15.175629586133946,6.679748200341511,-3.1463180549478187,1.0294922204080654,-3.643299481426773,-3.114464163228795,1.512006659009663,-0.06344931636071671,3.7457931546579055,115.18498828273688,67.60107844698531,27.38656288409156,25.682300320614246,21.27120645176982,13.912823892540988,13.63311709718958,11.639473872889704,12.365047614384592,9.645361330724109,11.779946117475287,9.960199154285547,8.03699657048333,629.9858298091791,381.6891780582592,1711.2552895607546,533.6703561666093,2768.7424813952903,672.9295440485703,-9.700591481532143,
28 People with Parkinson's disease/1-5/Domenico C/VA2cdaopmoe67M2605161907.wav,Domenico C,1,128.95137216049207,133.6933887920876,92.33060750804911,0.003413258361143651,2.647166059123639e-05,0.001833904738050351,0.0019656859675782653,0.005501714214151053,0.04597661476561088,0.40615069931949405,0.025669449991774524,0.0289083830740252,0.03315029227786712,0.07700834997532358,0.0009880634035613046,20.569015476750682,0.20569128630862288,0.46992233256052685,-4.086033618205305,0.003397848307072465,0.0011872620820616243,0.43458571780822924,19.641822106353356,-142.7385236302969,161.6393082930084,-20.976519044264343,-13.901324849368045,-47.03482212427935,6.841699715578664,8.895751946262695,5.525780215471038,16.327104611464776,-24.529017097183985,10.830225599679869,5.740361241659922,-5.394947532985215,26.138125548607327,7.321687670614366,7.261477730171154,6.102007664498211,5.898516666936351,6.241601458502505,5.215607628146174,7.1818013763774395,10.059762667327911,4.782688214576072,4.95779246919609,3.728146251229362,3.7436642601927046,674.0900029802234,205.07218058047386,1125.5921056827863,124.09761872967236,2367.4609280134714,537.4563899804558,-5.575446005415375,
28 People with Parkinson's disease/1-5/Domenico C/D1cdaopmoe67M2605161905.wav,Domenico C,1,121.36073133267182,141.31140026245586,97.14239333465949,0.026789938394816266,0.00022157696144523278,0.007600049445650951,0.009061910834120468,0.022800148336952854,0.13335385213713688,1.3854144651489018,0.032515386630668,0.05398613825342233,0.11550907126690858,0.09754615989200399,0.002203464739231375,10.2631337792659,0.08858075094678572,0.9423111397220165,-2.322882766580864,0.07608725953473917,0.1727575445558025,0.4943520644635597,0.15668932655642465,-436.1613414208132,78.44131001225492,13.14282787538298,9.054133159618292,2.238883343827154,5.334651406749648,10.08621987120405,7.93481048865337,10.132870593006098,2.566781505416387,7.628992140369344,8.959481484741783,9.31597905618054,153.88878175750295,85.63168103667451,20.270655698652664,11.665728648407715,14.252489449203724,9.208646969746342,5.6120452196721695,5.948510600389585,5.936208489496038,10.359070305406822,5.115923681535308,5.944074376683872,7.597963925934366,947.5188040560555,632.7548287036703,1935.9232364290567,769.1644735784811,3164.9902218680513,743.3154672296237,-11.029814887604852,
28 People with Parkinson's disease/1-5/Domenico C/B2cdaopmoe67M2605161904.wav,Domenico C,1,136.16312393143798,577.0534640181326,89.47876877525887,0.01991545883177678,0.0001476721263103077,0.006946039746437628,0.008630678429191678,0.020838119239312884,0.10121903900167041,0.9820309682334569,0.027680132976138295,0.048341546467501925,0.10827872125623857,0.08304039892841489,0.007147710744914048,15.92487421016621,0.1948061970939535,0.4443331392313138,-1.5509733716608691,0.1010490070596372,0.42919582701548414,0.12363405528380975,-0.6834774973877416,-350.8968643587181,110.52598865341608,15.926476376162586,18.943106754926273,14.015840379692069,4.507636721693721,-2.100916579847734,0.49923521949083427,-3.293644229298489,-5.58493040819149,-0.9250139836812712,0.39687483807506696,2.310362442192684,117.7336224468111,69.08331414546616,26.87451418007481,27.207461328111282,23.320810544463786,13.60109633570727,14.917786282193758,11.22216604415819,12.248602038739365,11.06422239356374,12.204973496467636,9.723619453646606,8.491922103919505,620.0362185278744,354.92991067146534,1671.468845007484,494.2415636355294,2724.378726836371,602.5045803869874,-10.067610048409296,
28 People with Parkinson's disease/1-5/Domenico C/VU2cdaopmoe67M2605161913.wav,Domenico C,1,142.88094320613524,148.29967997904907,125.7956678355953,0.0028130734863404975,1.9689453995971287e-05,0.001603184826836071,0.0013626641231361284,0.004809554480508214,0.008959390328940121,0.0875261942480582,0.0038636290672539614,0.004663324589189793,0.00813773516025425,0.011590887201761884,7.179025802096408e-05,35.46989470764009,0.271498417895133,0.545670509097343,-4.783758938362181,0.0022639555283643542,1.9582674058598528,0.39142406438571076,20.495792066970353,-335.6968666487378,150.2679254737658,63.35074986915949,42.896928555867696,13.770371331917172,-24.687835440849426,-27.972756794715394,2.259803731186421,-19.870447909238052,-8.707848688960354,6.964924624572235,-13.211365361508713,-3.274365898323467,21.180148205224537,8.62993768501791,12.000832008708816,6.707801197134697,5.733121085145174,6.062636994836501,6.097601337840454,6.835863363878541,6.204974551497024,4.412694479426996,3.7096531352630464,3.7438923560989563,5.0234578248857735,311.23029011556844,163.18450907561504,690.1976733278357,108.83429481324455,2293.4094958766736,317.3276043013812,-10.919709783352614,
28 People with Parkinson's disease/17-28/Giustina M/B1GMIAUSST39F100220171156.wav,Giustina M,1,157.64367243616374,598.2086087001461,74.87797712186315,0.024929918496024266,0.0001592539153971081,0.006898766191062889,0.00864828159498124,0.02069629857318867,0.07188814476614391,0.7788709616307155,0.01906728430536845,0.03058329867097422,0.07023516013380433,0.05720185291610535,0.0030296217331090085,17.28786831433303,0.2036881832797872,0.13645901876419084,-1.4812601853988872,0.13681437337083,0.3546021204073028,0.2754040503434045,-0.1517041321535615,-383.0346712086344,90.35273309765854,23.400106712015567,23.622682198586176,2.515472217521764,2.3216541889526936,-3.682838603753132,-1.3096635142617938,-0.5788519286954877,3.880313083703311,2.1854458511500257,-2.5087056206641702,3.279554308412361,107.52862738277162,67.2063555481655,25.742740378709172,26.203774658427506,18.398992807159566,17.57935342884563,16.89627426013838,12.852926554080243,14.14895661278122,12.865085896966775,10.3149058477955,11.471893204667344,9.338159677967857,683.4265579338103,395.9402346685416,1804.8299924146197,507.2629871401358,3098.691743965667,694.5596937884889,-8.862167274984836,
28 People with Parkinson's disease/1-5/Domenico C/VO1cdaopmoe67M2605161911.wav,Domenico C,1,134.4833729783626,138.09187290725976,102.77366732040204,0.0037721742823013387,2.8052407884615706e-05,0.002075732772750966,0.0021832691674535786,0.006227198318252898,0.02982213427449687,0.2658620556618522,0.015655114446560495,0.01853165870943357,0.02411755423384581,0.046965343339681484,0.0008523572540849523,25.896664211673375,0.35529744664804425,0.327941280636302,-4.225191805227437,0.005323717759362506,0.02745349222084141,0.21018249401278866,20.229999424968522,-217.9830781622423,180.20950043273226,-8.815581894501317,9.944936596389498,-23.828612316493597,-51.53315180915626,-9.691312681519879,20.050196820820325,-8.790343556610337,0.2904104513969205,6.0983049049241895,-11.632132251717636,14.11607907446649,21.696154309539033,12.272177798713114,8.159500121171373,6.918686869444568,7.517385819510661,5.4035651739441,3.9072108528549814,5.024436998151066,5.257761854456877,4.368738924010513,5.11148627721869,5.163606645097792,7.677032164276365,578.5965937118707,141.45968191987183,904.3582730980753,224.69675024492918,2449.3412502245965,215.36306476218883,-8.028973183556525,
28 People with Parkinson's disease/1-5/Domenico C/VU1cdaopmoe67M2605161913.wav,Domenico C,1,145.75221612189833,173.11694658627965,120.01881040483622,0.0018387245387354206,1.2615315107569085e-05,0.0009030980075711548,0.0010195765969256239,0.0027092940227134645,0.008751389437432812,0.08146797230988391,0.004140032288681161,0.004937222372679979,0.006893695074266674,0.012420096866043482,8.896990176894207e-05,36.070350898842534,0.17394054334673034,0.24692588536175328,-4.493314976992669,0.0046002322954734306,1.880351684493974,0.15168831060512006,21.369832164269344,-344.1142969279296,150.4049678335508,59.25270624900239,45.77262032760908,17.75229246439611,-26.269227575909643,-21.685221418664916,2.6642337095436135,-16.077690531569964,-7.292374178294524,11.205700284677604,-18.77977044881899,-0.5568274147831295,19.046295230804702,8.503529683470054,12.327062903434575,8.95141733666478,7.235168566681586,7.011386905700721,5.967333750313497,5.0274648679949205,6.833942816149018,4.381089798949681,3.738197705545924,3.7949290115376826,4.30593686465821,326.7494146745534,214.6521198974851,690.798534364641,347.65342153637397,2408.760086888614,509.47161319758976,-10.604479043813559,
28 People with Parkinson's disease/1-5/Domenico C/VE2cdaopmoe67M2605161909.wav,Domenico C,1,134.60910969950868,165.47342249110514,100.06714598556816,0.004493880487493608,3.337300633084957e-05,0.0024077438331936976,0.0025898348022056618,0.007223231499581093,0.03791384589230074,0.33984348802490516,0.021144944268989566,0.02251655553044191,0.02819686512595331,0.0634348328069687,0.025781874989446864,21.186087959193017,0.18638575616645367,0.43480606246026643,-4.03175924236686,0.006936200263857228,0.010002348267095933,0.24340977684324228,18.66793734508517,-157.95428084851952,126.06876173867606,-18.84307810699185,-0.3367436673278306,28.24745851028225,-6.036235660711216,-46.6746673864916,-18.23787053359437,0.7827990502113348,13.117556560448037,-2.1683454074866266,3.9286778897932177,12.56864567806484,33.52057033536023,6.496699930167478,7.957268456587713,6.486440828624909,4.663074108899588,4.871769532102896,4.7957645472673605,4.324324606224977,5.326949896058264,4.084177205196609,4.512736208518317,3.2057350364085293,3.7126145381699676,551.1306874772328,87.51146642119868,1696.4076103184937,215.96514304933365,2217.6852156251,452.97574159222546,-6.366128100234435,
28 People with Parkinson's disease/1-5/Domenico C/VA1cdaopmoe67M2605161906.wav,Domenico C,1,124.4101295678054,129.04067195174895,101.08383972466699,0.0031340800664923516,2.519312085114329e-05,0.0016917503618894727,0.0017887389331315254,0.005075251085668418,0.029673647968702147,0.2709190735160565,0.015698997874863764,0.01769846878555413,0.022394711547949534,0.04709699362459129,0.0011919461090084277,22.360351653406603,0.327053061567348,0.6448127376437123,-4.320970662843985,0.002845661638450229,0.017147197004843805,0.4673452738615397,18.91101725234153,-152.83169523932554,162.28349027536268,-11.055347783034508,-15.534152375665274,-43.20012483498232,5.261366238873942,1.8663851648782346,6.065621069631789,24.864063143841275,-33.53611883887695,13.905473351168109,3.5310926500313102,1.9738272695595038,28.433032080516686,6.321020994533513,6.710680352555054,4.721870534251831,9.71519073763901,13.589547611619674,4.759220802236923,6.886176569821654,7.613232947354977,5.156266340619279,4.630854961955676,4.578291598784863,3.7797893461397813,629.0076872118477,243.74784784591768,1088.0517812044084,131.57226917741045,2355.458881950081,389.7158794525785,-6.001977926298806,
28 People with Parkinson's disease/1-5/Domenico C/VI1cdaopmoe67M2605161910.wav,Domenico C,1,139.3368563957457,146.59125902510274,117.77978971413592,0.0023455885947457544,1.683369099970646e-05,0.0011730159028835508,0.00134816276958699,0.0035190477086506525,0.0063335093530046856,0.06553020951133755,0.0024134936807130142,0.003331972667489573,0.006095977477322256,0.007240481042139042,0.0038261823795800376,34.053911259415564,0.08560755783130923,1.7398761772973153,-4.3536581564423305,0.002594817753494124,1.6078433464276574,0.39442146721429244,18.086532954151917,-233.99564866752843,56.19855997948263,5.964597883918333,95.12373034835494,47.25372269108391,-14.003041436946305,-30.88265079418983,15.057107724106574,-18.11422888673686,-10.75457877687258,-18.264353940526114,-8.966365899332828,1.5612695082742511,26.602345525118558,10.157681684219973,8.077831344754967,9.25684561481731,4.527536647616284,4.949384768662595,4.689257579137561,3.6856554505766788,5.354331381050561,3.9790828802640865,3.1478459036068025,3.687696826530634,2.9698388693136275,274.71637137640533,18.629095931020174,2134.065466507238,135.41303745223183,2659.28999785091,333.83892815911446,-1.5633313202251329,
28 People with Parkinson's disease/1-5/Domenico C/VE1cdaopmoe67M2605161909.wav,Domenico C,1,133.93906538998763,141.56654148194693,94.12870734030422,0.00330351460636894,2.4663286916361767e-05,0.0017175504809522194,0.0019139708526059271,0.005152651442856659,0.025464306541026945,0.2260576025840003,0.012994820251310801,0.015395109980560222,0.019964547974354232,0.0389844607539324,0.01546517279420182,22.897392984264847,0.30350521789564483,0.5643531386873074,-3.9402755935578,0.0037692882835798176,0.0455125931990268,0.3809886495750749,18.286527069534102,-157.36050737201512,128.19949937481985,-20.561973574348453,6.696710323141772,18.034475807649162,5.57406999378077,-47.555058459462,-25.088314606254727,7.135361595506671,3.2701817257456938,-7.470634505865072,13.341281601983402,1.32628654083962,31.658768075419214,9.015543789850952,7.580996773313668,6.899453640787729,4.7718438008377175,5.400091141650526,5.0232591557596855,5.210127433452311,6.540361485112133,6.245636885911281,4.912990290306529,4.447249003513107,4.583241010673053,524.1627020099243,90.052876520229,1656.7936981965865,261.2199272034971,2201.844479873658,371.8361567341545,-5.49363512975721,
28 People with Parkinson's disease/1-5/Domenico C/B1cdaopmoe67M2605161902.wav,Domenico C,1,135.4418398111611,595.943582333726,87.71449829901012,0.019734656470265153,0.00014714028440081505,0.0070211287424773484,0.008639539194146915,0.021063386227432045,0.09890372231638755,1.0117533767994535,0.027249147580919664,0.04621887388506141,0.10199590692949403,0.081747442742759,0.0070631914845862235,16.514140011603697,0.1869050756926286,0.5139890135004098,-1.5406973961613637,0.1211584414701573,0.38362630013915994,0.18300923232873784,-0.8399748145614581,-351.48538949661446,104.62180601541755,17.383989834882247,19.49052609070527,14.21751896375562,4.468450578937545,-1.7525343532815827,1.4487820240982543,-1.2139962144897116,-4.168770139141708,0.4549548532440499,0.960819083108074,2.7343709911592224,129.58492996371552,71.10651462049093,25.81166164144524,25.716100095939616,21.819751372205314,13.951953085494987,15.117608226037527,11.353514788384572,11.43131798839603,11.3264858737665,11.525118838566176,8.76842589318294,7.998021870464518,626.0087073105133,388.6128129515909,1720.9972031830052,531.0981217923618,2795.3477796951274,661.3634355073898,-10.209111891513322,
28 People with Parkinson's disease/1-5/Domenico C/VO2cdaopmoe67M2605161912.wav,Domenico C,1,135.25195140372838,141.4917090954063,114.53303664167437,0.0035019368597085927,2.589059009833927e-05,0.001939129872416913,0.0019300231379864843,0.005817389617250739,0.0337021523993364,0.299142664188728,0.018692659370540106,0.020356357492534352,0.024745494973350313,0.05607797811162032,0.0004384562499261303,25.77033772695001,0.3394560514144449,0.40622549598383045,-4.538416754953878,0.004863052740256979,0.09039536905042103,0.13799653465055278,20.057459762152043,-229.46646179607765,180.47634788586566,3.4400649250912068,5.011656323143633,-22.648623909986192,-54.33820020489186,-12.818671876798314,14.972681110801558,0.033097733046346264,4.457262900462747,2.2749546154672924,-7.177890864254231,7.790211878503616,29.488571007127298,11.307975082624221,12.831516888524845,5.931678956183829,6.0909637521934235,6.982838695993603,5.584989249600268,4.786649813535049,7.441673637929029,6.772437899439179,4.151454235008351,6.074617411741487,5.21046725311017,573.4987726092598,107.76348637628695,899.0700220817533,122.09976160002492,2412.9173428862564,268.425915962045,-7.947608444656978,
28 People with Parkinson's disease/1-5/Domenico C/D2cdaopmoe67M2605161905.wav,Domenico C,1,124.32107060757245,146.5889070588397,89.11157087014585,0.0187313672373484,0.00015147470370685995,0.005649388019905532,0.005979773016016856,0.016948164059716594,0.11288130621467969,1.2406812127972826,0.03502915268335621,0.04917597957533358,0.06801908661456588,0.10508745805006864,0.0025688266701194913,11.69818912409859,0.09979835092004107,0.9296127377786868,-2.3846636253363807,0.06849389755501366,0.16035055333016773,0.37442730705169736,0.3713954505228969,-439.84482367906236,75.81159951565887,11.444448382921795,5.294620798210569,-1.2061456362804142,9.780018917116491,7.933947142922209,4.66489448357042,8.883030038873896,0.5221886232571382,11.02359357634934,8.891120686461894,5.460268882650284,172.5232356919116,75.27498259107519,16.016474398370253,12.000525022138374,18.49440611474205,7.508198180284115,5.7773776919002096,6.308914053301933,7.109655739710521,13.270541261369685,6.968962097089606,5.495679159656128,6.220149738810588,913.443268852795,638.7341663232359,1832.497447440184,727.3162677601056,3102.980303697489,757.1657918855227,-9.890737933322672,
28 People with Parkinson's disease/1-5/Domenico C/PR1cdaopmoe67M2605161916.wav,Domenico C,1,124.41380527898932,595.0584271717562,87.58710037551836,0.017842927117627014,0.00014428391199005716,0.005988444277834219,0.007240269955819645,0.017965332833502656,0.09203756601333767,1.0086357117223228,0.021981572086217094,0.037208083938481434,0.08839357593563361,0.06594471625865128,0.0047207380346182765,17.802696952862487,0.20052818625921,0.4353250121347491,-1.8357077350110378,0.08940767610732017,0.8698846211155039,0.10953695104603554,0.28073344268347,-354.3616115134668,114.6203802913837,23.064727726832732,24.75832480786483,14.502968329055216,6.231660508246559,-1.6751197535621922,5.104851367116837,-1.0900379642434652,-2.675743173299593,0.6345651726224182,-1.5908667732985,3.088000701559015,113.18970284229968,64.76281340359282,29.05322662560529,28.694071094087654,24.388084646097983,16.43763661112691,14.568066993892845,11.087635947157509,11.698473491853964,10.876894512204975,12.889839801979251,9.990194226702164,7.916451653683321,620.8038599991299,357.37734427702094,1722.7408182344798,560.9387639896656,2806.471791859983,673.1242363344072,-9.940937124435942,
28 People with Parkinson's disease/1-5/Felicetta C/D2cfaerlei54F2605161742.wav,Felicetta C,1,232.62279245259887,528.3364241215322,119.02272120326772,0.08027925067942736,0.00034413815676141767,0.045532381944543954,0.04497975595706597,0.13659714583363186,0.2901926850708736,1.9186117255125974,0.11719279533988099,0.24203190882173056,nan,0.351578386019643,0.08105818002566026,2.3195246835023346,0.15415077636071248,0.13054780193574553,-0.7313870511340996,0.37083973002816834,0.7414645220924948,0.3025177483332906,0.8308432432263686,-405.8780611479747,142.23734402264722,-31.135604478491338,-38.4908298135063,-6.085988524719662,11.240742066890098,12.271562601977823,1.651723421990616,-3.039839930481386,-2.3921121568757884,-6.475066974129654,-11.697787126759144,-9.10022136113509,115.84485864112915,57.81120046469076,52.636622966110835,30.93273959625907,10.566745926171698,16.327425517472133,11.095308266370964,5.7234071252077925,9.698657391036981,7.4665299416828494,8.231502860536942,10.057125948933752,10.854868422794127,962.7571330174799,266.3771192889908,1641.404072732378,421.57264332508703,2670.9947462631612,918.1521317206151,-10.872442492183536,
28 People with Parkinson's disease/1-5/Felicetta C/VO2cfaerlei54F2605161756.wav,Felicetta C,1,218.63329187187625,403.78714518454046,109.92451512340382,0.007601848088573857,3.4844386335928025e-05,0.004134232179577231,0.004516159638050245,0.012402696538731694,0.09492921035168665,0.9948187262118574,0.040925065349206306,0.05449041379560972,0.09261715054115846,0.12277519604761891,0.0004791106627713944,18.13030141478229,0.23618101300097802,0.008775047672966432,-1.3210050028716294,0.06782364060009514,1.9907548010317628,0.14151394946401766,17.678306124703397,-284.2624649456977,130.87522089839894,-28.85424202488157,-54.25024224712434,-83.61391614543402,-20.576030577852517,30.247385365657895,-19.254347706291824,-22.000629384730342,-1.4690491732322073,4.224048412672296,11.230872697415712,-4.345965200686073,31.681100394149126,29.042292757349983,12.30807001029318,22.470767918419035,14.855632831125506,10.87714603798429,9.892771763927101,13.748571959201739,11.426091181878565,11.697990684997382,10.223821455264746,10.6044455339036,10.630034933725243,743.5309317697987,124.63952215190551,1185.5371444200875,165.3047737718359,2347.175750593561,1098.8657181688006,-5.470901159568521,
28 People with Parkinson's disease/1-5/Felicetta C/VI1cfaerlei54F2605161751.wav,Felicetta C,1,222.0648688932659,264.9657519455998,115.61635164028375,0.003289020926082346,1.4825768884097895e-05,0.0017822049406949017,0.0021133087599210193,0.005346614822084705,0.0653568894928157,0.8382064025659719,0.031487948935475844,0.040929097608401896,0.052131416612334454,0.09446384680642753,0.022157021601935566,20.327921869850204,0.16147122801722547,0.04910355956833342,-1.3987792175895781,0.047666029952235935,3.1323097759543046,0.05330459201686606,15.290368790336963,-318.696825397098,98.28696725946739,-14.336936006595039,55.02293724520632,-22.731986828358544,-46.02994066021555,0.5429113564799737,-9.709836116429743,-28.21876990450974,-35.04719456149001,2.5320765185351535,10.38137565254455,-24.13036502364017,39.71171508903178,26.731150398617398,17.31545016696083,17.798302312627325,16.193933659972913,14.078780100709118,12.390844498266937,12.298680210237494,12.52879693089499,12.131942806152543,13.683940458017569,10.621137758909125,11.896003318361883,573.6248031529607,164.4675553737551,2288.229949270014,672.730205811009,2894.8643574397515,332.49194449662446,-3.5403718233715438,
28 People with Parkinson's disease/1-5/Felicetta C/VA1cfaerlei54F2605161745.wav,Felicetta C,1,187.10096733458028,540.9088672326424,93.77401210145308,0.009327861229814806,4.9912478912705174e-05,0.005548200397882608,0.006564715379959346,0.016644601193647822,0.14205573660679588,1.3574277276765792,0.04718142559371861,0.07982672679949392,0.16707474085941387,0.14154427678115583,0.03594786101040205,14.29966450870705,0.1421020424731398,0.06667245370467165,-2.2857973005459042,0.07409130292718649,2.039426359076486,0.0373028676399536,12.288027055925596,-301.31849747111124,130.18153459368816,-71.93690630880317,-77.56606016819245,-13.079510131494859,11.52122417511925,11.151884291377725,-1.9251448343530777,-8.927897265774341,-5.884218300922847,-2.046085485936524,-5.039537779223884,-14.414673503766602,41.16871488217202,23.80323820711927,24.871969835434246,21.31954599198231,9.68368435445887,14.342422590434078,11.012330292023977,12.599738576612804,11.511031545942016,10.852508137978253,9.800111662477724,9.398463646411708,14.294589253811369,934.6266925697738,190.58098862381775,1396.1180663025214,301.1844733833894,1980.9809743644937,670.3285117436615,-8.623778851901019,
28 People with Parkinson's disease/1-5/Felicetta C/PR1cfaerlei54F2605161815.wav,Felicetta C,1,172.34667685413493,594.6499836835553,75.93792765719768,0.015640454337741545,9.104578653484936e-05,0.0063769336541410915,0.006453213819745953,0.019130800962423276,0.07666101457943282,0.836432714270706,0.02335803395526042,0.03502184967278424,0.07121384685269964,0.07007410186578125,0.042597585768764976,17.539707228301793,0.15153970240627038,0.18341069097182044,-1.8358647473690881,0.06620326499526823,0.43665674361114076,0.2493879644493644,-0.7878606585842718,-385.4711864062029,77.92287199410505,10.742794258960192,15.148266955959057,-1.8116333702139296,-1.934497281565483,-0.5778060070591654,-1.9287931201941362,-1.2417072748766445,-2.509460451701483,-2.94496830118398,-0.808107627617692,-5.236555182717277,127.08173093778453,68.42441449814817,34.466177380704885,29.553928384009048,19.42252171787531,15.963254637108953,12.593400415493594,12.016065290568196,11.439783356220339,9.643405678451325,8.249874824121735,8.739555213755626,9.590162790221628,752.8511248500105,462.0194245341177,1855.989501556005,603.53619096985,3051.314365650608,714.7233925628595,-7.784681820965809,
28 People with Parkinson's disease/1-5/Felicetta C/VO1cfaerlei54F2605161755.wav,Felicetta C,1,234.93930608549036,574.2194420658917,144.77057148096844,0.006386363994433251,2.7192170946228716e-05,0.003454630563575831,0.003935460478869888,0.010363891690727493,0.08825858471862842,0.9656511201116126,0.02620652805327534,0.04397436168423149,0.09973328394029304,0.07861958415982602,0.00033501752178948397,21.13421310961163,0.22102197758762304,0.013962874364608344,-2.5182450234727867,0.049051850421356874,2.8522148311833777,0.015640490883017003,20.201907999441346,-319.7898271812887,111.81257413384891,-24.728132249121174,-48.709634903744366,-49.70397904133091,3.7839394798772896,40.313872974452835,4.440813995207872,-8.853693503245136,-11.573898148539241,-20.80311340758136,-6.764688046276969,-1.566419397964631,40.24925734991991,22.703364549449688,18.739211223893015,17.179690231645697,15.938615901658538,11.44364378908702,11.640122550736832,10.366261484885344,9.962975334425527,11.948996498550065,10.908069479115236,10.99769085246742,9.327977040804031,922.3801919643179,168.79330416070394,1227.0652177170089,126.02154964131486,2737.507675190135,850.7995183469569,-6.367762144217084,
28 People with Parkinson's disease/1-5/Felicetta C/VU1cfaerlei54F2605161808.wav,Felicetta C,1,275.3916852713624,288.3139508169044,139.054612492887,0.001280696903805486,4.6510000653609e-06,0.0005497764477346628,0.0005964705709070249,0.0016493293432039884,0.003617352877319272,0.0381447863552491,0.0017513483701688416,0.0018262756245465512,0.0026889535775176266,0.005254045110506525,0.005711259351999598,32.598597417759024,0.2253842674024515,0.042759325251333705,-2.5457630654816916,0.03041394311135864,1.8989446370796843,0.12893616323645646,21.532716108670424,-144.8399213840947,85.1400269683753,-0.784590203201525,6.9886314442092745,-12.169100815641555,-18.125741612286685,-17.826978239110606,-19.923795847850876,-3.4256518617010667,-10.637257975608913,-13.414998478155498,-20.42614709588331,-16.21251168381778,41.86441803745083,18.739728320039646,10.741025028253755,6.937833735170104,6.845405120024307,7.8698893201628595,6.322529700555617,6.800729261156303,6.372065120322945,6.8760927551372735,6.635968596791804,4.825143333164412,4.620780536389974,690.0202660235066,651.6852953603052,1382.156378524946,670.7530998403087,2605.05845400434,649.1078008733916,-3.6626835113798717,
28 People with Parkinson's disease/1-5/Felicetta C/D1cfaerlei54F2605161742.wav,Felicetta C,1,158.74691927858365,313.1037562391379,80.54580898338507,0.08501894605019565,0.0005423861227494975,0.043695508681938146,0.05183144046195988,0.13108652604581444,0.2393256096766862,2.0318598980808433,0.10018276483095094,0.12668403280618248,0.18478207325631896,0.3005482944928528,0.046004293420159284,3.8631196361405427,0.17173028809764418,0.09262647980683249,-1.5461080347239209,0.14462630788717418,0.4410748191119128,0.33035888730159235,0.48566767441845116,-403.6650477305524,135.80654701907494,-26.93869284663126,-43.680317092620385,-8.28673726778843,10.396326197692478,15.021430611333313,3.7709046788274874,-8.214854101497739,-9.534625968718625,-3.998967805247034,-0.7199410352953208,-6.746486318916548,116.79467949855855,62.06427908963328,50.65087678139045,33.938058270570195,12.450522321519953,13.64980144442412,12.326610656922526,7.778521809506215,8.3410891270262,7.381843247914655,7.03359464538426,7.760804009906887,8.351352067465287,962.0935934351322,368.14360172658286,1556.7869490992355,483.653117449056,2604.608819235621,998.616401918794,-11.483739035325577,
28 People with Parkinson's disease/1-5/Felicetta C/VE2cfaerlei54F2605161748.wav,Felicetta C,1,214.94102354603388,230.11176955905879,108.25475404818995,0.0033963573326108542,1.5804239900399865e-05,0.0017057409774527623,0.0022146460898089713,0.005117222932358287,0.06809950475939497,0.7631557050969513,0.019495466519188355,0.0303286024793999,0.07337740637169478,0.058486399557565065,0.0025111973001567625,23.532142502298736,0.2613348847249298,-0.001008545225503922,-1.9740215596574855,0.05209206716251937,2.79845557254116,0.21402032108304414,16.863812051967408,-305.0198761783567,105.67656275728766,-32.815830940651246,3.6137240090799194,-20.013170563964675,-43.13407359646724,-26.072093395876767,-19.625236491722134,1.5067418501689214,-5.250540538393377,-2.353065366049087,23.453561832998144,0.5555361034299987,46.65748888292698,22.52210051148488,31.09926995801845,22.943883683537933,14.625226351947392,14.471546121126048,10.626621464851205,13.172304724749813,10.490514084873206,11.521121808283109,11.218545409070012,10.583567504003645,10.04670407134332,687.7746265347056,90.45687249095384,1500.7874723211667,661.7149657763348,2492.983394690286,480.46077293701387,-5.550774433016767,
28 People with Parkinson's disease/1-5/Felicetta C/VA2cfaerlei54F2605161745.wav,Felicetta C,1,193.28883412029893,583.6162743484853,91.0841620442514,0.0077464306279930485,4.005305612011789e-05,0.004366588975144651,0.004925751748228133,0.013099766925433954,0.10273549631389119,1.1348178934414346,0.036438806989320574,0.05413773524417966,0.11528696443663317,0.10931642096796172,0.020855038475843794,17.854160388382148,0.15328439509341432,0.01437719159231192,-1.589963394644796,0.07099145553234186,2.2454370344559655,0.026127417904276584,18.464994351380348,-304.51549185634235,111.89953312916698,-75.80773567872501,-63.97722891583666,0.0519402163595492,24.575980408886704,22.647697356539247,-17.965125985189285,-38.85931824637294,-13.339316193206246,1.6733380047716826,-2.8022757208174096,-2.099665368542157,32.5447436232343,27.362937154913585,17.537841971169936,20.554280606169737,12.076106102808712,12.042309065777037,12.369522367256595,10.403207628796187,9.393419503410556,9.306485109538855,9.614841027177993,8.8766500285194,9.523209378523832,1001.6333612404675,412.61453753983693,1345.0017803332978,241.9182754748778,1966.350183308646,472.70275152441064,-7.4081459424516,
28 People with Parkinson's disease/1-5/Felicetta C/VU2cfaerlei54F2605161810.wav,Felicetta C,1,272.4158969739723,280.38107007484825,228.4768123466306,0.0017862952738143098,6.5569374234978205e-06,0.0009862877689551322,0.0009878737830433576,0.0029588633068653968,0.003637300521203224,0.04602987753781683,0.001788970455761135,0.0017608693041892057,0.0024301492524312395,0.005366911367283405,0.005425069739197774,33.03508195742953,0.3209852411762595,0.06820710467877764,-4.152733812725842,0.002550246065800893,1.7631975260374197,0.3696505306467682,23.17433790611434,-163.96386610589812,88.99580833414053,3.4344451471933173,7.407429613901957,-25.524048326965502,-23.100888720781228,-13.173327130855123,-19.6973197043766,-10.630903095047852,-16.403319042710343,-11.320421191439786,-19.83292342669445,-12.663442812655349,68.3375960787645,19.393518005935523,20.541943387074806,7.287855875348422,16.705511360631778,13.38735110199087,11.183469058429942,6.730404481609617,11.085761201924171,9.391090187033575,5.104617085222426,7.222109604964877,5.738216842262525,629.6031612765993,206.2443953973658,1263.7580816148197,663.9999896656437,2702.0780081810353,699.201304349188,-4.276689842119304,
28 People with Parkinson's disease/1-5/Felicetta C/VI2cfaerlei54F2605161752.wav,Felicetta C,1,188.36953654408435,426.10351256175693,83.03571102654544,0.0037451553379927918,1.991699852553193e-05,0.0020120008029653495,0.0021431893839217227,0.0060360024088960485,0.08524021419736,0.9397361341664662,0.044755263300451216,0.046504981401379736,0.0675679490357232,0.13426578990135365,0.37044958109667714,16.901450050625023,0.15003896992152455,0.010385715963570097,-0.8268846955216822,0.08268324432307163,0.05174396880326296,0.13355602530998656,19.698119230909775,-283.7088369889542,102.53697184551106,-28.056571166861932,52.87061873219844,-15.064381514785687,-17.450310084270825,17.192833677949036,-13.387172887594486,-9.915461820804524,-25.50284639357181,-19.3150649564302,-0.23073539012637645,-17.692456522759837,43.01527337671528,22.757133615624923,17.623532656490234,19.795290799238135,14.533481567095084,16.485824207358064,19.20493461059162,14.049245359985374,12.564680577050918,12.934647998310142,10.162699862882569,9.538915509895785,10.587551011358512,748.6968879707144,421.4332128925018,1892.0859979779154,701.8917718727596,2942.0733130519834,366.95217889152974,-3.9374950436164484,
28 People with Parkinson's disease/1-5/Felicetta C/B2cfaerlei54F2605161740.wav,Felicetta C,1,158.88914446812774,439.1724086759103,74.93721683346449,0.022825393121511835,0.0001438021353351625,0.01217303665506602,0.013339640585659217,0.03651910996519806,0.16177036416194948,1.4634138444819396,0.07282017817219988,0.09800520833906123,0.1575730336466737,0.21846053451659964,0.04483096158026469,9.69117402173792,0.2152568373708123,0.2626321750670154,-1.5406371650479522,0.0879012823196072,1.0262317155917475,0.1719289313414234,0.8555244229266599,-332.04063413571987,162.0249529999176,1.2176049979901642,-4.891116177800332,-3.7109343467336764,-3.605914502805503,-3.525142110109409,-7.3202651482346575,-10.888525356496608,-10.030580922665727,-2.8075064394023324,-9.940657376567673,-11.481877827056447,81.04435949778166,54.81106900770119,42.114463655907684,42.800176812983715,22.06467659840413,20.528999391377813,17.53216166211981,15.74040478189689,18.125525163919413,15.097474243701544,11.295536138796692,11.284896180558832,12.883412813446755,633.6815435333738,315.24786603817944,1572.0469301523588,503.83110928109716,2627.355395291234,683.9882651968978,-10.245823334074066,
28 People with Parkinson's disease/1-5/Felicetta C/VE1cfaerlei54F2605161747.wav,Felicetta C,1,215.297482526529,440.8160450654991,106.42286580337954,0.003779731278125047,1.7563002237157072e-05,0.0018770156561767662,0.002092617116055385,0.005631046968530298,0.08785459498050047,0.9269480485822913,0.030517024139897087,0.04090011146954853,0.08954530971043069,0.09155107241969127,0.010146794747793125,21.172431664320307,0.20232426577260745,0.017022295164944967,-1.733528606495018,0.07319536842399156,2.0904269441353756,0.03002447527706947,16.319212089608417,-295.62438324818623,105.36689892507809,-65.9294757578354,-0.30157611690164066,-19.920247651172435,-53.064390255091205,-25.092344855868557,-8.86788112129145,7.4744283737953054,-3.861709096793745,-1.5626528221997296,10.84228508044442,-10.352408978356195,55.21555411484051,28.896972246688932,20.825666183748602,20.203303541787495,15.694010572967988,16.019792663222074,14.93819176964742,11.587625381339747,13.781599792029155,11.102264860422748,10.28084873726014,11.40678860356004,7.452300680735409,748.0680785556997,170.36548904282438,1642.8978455092395,854.9326433409946,2414.574731796904,391.8036786884557,-3.505774552597711,
28 People with Parkinson's disease/1-5/Roberto R/D1rriovbie49M2605161843.wav,Roberto R,1,169.85733908371273,229.00225809627725,51.24568174057611,0.02138032376017306,0.00012431919274630263,0.0063225645327947885,0.005091955572043682,0.018967693598384364,0.11036470755165165,1.043596038359515,0.0468228147541873,0.05694997262209032,0.08767124777559196,0.1404684442625619,0.004760541119299276,9.694480820909503,0.13481222455705277,0.7249140971559681,-0.9954677416029094,0.23354901821813265,0.12633006394452878,0.2078855922459571,-0.2703159466873686,-401.65941793228154,70.41461684604845,9.924840916180184,13.989695600288446,-15.79066873414048,-3.75677647812772,10.894268912791649,7.904319223650149,11.498927400525131,-0.9041756614251371,4.656366527134629,1.0286083353881317,4.617422045020607,167.16876725869835,65.29011612446068,14.154266704447233,13.23437247189671,30.002120090679345,15.261034505212946,9.824327193921304,6.029740256324842,9.6756608365032,10.869345030026748,4.4210602865994435,6.028311445566609,5.1598142627040895,935.7029722446548,603.0524713985917,1836.3935674705301,876.1952988019964,3206.5868096960435,782.2333891471523,-6.58460318645594,
28 People with Parkinson's disease/1-5/Roberto R/VU1rriovbie49M2605161849.wav,Roberto R,1,124.77764283849098,153.217701101129,114.13408356784052,0.00522955970589296,4.1898382515004735e-05,0.002102847360730875,0.002717842318208268,0.0063085420821926246,0.020762640025612334,0.20237317066734567,0.010429684364616398,0.011724815114822025,0.017381833182929882,0.03128905309384919,4.445951415573874e-05,29.17579115365707,0.1716613546015188,1.5159621193978514,-3.72628261877587,0.007863469179336476,1.584559894298559,0.3736611768698143,10.93169849570415,-272.8726718052376,153.73018569896718,75.81107420556492,36.5452199693598,-6.848316140122105,-13.725496950967447,-6.506008984777077,3.995610403333627,5.603520925670911,-2.494601027842416,-1.2616252174115614,5.736756373994018,-9.927044687957771,23.786699960638785,13.940232457239736,6.550449620910506,9.111417259784574,5.589730433882466,4.311305395484657,5.959903897041956,5.773175880950362,4.787012107021652,4.345466059239025,4.589094680181771,3.5447536058223252,5.873637735427452,261.5238077985011,299.6586150617393,960.1643943274993,304.1680089129148,2740.552409327207,373.79737673491803,-8.515270353250285,
28 People with Parkinson's disease/1-5/Felicetta C/B1cfaerlei54F2605161738.wav,Felicetta C,1,161.22973197207853,589.0935438031427,74.9066107055251,0.0191123727653895,0.00011903266184717482,0.010179159148416658,0.011530084929923093,0.030537477445249973,0.14947382663062467,1.413140701713465,0.06516540677863221,0.09162796812189039,0.15472985682804666,0.19549622033589664,0.041586346181064396,11.38445751049744,0.1796901864761948,0.42613832172243726,-1.55956737437019,0.10633172511744024,1.3430439074660219,0.11121199740856061,1.9573798199414014,-351.26616296551634,149.507727966938,7.738118732056571,0.11250183057116385,-0.41672944929464173,-3.7487384894431655,-3.0852920575974037,-4.100854947854558,-8.517765534093988,-8.942702527738218,-3.414759814398069,-10.594845913803846,-10.951912510715946,80.32946961503293,54.01491438096142,40.0620362720661,40.89378650669781,23.246566483990204,20.70478740542376,18.63505346534458,16.474198504159588,17.952704309989347,14.939912947060039,11.776740255540094,12.410290935594366,12.584011197170485,648.5865911414401,308.5015550925812,1616.6608870007085,472.0015656946683,2725.950586495164,680.3245555081753,-10.3467944595426,
28 People with Parkinson's disease/1-5/Felicetta C/FB1cfaerlei54F2605161816.wav,Felicetta C,1,174.10192150640242,529.0834649788743,74.93717247630867,0.018399497018919554,0.00010570489127576508,0.007689578947996512,0.007833340437858823,0.023068736843989537,0.08290618529092814,0.8272491964738182,0.023883700005465736,0.0374782973154694,0.08362053729251262,0.07165110001639721,0.036977131079656285,16.369906580082922,0.15717480188096347,0.20535475647378482,-1.6991415814577884,0.08371882613652729,0.46212156960455647,0.1590690705502944,-0.3228629596461303,-342.7525236663697,96.64848943825729,1.4835503504495422,18.972683363120773,2.0625740627380074,-2.219747886275749,-3.01000303684284,-4.36323026667763,-4.016789144400098,-2.3257383897249824,-3.164770799174793,-0.14964876555751142,-6.7619118296843785,127.95119556255965,63.13715227601944,38.44156970779342,31.618426823976556,18.129159918513277,16.929381625357124,13.21405624726098,12.351821673300215,12.34504731032761,10.572224874578732,9.475170483413894,8.382013293525267,9.383205969173986,679.806840690276,385.0927091694246,1843.2495308395985,478.0974713149832,2952.847965514954,665.5230143082471,-7.8997940686768855,
28 People with Parkinson's disease/1-5/Roberto R/VA2rriovbie49M2605161845.wav,Roberto R,1,127.17197851432788,142.2772548510503,116.17449903741597,0.009240505853874308,7.263816335671569e-05,0.005362166791436387,0.004487929968242982,0.01608650037430916,0.03486064230807611,0.30659764139243645,0.016478919839766484,0.019123478006284774,0.02811131394864222,0.04943675951929945,0.0030121346721280473,18.460473046225903,0.07344133549239662,1.103953803992248,-3.7163387102502505,0.007093523624764201,0.006778833645460158,0.5070357502120519,9.488378069722007,-226.01633759583345,138.5577830135093,9.339150405389201,35.90780880114681,-52.42242981212824,-36.944867964737206,18.45450668231754,5.4784105929316365,13.099300251555825,-12.066868776241995,-1.5077233137864348,-4.56567109522178,5.076923248831377,34.1067107726418,7.737603094755762,7.92947609081828,6.081946787111588,15.101590786637527,9.415403647225457,9.320244658501462,5.636752246817391,5.515510235649197,9.974043170251685,6.660178904316985,11.377135207646862,5.344459956626565,538.962740621139,679.2702573073611,1199.508235044987,447.7239575555914,3085.551874368506,516.1539806618929,-4.712787759497437,
28 People with Parkinson's disease/1-5/Roberto R/VE1rriovbie49M2605161846.wav,Roberto R,1,119.50488731655261,141.74354206363898,112.74352962648271,0.007483955810216039,6.263118839430713e-05,0.004053082063544718,0.004036547141233279,0.012159246190634153,0.0476579107315606,0.4779343490699867,0.024093072817368003,0.024907274043877263,0.04035064497508582,0.07227921845210401,0.0036946003411202134,21.19535645300493,0.06835815445260696,1.1746747935621726,-3.5503310721714576,0.006943575959094636,0.19235597264690196,0.6334735617368762,8.368015895682017,-215.93740137967188,95.35700255993441,30.16737799328955,32.3854868761333,7.598868877993835,8.641164176677567,5.400016408924097,-43.35211234062602,-6.657718903952875,25.571154985197698,-4.3038667579999,-12.625904825609636,-0.9153455902098745,29.591575986848504,6.1298021742935855,8.984628730490892,6.665677152340983,4.717687435127997,4.801593051033847,7.333089364277697,5.403749500646421,5.499739039341482,4.505589718485629,6.098908332139683,4.943720145649617,4.28907639534166,301.23587014540766,204.0219926794807,1618.5376906470206,236.71216990836075,3291.9147033227764,373.69780094826604,-4.9095175574670575,
28 People with Parkinson's disease/1-5/Roberto R/FB1rriovbie49M2605161855.wav,Roberto R,1,143.1239137320584,592.7052264472412,92.90158173319004,0.02334256182754675,0.0001649515738403288,0.009503149358672061,0.009995954227511436,0.028509448076016186,0.10144953918558312,1.0057913903581743,0.028211315923284838,0.04574933397914009,0.1103586413717306,0.08463394776985451,0.006863390863265557,17.259456898126896,0.1296728313997628,0.5647643114984721,-1.550405068384123,0.10940443495804747,0.49894180151448914,0.18551385092944406,-0.40211711420343477,-373.7644899863216,77.8095458565168,33.54096701857154,28.261296332630735,-2.1252686428814855,15.000435833742404,7.22573762517642,-9.26752278336362,-0.23740369318207213,3.6132512791010205,-0.4392817601544414,-0.3947067776951104,2.9778148769908444,110.37735394143989,51.93467577196076,23.14351937339101,19.997120324461193,23.028795918519375,13.84326988911857,11.650275903322113,16.583378657051874,11.347109434873142,10.794437584791886,10.295905062763694,10.213565296967271,9.009542085498444,794.2106889370522,485.02871830355866,1867.305548086855,702.2774396662652,3411.1283374847912,702.2531255977542,-5.192425508995027,
28 People with Parkinson's disease/1-5/Roberto R/VU2rriovbie49M2605161850.wav,Roberto R,1,129.86988720021986,141.86417578808883,122.0608670761748,0.0034246610289750245,2.637150640366921e-05,0.0014903688651284018,0.00188938039856565,0.004471106595385205,0.019529342693840122,0.1771312318190898,0.00890537148909838,0.010203012313182484,0.01645234319761555,0.02671611446729514,2.5832836315959494e-05,30.868287501991244,0.3234010035647675,0.5105119894844748,-4.093610822983983,0.004201146302816997,1.8541405603100984,0.5461538092651923,12.199840988753039,-333.81387931579326,158.51536924310457,76.11213119454796,35.78259447449241,-4.590783389926684,-13.926449819360556,-6.984872512323747,2.170875464467523,3.406881131373568,-9.994583378761773,-1.5303849175571487,3.9722655127670015,-12.247000418102397,25.828716281974074,11.899702591946408,6.591507432536857,7.628969463464564,6.615593199138015,4.306459463564101,4.473413417642985,5.5183314535691546,4.869017709343264,4.553222511420811,3.5284369860991367,4.100446410975542,5.09570223306075,304.74551860297015,231.07672270763194,796.2163187792942,323.90644551764734,2636.4374158084065,375.1225430908732,-8.47942024668039,
28 People with Parkinson's disease/1-5/Roberto R/B2rriovbie49M2605161842.wav,Roberto R,1,140.94527984383882,571.4407240337548,75.67105368582767,0.024790276014847287,0.00017669125482678354,0.011445610742930903,0.010932382200757469,0.034336832228792705,0.09385210542983832,0.9601446141397214,0.027341740426683983,0.04272076958089934,0.10950605152625131,0.08202522128005195,0.011133393761137157,16.96361354412057,0.10783928626063907,1.5230628406990048,-1.7565681541690488,0.10293929360666165,0.6632996282197711,0.2703846245067433,-0.7137260292204246,-338.2425645446559,85.09173432013085,35.379932347569586,30.965434222989348,-3.660895313083466,11.528437421904501,8.044210696679345,-6.622262786756215,-1.940115597890906,0.5687055482527352,0.5563536414341829,-3.7588504043964748,2.6051576264614766,98.01682792610823,53.518319590165085,24.270492028403684,20.350635567485252,23.15836677341877,17.2854029562601,11.557526407403161,14.592869085118709,11.922980018223589,10.425191911963003,10.158265879456088,10.70056299684296,8.838130966876465,705.3540329874443,428.11953530464604,1791.8609843130414,691.6722268199188,3321.044609098326,637.9807481495876,-5.384177138315069,
28 People with Parkinson's disease/1-5/Roberto R/VO2rriovbie49M2605161849.wav,Roberto R,1,122.22494796700262,131.94825671164023,108.67061312850264,0.0064681147308510364,5.2928298077294786e-05,0.003516428325427501,0.0035834548596714163,0.010549284976282504,0.05093876130634578,0.5126932345347958,0.028376414913635448,0.030085650838296223,0.03728370218556253,0.08512924474090634,0.0002894565111607252,21.25560186188276,0.19690965364461377,0.6934215511313951,-4.073114665178502,0.005840674918448572,0.16323989117095403,0.49270692796544263,10.372684513755143,-267.3550883412188,150.36707246976968,61.63709622558416,28.460550705387618,-57.53277162080565,-25.811181818364265,8.197602995272605,-6.2601123448526295,15.881967895121486,14.847356548339198,1.7401863750630484,-5.7889843937051575,-5.441106737460228,30.906782812944407,9.533226590976522,6.572707662577777,6.694569891074412,8.25368538804275,5.360729769635407,5.062208367458864,5.87368464544103,4.558668984781214,4.007530122292442,3.6295548353947606,3.1606930599159915,3.683131359888717,388.0587182942837,377.707273973598,1253.079005868242,193.75794849006155,3457.750914468879,505.5045409221994,-6.626392299563384,
28 People with Parkinson's disease/1-5/Roberto R/D2rriovbie49M2605161843.wav,Roberto R,1,152.75371498180647,198.20352384026788,76.39274562394503,0.03962093901710999,0.00025814170305322494,0.01977068531239624,0.017315452356674473,0.05931205593718872,0.13468928320623458,1.1910532232004032,0.058581782525280825,0.06941372710247531,0.15233807029789612,0.17574534757584248,0.006212840721653634,6.695330941179926,0.06432478545062965,0.6391526542936741,-1.3183886113469456,0.18153566630776857,0.21168471267430786,0.280696355063046,-0.024161244239003565,-385.3653365060536,79.12675362369431,19.24909653887672,11.273916463772315,-7.887287668368885,3.090655980895485,13.303151715519109,5.429677648089461,7.644456979238963,1.782236402894035,4.255145612463461,3.322456263956488,4.403044552679496,172.22576905979037,57.89635757651508,14.673218714094114,12.676447933605237,26.21624680269513,11.098895552132722,10.359775531875606,9.829344368216104,6.857381865434973,5.77793273661646,6.083842730867464,4.35212047539271,6.028153283273309,889.9405617103467,618.6949683793439,1809.1260668916382,751.5121238497333,3214.1817887366465,850.3755586973656,-7.014697299999416,
28 People with Parkinson's disease/1-5/Roberto R/VI2rriovbie49M2605161848.wav,Roberto R,1,126.23273687436273,170.26541658230084,110.43824056058696,0.007401253919452968,5.8626939831436285e-05,0.0038478523043204206,0.004042525656308265,0.011543556912961262,0.02585387688989518,0.3020846122383131,0.01309684287712864,0.015084539157140456,0.021677014502642127,0.03929052863138592,0.001548686253487652,24.169939630283913,0.16670886227935228,1.4437228162959164,-3.453765554596585,0.011869192136597944,2.3694023974695,0.3517729029760224,9.769793761976917,-229.43826970979615,76.97137153408222,52.45843842115206,36.83505043547662,40.79980158076407,32.588876097230624,-27.29164239252783,-15.405498124981284,7.430575757578802,18.489043166966916,-39.30700307742843,-1.4037806642163468,-3.7376344529486225,28.32049720653313,7.623325210445035,5.0927439903717815,9.357762094919776,6.138685001810112,4.741582475472912,5.28241633538971,4.643828868023624,8.29799929078951,7.275176577743747,4.45431577277781,7.543053010592873,6.2702074812373985,239.00551530407583,118.24471067737318,1903.821783563885,119.12877861197467,3144.319008360233,1329.123337399014,-5.136437294813893,
28 People with Parkinson's disease/1-5/Roberto R/VO1rriovbie49M2605161848.wav,Roberto R,1,120.44841213533513,152.47282377787482,105.04318207948161,0.00825252251342953,6.852162362345172e-05,0.004264949240806633,0.0045264468051669495,0.0127948477224199,0.05546766267389745,0.6212369831802845,0.029607936416755517,0.03245682240993774,0.04249366425057289,0.08882380925026655,0.00041248636270543615,19.27037161452339,0.1356100692841388,1.142207670970445,-3.5659929526297223,0.009334033409534002,0.1849190992518523,0.506187952454395,7.569995880707072,-259.55619560435497,147.29839888578016,52.44403384749417,22.24401158649716,-48.894501848646065,-18.985809307407532,13.935711989672498,-0.12607723768415188,13.927395927194457,12.329246811810519,-8.181957483220858,-6.696250645545724,-2.4663798535381076,27.798666153211,12.15405247274286,4.114541271936307,5.440324128506924,6.891133039367296,5.730981275046111,3.819654517469721,6.565071604231654,3.726824247639421,3.9934880907911405,3.779030364345806,3.15258925725447,3.7735954811346377,509.0600833506618,361.3845692284491,1819.4228245130525,528.1918761561424,3506.5578448305346,703.1186202827851,-7.589883788993654,
28 People with Parkinson's disease/1-5/Roberto R/VE2rriovbie49M2605161846.wav,Roberto R,1,122.2701270979032,135.82593792090952,115.804839361074,0.006880835395160724,5.6290295044923895e-05,0.0035078580822153265,0.0037459112796763747,0.010523574246645979,0.053705000032722786,0.5057582240693383,0.02889598841785949,0.029352690348100438,0.03899684579217379,0.08668796525357847,0.0037477335542061793,21.464997406058476,0.11569482437195655,1.4902603795816773,-3.7234677776673872,0.007391240926556785,0.19121671470409562,0.5488084632767779,7.504287789763325,-195.56521566278698,92.83303950675734,24.47185805269582,36.289426927624156,13.5788544543405,25.456980385787784,-3.6298405431792724,-41.028148458033435,10.481448564478793,17.832639195298967,-7.921150967057646,-19.350151961301794,8.457430055660698,27.385998441636684,9.549454002202722,7.164824817962708,6.135474763470393,6.002532916829025,6.164423780803873,7.503454803802516,6.568791534705024,6.112790900914004,7.342172510524939,5.217544265518947,6.104327478721562,6.41448229809166,263.4621663848188,248.09351793435079,1813.5879523524486,154.69774834778508,3330.710673031649,672.8681125640608,-5.0736233786905265,
28 People with Parkinson's disease/1-5/Roberto R/PR1rriovbie49M2605161853.wav,Roberto R,1,137.5195897863788,585.0590945596241,95.67227583814754,0.028947402744393922,0.00021294139910299945,0.014793629859186285,0.013532730090189522,0.044380889577558855,0.11520356648497115,1.055320316935911,0.04384646476719528,0.05300277160582288,0.10058996727687555,0.13153939430158584,0.009565443286141695,15.450299295918288,0.10650917497082464,0.6032097095711872,-1.4979728647297992,0.12608365957006354,0.8500781594205716,0.22618759516692383,-0.3693654370234398,-366.58137136566495,90.6394255744859,37.150835051714274,26.231696398862475,-4.0378074291788995,14.467950188193779,5.505200459741338,-6.2942806629996015,4.535640466771542,0.5920992455006131,-0.491027637187977,0.24262207800120697,0.7537637171801093,104.42013961230816,53.335818194324034,25.513045705222897,19.56275890161536,21.94218409271458,16.483534036118254,10.66455350060912,16.25689444399686,11.041503320825608,9.340345211091199,11.803194747899877,9.006266658471514,8.981289208586377,766.088579096449,471.5855106743635,1865.8902029663086,698.6743377483438,3325.859369226184,796.5330239183216,-5.152084949621828,
28 People with Parkinson's disease/1-5/Roberto R/VI1rriovbie49M2605161847.wav,Roberto R,1,132.0409771438401,152.72091223250126,125.33409077018541,0.0035052702483621416,2.6547606334644092e-05,0.0015929834763275964,0.0019017140665530349,0.004778950428982789,0.020988979212736434,0.21055261955399615,0.009048958843477067,0.010767474065198287,0.01859677823345239,0.0271468765304312,0.0026020919959234222,25.984605971489046,0.13602412846766324,1.5274634741555697,-3.720348063965091,0.0040601852569131895,2.44760898489576,0.6486009598722751,9.471087210259139,-277.0649398361924,73.59671619507355,42.249063223727845,52.02421993534733,24.24258706660695,26.70526723459086,-23.288201224367334,-23.89570641719132,10.201530286877006,11.164084161277657,-48.93699004993237,-2.6412374442640068,6.044944690372315,36.93131971124703,8.341300848526949,4.354550170946217,11.01209891724629,5.009978288303667,5.508971251243696,5.182212517364049,5.993524716295546,4.3161743453820245,5.111299188909125,4.855888832226673,4.55513301369643,3.734503306196698,272.7344036632933,96.54000698623173,1964.4404466671638,134.56505702401859,3546.8623152596906,1024.7900656947716,-3.445840973242792,
28 People with Parkinson's disease/1-5/Roberto R/VA1rriovbie49M2605161845.wav,Roberto R,1,126.27457978746929,140.20450897064381,119.50393074769754,0.004921800287463803,3.8980199597808655e-05,0.0023061555363496165,0.002699711641415229,0.006918466609048849,0.036072536861523875,0.3169432942632155,0.014344844714465484,0.018575765890296837,0.03636078799423404,0.043034534143396454,0.0014710018810654747,21.203050714559613,0.22395595682805125,1.1997097424106644,-4.0735979983196025,0.00690866117201118,0.043268056139012315,0.344474087759622,12.333029246517999,-236.64499375789467,147.28053039510718,28.27864604018976,16.921949151262634,-47.83795773251662,-43.23790452684635,20.719624393213262,15.270028991611316,0.7246765458903234,-8.661453172687954,-0.5239113038861687,-1.9316323735214986,1.03932034298942,50.599600979719696,13.58371058425028,6.990162048933438,7.211567243866239,12.926132930588661,7.6870321561462855,11.982414541441582,5.523805558802783,8.098242275613211,5.113468427367652,8.845450961608895,6.227031826299608,8.389779643397942,540.1840131852931,283.8327001660168,981.5978975860794,184.23774918818674,2902.230709507599,589.1709346495859,-5.112490837989818,
28 People with Parkinson's disease/1-5/Lucia R/VI1rlouscsi77F2605161827.wav,Lucia R,1,216.85338083387455,224.55566287230613,179.62044840877408,0.0036589589424012472,1.687478274238748e-05,0.00207844196583133,0.001994846483028552,0.0062353258974939905,0.012973243128109123,0.11404355425574536,0.005733027803887414,0.007281968564425159,0.01086678122989277,0.017199083411662243,0.008287158280389974,26.634257847835023,0.234541941891762,0.05719956114824569,-4.143151540858582,0.0033696932331835857,0.4818513893277215,0.35990016054361124,17.069035769042642,-252.98293997405037,32.871422710168886,33.223385562611455,78.77802449632762,-16.738384330299564,-14.70927792809303,-0.8273366396854629,-12.916931407706281,-27.675028051751354,-15.274621937538637,-19.058062978804372,-0.00025672092703744615,-16.09132501727056,32.73891844122459,11.697107242954198,7.978649033829145,8.020606898522834,6.815477859156432,7.769191563985453,8.025465641331643,7.171326081184837,5.848823089501287,4.762182047675387,4.963794557410225,3.623208389236991,4.430290155633401,421.7053622959195,89.18245960290395,2792.342499277515,433.6907002140872,3498.1315052449972,704.8234809204738,0.9396584009995422,
28 People with Parkinson's disease/1-5/Lucia R/VA1rlouscsi77F2605161825.wav,Lucia R,1,167.15622090678917,201.03243897622647,91.4572281282506,0.006650128706348408,3.978719661872857e-05,0.0038090359754251913,0.003819560438624308,0.011427107926275574,0.038779159837105025,0.3627867050558049,0.01847558295969501,0.02193704079036993,0.03449736861020524,0.055426748879085025,0.0227270649989309,18.85393662676341,0.336448826780011,0.3696515275193567,-1.2748181554023255,0.04579717848249631,0.061941051926712974,0.1260001823288148,17.402114492140512,-169.95639185164669,136.8032386987847,-70.64011097943481,-30.992736860980862,2.8409428803512133,32.340347488820754,6.208682487744235,7.677514979792931,0.7600592987883069,1.293824106701902,-7.834590310729038,0.836912127435879,-7.864787905591361,34.03189759881839,14.591448479072032,11.389273841357731,10.189252561495067,6.596366281549453,7.777953111085968,9.414704555022398,7.024463841154604,4.158222970323305,5.037963489755239,4.038346718557896,3.9160046329707523,6.057728814423557,955.3908605707454,340.45966914307667,1418.8992731586882,244.0382227624222,2223.410071882872,582.1635126719282,-6.05949246319387,
28 People with Parkinson's disease/1-5/Roberto R/B1rriovbie49M2605161841.wav,Roberto R,1,135.93874868012944,597.6515878576226,79.29506060393659,0.028635988766976057,0.0002112051562573687,0.014059768978673452,0.013179897671874961,0.04217930693602036,0.09815478290700752,0.9958188036328032,0.030169062569671203,0.04446187105682094,0.113952163872864,0.09050718770901361,0.007937757059490853,16.231668273956075,0.12250817331142888,1.3168619385595914,-1.931084620665048,0.0830241948036403,0.6245552990796243,0.19415160471021617,-0.608276038285517,-362.4429210083721,84.61033972143221,33.9580234261388,28.789524915637216,-2.5975970623028757,9.356764083111697,10.264309429094368,-5.893601757124496,-1.533424532912913,1.0567520946114861,1.2535421986788764,-2.2863796127572646,2.210416361622211,97.92565879918251,54.00739353928896,24.342714325104666,20.87449801536583,22.598254416961325,15.751188525041348,11.44234846326485,14.90473082728054,11.728426081922018,9.78514358970089,10.326244799130432,9.801663673936531,9.215165670907824,741.4770322322535,427.8983110000449,1793.2041467673093,676.276441197034,3307.5692776427013,630.2104613646497,-5.693762841617894,
28 People with Parkinson's disease/1-5/Lucia R/VO1rlouscsi77F2605161828.wav,Lucia R,1,212.18703539042596,224.13767019331397,97.71930959738646,0.0018547387986487531,8.739967574986035e-06,0.0007754755073216747,0.0009854821244103778,0.002326426521965024,0.01807704443665623,0.17403297543805904,0.006614161709463244,0.008196573915561854,0.016046314205361505,0.01984248512838973,0.0003777067718740189,30.561519353533154,0.3419660868911098,0.09987453595695615,-2.91860301841623,0.023060608557275097,1.570274907960307,0.0216079424075572,16.79840647732494,-284.16236023134786,126.23315223740047,-23.948651082242304,-15.431904676273554,-56.41602542932606,-25.322418371266735,17.20028818059767,-7.867631265639187,-14.941503067584037,-3.232822758327308,-8.238249327018963,11.790538513786569,1.7438080685231268,36.78981103547665,12.309897015177565,13.649149550364674,8.987982533739814,7.0758227832027,5.599137266713538,5.435057039548107,4.799601364250339,7.652279970252377,5.153162344433007,4.547831990290543,4.26408404976067,5.889175533785738,647.332672171994,51.17035394827236,1091.2159614590112,79.49353746105955,2737.2094256861237,698.1289380946941,-4.05024505566464,
28 People with Parkinson's disease/1-5/Lucia R/VE2rlouscsi77F2605161826.wav,Lucia R,1,198.5740784522286,217.80844200800175,99.53919146763745,0.002535993938582034,1.2774007246541082e-05,0.0011974574345526656,0.0012954450420293168,0.003592372303657997,0.022788169363634654,0.21229269900252373,0.00983886703043553,0.012901353404230625,0.02031378964661305,0.02951660109130659,0.01643544012453185,25.108080771381985,0.3019114586469138,0.10796266880045331,-2.0062840787384855,0.0271137172300516,0.0820851065320111,0.1802953456036796,18.617444588913102,-168.57560553921752,68.60763297991689,-20.30912022131783,32.859516856619756,-4.134196563520038,-32.802144378193645,-22.543548179625127,9.643153155355751,3.5580940660029943,5.307088235405314,-6.363028745112571,22.87185682594868,-14.865213818629785,33.5852379338536,14.03908427128845,11.639013310993912,8.634653774409614,8.99679829999897,8.948162823982678,6.417660531036335,6.140609993370059,5.81248028194123,7.609918314847147,5.674305242395842,5.203563936661351,4.513199012506884,642.1020616742943,89.08032233027042,2224.764523643747,297.4850981582494,2990.752619187824,693.6904854283247,-2.9595049563582796,
28 People with Parkinson's disease/1-5/Lucia R/B1rlouscsi77F2605161820.wav,Lucia R,1,184.67557007449577,590.2551285230505,75.12343749141064,0.015416721856274542,8.38096412038002e-05,0.006590189218061025,0.007050752348417735,0.019770567654183075,0.07045594537109863,0.7290179617270018,0.01770850108912245,0.029677151051944173,0.07471769404810491,0.053125503267367355,0.015480845587300505,19.352501466334093,0.18374311565414542,0.526923377835895,-1.9148516015120616,0.08108101451354166,0.6609968183937862,0.20244403757638904,0.42812251382151345,-344.08356353255755,94.23884323864253,10.494888898016429,22.696526975683174,8.79716633398238,-3.7478007128606285,-0.7161713362776009,-5.377681522118811,-1.0401133968451337,-4.892892868249696,-5.871913155419503,-2.9023187085081985,-6.941369982608858,101.62161086781788,52.03445772291775,34.50204735303117,31.50677015634733,17.20865631018184,18.498636593280686,14.36544908312286,11.513593140431182,13.529172287260018,10.191259769870218,9.501818756221022,9.129385105763053,10.462224751716947,593.7885140079967,384.9879222339654,1832.5959418026378,480.1139782417431,2933.6153233593463,635.4089932803686,-7.236030972962928,
28 People with Parkinson's disease/1-5/Lucia R/VU1rlouscsi77F2605161830.wav,Lucia R,1,219.811899023864,225.62867291090575,185.61847672573674,0.0013025480599086518,5.925267908285104e-06,0.0005890124497880827,0.0006921948918149476,0.0017670373493642482,0.009045586733204575,0.0909751315500448,0.002718468552256069,0.0036655697452716296,0.007951422149231465,0.008155405656768207,5.6822914086237427e-05,38.37021114843432,0.27524703568797254,0.050960965313609274,-4.076195399358329,0.00306104428760665,1.3707262572284746,0.29503902068766624,18.316954594767523,-310.6817208111096,121.18530228056831,40.187737042129726,10.86922612510064,-22.600376657281554,-26.834199011826033,-8.176604087443268,-22.816978707841766,-15.24099748012119,-2.563618588571029,-6.625066226094383,-16.020074952281394,-5.897788166790703,31.887699200900403,7.500884080080754,12.039973174686441,6.71344067664133,6.0502910865059745,6.760004505794496,5.532925576230543,5.929009761087407,4.781144855977375,5.738967655739723,3.9605700794134373,3.941955753305448,4.22380251085905,442.0703216677877,20.976881453980013,875.5507695799419,412.3489832557618,2965.330539675562,636.9590759420715,-6.834792393959965,
28 People with Parkinson's disease/1-5/Lucia R/VI2rlouscsi77F2605161828.wav,Lucia R,1,220.38951709944698,229.53412774390762,188.20480172077635,0.002744142981238066,1.2454063927736483e-05,0.0014421938666003677,0.001383920698676188,0.004326581599801103,0.010936303366394649,0.0981042486638451,0.0035805425429892247,0.005036990220703742,0.010285980705543466,0.010741627628967673,0.005847758599424968,28.401092965618894,0.22534546705699332,0.02859097725171907,-4.0202454918756425,0.003465308891457723,0.3424751765896627,0.48336778214767484,19.231434381431868,-231.24655405077473,30.422743000571728,32.456739122372994,83.5657550732333,-24.15504832300194,-14.857927270700829,-1.0311783703357094,-15.452144997031828,-28.112853004939016,-13.97462693594847,-15.058490630164046,-11.481813114438319,-13.112805460828339,34.359147933166035,10.522205561974886,6.295381524725549,7.67455971986654,7.461549210891082,6.112064260484975,6.672209414011669,6.310883831612861,6.465744131468537,4.456368651138734,4.688424858196269,5.8948995044988814,3.806935748983486,433.7308526931022,69.04934368792483,2925.744993984737,323.5195671413708,3538.0717735733588,631.5959444159525,0.5957632989366469,
28 People with Parkinson's disease/1-5/Lucia R/D2rlouscsi77F2605161823.wav,Lucia R,1,154.4777141586944,207.6505057273844,76.18387382128455,0.0172913643139248,0.00011028154100326707,0.00881600515800613,0.0075365826417577286,0.026448015474018392,0.07837314502736667,0.8656816400572807,0.02483559637439741,0.03212897019146156,0.06294043135721226,0.07450678912319222,0.050592314823125734,13.021563919935382,0.14973797883084017,0.7202260085043743,-1.3209436615460892,0.12176203125690746,0.44374923702976526,0.17236336886687964,3.493960072059945,-316.609452340477,140.91171749108003,-24.556888033083435,-11.714786457884795,8.407415330099942,19.02262423562788,-2.55087388209759,2.9707695460748504,4.178513505887035,5.371832120097346,-3.3413800095034003,-1.9047316348348229,-5.238468324347695,149.0795768922225,51.88511998267125,41.90485918977628,16.580393087572435,10.41764892522845,10.544252929058201,9.39555491577226,8.005100431498622,8.101259144415325,5.24747806093426,9.893815168044977,6.823036059754619,7.382567329052564,844.4352294166123,590.2920260490461,1652.294307785471,542.092644997977,2581.5298772362053,809.6418267850995,-9.15896726816332,
28 People with Parkinson's disease/1-5/Lucia R/VE1rlouscsi77F2605161826.wav,Lucia R,1,200.11566729408037,211.88834638337,174.11373243691514,0.0030234783363184193,1.5109207050362883e-05,0.0015778315075107318,0.0016641584334069906,0.004733494522532196,0.02416165077325683,0.2227447934331231,0.010321084055733721,0.01233909330487336,0.020072624691738542,0.030963252167201163,0.03598560151403966,23.527880080208266,0.27826911089724277,0.13345461048292254,-4.149666426333327,0.003920171450128696,0.33116759924283645,0.5545867157146624,19.041887676162315,-185.37357199925071,79.96512821624125,-29.95933265166601,31.32037901855772,-1.3159551451770768,-34.813474814121044,-23.898364824145656,16.76931627808899,-1.4193564580876334,3.062337459016321,-0.5223746875856572,10.848289371777701,-8.261688932394959,33.88993841316236,11.509870863954745,10.96884315844869,10.34506986150419,7.344058150994548,7.636746892981032,7.2385813118612505,7.906463135759322,5.180269342241166,4.916594515788556,6.6080886142880715,5.396973087051945,4.53150893628166,658.4505761180656,154.06785168001534,2085.531724258655,723.9341996073663,2875.302025991668,335.7177084953583,-2.298601389481517,
28 People with Parkinson's disease/1-5/Lucia R/PR1rlouscsi77F2605161834.wav,Lucia R,1,202.74623684288105,313.71800301542777,79.3476095156051,0.01153721184643036,5.700205588688119e-05,0.00477324996520044,0.004752879380709905,0.014319749895601318,0.058111146136567225,0.6742903799288726,0.013958247645135691,0.023453655168657862,0.05183860097253318,0.04187474293540708,0.021367369540564417,20.316066486120768,0.2430624416665877,0.23235735385782078,-2.074274245301793,0.07142892261451521,0.4846953319220993,0.1908869673779668,3.3200010562163236,-316.1627684792585,81.80913575978877,-2.127695444691902,13.463749382172306,4.686544478691236,-6.227954358668948,0.5044606167984595,-4.57820769534539,-0.8944905144669888,-4.64656409390342,-9.160557450003529,-0.09897854482462741,-5.646059821741161,118.26874566734328,51.931210800198606,36.08735124446278,30.047186758292984,18.825333073685535,20.523163373657887,14.95573094305539,11.359995249185875,12.087069932635696,8.965536391898368,10.95363249629373,9.73188823631512,9.315408718822002,674.7895959660835,385.2322949892619,1768.3794574867952,444.17389668932145,2836.547356247595,613.0900514839797,-6.25768533691703,
28 People with Parkinson's disease/1-5/Lucia R/VU2rlouscsi77F2605161830.wav,Lucia R,1,223.63834493001946,241.0314417187901,176.23229982346032,0.0013888149442311613,6.210068806301383e-06,0.0005642914014667265,0.0007010510385572715,0.0016928742044001795,0.015209710060894423,0.1520120976439113,0.004100128150168061,0.006488199853497151,0.014310702421467206,0.012300384450504184,4.011324716085052e-05,35.99930363101128,0.1882140446656131,0.03364139961639659,-3.7981851833855353,0.003068554460800655,0.4721798993505637,0.512932461562147,15.532137730842262,-314.5400172335558,123.81961224363874,51.68965629716149,6.1283886618295735,-22.458188930105962,-23.66141159638742,5.130175784894422,-17.527051710298537,-6.556614656811204,-3.540919409908714,-4.8657209533026835,-11.889503488186865,-4.452922259710248,28.237964409624308,9.167538172735114,10.302503545155398,7.214365204122129,5.9113046327000855,7.181413092477002,7.335166997297201,7.229768412280839,4.509255913001321,4.197938496449964,5.5838693144259075,4.395668646312407,4.3340600838986,446.355032923644,20.095331297275077,859.2441270995429,221.9944688352624,2902.5348777194663,871.1492380492987,-7.680052170803834,
28 People with Parkinson's disease/1-5/Lucia R/VO2rlouscsi77F2605161829.wav,Lucia R,1,218.51766132792423,231.7103825990209,89.01182057970917,0.0018463642701622039,8.454206483724274e-06,0.0007298492657994134,0.0009201054931480099,0.0021895477973982403,0.014431308951550724,0.13299440955911593,0.005958307792435109,0.007559765495491521,0.013287601998820895,0.017874923377305327,0.0002261439548774929,29.236194172317944,0.42311357856189835,0.10210007798627659,-3.455321327401647,0.01951835300768439,0.016993211501381455,0.19544978279667027,16.584593998588264,-232.7493911250138,148.30533591481193,-15.305397382805987,-9.983756505306584,-49.14314525737386,-20.09193297026534,22.898889632584673,-6.135567507442599,-7.08814135971292,-1.2042319901739225,-7.273079174935822,13.438999419598264,7.835204598320362,24.333424928512432,13.570558346587298,11.468644268706418,11.494944609151863,9.198561667084102,7.924949693627602,6.985369403131051,5.700163995768771,6.3198963788385605,5.237506028144096,4.2232939832781655,4.482591348704631,6.32804556735675,650.3276839146369,38.25158685872667,1102.1591643837833,69.48285753698549,2729.8550288513957,938.6795844926837,-5.955462699868453,
28 People with Parkinson's disease/1-5/Lucia R/VA2rlouscsi77F2605161825.wav,Lucia R,1,187.88236285926374,253.36727400303377,93.78085060654615,0.007641100114917206,4.061478456794308e-05,0.004040101831522065,0.003917320883269885,0.012120305494566195,0.06888427450181348,0.6711309236377831,0.031348042605861146,0.03672670015837005,0.05898301977139566,0.09404412781758344,0.06930265530540833,18.78782117787609,0.2460371316756931,0.3757428888978993,-1.698393564064838,0.06592826571749938,1.1786310378094689,0.07690561844616778,13.310752080615035,-240.10494920444887,137.24487410394406,-61.686698784961955,-40.97675703682486,5.849935953589676,29.599959235602476,0.9932020612054291,4.833542910314432,-1.2014349110430242,-8.031044530643191,-5.091128870270503,-4.826060551916986,-11.247629862642931,54.37861691756052,19.344200952701804,18.16186265980297,15.206831422599857,8.342037983286565,12.96244219299557,11.76825486148265,6.598479789061418,7.624936822864178,6.888445044991303,6.940773545017048,6.6315076572828175,6.880681089909775,993.6255065347068,380.6010335859287,1484.531873028006,312.59373877751887,2336.0978652604094,738.481753488461,-7.661404011729246,
28 People with Parkinson's disease/1-5/Lucia R/D1rlouscsi77F2605161822.wav,Lucia R,1,170.77551345195812,206.71516359390313,86.7663457863605,0.013629892571355304,7.874558407368223e-05,0.00658932131516467,0.0050026127996912724,0.01976796394549401,0.07175319055778276,0.7435713328931508,0.01866965834456315,0.02571456266866045,0.05645294276049751,0.056008975033689457,0.04195428037536677,15.324479382438463,0.17513085881892745,0.4184221980413711,-1.5704555311447517,0.12455717617401645,0.333887790778618,0.21533753722187737,5.504942597835402,-304.5216823387713,132.54101501900973,-28.630073830536844,-11.010759453021885,-2.1342905875800535,15.96579536079559,12.172293577294196,4.869869516642083,0.5054117327267665,0.7433640391187628,-0.41861772106795847,3.0353037527279483,-8.082865400203563,157.1050677351652,49.543351235882355,42.869184091373974,15.341271441218705,10.484893280242307,7.893961623727588,5.867899717075664,5.613568150258921,7.0325233496652295,6.1475347336901045,9.528307514783304,6.424673904833788,8.633939785265737,878.6806646963059,439.29924757929325,1510.5386739768153,433.6978350750735,2611.1344774443946,611.9247690143611,-6.595659927266833,
28 People with Parkinson's disease/1-5/Lucia R/B2rlouscsi77F2605161822.wav,Lucia R,1,188.719511073946,597.6634161433179,76.6704033071101,0.01716611849003889,9.146314932925602e-05,0.007755902187719919,0.008168995455480416,0.023267706563159758,0.07915023912577197,0.821450845959748,0.02197194234477969,0.03698234203848455,0.08368562347875905,0.06591582703433907,0.0209066280080421,18.257233976080382,0.15697633964672023,0.49001608744941544,-1.738494783288218,0.10788690329087686,0.9429190771702,0.11124793317053171,0.43397450017402406,-315.9753958056089,103.12295063904358,8.156130663925412,23.30830792595191,7.137810525008593,-4.359817882368385,-0.8216996604261528,-5.679231299177379,-1.3825466534784674,-4.671517080971212,-5.067416376136068,-1.5927740306690448,-6.585806786973859,98.10433081798159,50.1925545225638,35.810737659097995,30.654199072114277,18.504471234563685,18.39756651656133,15.14884208599517,11.997921443587856,14.354569462397576,10.3798641720654,9.912443693245432,9.311480126337498,10.635145956364747,586.6210538529331,340.96508713361095,1807.3071135857435,466.0449770141228,2912.0194548795566,614.8779596705111,-7.791529340875705,
28 People with Parkinson's disease/1-5/Lucia R/FB1rlouscsi77F2605161834.wav,Lucia R,1,200.21653354841624,588.3251525192763,102.91065883988365,0.015364411261656387,7.709011646139361e-05,0.006426526093595805,0.006846446453351066,0.019279578280787413,0.07637316697585789,0.7697585534555268,0.01969661809554761,0.033985060593106985,0.07809925634482191,0.05908985428664283,0.03745836473615949,17.638594020010558,0.21005870896493334,0.14034344043418567,-1.9438647561506208,0.07599353450378087,0.6147687551153858,0.2005587797511809,1.704938988610465,-298.19247670454087,91.5447539846906,-4.555506902473366,23.01720677179773,9.193194535902677,-6.435308009263543,-1.271312209721808,-7.847078384189776,-4.252393545011262,-4.905484524131469,-7.2340473674811765,-0.6232951421818637,-7.600938993001293,115.9478616971729,47.99750469745043,36.58453928217631,29.507501033164363,17.876732825658564,19.859348199491848,14.137556764944625,11.955416582700002,13.118091014578956,9.938460279027801,10.628170555337014,9.975658666800742,9.124257433905857,596.6147637740713,369.943445056571,1848.8607019091671,431.8932357854309,2859.097942348826,566.3334968396301,-6.780952663235595,
28 People with Parkinson's disease/1-5/Leonarda L/VA2lloeroun56F2605161927.wav,Leonarda L,1,158.7457373830442,172.74612939745765,78.3089124555085,0.002388148465919285,1.5040629109795642e-05,0.0012727251047034225,0.0014099606275168454,0.0038181753141102674,0.013431942761387577,0.12019775161638391,0.00718415126662801,0.007808621198585114,0.010313863158588349,0.02155245379988403,0.003374312345142385,28.413788909777058,0.3865933740887341,0.24690139717858553,-2.8302759077710125,0.02141448302650249,0.032195228989423834,0.02001347657988543,22.591408285561315,-177.01212451782945,109.56512053792666,-51.5532351690021,-15.368514510583221,-48.29750701772738,12.082917735165259,23.05311610877845,4.253049297248351,-14.848954057160746,-0.988992250964018,11.609178158474933,-17.807683565565934,-26.670384160616752,24.572203622408406,16.21206173007414,7.996758981328652,8.763773643674648,8.004479632451673,7.106505887355318,8.475623993679852,4.666625958354826,5.409867351918663,4.782762426025264,3.328265357479732,5.7503922204599025,6.262676680005429,884.2245802543606,70.71902923058855,1350.1339094493972,121.7379173815794,2830.4831757062666,241.0817081964473,-3.8595053777150916,
28 People with Parkinson's disease/1-5/Leonarda L/B2lloeroun56F2605161923.wav,Leonarda L,1,164.56864439324465,599.7494968851834,80.2108863184845,0.017409386557341765,0.00010666484066690606,0.006114597599458407,0.0073902948049109525,0.01834379279837522,0.09684999178156041,0.9044218971707245,0.026106191648042686,0.0446660094605851,0.09370051306651123,0.07831857494412806,0.0198022168478215,14.937475036563328,0.0671709341102607,0.7970183834894492,-1.409309600381953,0.15964091597644914,0.6343457064948776,0.2093535985829578,-0.34526567940798003,-348.58660866686296,82.87368061312219,24.077121464194796,19.959238264367915,2.0872318599863378,3.2807322023125423,4.833065629940955,-3.9277935994463795,-3.1935044955051533,-0.6103320163290133,1.8626620259018614,-1.620848245470063,-3.0704558966070374,93.1122628549961,56.85532522328613,34.25150956508571,28.830629537539753,20.09381857809846,17.11103922543308,12.288957136134174,13.877507287256181,12.215607814725386,10.739124063488765,10.231885417926257,7.9547456245551045,8.996994757377633,659.3184216737426,350.0172249727789,1782.4732774649988,454.7064283887752,3091.5990533580084,597.4766503285437,-7.908370783694003,
28 People with Parkinson's disease/1-5/Leonarda L/FB1lloeroun56F2605161937.wav,Leonarda L,1,185.6556910272389,599.6839852899311,119.22683280394709,0.017016914902842545,9.304378604944236e-05,0.006866746231622974,0.007855646225725047,0.020600238694868923,0.0880835448861052,0.8811219923587542,0.023220275448912354,0.03864188765982725,0.0858052402407321,0.06966082634673706,0.03696404265810276,14.640074271836728,0.076638851011707,0.20223766268847584,-1.413091570468106,0.12366102121404468,0.4807960437058075,0.2608525690338637,-0.6181477436385592,-341.71493265601003,80.2360265497753,9.381542583823443,20.153521761142475,-1.1703054389006373,1.1297763606997508,2.4317338680933203,-6.257794433954797,-2.029564382356311,1.7638922903655416,2.947980129008068,-0.4181682374408208,-2.9337412656593718,117.41274828555102,58.99488450529967,36.11061651007053,30.11416855537661,21.65900442396942,17.239313225168342,12.75293237522155,14.965347045681575,10.951275971985329,11.210827400542664,11.476164068487147,9.439291320196698,8.846274219683686,723.1206741517158,400.9917034298259,1808.687339286761,459.5046832606198,3057.900405786299,664.5550798905903,-7.334940685091801,
28 People with Parkinson's disease/1-5/Leonarda L/VI2lloeroun56F2605161930.wav,Leonarda L,1,189.56159372997416,200.60846328357187,162.23672208431188,0.001824918344494712,9.627203506644331e-06,0.0010257956631376218,0.0010643594478166752,0.0030773869894128655,0.01011718013150603,0.08446166886841412,0.005176516570960094,0.0058302363311494585,0.007940384270504796,0.015529549712880283,0.021543123682887397,28.047195767375054,0.055471795925894095,1.6633220274498564,-4.573162480708309,0.0020069164988098034,0.09812563053953698,0.2501534493107217,18.877980680503708,-281.546350859604,5.646722335535917,26.52129352488039,92.90720659848397,1.369946714378286,-27.32276918034616,5.779571832859201,6.4632884226771266,-30.04580960997871,-14.676755902612078,-17.042795647983112,-4.691274666041092,-17.80025155719296,18.436347974239958,6.93586662703737,8.283849142180307,7.013244469131518,6.589308328646561,4.941630447503736,5.323235560082929,4.684645558514389,4.128781524286296,6.589635008841704,5.74297394642357,3.5653128351546504,4.216558151971014,331.2302514070982,73.66163365472093,2606.113189085321,653.3402784303704,2929.8595144850174,658.7271946337933,2.4926523751804908,
28 People with Parkinson's disease/1-5/Leonarda L/VU2lloeroun56F2605161933.wav,Leonarda L,1,180.57618129641617,195.97610003325687,92.53468568752349,0.0021634424482160027,1.1980409120733765e-05,0.0012541660523940653,0.0011059032826367225,0.003762498157182196,0.015898514843352432,0.13823545594627906,0.00902916621901815,0.007648059048078127,0.010107651941619406,0.027087498657054454,3.872308894926353e-05,35.2871126477155,0.2489521010317857,0.032954019790958536,-1.6905773152357695,0.029467033971535092,1.8252894932011596,0.15144679886066112,20.306435994683603,-328.24294916402613,141.20219363844717,30.630738528582654,-1.1883273794548614,-13.172071451616418,-10.819827384488349,-10.136245542751782,-16.84270005521609,-10.200072717174441,3.8047730306005745,-6.604674632650012,-8.738392537401783,-8.334485721165553,38.84944149238837,23.184652004104844,8.973501080757359,6.837039545012227,10.446977772021238,9.023526547704243,4.480016765462714,3.37283908723527,4.0383487320122216,3.856524681558893,5.894252118018536,3.8045092902141917,4.958874736288135,491.98203936715385,265.73900089703847,928.3049727845519,762.7236706854342,2170.7415686007316,835.4352165915733,-8.932957772111502,
28 People with Parkinson's disease/1-5/Leonarda L/VE1lloeroun56F2605161927.wav,Leonarda L,1,161.12345346583632,165.52392866428232,142.3884039497523,0.0015057924436996844,9.345098158995351e-06,0.000807255877157485,0.0008537957891294027,0.002421767631472455,0.007470124412884014,0.06636621342497909,0.0036767855108711615,0.004123059509631122,0.0063121164783315085,0.011030356532613484,0.00787786083605,29.617753725348738,0.07624226704984045,0.17540029549467598,-4.887104823208373,0.0014957024100566805,0.27135151723095075,0.3937334211609847,23.868949849363535,-146.0628226234206,76.01980207140605,-30.675277786154204,50.56257780371678,-11.334140441928403,-30.671820821686985,-33.169730826672605,-14.61264740988672,3.9081995759120085,-21.506548108762896,10.833528034848454,4.552731667830249,6.983522982149638,23.47222977149055,8.705882330328492,8.39956906280458,5.628259816020533,8.697521394340383,9.190838659646573,7.568313292015002,7.987156839904936,8.25721860785692,7.585800219375511,6.847799451601488,5.016132163371796,4.090856364817166,581.6524853356634,68.86599883885545,2114.685308672687,760.2474641227951,2723.060791914908,605.3175328848546,-0.9100304282769793,
28 People with Parkinson's disease/1-5/Leonarda L/D1lloeroun56F2605161924.wav,Leonarda L,1,150.43931772759723,172.61395716186337,141.43874662101433,0.014260222794473844,9.432661179859328e-05,0.005693105296665072,0.005059629293131737,0.017079315889995218,0.07986963481755077,0.8401466602614753,0.013325662706055588,0.024624037310950468,0.07324751649858785,0.03997698811816676,0.01678835190724108,16.44714528279659,0.1645984581974758,0.5690852176635528,-3.1384660013112198,0.014890992428499734,0.11218227318102929,0.6280876833410184,2.829765195966921,-452.30011593698396,66.32294926623376,-8.42548770650104,1.4536326458068507,-8.997154518392097,10.358673869454607,14.988015753385945,6.775660413985766,-2.3407968890333346,4.2636965881314515,8.604377411526093,0.7832254420131554,-4.2096383868285665,199.29258517890688,66.41266930315861,30.95940042310999,9.308708344713398,21.54101523518856,6.354474073432702,10.343956683711523,3.5367635055252724,9.901198391194038,5.371413727484447,5.803835848741221,6.489272629419985,12.105397191515676,1025.936953009399,600.7304796364211,1750.1969421141011,697.0509426516061,3095.306984909881,634.1305703640137,-5.994304164223075,
28 People with Parkinson's disease/1-5/Leonarda L/VI1lloeroun56F2605161929.wav,Leonarda L,1,188.47720331563332,195.00029050052035,146.38163419018065,0.0020730762852229057,1.0998536286693415e-05,0.0011587316054902969,0.001193194916699605,0.0034761948164708906,0.01013383450328288,0.08288858362578266,0.005323783781215352,0.005832067244843001,0.007970733414774068,0.015971351343646058,0.013045737597031277,27.668432018368826,0.1242298357634076,1.6736474284131224,-4.810344142741588,0.0034401586225916102,0.4470597228735363,0.09857222418552865,24.024228033279392,-249.46804127619805,4.1091733723646975,29.524300414481072,93.46210967628517,4.415931340774662,-25.48464229354361,6.937113658892968,-0.4343845864436817,-23.893980714906004,-11.888469470661317,-19.85222596641242,-9.797136427025356,-8.652013670909394,27.286376720580044,11.517034743744173,4.568725567249711,4.508561366236573,6.89351996855763,5.154193516189842,4.619915174163991,3.926504904288852,4.74451491586192,4.8290585748507615,4.415069463350972,3.525416026223889,3.981278611722379,312.0281111350602,77.51488491966991,2537.370884312372,268.27218506270293,3367.372208424058,628.6444426918366,1.8196679999105283,
28 People with Parkinson's disease/1-5/Leonarda L/VE2lloeroun56F2605161928.wav,Leonarda L,1,164.35367973996907,180.9997755107238,142.9657697831297,0.0016814173055849798,1.0230955021977065e-05,0.0009269607668121707,0.0009593420794687963,0.002780882300436512,0.011026863331786547,0.09568045386063387,0.006114426138041691,0.0063523360043686436,0.007902102638021444,0.018343278414125072,0.007044979384713408,28.158390969764568,0.16420137518586433,0.1671948075545374,-4.911208754875043,0.002887810410492314,0.2989473672734011,0.18759168134412205,23.265539095063,-145.21620775028913,84.36382150536053,-21.283372022777034,48.87413915167996,-13.914049423881506,-29.67232947512521,-24.473208870730062,-24.155717698108297,8.304911423427956,-22.509840225290475,1.369022887158668,2.7419110327535097,-1.5238944113434156,28.39007858635853,10.068514376135106,7.075833691092198,6.86340704329536,7.527149771130313,5.302360721095944,6.39387058198751,8.22832042957837,3.9000995762033615,6.261881192102273,6.568283154024553,4.216390851494124,4.243334243061139,568.8581684467097,72.32439601122131,2117.297405728149,396.1421636098588,2932.77602079399,773.5077886576651,-1.7323563428286413,
28 People with Parkinson's disease/1-5/Leonarda L/VO1lloeroun56F2605161931.wav,Leonarda L,1,165.10926395346507,172.61605295848048,82.53391272093754,0.0016826750321148056,1.0191792039637535e-05,0.0008841841951609011,0.000969318970514823,0.0026525525854827034,0.008870908284061136,0.07418446282666002,0.004193264564956474,0.004713033366246291,0.00740257423249038,0.012579793694869423,0.0017445197608843609,34.42582760588374,0.20127341287029524,0.12545506083541183,-2.7815028223972793,0.02019094303930641,2.0570128351707586,0.009062588428514597,18.394322395116887,-250.87139378579647,123.57677012109457,0.03365442109019582,20.153215755748867,-58.53531611118289,-44.05703836012161,14.641798858228915,-11.313754483125669,-9.73024490630338,-4.563522220399226,-4.0055769942411406,-17.216212497564126,5.03091051370727,25.26858933345936,15.628784729725258,9.341177806812917,12.44599127849305,7.997697775145344,7.382991471812808,4.7007052881089475,4.538901960181209,4.289897117617198,4.203573251311123,3.6967899653746934,6.7065371839515056,4.156304974387471,573.175715588037,76.95660486472309,973.9135929358223,89.43594962707209,2903.4032021392995,178.5022597878004,-4.203600267149644,
28 People with Parkinson's disease/1-5/Leonarda L/VU1lloeroun56F2605161932.wav,Leonarda L,1,182.0341724687195,192.69992546515067,155.5381271550148,0.0011316993910591218,6.21715518169465e-06,0.0005172347724219633,0.000641931243182109,0.0015517043172658899,0.008469765976492058,0.06677250692322668,0.003737905485709523,0.004596998927211811,0.007277021977041937,0.01121371645712857,0.0001129477358090699,37.24009271855491,0.1481827150381938,0.09389977494715082,-3.946766086692631,0.0024792443721626204,1.6305178092238712,0.23771962113465486,12.254996768407867,-353.9249763450964,124.71733609017832,29.525131867030794,22.16678798110766,-21.44393921763719,-16.92470184849784,1.37991577925437,-23.002319994767284,-11.454862475211257,8.3679907503221,-8.728946999578078,-4.223013979763803,-5.310156052900394,31.022237698595898,18.9335890098024,6.272458191386061,8.997057939198585,5.595173000767545,7.458434764926467,5.985938252359599,8.205684468786757,6.17397802014312,4.039456324621779,4.986824691170466,6.302399152460651,5.385044380946651,473.1491747760162,348.2643214192685,764.9661994437705,271.40483298594904,2719.4083849682547,1115.9857235933011,-6.112131858095518,
28 People with Parkinson's disease/1-5/Leonarda L/VA1lloeroun56F2605161926.wav,Leonarda L,1,156.37818905621384,166.50198067665795,153.6970613539664,0.002176184925126557,1.3916280131903507e-05,0.0011841936678411097,0.0013004342423905853,0.003552581003523329,0.016256697195740327,0.1464997374195975,0.007737291893443258,0.009177514388324664,0.014798414368514116,0.023211875680329775,0.0027516718920584664,28.27698241837447,0.34131893550158693,0.24993418210062374,-4.851875997214405,0.0019710052818130435,0.03849451211161161,0.4969065940370132,23.428737031074355,-200.29290686051178,133.0780268464461,-57.99864503693485,-14.849386308613681,-42.076756635386616,11.47093115734829,22.00814689276004,9.009116290628638,-16.170143484662113,-2.7404893558170826,10.513351556075037,-13.432893810718818,-24.413785616878766,26.44981526598175,13.292585462842647,8.473388352413279,5.5733700007150375,6.422094249373614,6.62149126248627,5.1442697552427274,4.137637658788152,3.628877963669643,4.908577701862654,3.513173612913717,3.9880164991794453,4.362612724404062,885.5614349939767,91.2556623297649,1348.0551244131777,110.36994607838307,2833.297505471974,223.08297652627982,-4.187469616035526,
28 People with Parkinson's disease/1-5/Leonarda L/VO2lloeroun56F2605161931.wav,Leonarda L,1,169.19755126873955,183.58825093792797,152.24448879987835,0.0022212581157429133,1.3128222016422613e-05,0.0012410168789228114,0.001326721445809357,0.0037230506367684343,0.014230722146626558,0.12860011957444442,0.00797020447918869,0.008545638749538417,0.010240057554193244,0.02391061343756607,0.0008220208956962491,32.12414124342731,0.09396397118295546,0.1119773266118842,-4.889188718345501,0.0025806523525179264,2.477082313965392,0.28609794910832,22.54124555877371,-223.14561349169145,153.56550240434365,-6.323432800468243,21.89579722974313,-69.50268940262535,-45.47516820797593,9.262669889902584,-10.937916316056914,-8.738776135628605,-1.5661168861366428,-12.30342204777366,-15.529955887404553,0.37639157540668555,26.537661576220067,12.342800672619209,7.4924153898126935,8.136972764355844,7.076457646034495,7.9132871397219855,4.532764093088627,5.9041100556571315,6.259077529608648,3.7780508834710687,5.15030067506107,6.388534641579984,4.399803253770329,554.6193009948407,84.71004173461937,928.3503988438368,97.25984476045166,2881.6081966112065,258.0244381784071,-4.849906480895939,
28 People with Parkinson's disease/1-5/Leonarda L/D2lloeroun56F2605161924.wav,Leonarda L,1,146.09839313670392,176.6085070418679,138.76098233016387,0.01787431221586547,0.00012145820436853665,0.00791799631250349,0.0063680734254235325,0.02375398893751047,0.07311702173783102,0.8541144287062331,0.019457085246338362,0.02956692901830967,0.06385034923117543,0.05837125573901508,0.030629612838339017,13.996077886233078,0.13617422169182533,0.9247670961490272,-3.2008122147805995,0.025044365129584217,0.10412439536662836,0.5033790694192439,3.7794484185916275,-379.59723974238017,60.74985516993439,-8.600257616066111,-0.5401759725571241,-7.21376563767846,12.809268970935564,11.147168979081886,3.8240570032646595,0.2118634502637127,5.82464982400074,7.282382629697691,-3.092648134609123,-4.55945315721165,171.71521698460973,64.01990972782899,28.64295750525754,10.02686815374544,16.795200871913547,10.24467009128092,10.139046454980782,4.126132651061314,9.894678729517155,6.929147091228046,5.235728951607585,8.629451313517851,11.896109274246776,1063.1948720332475,569.8297431259326,1810.7715870848754,647.0510827389654,3135.113575759256,621.6358218671439,-6.4240149623985205,
28 People with Parkinson's disease/1-5/Leonarda L/B1lloeroun56F2605161922.wav,Leonarda L,1,163.15094110629946,599.6968318496452,77.19179965522508,0.021248544780313336,0.00013173941511216103,0.008739641201919963,0.009506920025089178,0.02621892360575989,0.10237052516617322,0.9718714892833425,0.028874207978659923,0.049718593279933734,0.10762359539545084,0.08662262393597978,0.021516514192614876,15.01688535460059,0.12423833081193474,0.6262937751292788,-1.3791576870459614,0.1655926595157617,0.49285794605010197,0.21010096933834518,-0.2685529281022383,-363.1716875377682,96.92314362414916,22.93664694529857,23.19692978239885,4.715619394385999,3.3421768703547508,5.722433514160165,-3.6011952367475097,-0.784850934819731,-0.5617222181673629,2.0727906332482497,-0.9113279382925229,-2.6497902258338244,111.0154119241118,63.21115418028924,36.68650823278219,30.52825612870333,20.25554262086468,17.57333658755811,12.249946011917043,14.105027699344086,11.834058680622151,10.898417622874817,9.869693651664294,8.666416946088026,9.867669193697026,682.6308983595068,379.8722648380579,1796.655752361476,492.0536763995099,3054.197903475716,654.3197674087315,-8.106021157185596,
28 People with Parkinson's disease/1-5/Leonarda L/PR1lloeroun56F2605161936.wav,Leonarda L,1,164.61841925077564,598.222295434682,78.05275135220653,0.01560045997220367,9.573200351447456e-05,0.005859594973232726,0.006443811575631824,0.01757878491969818,0.07934405138634608,0.8041771762512364,0.021772389726151982,0.034471581775771046,0.07188600297545801,0.06531716917845595,0.04369345752293824,15.533968344149619,0.1299438816527713,0.7418434964966982,-1.4896594055860917,0.1493649554996987,0.6169712266130589,0.14411369044568872,-0.5333867898462685,-370.9825173399426,76.91819740363924,18.30511928390064,23.834741920722248,-1.5254160081668864,-0.06856838521630003,3.8744425322359337,-4.254155214151243,-2.486648184810704,1.4525599722830203,1.723322586021027,-0.32655452371152915,-3.44133334940796,118.95892917673655,58.252842663459404,38.29669796898263,31.564448720390555,25.012686624373554,20.065062302485593,13.099020653555412,13.68023990663476,12.553813439894487,11.283354063027783,9.928023272849426,8.605974947340812,10.558732966362854,669.9209189671387,366.4659405743572,1744.039862901667,470.7665690801408,3086.186861228222,589.2442551616334,-6.7448513531331695,
28 People with Parkinson's disease/6-10/Luigi B/D2lbuairgo52M1606161812.wav,Luigi B,1,93.43799303885524,106.03094172114918,82.90730869235,0.022549467722718118,0.00023929500694869988,0.007971388658632643,0.009979938687148414,0.023914165975897926,0.13296669847759365,1.4107309299117516,0.03435685184627361,0.052829650792603815,0.14127778885659362,0.10307055553882083,0.006684069281155888,14.393568009440608,0.06596036195735,0.7748655604724166,-3.0345772432451708,0.02845662019926761,0.16121443267783309,0.57568523572435,0.36735917892875136,-423.419519220424,88.84439744005107,10.727651302382958,9.201824359082119,3.510919209591092,7.2011478987707385,3.6310103294763154,2.3164469271424575,2.3791967861936465,0.7961780349328604,6.4311329711933105,10.398574500626122,7.490232325861714,166.85592483761422,73.45129446016837,16.502695201499186,9.806528014232862,8.451109354351617,6.307533384896753,6.989059897759213,6.287973516829012,7.912837664929978,6.753289422169581,5.148000937642312,7.562723502463893,8.098055072503918,809.3126665734513,603.5428143337203,1758.4673998086344,670.7540410106345,2921.565819544955,787.4314403902066,-9.373017343309586,
28 People with Parkinson's disease/6-10/Luigi B/VO2lbuairgo52M1606161817.wav,Luigi B,1,93.03986653544189,108.99562178844799,86.86499814742649,0.010559406766129056,0.00011343318692965053,0.00601697971570287,0.00515388742659055,0.01805093914710861,0.06353423356283378,0.5405444534425073,0.031462606808846084,0.03913057012471878,0.057310124557734696,0.09438782042653826,0.0012142350394396967,20.81003110033135,0.21173961470809866,0.9286585383403876,-4.177732187535106,0.01410795891385251,0.15859942611979577,0.42643329101420163,8.37319026139209,-211.19488870925204,188.20033250181837,21.936746960172425,18.300940825586643,-31.865078205702897,-30.918649580899086,-20.50574502330785,6.119573239230249,6.179144588000481,12.208935294456477,-6.645722644524406,0.9996625705023946,-1.9950374077608815,38.05262944323015,14.248255931125204,5.983881100698422,5.219287096043273,4.8773030558538055,7.940380969607976,9.282384392440152,4.352659303738374,3.6476293886289564,6.100438884092275,4.3165889924550145,2.9227949459044384,5.091000464713856,634.5857153934134,372.38546913437955,874.0892306389553,602.6005347147012,2748.5736297594876,430.93478032228836,-8.303734641125782,
28 People with Parkinson's disease/6-10/Luigi B/VU2lbuairgo52M1606161820.wav,Luigi B,1,102.5888718415222,106.4715962317733,92.87773894882255,0.0062493820797067,6.089838800978943e-05,0.0029615887415927826,0.002781669748863047,0.008884766224778348,0.023428014592654606,0.20280003115842662,0.008139571224919036,0.011258013949106091,0.025855848115435415,0.02441871367475711,6.873761381568687e-05,29.544876042329168,0.05109424919973587,0.27604154112263957,-4.073107340694511,0.008322121693032722,2.002930126520956,0.3303820876400824,8.478743734379393,-362.7004531924753,149.75787984803125,100.35507047901633,73.96195806441182,6.38810430648486,-19.74288940773578,-21.037134369256517,-7.344904283800363,-19.581516391496,-5.8292915546265585,1.2910942199896012,-4.807241718977971,4.625496044895414,36.62781970385098,15.506805340805954,11.379699598854637,8.937009067869655,4.728477854852393,6.690483013389551,4.689043931611372,7.3278922082121385,4.606712737536183,3.4562529946768583,3.630974934829266,5.292098028330664,4.32381366021752,302.80292257713853,293.0082667142399,951.3533809194691,217.64070744108108,2830.7638424105558,285.6118377544903,-8.813849211889513,
28 People with Parkinson's disease/6-10/Luigi B/FB1lbuairgo52M1606161825.wav,Luigi B,1,100.80028268758517,595.7010120173704,74.90202398466316,0.02047389476552373,0.00020623288976323633,0.007962425269404405,0.009725956575119918,0.023887275808213218,0.10875936715934809,1.0605546228805753,0.03114549973053274,0.055673818069290115,0.12307451000716506,0.09343649919159822,0.0049783912643733205,14.607292067522144,0.12474781952483745,0.3976442310027266,-1.8303864839351123,0.1256981215009963,0.20341875456665545,0.14024384033896797,-0.3502751312201937,-382.6978681067073,85.23448813223565,21.305405995035084,22.527040727565584,6.984994008518556,5.794504988185363,0.11357242607670218,-4.959249018946303,-3.0420570282866013,-1.6863985585943635,-5.691866334037462,2.811582160866261,4.549848741076961,119.74192082770459,75.01013009690253,23.124936985611154,22.787273734977557,16.537980040618375,13.3470302031465,9.487717925899828,12.355925306879026,10.807343196684235,8.879054386952388,11.852639647828815,10.23449898094783,10.100661806614301,680.5544884572106,450.35564699996354,1721.9072011128,676.6286296052677,2909.2507453490357,745.7409414116297,-8.021524859915273,
28 People with Parkinson's disease/6-10/Luigi B/VE2lbuairgo52M1606161815.wav,Luigi B,1,99.69809387903557,103.806554641009,96.02885625823829,0.004188851663254571,4.2014830941677934e-05,0.0019593391936270715,0.002414020524376006,0.005878017580881214,0.027861205183797397,0.2359119317345434,0.011709859935461479,0.015439569935285584,0.029508333916056416,0.03512957980638444,0.02314655598511018,23.003485305786786,0.11781904545513451,0.8340219792006681,-4.443081202704498,0.00400640179752163,0.24933111519403067,0.7716938581494079,13.350513253791956,-175.87150907315998,129.17299448509348,-4.099070496305261,34.63465154002929,25.74498846029502,6.049012321286012,-35.04863032792108,-36.25404209853562,-3.5847439640708476,6.646418784384313,-3.6694203080587013,8.202666702643805,10.357622641157317,47.505432273053636,9.939156930111798,6.8908736547504175,5.127086540498259,4.456980473850254,4.653884217686265,4.255366502546843,4.559091620848687,4.045847388840042,4.071586305960083,4.461232461371542,3.5685990944517827,3.8134758806034452,474.76877270867385,111.63027502171646,1701.7483636809225,349.5656456214184,2358.530900994189,651.2524502038863,-5.414862671318918,
28 People with Parkinson's disease/6-10/Luigi B/VA1lbuairgo52M1606161813.wav,Luigi B,1,86.69920462670851,91.63162367633063,75.45981006335573,0.006364447468273308,7.340846287694642e-05,0.003018861364428797,0.0038499213186294263,0.00905658409328639,0.043579236036391626,0.37938864884011075,0.018884601984068345,0.026620234432895653,0.046916643676872254,0.05665380595220504,0.0016413778112407617,21.028488586089146,0.38118344067874976,0.7565403176392322,-3.920977704965944,0.007050014875170994,6.816870354205277e-16,0.4446172820280489,6.146514968756122,-194.79926155594234,188.54909549593168,8.220128031176404,-16.125361087048564,-8.982112878121866,-8.098711168443039,9.92642079085356,-5.772397835754598,2.836754097784804,-11.10567786769732,-9.618668382628707,13.628841897652993,24.108170641504884,30.96432045898007,9.838988137320126,9.164516810472453,6.300444899028874,7.040241281045672,4.907926617435958,3.599474241895423,6.171559857263926,4.587277442773504,4.430543939284028,4.955767114375035,4.495689204658681,6.091029483230592,567.4134486276396,127.8101099101013,1116.624561325807,164.92910846215906,2269.5772734612906,356.593545784847,-9.435846501164214,
28 People with Parkinson's disease/6-10/Luigi B/D1lbuairgo52M1606161812.wav,Luigi B,1,89.85303473886631,110.73087526693018,77.3730709342447,0.021680289686344247,0.00024098036414286364,0.007835765845383596,0.009938720510544799,0.023507297536150787,0.15557006995212838,1.7090360471627357,0.028645161005661137,0.060970248790679075,0.2003111339123272,0.08593548301698341,0.0017607700541377809,15.028418927782308,0.08234261210096351,0.8152943545488767,-2.6854485728111914,0.03630032004059207,0.09317131307260822,0.5618517687172526,0.6143141074040628,-409.5423750949631,98.17839214116226,20.15226530997344,10.113570724414796,4.144872407660872,6.30709555017025,7.874109834920768,4.451946151714512,1.4794362259691332,1.9856235787137575,6.638002864503257,8.34145439641806,9.640693194668513,158.97029695108026,75.05624300756214,11.684818897085247,11.134380062830049,10.699936239193862,9.206657255834935,6.040158408491798,5.237078285784547,9.303695987869274,7.432649695319795,5.572223296931365,6.1760676078433105,9.122176440336483,830.5153283756781,597.9574745035883,1761.315026247206,785.9513073353169,2961.3273375805265,881.9632478093113,-10.641356570162584,
28 People with Parkinson's disease/6-10/Luigi B/VI1lbuairgo52M1606161816.wav,Luigi B,1,100.63445187473737,104.55617271482627,75.09976188875727,0.0032030859717758413,3.1832424093972006e-05,0.0012438949372321386,0.0018021184655998934,0.0037316848116964157,0.012349503685181847,0.10907391311072094,0.004468485019364555,0.00658502838726545,0.013485336836660996,0.013405455058093664,0.0046656077827272,27.93230245508156,0.25378773581096975,1.5000351324463352,-3.4913950021308366,0.0035831651280135795,0.47178700631078324,0.603824357439717,13.405404959007374,-262.5890453698016,77.72781668039833,30.277467056254935,90.66808916839646,56.70000253113617,5.225722623785861,-16.977172501037156,-8.85693696582715,11.19375086146307,-7.269064754213285,-23.840644380021082,-10.970927768822682,13.66488983787172,38.52118576992917,7.91386503236081,8.406393075390136,7.41082383343485,5.945050065513153,6.2007942576711255,5.52749267659671,5.459221464056884,4.547232635249631,4.3735351131519655,5.239816942128045,6.101842208618932,3.9817526870114937,243.87778813456654,46.89917315241744,2030.9941298541453,98.21872939720407,2948.5437688884267,920.5740640205438,-3.4036158638538585,
28 People with Parkinson's disease/6-10/Luigi B/B1lbuairgo52M1606161810.wav,Luigi B,1,98.24084461457628,599.4518994744312,74.87500252450549,0.02438988627354291,0.0002500660662928747,0.009023940377627796,0.011180783996021737,0.027071821132883388,0.12365125251481182,1.1544274593331552,0.03521762327963757,0.06480548581839243,0.15770567012486647,0.1056528698389127,0.004849091619342796,14.235621618165801,0.20431241775582365,0.5317232108747771,-1.6799638143236317,0.09473222467998126,0.5233941064385766,0.17444064743930834,0.611164291879561,-343.6307898861461,124.57675354232416,29.1538126816948,33.07854819316737,9.402529004805197,5.779858324637552,1.646458324420124,-6.165975691707223,-4.758404335785006,-2.856701566538276,-10.986057478892727,-0.26592034740661047,8.179779466550766,107.74999606700221,71.10283308116674,25.183061073634367,24.455286968368476,20.437249440069444,16.769602813071835,10.79981048106485,13.699133329068003,11.453041598262352,9.883879354365005,12.677140549038965,11.107451284315527,12.948541808588057,591.7175620395288,347.499343832686,1655.3487867864249,660.5383747414212,2820.9932177744004,757.9604464691201,-8.337998166306459,
28 People with Parkinson's disease/6-10/Luigi B/VI2lbuairgo52M1606161816.wav,Luigi B,1,104.3813756716042,107.48666042111789,98.12514033638733,0.0031444651298312178,3.0127178096957895e-05,0.001190778936506482,0.0018111621442020922,0.003572336809519446,0.012858520983534499,0.10736214403774465,0.0045714309560551175,0.007132755245813093,0.013218447426271679,0.013714292868165352,0.006853859716997062,25.9406191524458,0.057091506802560484,0.44273294482716097,-4.662532894428262,0.0038207592571351382,2.3650122035113634,0.7085434726020917,15.28604830288749,-218.0024297338566,64.19002322659438,28.962068154491043,94.10931364362987,40.880547175291184,11.807873687170112,-26.893281744207695,5.269344953305894,21.219977728034046,-26.24691981291626,-14.417858657940881,-3.863954619382602,5.921238824088017,36.58268892528682,8.979424607317506,10.102418627854616,10.746439899185173,6.059793839098203,5.079776439123988,5.514893442740282,4.032245448823875,4.754212899052724,6.617185787853947,3.309469897090523,4.8161801098438275,5.8476635517458115,234.62059022445044,57.30284021107649,2132.583200942299,100.67913886088198,2750.246005215777,832.4780884451937,-1.2199266514031524,
28 People with Parkinson's disease/6-10/Luigi B/VU1lbuairgo52M1606161819.wav,Luigi B,1,91.56677355871246,107.37653295102506,86.73891050265026,0.004798100330934993,5.240156686478532e-05,0.002110062902567002,0.0027294089727484204,0.006330188707701006,0.019920411775445575,0.17683418043939428,0.009476060507107606,0.011448061590214335,0.01949483623420684,0.028428181521322815,4.533695502473684e-05,29.71262051011882,0.27275427505671157,1.0716016548338727,-4.063924284998045,0.0047630414412776064,0.26574884351965755,0.476829825057529,6.152685284353332,-322.77014415633846,166.71527289059537,90.91249866574218,74.76184431808802,18.657637863340323,-9.78802800237178,-7.520195737806175,-8.603339130315376,-14.4909888535775,-6.975458141794293,-5.932902723902865,0.3546331585408891,-1.7410969627605626,32.716456138831674,15.189966292350503,8.885043661934986,8.615763447105214,8.35146010710908,5.104993448909345,5.0388140280640625,7.041685158365468,6.878386770508864,7.661289723740778,6.9309229699245565,4.395757685210935,4.950041300196101,354.7040759597214,251.5318622561073,1876.7878269072562,564.1089704349034,3349.5348670517524,497.2642047462956,-8.976487164254733,
28 People with Parkinson's disease/6-10/Luigi B/VO1lbuairgo52M1606161817.wav,Luigi B,1,100.3573153119329,110.01865049255257,84.15488167070843,0.004267914087412796,4.2530062869601704e-05,0.0017066313732867068,0.0022891756111836433,0.00511989411986012,0.031003705558050054,0.27280389356204077,0.011998446417422336,0.017733644746067295,0.036733462790358336,0.03599533925226701,0.0007321087627819285,25.85819623301089,0.33954625277085293,0.38822805276723565,-4.172887706852718,0.0068390236644076865,0.002230135702494581,0.18587542273037325,11.900085515302141,-250.59050938864806,184.485739316867,32.63470182436839,-1.3134650545981637,-21.183376795069183,-26.641699792809685,-25.220052323610226,2.668281668514235,3.120687628946062,12.541013979094538,-6.1699048127021765,-3.8925760791702224,-5.393361993875196,32.56677544652119,10.168814429274276,8.412468828604105,8.5263512025686,5.781276415089313,5.412360777089021,10.21873427902621,4.885343714471427,6.308017158747174,5.423257252286046,6.672212078657436,5.421448241474005,5.275311289618382,584.1245304752615,235.46805432993898,876.6589056982144,357.61256872837737,2579.1096174206323,867.6692925822614,-7.6445930939388615,
28 People with Parkinson's disease/6-10/Luigi B/VA2lbuairgo52M1606161814.wav,Luigi B,1,87.27231554066822,92.06981503646357,75.13624516228477,0.010531992112705706,0.00012071192181401622,0.00587107142588729,0.005443991656647312,0.01761321427766187,0.04665216215080117,0.40402411488017437,0.02093164536813251,0.028448897802709504,0.048631100191482,0.06279493610439753,0.0026003374554059984,18.814259608769778,0.27874072972858555,0.940658103554375,-4.077068802343001,0.013664207244439291,0.005092677047920828,0.45645415077887846,8.851481475966544,-137.57181128873256,188.57791806874522,-3.801680861056792,-27.02729785966146,-1.6773989455705955,-5.921951420953508,5.286363282379313,0.03100889186981222,-5.127258186914804,-9.536163178590135,-8.237179112511454,18.699480051125533,16.148206626298325,42.15978951374345,16.489752676129637,8.95452896780912,7.075565247704131,4.526120698834879,4.170143909417842,4.481927253029832,3.7007404197597022,3.6860944653595946,3.9049962368526625,6.533208788660146,4.822940976687245,5.791523985627467,593.4466677511333,125.19015908676162,1177.788711957066,118.54657495778459,2249.191836612861,278.01834354545684,-9.636269623650682,
28 People with Parkinson's disease/6-10/Vito S/D1vsiptioz46M1606161702.wav,Vito S,1,171.03409671657667,184.49512617113865,155.62795533712816,0.00672209225437808,3.9308407409565045e-05,0.00315205922918933,0.0028130517400022986,0.00945617768756799,0.05183220508866882,0.5930958036962114,0.015593609753009332,0.018680462985992758,0.03697291922194937,0.046780829259027996,0.0022100177270971398,22.15580740424585,0.15790131359672185,0.27335971959950284,-3.2808983179196134,0.014958371610669726,0.15086777264373402,0.4339378800868154,3.6692583945480344,-369.8225856472858,82.48246573649202,0.06107014935463321,7.191065902463471,-4.980333008429606,4.640598181770992,-1.4753806296324294,-1.3049001965082572,6.452915909780658,-1.0533015123501832,7.946495187613304,6.268126658706838,3.027456715470998,146.47748017615373,64.70492644964501,23.088443914179894,13.241157538872562,19.45101980092005,11.1096402142482,12.435673041966192,10.179330873150638,4.197449917392656,8.753848436524635,6.721697203576375,5.232405287278866,5.301177514097366,829.7949314388816,529.7494461853992,1786.7999772244223,735.2020621946896,2953.874544746408,720.0463338118077,-5.450936484447485,
28 People with Parkinson's disease/6-10/Luigi B/PR1lbuairgo52M1606161824.wav,Luigi B,1,88.50750540876334,599.9486727941246,74.90558978071623,0.023316750220929897,0.00026474566191595145,0.010104672631927849,0.011071492539933198,0.030314017895783547,0.11460688577850607,1.1104204311920765,0.033056617755533715,0.05384463291999201,0.1184873392375832,0.09916985326660115,0.005743026225975032,15.646552007491113,0.09478550678717693,0.4809664613501181,-2.159722539834738,0.07100684753124815,1.1643752589549197,0.09712933376061134,-0.14919123584852656,-350.17897624034805,121.63311876881549,39.187963091234906,37.78944460737872,9.616303472464324,4.028176074835094,-0.01675864999238425,-6.362816614947026,-4.766090693522044,-1.078117725197582,-10.056644148712882,-2.43696414908834,6.219169200098152,91.78993496136746,62.10873400142441,26.323369784968556,25.11574635061071,22.706649368024756,18.93432915372969,11.975876829471733,14.008899008535861,10.944313651195479,9.691222403792402,11.89935888881496,11.945363199725174,12.4496127148819,541.5262341431089,305.1140022434273,1648.4444912409451,651.8672099050261,2874.921395903966,715.5752207508737,-7.566736172354263,
28 People with Parkinson's disease/6-10/Luigi B/VE1lbuairgo52M1606161815.wav,Luigi B,1,97.10291837730027,107.71722415874629,75.0955632539138,0.004033770677308003,4.1544529401308e-05,0.001685775712504699,0.0023081736528203015,0.005057327137514097,0.031149798620620187,0.2735817197131062,0.01175016957947327,0.01692764873219031,0.03514883288900071,0.03525050873841981,0.013284315904203352,23.69426703874048,0.24243247321546227,0.4974644476638287,-4.131514213540799,0.005308211815098762,0.05316365331225103,0.3087178297815057,12.016028068897995,-224.8070689490829,145.03626810836306,-0.33692340771817864,20.935969150900316,23.305257254118665,14.403044095618323,-33.369359723374856,-33.759840696310704,-4.694571185424447,-1.8860498972593887,0.8450254312183596,8.844134240753068,4.084637165735147,41.54735300328018,7.220377372598917,6.796222790450004,9.458970003603275,5.050908026495857,3.994122535510207,6.191840965224165,5.146324396949888,4.123641500878541,4.725180160273673,5.326067538583374,4.3929478137921425,4.034115329746793,461.7430968573479,102.85436767824658,1544.5948079567886,269.37628969054856,2260.29420341907,372.72854251643014,-6.285225668230842,
28 People with Parkinson's disease/6-10/Luigi B/B2lbuairgo52M1606161811.wav,Luigi B,1,95.15903072516491,591.3007533361288,74.92221476064283,0.02219469577971919,0.00023538806017763791,0.007988045388711526,0.01016566101009455,0.023964136166134575,0.1188960130266495,1.1220599296679636,0.03408990004921539,0.061799288902684595,0.1425089071410678,0.10226970014764616,0.004285705168816188,14.677133396943832,0.21175437543140893,0.8805327340154441,-1.8280360562000009,0.08567510262546163,0.47241888951059247,0.20453895410600204,-0.0028971526709185014,-327.3278328224348,130.8316212804312,31.27041014755444,34.041605952722605,8.773633217919985,8.365584956026323,0.9811303348161752,-7.522007145609648,-4.471519751725394,-3.3386015125005493,-11.701995054149835,0.9305273476596914,9.389723961125316,105.21528443284294,69.55273013250886,24.685574981278204,25.069543860769503,20.034429267387328,15.735036821060296,11.016853747308247,14.013868562242608,11.72175593715484,10.305657200315828,13.576532973794142,10.862393980377137,13.358837708081259,570.8015041501095,331.41405273167027,1617.9509710849788,643.4950765298184,2807.982916238653,761.4314082241632,-7.951007472833148,
28 People with Parkinson's disease/6-10/Vito S/VU1vsiptioz46M1606161709.wav,Vito S,1,203.82178964175114,271.81389630762715,104.23920775600853,0.006946448528680442,3.406108029623791e-05,0.004401099983297809,0.002967587179974623,0.013203299949893426,0.012311229680540563,0.11996613190045581,0.005514405273242273,0.006043501756605877,0.010730550658421175,0.01654321581972682,0.00011358614860301446,35.59469855705461,0.15726639912882312,0.03354502292179846,-1.747895160326379,0.03598447003505736,2.560697939587358,0.2037179723202818,16.152381408269406,-360.3356423515961,115.81909174239775,53.62561178928648,47.40439023724431,-10.997675587280435,-35.12970983039424,-10.597088510152588,13.913557512454192,-15.386205361560421,-3.797217663309543,-6.4893823832004465,-18.398366612707957,-21.015182172590606,22.381115476673852,9.95799432548274,5.887730108993421,8.165083654900736,7.976768209884202,9.104179783052885,4.996080004538746,5.089674824543942,5.733353290582909,6.036042453616444,5.479804533132837,3.0448567714160637,6.214051564586449,282.53434789014443,230.3238475737548,734.5544600704688,269.60711793066025,2611.942141604292,246.2951756569478,-5.821183499034084,
28 People with Parkinson's disease/6-10/Vito S/VA2vsiptioz46M1606161705.wav,Vito S,1,192.69161225425916,204.06610044116945,190.0535132250268,0.002628379334174262,1.3640647648163362e-05,0.001440986086444136,0.0015012010130081546,0.004322958259332408,0.01386225334868163,0.12196494732341118,0.006697358913390379,0.008141809209869344,0.011149256258405313,0.020092076740171137,0.003420265311533703,27.185021847824785,0.2754380666951659,0.2114775736318923,-4.593302056818594,0.0021288189533705615,1.5177326650970957,0.7238558389600039,22.69254744402828,-185.1565502258588,104.36533558012961,-26.838484704730625,-3.509186213815612,-51.2483064090227,21.695417829573973,14.00223833075129,-24.999376100454874,0.44202546437078616,-7.595400125443997,0.16679994077363686,4.136089917127335,-7.780112190275095,36.14878931387673,13.960374794375806,7.893915950845832,8.435572544136917,8.561826517821016,7.724662268476931,6.168020818605959,6.357009560098335,5.893303913453142,3.7434793834808313,3.406544433509897,3.0580042270181838,3.9119513275328566,669.0535411443483,320.39340865786653,1316.420584210089,203.1786822812453,2834.7777687786975,1516.9374198830747,-2.959219133372457,
28 People with Parkinson's disease/6-10/Vito S/VI2vsiptioz46M1606161707.wav,Vito S,1,223.67938411885197,230.88929295606118,214.32400858749588,0.0013600418461285997,6.080024853963743e-06,0.0007061067714669165,0.0007370548646003824,0.0021183203144007493,0.00797119151594337,0.06773908884508599,0.0029106769888690687,0.0032776794831614045,0.007050394185328033,0.008732030966607206,0.01675042371745557,32.724510257203725,0.13194427330478256,0.04873664651591007,-4.638919095438308,0.0022531196476738465,2.6839692309290553,0.4818300208392634,23.39951011704469,-260.19234837538704,25.844529442970572,13.235427430901321,69.24883364646058,27.885126441748117,-18.44230429785433,-31.312300841259354,10.41172191816334,-13.104943847000754,-24.722226729797026,-27.726988184037758,-3.9951728429373348,-17.38732676766844,29.52380489190129,11.772073234176716,7.188912503081155,6.616075110428766,5.69578425295016,4.096262352109911,6.148023895284439,6.451688274967077,5.596944533220969,5.49340186598884,5.844261573309975,3.762230131133208,5.598693651705015,329.60981737096375,85.27022822094952,2154.751731410107,802.6084266905556,2804.297108376429,385.5412331621301,0.23069310792193432,
28 People with Parkinson's disease/6-10/Vito S/B2vsiptioz46M1606161701.wav,Vito S,1,167.15919861262023,253.9917033512418,112.64158787187182,0.01399001559608564,8.391767474050239e-05,0.005300594511305122,0.0063192986658226055,0.015901783533915366,0.08134176796937728,0.8532788627175936,0.02034250382188502,0.03502174113073151,0.09172210041147212,0.06102751146565506,0.0029406579416390763,20.766994263840612,0.10742544917169569,0.17131607149853947,-2.220737570464168,0.045641205904778125,0.5473920296467775,0.3152538308027015,0.22446188996474348,-382.4731446435174,83.68653893192293,23.161793260247318,25.01916183974239,8.353743207228462,2.469982250330488,-6.754011202709277,-8.651961068673732,-1.3628000848908366,-5.252382304253582,-3.267067526300265,0.43171509426970084,0.8735197331945697,91.38734739020249,52.41366894610121,20.694595902343977,22.512232705025987,20.64495033845782,12.623856285750566,15.315002690856806,14.194581627877648,10.116669469531733,10.854296979089357,12.787191961819556,8.386268983381314,8.799389812387275,642.4449864113116,429.9248550645514,1733.3253005524368,684.9167729869571,2872.449013158758,726.3689833194704,-7.6788857671107715,
28 People with Parkinson's disease/6-10/Vito S/VO2vsiptioz46M1606161708.wav,Vito S,1,213.51927341853224,218.20539478965404,186.02767788769722,0.0038130298043315357,1.7854461772795436e-05,0.002199769254044707,0.0019288385299074994,0.006599307762134121,0.02815238666222816,0.2670414422987606,0.015148857337826914,0.014373578777641746,0.020389107793702954,0.04544657201348074,0.0008252249633086353,29.546033981309694,0.07582172598222711,0.058112576536688325,-4.28527162200401,0.005181297762031515,2.119431459285547,0.2525675075197944,18.51731633315621,-318.6215863412097,129.08026789184458,12.933325219493987,19.71360430494445,-28.049316140773485,-24.216212341836954,-10.279407940230243,-7.019502383796365,-7.695079648807722,-22.193183723800402,-18.044457343856006,-4.453783481772787,15.791701730109247,34.54977801077849,13.333781526531983,7.893648690238727,9.230690810854965,5.52198408814518,7.482640640313782,6.5064030051738095,7.578761069388347,4.121743434485917,4.068383234288941,6.697864163993356,3.491178696912541,5.451806460663338,505.44659802780444,337.9741189108448,1224.4079862367146,477.55960856160203,2604.577061989731,896.3231300762793,-6.757727466462465,
28 People with Parkinson's disease/6-10/Vito S/VE1vsiptioz46M1606161706.wav,Vito S,1,204.3705041676203,209.89540855049577,196.95898958733068,0.001645180107471797,8.049810487318705e-06,0.0007813544873501695,0.0008718107497514479,0.0023440634620505085,0.00796823340606478,0.0788285485624263,0.0034054428344865457,0.003999530241738549,0.007012972616919673,0.010216328503459637,0.007487783903322949,28.56979503942141,0.09804170294090753,0.10843035087416972,-5.086513418236211,0.0027850709683038114,0.35212434128590725,0.3116609711480855,23.835238367337396,-173.96542108240934,62.05832885872636,-16.158458155148164,37.29851602841234,2.1805523062860512,-6.758409485020253,-38.34858847796604,-39.95319996896794,2.375641525227104,-2.3522491892741346,-10.178581288103743,9.536003256350732,-23.06444893145276,25.733000028682135,10.122408137734258,7.3844121250316554,5.6063458291881725,4.280691750445866,5.204209179568567,9.233000996766119,4.643561562279753,11.584665565905551,5.1828234153267,5.309858428200609,5.868054414607001,5.738291255800815,465.6590046588127,136.67684155111385,1667.1425789752384,487.1808647509344,2467.4830467722263,559.199165075973,-1.146367265988198,
28 People with Parkinson's disease/6-10/Vito S/FB1vsiptioz46M1606161712.wav,Vito S,1,174.85890815654227,239.35016675138752,83.26693203093589,0.016578457053389447,9.499582903740107e-05,0.006416313134059592,0.007568085274791964,0.019248939402178776,0.08809797692344212,0.9039734297582387,0.02315830628376807,0.04089966973668908,0.09749628235099629,0.06947491885130422,0.00488397730380737,18.640333509361458,0.08378455976203765,0.16987549248558043,-2.069271808169869,0.06161962861713011,0.7245797868558144,0.33676691045549106,-0.49237371962149723,-379.8111011505472,77.92600756230466,23.291934385295967,23.281007321458674,5.520229505004931,5.212616621638288,-7.953402302077719,-10.22881629443086,1.2730939543568804,-5.609082485886201,-2.1489014339505026,1.499591961303716,-1.9187183712915776,101.374789529913,52.26143289314292,20.556885578993334,20.974817321592052,19.330523725370078,12.663336940372174,15.36176842947891,14.97995285655683,9.936930809579614,10.749489625866998,13.26891179143079,9.298983018371917,7.986460145633514,646.0092911044217,422.676716076674,1804.9695461151205,677.7398985393255,2937.347845462775,746.2724461693975,-6.641599714500252,
28 People with Parkinson's disease/6-10/Vito S/D2vsiptioz46M1606161704.wav,Vito S,1,186.92485122277733,201.34204433396974,175.10689782134494,0.005664265366257121,3.030132019412109e-05,0.0024302437695959233,0.002330946819472424,0.00729073130878777,0.038622984910033985,0.508552979889768,0.01008544788751184,0.013026919255919766,0.02577789630838922,0.030256343662535518,0.005975188292960338,22.690055963764397,0.17804064719947754,0.31817949834158016,-3.7534720117381686,0.013015588611557428,0.20993001643997447,0.4407079585233307,6.601433668961064,-365.8021018299294,76.67578726004344,3.074276720056508,0.7575758815685852,-7.909975373989486,13.758973679323809,-4.573540955055391,-7.962063447059265,9.542552249883217,-1.7292678410750626,7.932937163883347,7.071002626602855,-6.236875349479076,155.48161535818159,53.9291651531713,22.00689491251842,12.729467262291418,18.739671361996063,5.712658586136357,14.26416280219223,14.129125308979985,8.239273252664264,9.835997831896169,5.421160127976223,6.406584620482064,8.683459267385127,812.7979678956435,513.9497557077513,1671.9757538855124,695.5609969897456,2795.1293758343477,908.2489654326507,-5.79258644845461,
28 People with Parkinson's disease/6-10/Vito S/VU2vsiptioz46M1606161709.wav,Vito S,1,210.59832433425018,218.28324838345804,187.71583873283984,0.0018257028186966105,8.667672706729914e-06,0.0008911735800411048,0.000892066003979088,0.002673520740123314,0.009272670074862453,0.0860644186353253,0.0026997010625206385,0.0035965555646495484,0.008404064608975425,0.008099103187561916,0.00020391252351287055,36.72047493713447,0.449848294362529,0.05403939632550513,-4.092374442516424,0.00469031266741156,1.9129883854109009,0.3108079029734539,19.325685788049967,-326.994963288543,105.15827426376374,54.536881202798156,39.75152270676926,-17.94754919801458,-17.964207070436384,-18.607083831130737,11.31653267775988,-7.471288814406914,-1.476517982785147,-17.659063510436244,-21.89132372793326,-19.52381479834737,27.034628883050374,13.3901244059854,6.786606726460156,6.529760158285374,7.3641076972813035,5.049478037287615,4.894643730034589,4.885558255606954,3.8230451162331183,4.174323630123935,4.248730673285144,4.186489156459359,4.473988352105002,333.12859155786873,175.924420785787,827.9796997891262,142.6425243868194,2532.805861572259,512.2212173107704,-5.394883476975687,
28 People with Parkinson's disease/6-10/Vito S/VO1vsiptioz46M1606161708.wav,Vito S,1,204.37276727727814,214.8477169320962,102.59409695702266,0.002405723558309651,1.1766786944831033e-05,0.0014118972896666792,0.0011585924975371737,0.0042356918690000375,0.01439065089561985,0.14527740655149268,0.008279173526944182,0.006861568746545977,0.010115197133702573,0.024837520580832544,0.0019888815258844645,32.22773271625377,0.2561540858833727,0.0420706131027259,-2.2131817982176076,0.028728338775700937,0.5463674054835161,0.18781048503207434,20.339371310160516,-263.66191025135504,107.82001310864081,13.999595961601823,29.101990384736382,-49.863169035600116,-37.83466335439708,1.0566107540993137,0.7117028492138863,-17.105335102367896,-19.221115124706753,-14.834630737211597,-9.377352488464751,-5.51739445615956,19.419366450493104,9.681438673380997,8.830902592147165,5.7518986147103845,6.525587533686796,5.516165339546323,5.0587398433786905,7.208401616414686,4.932463317632767,5.78566619209365,5.367415562860898,3.4731455983327004,5.22374503812519,497.6928748395339,262.08796066537883,920.2811845015401,342.973086218124,2930.8621677319916,514.5917067910088,-3.3982480137324154,
28 People with Parkinson's disease/6-10/Vito S/VE2vsiptioz46M1606161706.wav,Vito S,1,192.66064710983625,195.6010799084399,186.2585897217569,0.0017257071255429974,8.956893700867944e-06,0.0009326546887561281,0.0009657542991747546,0.002797964066268384,0.00871667726480025,0.07903384757712532,0.003222830756311168,0.004359910168544655,0.007680369011943397,0.009668492268933505,0.0031098091259717914,30.743217882785217,0.29248310888615475,0.1025238566637869,-4.922894008108369,0.0016892481201498083,2.2570310020542186,0.7409108919818003,23.713179981008786,-220.36771986685022,76.21328784027888,-11.598913826929033,31.378064787490626,2.8571865885439744,2.5119789550876006,-46.43462295697335,-29.72945424892354,8.212592859976018,-8.850233752152274,-7.866014120691611,4.476673623043499,-8.613742334687696,30.27625292001481,13.488032590907242,7.618961093796244,7.420499281097775,3.4020464896297034,5.652366396037465,5.382465486519789,4.289366824428863,4.529506863148928,4.580919844312936,6.461835334474659,7.892018733595523,6.347477360707173,505.41365591051004,183.72227816170553,1304.7806944253134,1356.4947803584478,2275.9565759073726,173.695240527587,-2.5592597110105566,
28 People with Parkinson's disease/6-10/Vito S/PR1vsiptioz46M1606161711.wav,Vito S,1,173.48688422403825,235.60444978602015,116.56632209930382,0.016900562681003435,9.789542168504262e-05,0.006353583743581288,0.006816557812875747,0.019060751230743862,0.07783301644415863,0.9035518947416459,0.019204449767075478,0.031528124015544834,0.0773343042207614,0.057613349301226434,0.005454744836624683,19.11431827444921,0.12556474249040978,0.26503503628747027,-1.9274320018662363,0.05673698792192461,0.6164362276159081,0.4396853751781319,-0.9461052946059141,-382.98048107864605,71.3500850327588,23.30749924357921,21.33657854408039,1.7374388081075485,1.0736207457717653,-3.7013474070405583,-4.7972059923057095,1.8318579425818986,-3.081412327199278,-1.0809432716744318,0.97886881071841,-0.24957963218845297,106.62453744393318,52.56391212241218,22.288653460462836,20.575893809930122,21.99928827092844,15.93341856421986,15.326498916266882,14.08486416825503,10.39847615988739,10.749417981491671,13.124015232629178,9.369390882267542,8.02281976434345,729.5547456150254,441.31622247962616,1822.4474694077567,723.5269166805527,3021.945074024943,774.494918472267,-7.279472322262743,
28 People with Parkinson's disease/6-10/Vito S/VI1vsiptioz46M1606161707.wav,Vito S,1,225.83952856846622,250.87353289860155,182.94330529455573,0.004527830171890807,2.0046892698830744e-05,0.0027257635700930253,0.0019413358714779668,0.008177290710279075,0.015968308663059535,0.14606966860078596,0.009555782230099898,0.006741913161527205,0.010131832189026323,0.028667346690299696,0.012329780201948892,32.50360575454743,0.20296652360057285,0.07942653028503967,-4.276545368794914,0.0061018860562923995,1.9266974701585715,0.16053819736267477,20.247196336339286,-224.7584121031297,23.411617318500316,-3.102829960027627,68.79933851742135,34.07170918302919,-8.10956786175931,-33.30767789873349,-0.7729166792055427,-7.979451357868805,-15.210684956026881,-35.168333235676606,-9.142936915913321,-17.444476169814354,23.882793972376938,16.95860046377021,8.852370674297324,6.741566678700304,7.037200174546582,5.559356647956695,7.601505743848857,4.985404372282382,5.827869964110582,6.487080048262829,5.078150945763014,5.85965007883164,4.251867553878245,300.15133926276343,76.52637200404196,2041.5260571736753,495.4295367590272,2465.947293134072,419.9016252894163,-0.2797862007219341,
28 People with Parkinson's disease/6-10/Vito S/VA1vsiptioz46M1606161705.wav,Vito S,1,189.83022673535726,215.87588872978134,152.54490911911287,0.003092676272904883,1.629385600481163e-05,0.0016224740728630637,0.0018358862553426113,0.004867422218589192,0.017949955668852366,0.16802193758369727,0.008027293312213713,0.010449234165143127,0.01506585904918399,0.02408187993664114,0.0018511493331507508,26.688546387778132,0.2199372647750365,0.205387072239114,-4.2004329790804364,0.004575975329202515,0.22965719818561223,0.2524723760281769,20.970059790173867,-255.25936769102117,115.18319391088767,-21.888158572227706,-7.999568510969565,-33.896240776100285,-4.541344225395043,22.740229681042045,-10.722994607228621,-5.192515209387254,-12.245305949948113,9.726102420299242,0.4011042306342377,-10.023259847449435,30.523626853187164,9.619156263892908,10.82592147414437,8.29419848952576,7.540738401038311,9.245283633843744,8.151359346145997,7.493472850094903,4.293470683386236,4.569395783059813,4.991894358951608,5.622733822528974,4.673343349210417,663.4045829270011,294.81367682390834,1215.9846390943594,232.41839514805827,2632.5588353391777,1348.7465951415863,-5.626629496936428,
28 People with Parkinson's disease/6-10/Vito S/B1vsiptioz46M1606161659.wav,Vito S,1,167.81983810399905,592.4482101486064,77.78856683825877,0.01506800514665103,9.008074296923856e-05,0.0060588913079596355,0.0070418871632238035,0.018176673923878908,0.0821265073078962,0.8852261825845784,0.02166476071579389,0.036284695721862124,0.08838146141395761,0.06499428214738168,0.0038193532140333164,20.28483867338677,0.12349785334250216,0.20683956757681596,-2.0815512531711438,0.05932986309986062,0.5638116558238421,0.160613892042861,0.09510275790071887,-382.4729571440375,83.79713903052726,22.167800158491758,25.46493793973573,9.058497552204633,1.2097827732447968,-4.662071192674703,-8.613043465527287,-2.444158926330349,-4.533024000311661,-3.3913131599579027,0.04748259150343954,0.6043554932195677,93.86391547331239,53.96629676321262,21.35650768287966,22.0544394554213,20.94918706170631,14.175295427876149,14.934755280299989,14.504437295483601,10.777845185902065,11.169495612083182,12.152176920988765,8.545967329346288,8.469156361468263,671.3420284705617,409.71231644254107,1772.1504133656576,691.5813136329074,2893.077503370756,741.5437028295975,-7.423816439501404,
28 People with Parkinson's disease/6-10/Ugo B/VA2ubguot_t40M1606161759.wav,Ugo B,1,164.30773651210825,171.5078162698157,156.4176471866283,0.005285331942890953,3.216596851176672e-05,0.0026068546650504744,0.0023730745633457747,0.007820563995151422,0.023857777794967457,0.22811165805023945,0.010208366817422272,0.010710017671346538,0.019088381028255073,0.030625100452266817,0.0005048390196058709,26.20801903754113,0.10764683282356392,0.2991938651555832,-3.9629100095758507,0.005428715733733548,2.236865462425817,0.7972704862674168,9.602128178608599,-247.04473840134835,101.74903471243016,26.53265115419561,5.191535091178159,-27.091295875837822,22.971966286012343,6.942802903659713,-8.650557491028497,-1.4921929337804205,-19.006623473384256,10.249979289590868,0.5620832613163256,-14.286794592145359,45.87155365037188,14.178359071554151,10.053266233624143,8.573058157607504,10.83019871104119,8.030178024155916,6.265905392273471,7.0452818179714445,5.706105104407814,6.678522704888942,6.030154935343456,4.59063094122169,4.838656744299096,257.5660401904077,223.68596589265928,1201.1822405566634,274.26801082286113,2752.9052813718504,683.4002625394734,-4.840507604720042,
28 People with Parkinson's disease/6-10/Ugo B/PR1ubguot_t40M1606161806.wav,Ugo B,1,145.3233496573514,584.1859588291893,75.56505184741357,0.023855330773278796,0.0001650593158593273,0.009913322980777196,0.010277815068400857,0.029739968942331586,0.12303738892451693,1.132815481912033,0.045475256786770675,0.06390379485498131,0.10284781366867227,0.13642577036031203,0.0008512473966069083,17.059663778987364,0.14804905434998508,1.5651515181830602,-1.768675548691798,0.1079402335069087,0.361683273927844,0.14132360955478,-0.9279177379613444,-439.4962874771791,59.02463993166294,30.94609723739475,25.76732449817673,12.643620512862794,15.565520045154722,4.947858129106997,5.955422941744046,8.164606163614325,1.932846961935922,0.5719052609007655,3.2362440004046693,-2.8371297054463422,90.1115807779303,48.962307491551044,24.341000014228282,23.930324760422348,17.103079213084186,13.770071046481915,13.270123379179978,9.515781945773893,9.222798061051666,8.61869045497442,8.52490377362498,8.46083891366378,9.378929511405266,794.3568476986919,487.3596371570199,2020.8169815627252,632.3863925901281,3163.851634481124,712.2791507087165,-6.927040376160595,
28 People with Parkinson's disease/6-10/Ugo B/VO2ubguot_t40M1606161803.wav,Ugo B,1,162.51107176830033,170.18035164513933,155.32697025349222,0.004256469763970644,2.619386634256222e-05,0.0020417953276297054,0.002185857979813874,0.006125385982889116,0.02227713585772417,0.19745606455920414,0.011284245836571427,0.011620291004806032,0.016996049965107316,0.03385273750971428,0.00011509705943556793,27.89389371665457,0.09698691624890518,0.17699763348084507,-4.134779328368991,0.004696402632042201,2.093418987338221,0.7983810407684313,12.253289187629054,-260.63473048235085,141.0839144524224,50.739736728169014,27.33171140803577,-48.37441768197442,-7.558234541543877,-5.560121080775288,7.943809553796524,14.22255625729563,-25.374519792384735,-10.056836458216823,-1.9504619923452202,-16.118023947327274,31.763077359043233,13.193186764301439,7.163316338179947,6.538046249040998,7.05418704927177,5.155262751111691,5.821441235726975,5.141021582174088,5.044154016202214,5.416322666935584,5.0684145681371,3.768128154730086,4.335816673331198,279.1155947059493,243.52776123482732,849.4547050197817,191.3714236299956,2628.4937820324885,386.54812968658484,-6.572769730641595,
28 People with Parkinson's disease/6-10/Ugo B/VI1ubguot_t40M1606161801.wav,Ugo B,1,174.17170687669213,189.25548496301255,149.6666905299242,0.004820340755048892,2.767883459842187e-05,0.0027131385762344546,0.0027107760544895286,0.008139415728703364,0.027601535794398287,0.25412479125453596,0.013899844983781379,0.018525651051131624,0.0217366534433193,0.04169953495134414,0.0003745460131004915,29.74451870638062,0.32637328833960333,1.859566186445939,-4.037949201712628,0.004278217582912962,2.634344584537877,0.6179180125735796,16.18086164193084,-314.73985051618916,70.15410048450953,44.64001176577874,79.6261168120643,38.81331765827407,22.157977173884397,-17.447549216848742,17.778170071723565,11.812836668515132,-8.795285272899608,-6.14818867859948,-10.226881330137775,-5.849025213288711,29.15725523754914,9.157974260553976,11.895719974247893,8.516698466765051,5.284682827131843,6.1438722614553125,6.408415917018103,4.982098156743181,6.531971489153118,5.573875398779034,5.128769326404713,6.501540170263402,5.820535708884116,202.04489365881733,31.110276735323005,2046.8640749550198,522.5073567547314,2947.223437015068,1002.6017730761175,-3.8326523801840047,
28 People with Parkinson's disease/6-10/Ugo B/VU1ubguot_t40M1606161803.wav,Ugo B,1,167.81048338195703,176.7933854247586,159.3812875925838,0.003848110651525841,2.293161969783786e-05,0.0020471029904919787,0.0021101374329517814,0.006141308971475936,0.024139844559384935,0.21999319906500941,0.013259534675905672,0.014027408767632386,0.01746011602021244,0.03977860402771702,1.122955910799364e-05,30.686699982386305,0.1560940559293944,1.7146609572589753,-4.374049443643945,0.00391124215024178,2.2904205304888956,0.692776558166181,14.217012310260547,-331.22334744132706,139.77787311567647,78.91678548431615,32.150574666162434,-3.120298067970841,16.445354942839607,-7.003493667680411,12.885635342358926,22.860602433668546,-10.771405622397337,-9.840781598735909,-22.091645533907,-10.545730118713312,19.565279609284648,12.065483221186579,5.584424275415472,3.922103260090665,4.378617825836172,4.9690243021515945,6.39550563284188,3.4493170821133265,5.155770506439663,4.749358421902304,3.8886646466473733,5.656057321634749,2.902054113212835,248.08965934100763,103.87270039835326,850.7840752836175,517.461343039621,2277.785167248026,450.61926163155226,-9.697248338237914,
28 People with Parkinson's disease/6-10/Ugo B/VE2ubguot_t40M1606161801.wav,Ugo B,1,165.02888136092895,174.153192123527,154.3730760459049,0.0033919251803130853,2.0556407083851614e-05,0.0016149878993999525,0.0018024978270690549,0.004844963698199858,0.02209159779809516,0.18748638809537974,0.01079098999338755,0.01386893839144937,0.01813754272839909,0.03237296998016265,0.0018059624363434565,27.572955383924857,0.034700631361117604,1.6493260256109437,-4.370533040466862,0.004155213451607338,2.434126989790944,0.7097326907672866,14.843555058494314,-238.8332284978558,111.22974905899211,17.310910037567343,39.96176090700285,12.993322706245236,18.01650624242444,-40.06613366903157,-17.567833573468782,10.796139143461131,-7.1910316970366726,-15.50910537572761,0.08697369727922498,-3.8240112072790144,40.53407555481135,12.086694818647986,9.693568243490866,6.83501082179558,4.042557686516357,4.706950240139117,7.213854270297738,6.1153972119790545,5.625163558159169,10.20453432398993,6.102949171671004,6.210883807544985,3.8253819851870756,357.92096156924043,192.0135209002386,1704.3715080182258,935.1766218376285,2932.8377433732926,941.7792333237165,-5.137535156239619,
28 People with Parkinson's disease/6-10/Ugo B/B1ubguot_t40M1606161755.wav,Ugo B,1,148.67971787375677,590.6230533613883,91.20419284481177,0.02331434240087987,0.00015734950157670016,0.010836658318887912,0.010080574599899784,0.03250997495666373,0.12074230454333398,1.1451649862340583,0.045723054696413516,0.06547018509602015,0.10595341467425679,0.13716916408924054,0.0008982998708174621,18.127756819117888,0.12798089431817236,0.9744495910772045,-1.8055553078668696,0.08217790961767081,0.3833173060106361,0.1901715653912319,-0.9181653496034059,-414.97789662853575,63.67172705408006,32.86731938839701,28.214173672466416,16.936422452825617,17.050599733095712,7.37406351823401,3.4295186002791853,7.041378800818799,0.204026729289156,1.2893485478609543,3.7777306983538836,-2.4133778356301536,71.63407478549217,49.11935748035832,26.468701793525888,23.291735213723765,17.952480008373733,12.514401638370305,12.558757791762913,10.145879918458427,9.408260546544682,9.314030411993771,9.323517676983519,7.7025936925709315,9.580148880741818,694.1360062314806,428.3380275159217,1949.4705748422828,578.2369580841702,3092.6784181976764,723.0245744753298,-6.63180640540835,
28 People with Parkinson's disease/6-10/Ugo B/D1ubguot_t40M1606161758.wav,Ugo B,1,151.1555152262246,195.79530952592233,104.44845309159327,0.02798040183675143,0.00018593027694195058,0.0063097044323394726,0.007226542537058635,0.018929113297018418,0.1294358104949421,1.2978739186330306,0.029497791958485477,0.05073066621106842,0.06985495346963144,0.08849337587545643,0.0008393742042664356,13.201681757574823,0.02318574645007501,0.8766184780293416,-1.682901172928105,0.11784547413730037,0.05554728042467555,0.4673956876310253,-0.2676982974699911,-455.6944082327635,49.30348823019805,16.54275783794024,9.31894186841627,-2.8125167765051087,10.471194144826407,8.87232796367541,3.0165639682573056,3.4362934470188824,0.3458788671013161,5.282828175331487,6.688119094485441,1.8637581985466354,147.3382617357677,62.757955679812746,16.80003533351676,11.009099616628555,17.29761921944854,9.034299223301767,8.161266519692102,6.346416981012454,4.154266983094465,6.896569324835423,5.390895900888579,5.421303481684368,5.761795741991824,929.5675975076897,725.5578933387869,1956.5907361951029,835.4164903029463,3215.4009796591663,801.3464489833901,-9.099292711139979,
28 People with Parkinson's disease/6-10/Ugo B/VO1ubguot_t40M1606161802.wav,Ugo B,1,144.61569769351107,178.5135306074874,80.14647011179822,0.00446453459062151,3.087192671283917e-05,0.0018749473880155724,0.0021239783920659456,0.005624842164046717,0.02937344642244976,0.2470918718599208,0.014266469106377222,0.01639385575252264,0.025128434761278143,0.04279940731913166,0.00011167982077146468,27.43914511388771,0.11635910588004993,1.5493259246019306,-1.180266426300573,0.03134881115013174,1.6570552432251349,0.12283354587974758,10.220105389411735,-317.5389863300675,139.2119832675079,62.839279725928336,22.449714556078927,-43.07199747022761,-6.0647914380652495,-6.455439143914321,4.195466934560113,10.17912576433396,-28.389688340265874,-12.857304820353425,-1.4007129755949352,-11.552801912410475,40.65760029636814,21.73967892520429,10.35774336250124,7.1318949699521665,8.457214556014582,7.596802410337864,9.865592559314315,4.782181975762299,5.654446911415697,6.239345243567569,4.8988213445753646,6.447909757661643,5.717011571844259,303.7996275334377,235.6058009379946,839.4900572218002,226.9634260130241,2639.6966781067895,418.03086819594824,-7.8869137086663645,
28 People with Parkinson's disease/6-10/Ugo B/VA1ubguot_t40M1606161759.wav,Ugo B,1,153.1813465517107,175.51044510906152,141.89693208402701,0.014461933405702223,9.440767531945714e-05,0.009064227382477193,0.006451347244285397,0.02719268214743158,0.05779620492306842,0.4766768705006041,0.0350573888385918,0.027565094409340078,0.037707715202359715,0.1051721665157754,0.0006547514331966353,23.45269940965347,0.14154617753935114,1.7118833020634123,-4.011313371164093,0.005591192753686609,2.4929054522951986,0.6167187895019591,6.032392257421197,-198.18253302832892,107.56743041670427,27.516636053960806,13.48037624611178,-20.047390505944257,23.66834801736216,20.114095477902477,-8.439847221723104,-0.8565235437933881,-21.9720242262989,7.989610230939953,8.286535161238776,-15.101423209849496,34.835622468735544,11.162406526218874,8.792041942325183,11.198213767030873,6.360370830036511,4.578339812334219,8.231960943896775,6.460347066816206,5.371052168202411,5.11957244170263,6.365441111772471,7.633069539994692,6.986672325525276,259.41958547868,320.29321331208854,1376.0621214695902,292.6560489005529,2890.591969006215,436.6651618629751,-5.429006679964226,
28 People with Parkinson's disease/6-10/Ugo B/D2ubguot_t40M1606161758.wav,Ugo B,1,160.77834815107715,182.6416501816531,114.04060237811885,0.023930394252521806,0.00014897996416105174,0.008725073451117362,0.00848566203718211,0.026175220353352086,0.16738321123196798,1.390934012225701,0.04585765313248235,0.07521187972771634,0.10055239694431455,0.13757295939744704,0.0006667185996549023,12.844131789898213,0.01035342910934658,1.1772296274484455,-2.353324552368579,0.054245024237708175,0.08127577296903694,0.4572235122603013,0.3643380387478601,-443.71358179472475,40.85193458019261,15.856282024662956,7.634377278211462,-2.497651746219536,9.207306313402933,4.083979868687605,0.03782100668024181,0.40469725777553844,1.0029851748953849,4.530804890833476,5.064270605145136,-0.1651215413413911,130.41579479921413,56.6221826217369,18.875216749658023,10.577447169576676,13.361424752710063,12.104878899488938,6.815689262581344,6.090520923370497,5.454102100555661,4.048389684030513,5.5709558454587675,6.232235881903195,6.042740166470771,878.2295075076488,637.1956888127781,1909.9672543424515,810.1598343012943,3196.530620449764,896.6441091558943,-8.482494465798249,
28 People with Parkinson's disease/6-10/Ugo B/VE1ubguot_t40M1606161800.wav,Ugo B,1,168.2376906638556,179.3926942187714,141.31956095683609,0.004829384652252403,2.8704437512048446e-05,0.0024550191318383438,0.0025532757062935165,0.007365057395515032,0.03516718503522407,0.3159986311615121,0.019480905670588584,0.019768821773500946,0.024775651799953734,0.05844271701176575,0.0013310697272124956,26.780005621177207,0.12701186106270135,1.6588628255809463,-4.063619446647271,0.004638590462638221,1.9758638970731421,0.6384889976334703,14.703725483715797,-248.18019233177267,108.61048661127532,23.18417525251695,38.68678450855317,21.930247082801216,12.408310527288087,-31.944592641346066,-21.87900441268669,11.281031140292736,-2.9124391432729184,-13.383872702720994,3.1400062487899216,-9.837232253017891,39.28308883813406,12.534499173553025,10.63561728296966,8.019080936992848,5.8837681925607335,5.7985413338895935,6.21821237019915,6.43700464621369,7.642238834768399,8.94741182611999,5.947073560650116,6.689730795816429,4.318058616225139,341.1671007960119,192.0573631147768,1754.8181586852331,920.6119490576642,2789.217516834428,902.2255073875851,-5.3422773368197545,
28 People with Parkinson's disease/6-10/Ugo B/VI2ubguot_t40M1606161802.wav,Ugo B,1,170.6565391666955,177.19180900890098,165.37791335784422,0.003172857889255715,1.859201701909963e-05,0.0016189047662904768,0.0017517312078129744,0.004856714298871431,0.027093889213471858,0.23051183969841516,0.013409000390255164,0.016859288841577547,0.019877158331155966,0.04022700117076549,0.0003335355126503948,31.094385566518866,0.029713621911244627,1.7862207615276864,-4.193241311716837,0.0033815218066638453,2.7812843264651845,0.8511000183647099,12.966135003992758,-334.5018567053651,66.53663005916343,48.72498282043171,86.90947638064694,33.22755319304201,23.493252033429112,-6.862180528081146,12.971556435666324,-2.273720361105557,0.007896591669660535,-3.8634100922978227,-18.019271924056973,-1.6169699360219438,28.58825543399488,10.633703208215271,13.578324275233923,10.037094348591106,4.7367991759875725,5.503203203381506,6.4067395117643375,5.983068370544733,4.192251583010011,3.489209723602238,5.28128285613047,5.190078017361709,7.275018597494046,206.7872194963262,33.90300591428288,2049.544975387154,561.9576171705156,3122.3941365299756,448.26612727486383,-2.9942307328599975,
28 People with Parkinson's disease/6-10/Ugo B/VU2ubguot_t40M1606161804.wav,Ugo B,1,168.4409587409048,183.9045498560976,163.33161421003288,0.0037354237949352638,2.2176937794948724e-05,0.002016345373240883,0.0020630810417792346,0.006049036119722649,0.022306726303386922,0.19202618997301388,0.011445027867733071,0.012812721411690476,0.016636868315330403,0.034335083603199215,1.0617961699836484e-05,30.774399075385254,0.0918847340051817,0.2609021159712532,-4.385011707902382,0.0035150532711301463,2.2745506218205604,0.7602794675068244,15.640849984522351,-361.2690885788906,137.9497744235815,83.76402646647259,32.480091118469474,-7.478513074646045,15.291134149112763,-11.634586240640521,14.051713375471845,16.759608028988296,-12.577423701645042,-4.716217541029039,-21.05555126912883,-11.67971140881193,28.063663626233247,14.495039648896508,8.440896818009675,8.442365518825897,7.820203656467177,5.814436382641411,7.221215836318402,3.7422397434749333,4.1373761702164265,3.8561061335348397,3.86904612361343,5.018043259782003,3.3442559266030414,264.8374622072072,94.60518995057392,793.582141532063,288.74213466345236,2352.115205413146,564.0937947924956,-10.673382184619827,
28 People with Parkinson's disease/6-10/Ugo B/FB1ubguot_t40M1606161807.wav,Ugo B,1,154.97193675484291,573.412313361695,99.08778184549291,0.023707091507652867,0.00015443192410604279,0.009755449925277626,0.009882954982832514,0.02926634977583288,0.11540409335338753,1.135522675026022,0.04338602907845507,0.06371125341123623,0.11759592486232438,0.1301580872353652,0.0010854215096350725,17.54835392249617,0.10922101120917974,1.5286969790588985,-1.5607005293739677,0.11967552086797371,0.41375763239380653,0.136982591501779,-0.7376004388359121,-377.71186934268735,73.6803860505826,36.21003782344218,29.106807808014555,15.616581235230361,19.59357638394185,1.6184546475792487,3.5522475107101785,8.071418622383126,0.1472749360498653,-0.5722052449024685,4.93484321647445,-4.9940516017841645,99.10982635653701,51.49872884701961,23.878143955319533,22.364674281442102,17.537849186374984,12.992710681324718,14.544223889596607,11.52977563262273,10.15713683690472,9.607125689494426,11.964831829384545,8.351510018502161,10.770101930607408,679.3519762894459,456.6288779365449,1934.9170450319054,573.6617856657342,3049.963653105663,725.3613755503894,-8.062430735298383,
28 People with Parkinson's disease/6-10/Ugo B/B2ubguot_t40M1606161756.wav,Ugo B,1,153.27837541116955,596.1596339529913,76.37890763663617,0.021358805801301266,0.00014008557065313705,0.009266657219980679,0.00914993480261856,0.027799971659942038,0.11762757458928373,1.0789771874022722,0.04270343825708706,0.06003385957129691,0.10453277513345914,0.1281103147712612,0.00113646944317674,17.574889124824544,0.1247137036400246,1.156280013928158,-1.7745321866813526,0.08413208370319668,0.34700383705022636,0.26746764007736856,-0.8633209118332275,-406.0214629224062,71.98128124374236,34.956092896837404,27.99604733435038,15.91509122516512,18.864184699422477,6.435039971559133,3.297545426299175,7.075786004612767,-0.34228170156732984,0.7147068238640631,3.989778561139194,-4.171174995078243,81.29894891521806,50.32194882910317,25.228025772410856,23.659241426319205,18.51378193729341,13.284712102196533,13.43443477892233,10.838640732798321,10.665752754976195,9.888585152190146,9.783013281794164,8.239614157916172,9.60105258279553,649.8945319570064,388.3928408522916,1880.4877117256815,559.5461480090875,3037.0034730907764,702.7955383871182,-7.378179181800486,
28 People with Parkinson's disease/6-10/Nicola S/VU1sncihcio44M1606161724.wav,Nicola S,1,122.85734785496513,131.45505266424362,109.8999751929155,0.00424342738591064,3.453893868522211e-05,0.0022375342577146047,0.002404842463512911,0.006712602773143814,0.014001788980539342,0.15986903812990377,0.0049121971681447656,0.006379836637508507,0.01383855754235881,0.014736591504434297,4.387950882137688e-05,28.13187822599551,0.19279918897938736,0.20707968425166834,-3.3781419551103244,0.003535584777447722,2.2551770258833286,0.7465798708984475,9.70514356312355,-326.7596363099044,151.35988863263944,87.35569923573361,43.39781023943136,0.19245421770761093,-39.89168215581684,-9.277428299808516,-7.31912018863391,-25.396062922720834,-5.6420386423076225,4.857281214347299,-4.886259270109962,-11.826237758693026,41.25609001849623,15.774494278823727,9.3172559616339,6.233432612488674,6.6207091322270974,11.491269404528676,4.334562067129175,5.156159167401805,10.758704931598219,5.130534223347336,4.928183787456723,6.118301726220457,4.92632797279592,344.7069398754372,175.52377108478018,738.4828710046,337.79122424523337,2808.0238670043045,156.99461368104633,-10.419436835780578,
28 People with Parkinson's disease/6-10/Nicola S/VI1sncihcio44M1606161722.wav,Nicola S,1,122.27349389246129,128.13136586961883,109.55070275051071,0.0030615262204526316,2.5038504370397294e-05,0.0015633377663229384,0.0018125326241229252,0.004690013298968815,0.011392951932031872,0.1145665404577223,0.004273186118492889,0.0059571049419042885,0.011168540912168949,0.012819558355478667,0.0030511856240973724,27.694271622917867,0.2159398676542286,0.22980643360861813,-3.278977921931475,0.003497014348557386,2.025646860210269,0.5218684516875239,10.337081757221764,-267.7449490339104,64.5886190092422,36.83750346283922,78.24888469284227,51.26182488611341,-13.242482924702216,-21.773305118230322,11.95559663737787,-9.228973786078264,-12.018120200842477,-28.70147109054592,0.04895088865901647,-9.404693354335665,52.21259983045036,6.629373020441201,10.380428583729282,5.688969045478681,7.301459948802146,6.32832266613906,8.311071756627568,6.241009548069993,3.8251487165822184,5.105178105384105,5.429314978152013,4.389206280045972,7.9892739398952175,268.8986867601407,40.93346102268751,2255.21653670665,161.88124462436627,2876.7282980240507,694.4289467440263,-3.6806620832991888,
28 People with Parkinson's disease/6-10/Nicola S/VA1sncihcio44M1606161720.wav,Nicola S,1,127.28640701269727,145.12335652323745,115.35728222016257,0.0033059702202728873,2.5975331587324643e-05,0.0017191284144134598,0.0018251070851786823,0.00515738524324038,0.03491511917980997,0.2543310386746545,0.019150152282226832,0.017169260977406803,0.026594279315021077,0.0574504568466805,0.0006587845717860478,24.44925948596325,0.14589534505255503,0.4793199950685224,-3.675416617794954,0.003132367549964186,2.0636324940485653,0.6045571625456243,11.617762944669234,-266.40681738102376,132.22301723216927,27.076742278198996,-10.864504832986803,-30.869414577146998,9.72049573562308,24.655215941351923,0.6755377341364434,-14.87560501512387,1.291492741824441,-1.0311664978865116,-7.1312888512696295,12.016513902044263,60.77696254472542,8.798162401349432,9.031648981238677,7.9148811874814955,10.222963211917708,5.749833346345574,7.00857291109264,5.856302201253113,4.03384466440735,7.29601030559211,4.560919591853656,4.181638331065371,4.366645619381912,411.38976745996484,378.76429111449426,1136.4816788053151,138.21103752172533,3052.3842518370698,761.9236559338389,-7.431662363419392,
28 People with Parkinson's disease/6-10/Nicola S/VE2sncihcio44M1606161722.wav,Nicola S,1,128.35893523056265,136.2357613761509,112.67585814318016,0.0031140020260960297,2.4258407803392198e-05,0.001554358398513695,0.001653500125020036,0.004663075195541085,0.013351007834940065,0.12423102718863036,0.005429285992075867,0.00705842959912466,0.011867552478022058,0.0162878579762276,0.005058640099033297,23.980068889743542,0.26908214120838003,0.27641266821057814,-3.6649941367396304,0.004953545795426007,2.030779743163167,0.32089328204301004,10.295325219998013,-177.59361722241002,96.06810437958836,7.841404625035236,35.44710078721763,14.3536292712403,-11.884133922812335,-29.918649116699953,-14.047592239044576,-13.416846486009504,9.087556394775294,-3.205273146254409,-8.564907377495253,0.916687706541374,41.91914752361173,12.733372562277548,7.917795946915088,5.755082168716665,7.54461851017738,4.648157376826594,5.921602540693315,4.464701127203315,5.299016901189742,4.153889657770067,4.114923817657268,3.888319155633552,4.09148668684362,461.4574547227792,105.56453966569917,1722.797446217321,774.317466584899,2618.6169944252315,660.0431871791488,-5.446889964216125,
28 People with Parkinson's disease/6-10/Nicola S/D2sncihcio44M1606161719.wav,Nicola S,1,112.12702643004583,145.5007398548012,83.86098757512704,0.031519209247864395,0.0002831154123992977,0.0152259442588245,0.015331908976577203,0.0456778327764735,0.1519911605261061,1.4292264868981719,0.0672181011498506,0.09195433491849424,0.12792333628200084,0.20165430344955182,0.0033287065269760243,8.430934570858321,0.059453904855612166,0.9078647266805955,-1.9006660007245708,0.08271788522044919,0.09020392463465184,0.38977903223054583,-0.17086723590245612,-420.7769704771087,72.8259452408361,18.392139328959786,10.211479553239547,9.355121777046612,16.018621837967277,4.713710018575493,1.435729043903829,0.10026847033741407,3.5500058296082697,7.442620905078222,-1.0247770586345284,3.5784760846808963,157.78737081819514,46.42963551387178,10.18143184058559,12.381331681394764,13.25173507031768,7.303466882639658,8.895616558534236,8.183560262689339,9.50687316022075,6.364145606684582,13.05418192064556,6.949107510477595,4.870937621662785,808.2773905552478,802.4760014574866,1793.2949471197107,479.6403135424784,3118.765304842708,750.8058588028414,-9.553967757937889,
28 People with Parkinson's disease/6-10/Nicola S/VO2sncihcio44M1606161723.wav,Nicola S,1,119.81938233141246,132.76741526232794,114.5615284797967,0.00592391922576821,4.943387372706137e-05,0.003349388953201853,0.0033862052650873854,0.01004816685960556,0.02785547289171094,0.2559529800944796,0.014135670636123095,0.016390714863738488,0.0214852448247059,0.042407011908369284,0.000474729735171733,21.983243382713372,0.22337239217839738,1.3658114206366911,-4.119693780266985,0.004433872607410361,1.9265100585822392,0.7030395897014964,11.975586752989404,-238.1443358055964,158.42709234579763,63.32576915654594,17.923412888112054,-37.9366344377923,-43.567757263725575,14.285256681076875,-0.19871646437050428,-12.325855013568058,11.727941052789994,7.269107866455552,-24.45866205129526,-6.154385527264325,58.07346720115541,12.833996593071745,7.330123251602476,8.98441630386717,12.662577825159735,5.541273130973977,4.0306707075006765,4.994045115682309,3.7996970894214632,5.7961552226154485,4.452058431595839,5.790596423521208,4.136074457152416,426.91251924471914,165.76731390996923,810.2348194381087,116.56578692821729,2964.66813936448,315.5525109470072,-7.9737167044396795,
28 People with Parkinson's disease/6-10/Nicola S/FB1sncihcio44M1606161728.wav,Nicola S,1,123.39006367881318,169.80490025697023,77.70872034483827,0.020862898952959917,0.00016947875990044802,0.009253266660597463,0.008858452879232733,0.027759799981792392,0.09344967245308915,0.9465845174799092,0.030474837986961156,0.04193927887923872,0.09453235218674366,0.09142451396088347,0.010409788496683229,15.087376640235922,0.16684132747694463,1.3315694882959996,-1.9441225200446501,0.054374179868913894,0.18935242847942388,0.37224720372837167,-0.35909756912690227,-372.70086977447534,67.23699615992581,21.60389799713931,24.3106378243459,8.22135955426646,2.8904691694024787,1.9701746011119141,-0.8493442906374196,-1.721562324562948,0.5302862003740106,0.2265776135948825,0.028440598433774722,1.1791310843794922,136.01301470441697,58.56766702735915,20.684941704166448,22.68357536860819,18.640007762417287,14.471242847833846,12.513320890702083,11.362047911771134,10.811143485886209,9.28488462184076,11.117232860903822,7.547087369634414,6.929895359662907,742.648880659411,520.6587939806516,1867.8127564623665,671.5176234895689,3082.139656459257,669.9817115164841,-5.785181737645749,
28 People with Parkinson's disease/6-10/Nicola S/VE1sncihcio44M1606161721.wav,Nicola S,1,121.49902862678475,136.90529530767665,108.89842303272447,0.003638295914086198,2.9944973889966457e-05,0.001974511211552192,0.002202916035626204,0.0059235336346565755,0.016283202665698413,0.15461540461103648,0.007191578448366961,0.009284884902279342,0.014397752497706152,0.021574735345100883,0.0057796655984604876,22.61306568146149,0.20439805560197238,0.2829378581483205,-3.077692622781144,0.003314645549017704,2.5046373408067657,0.6767770828839659,8.521260590077873,-218.75241180640057,90.17600589942917,6.717171670629436,40.175464057086515,27.67189506921408,-11.63419646627804,-29.187154669125857,-17.943244106914257,-5.098160252340884,5.203146066366852,-4.373217060243682,-5.644627495270706,0.9187632713169822,68.55122986034327,9.226675741577179,9.291478389283094,9.386539491295235,10.27867054787414,6.276022322781192,9.696419667397402,5.3066555680644285,4.460043585295744,5.706241088782148,5.145547041886324,4.9877798374539,4.893475615837623,425.35071506808134,124.66022140341249,1790.8356011171802,435.65362072170944,2613.2246020940697,534.5886107816178,-5.265766742451338,
28 People with Parkinson's disease/6-10/Nicola S/VA2sncihcio44M1606161721.wav,Nicola S,1,126.62806621253664,143.25804976665668,120.71536003801536,0.009144254670739925,7.221199141688736e-05,0.005602577545097275,0.004607443095067654,0.016807732635291825,0.02431135310493712,0.21322787504615912,0.012279280793093025,0.01423456154954703,0.02040173445294523,0.036837842379279076,0.001278495484524347,20.683162948064936,0.19038786614037276,0.7274232537788944,-4.10859256327167,0.006346156369769441,0.2727345051899456,0.4185197338933174,12.332288131285793,-175.8507761198613,136.07260663100314,33.22004138314557,-6.324325261607441,-38.14194025663642,2.17546355162917,26.965611101228472,3.878764781300528,-24.89617783255936,3.081085151044976,-0.09001861771466033,-10.638341654199172,6.376257934002205,47.37135169219996,12.972217604294833,7.412891586378076,5.969879052785615,6.569424240398201,7.057603459445374,6.214876542205779,4.389997438787043,5.231013623185273,4.618372090419568,4.776898198384526,4.247049868749977,7.265847876776155,419.34161481036534,289.5617750711121,1109.7453303545915,139.34316571276668,2966.428760739083,468.2370950040678,-7.461374342990924,
28 People with Parkinson's disease/6-10/Nicola S/PR1sncihcio44M1606161727.wav,Nicola S,1,121.77809474663466,193.03203486410848,82.37211247299497,0.022655537686695558,0.00018654824898712012,0.010375526818977356,0.010078850101795666,0.03112658045693207,0.10144342307643281,1.0497492122885705,0.03099443132815943,0.04359582510054957,0.09748592379321289,0.09298329398447829,0.010331098997725038,14.2121938931276,0.12268158688530299,1.102490130371732,-1.8288541235458324,0.0664929216626494,0.31382529602373127,0.3946908654655068,-0.052891256157323596,-389.08089551701414,58.45943395397537,23.331277732947772,21.702285148540216,4.159074049813566,1.420340764241137,2.5997205742367617,1.3377866799087137,-0.8315711305778171,1.4360542870791333,-0.1846243678387319,-0.20312607393917664,-0.27106558394167185,125.28659764615475,59.72726273840453,22.905178565863494,23.708263542472483,19.24060408553666,15.482259358689056,11.025869871990027,9.576466308076933,10.964398174797589,8.99555712543968,10.505596897581071,7.739714228094209,6.426170088075082,757.1319826103488,512.6776981930349,1863.1046889875415,708.8958406302963,3105.006616856916,612.6724149595952,-6.290162210931959,
28 People with Parkinson's disease/6-10/Nicola S/VI2sncihcio44M1606161722.wav,Nicola S,1,125.74962534053685,155.04876595112114,118.43534982974579,0.004129417062607678,3.2842645292082784e-05,0.0021406357915311315,0.0022143866228350414,0.006421907374593395,0.009613243427645838,0.09991907356729847,0.003729968724121499,0.004984095578737282,0.008713952374668042,0.011189906172364497,0.0025849306272679377,27.768430778601104,0.2835044410810088,0.18568367018207785,-3.4626178580776426,0.008887716434044055,1.5998020181357582,0.2388986069516376,8.890966493700095,-228.68003190526534,70.21158436515036,36.8409139836335,70.53772657106491,50.175085888832136,-11.80566041941693,-31.738268404286966,6.287234003669398,-3.917213364659938,-16.185922856823794,-22.66287956866402,-7.805347538280654,-7.530604052739911,46.16309664067956,11.994830580065436,11.755135246074586,9.198732454509845,6.843492226838535,6.909101360812605,6.600595444645096,5.5053890477099845,4.903282595164798,4.261088405337702,4.740655847672542,3.8378202533951704,7.637206454356706,276.5457635994179,41.58830254807682,2201.8440019770205,241.23991057754512,2825.827815011194,768.4970695037234,-4.5182336837668915,
28 People with Parkinson's disease/6-10/Nicola S/VU2sncihcio44M1606161725.wav,Nicola S,1,131.7762791683532,138.79129890712557,126.7617943357067,0.002466295954361079,1.8712143988242363e-05,0.0010898356335078303,0.001443626632318274,0.003269506900523491,0.011235180572662358,0.10379491478877971,0.0044760224281249995,0.005517722623367304,0.010024116462256547,0.013428067284374998,5.6143799805790615e-05,33.17159671339573,0.1427219842731805,0.22030156907246745,-4.209720736355977,0.0027619450385327595,1.7843345810050895,0.5629641284481435,13.488286768493648,-316.99343235220346,153.37759415777916,84.7865766371485,38.9897215421906,0.3828601044510714,-36.83632382625041,0.21757682357853475,-2.058554954055676,-34.32666043832223,-2.717945164853785,6.090528813323863,-9.633742323273529,-11.270116854279214,34.6116756145567,12.605450240408459,10.525548253154145,6.028805855024769,4.443848895372733,7.815803665566289,5.468402382625825,4.171103120811256,5.740702558122177,4.7111001238486265,4.603604293000091,3.810819296263164,4.497500502660104,341.46161706660257,137.93764174527558,628.804850375076,290.1275353729116,2872.86293585958,118.23119585159581,-9.934310149881506,
28 People with Parkinson's disease/6-10/Nicola S/VO1sncihcio44M1606161723.wav,Nicola S,1,122.45325263133293,132.80113601277304,114.64036331584609,0.004347745118167871,3.550131193174797e-05,0.0023209703631894354,0.002615814941537814,0.006962911089568306,0.01977992381318829,0.19278466215043616,0.008558968571947451,0.010480750248916905,0.017406030744383585,0.025676905715842354,0.0004672495101028303,23.39921740908711,0.18046151691355122,0.3141101475598322,-3.5741569829284052,0.003862576527869472,2.283714111089196,0.7180372830068048,9.152478922561652,-292.9556622877852,145.17629407583212,62.05883560262598,20.099139514845866,-46.180716198121615,-41.843996709357434,16.547228767773003,4.468270814634266,-15.637739237323132,6.261581811242558,6.100019947145637,-20.469120871596267,-0.05009727631921288,69.29389935872955,10.902271069382765,11.464376087515236,6.76794444875637,15.602188050542985,5.066250640049097,7.812263208734827,7.3472732598679125,5.856805229099886,6.620280433794946,6.606779253723549,3.7052007546715777,6.5053398702901655,463.12568490280074,193.75412323682045,819.137692916776,131.41673919439765,2973.262680425842,190.86936642479577,-8.05747699490515,
28 People with Parkinson's disease/6-10/Nicola S/D1sncihcio44M1606161719.wav,Nicola S,1,120.42220683711011,148.93324281517562,87.06402553344095,0.029990985773048914,0.0002520929403237148,0.01257582922460716,0.012027375379159658,0.037727487673821475,0.12609116496974132,1.2924365305162149,0.051976120709981366,0.06778196690566046,0.1140931735941736,0.1559283621299441,0.0021721727389465164,10.835318727848072,0.0533820430886976,1.0223282038634884,-1.9814744923808534,0.08884666621563525,0.0577323888847102,0.43891741344333324,0.11113945206331266,-433.9733145101136,62.943727459060185,16.976822117241177,9.693030031160315,1.429818540496539,8.870231498962868,9.58174465818271,6.283655361731752,-1.2075409315728327,2.2838330711930013,7.755846839268863,5.119841682510194,4.298486955963765,164.3832277315203,56.321364457280055,8.328833446209394,11.088277624960106,17.39619784092654,5.939654815090363,7.665746736586033,5.107585653693131,8.666382279780823,5.167113818383453,7.121294704092369,7.063816425408722,3.9252976501212804,918.2602826363848,606.6990949776913,1882.550564470534,809.3987081455401,3161.234843640682,721.957228225781,-9.145868650987264,
28 People with Parkinson's disease/6-10/Nicola S/B2sncihcio44M1606161718.wav,Nicola S,1,121.94867325559504,554.253712184181,78.94937356281919,0.016123235068843885,0.0001328201438947863,0.005582195661904374,0.0064658265836151805,0.016746586985713123,0.09349900360357781,0.8991456973976625,0.02749107790603436,0.04373656509428853,0.10732818719337997,0.08247323371810308,0.009405431689565851,17.012717966560864,0.11745646062988106,1.0634821010355597,-1.864513699913011,0.06567687812604973,0.3244282637488449,0.16813307834049218,-0.43572754285264637,-395.310474259151,76.93640602828278,24.164509776038237,28.208210212964623,10.676919441269902,5.508625174871796,3.6413840012300227,1.2515334468842811,-4.18329428410441,-3.307379659049892,1.9249965770459379,-1.1979211298545822,1.0034991102901898,118.3256388998984,59.367643812200484,20.851115428347793,24.95349196782451,19.38188242309896,13.334859194418284,11.949304129276465,12.309235074023297,11.983435625977119,10.836219156625221,10.765767871774832,8.055832107970529,7.354749255381647,757.2414859224651,517.1629099213442,1863.539171396198,682.2852579067041,3032.0130190812124,626.1901132570862,-5.922873403316861,
28 People with Parkinson's disease/6-10/Saverio S/VE2ssacvhei61M1606161745.wav,Saverio S,1,146.0772229354117,156.9677740379699,75.0037022582904,0.0029876676508763804,2.0448499448709405e-05,0.0015227575387330191,0.0014831599496522535,0.004568272616199057,0.010540636004541765,0.1036662487748665,0.004839311094177624,0.005212650806078802,0.009273252396013685,0.014517933282532872,0.0006789315146162403,30.399523370086385,0.19330405276402382,0.33921034175445647,-1.8958106866433118,0.04191672471835765,1.872070494369363,0.03279262404607711,15.752185323401765,-233.36434668293998,114.82734392428554,23.84163748980873,33.134405932427704,16.53806437969493,-1.7216744045423813,-41.55283365956923,-19.284755824026785,2.2258430589558884,-11.686583968108588,-9.871269272709359,-8.380231455113448,1.8115261091743946,47.70947328766917,11.345930379645699,7.806320635638876,5.870828821166658,6.515042998344594,5.07642505498396,6.3874091678628595,4.495378273079557,3.9911966008854254,4.026507902940428,6.682835382710377,4.816414347674851,4.847404199051622,441.41863193096765,169.10664533351923,1878.6978594821037,449.3788854772261,3261.411701685666,718.811660861911,-6.453785820097112,
28 People with Parkinson's disease/6-10/Saverio S/VI1ssacvhei61M1606161746.wav,Saverio S,1,156.64823796832133,169.65789369436476,144.22154208171392,0.00274680787923492,1.7534520911573257e-05,0.0014738046531526299,0.0014722337220972825,0.00442141395945789,0.013722637988600956,0.11523773787432057,0.0069983113469487,0.006636619329530415,0.00963180743986059,0.0209949340408461,0.0005946522574823934,33.75470515119426,0.1633892916868406,0.33537707277060236,-4.085133156595146,0.0025774060018545044,2.410790623421613,0.6574501032891582,11.412880241652552,-379.3944044453341,54.47559783240736,52.44749591815215,83.2958818619057,19.617314625841473,13.320271883901759,4.535972478426427,7.88986753215986,-1.3566644005582047,-31.732974231139867,-12.217598190825793,-0.5785485710396621,-33.01663948087048,40.35564287243764,7.379708680660225,5.341088550457183,7.738426099516244,4.640494386337171,5.223284470316268,6.458319279712642,5.7490963745618915,4.420453043815621,4.640122985598717,3.08356939402715,3.6700102158268417,4.625489345471791,282.5284899237601,41.168514071962015,2539.1662778347395,113.27713305005754,3921.158646852293,620.4833834580411,-1.4839974639770934,
28 People with Parkinson's disease/6-10/Saverio S/VA1ssacvhei61M1606161744.wav,Saverio S,1,138.8986411317906,175.51172835409886,75.8897853502529,0.003191640745232768,2.2966117035585494e-05,0.0016058311611136713,0.001712981389882877,0.004817493483341014,0.023112386424723543,0.20329193414912708,0.011002818287679069,0.01239516280842978,0.0195405244544309,0.033008454863037204,7.050469242462506e-05,26.6499742264608,0.3020267857616356,0.46516430180593954,-1.2430844407973185,0.022302271861365682,0.08167447127994636,0.17930391645390936,13.896268335525267,-262.8653006401638,146.90708311111595,35.57092726196338,-7.319578402142992,-47.407432138995965,0.20781133996094237,6.0469027089092116,4.95899030022725,-13.872664189511934,-13.157282506515438,13.295578609044657,-8.300285926578995,-3.7633115369419943,40.84725268028119,13.156820640497866,9.62081720267661,6.91927803839705,5.347099271230366,5.450667653117668,6.368647712099219,4.788019129684245,4.646242768748472,4.670470058884735,4.390469625937857,7.058619695409152,6.355211544044238,513.2566540056607,325.3780090549962,966.0046377065012,285.4527023025477,2989.7374558953616,408.6325521460286,-7.112669423154052,
28 People with Parkinson's disease/6-10/Nicola S/B1sncihcio44M1606161717.wav,Nicola S,1,119.01645437827982,251.10951148021425,75.08881743246981,0.02062236296198583,0.00017394081672659028,0.008609533136110485,0.008730085199330348,0.025828599408331453,0.10645784656285356,0.9530908065830945,0.036145205799604584,0.050841670574972735,0.11370663798434062,0.10843561739881374,0.010205691385635157,15.51280556467679,0.09401822887051074,1.2662979415238969,-1.9185935079661243,0.07317433510924563,0.3399409642639795,0.19664565876832885,-0.5290660906590645,-396.1338096949392,73.26397533998615,28.11154454020526,26.4212022387156,10.088030855506279,4.517818720832697,4.162023658023153,2.050175933241191,-3.7751289537654453,-3.2337204011280334,0.5385990760001507,-0.9845690656130313,-0.47671951610909385,102.91558593073168,57.531674081882606,22.958023197807236,24.238097325885384,19.891682569808683,13.49570642263174,10.937462180531083,11.019338403459052,11.836728078444635,10.89387934567864,9.512262537165853,7.817257329442723,7.11677055587388,730.1525114489003,491.97104150867415,1845.7571243301056,668.0770051560778,3027.1605137321226,579.7848273734908,-5.759453430974916,
28 People with Parkinson's disease/6-10/Saverio S/VO2ssacvhei61M1606161747.wav,Saverio S,1,151.2954641622518,159.62499174266534,78.74012648497077,0.004591968418733907,3.0379261206047787e-05,0.002371828229315408,0.002221821091964462,0.007115484687946224,0.011959513412236618,0.11137066947702484,0.006319882788035738,0.0072252774863612096,0.009875656159495599,0.018959648364107212,7.692328709867557e-05,28.670311589785943,0.2646028326609266,0.4772643981316853,-2.531583687799969,0.041866921412707314,0.8995660568415879,0.030407479055363142,14.414281458736156,-264.57468311472854,154.10553200022335,78.06282168210032,15.466767201515312,-53.139178907703005,-33.26183650943975,-6.756835448121506,2.2361297168836898,-10.884054307397275,-7.392083310555467,-4.122748172637721,-14.1488839684489,-15.45849727295835,35.354557293353174,16.53785482992668,12.872213064341942,6.541416373408023,6.848778006335108,5.768689757302842,4.4437982043174795,3.4877255888594787,6.036346059227575,4.947593001410181,4.867365230102265,5.590063663459362,4.341767586393359,417.33631945347724,128.69235868703967,788.1931846626326,108.97812013944966,2990.7928056198903,206.64753867053562,-8.25053893385547,
28 People with Parkinson's disease/6-10/Saverio S/D2ssacvhei61M1606161742.wav,Saverio S,1,144.5448656791149,172.79707503175462,119.11292174720718,0.024586553404274708,0.00017177248192590833,0.008345857608107424,0.010927412774076353,0.02503757282432227,0.1165774774853948,1.0990093103430267,0.03587295665004177,0.05015260284931943,0.0795216534375284,0.1076188699501253,0.00048544716606810525,12.638693215119702,0.103270660221171,1.2011838498439336,-2.6504865681906695,0.05931938488687944,0.07867163516210877,0.5013882595418361,0.13532109104485102,-448.52900570469376,59.88752836430658,15.852573156905576,4.8577358653598255,-0.7510923830814901,9.599840129021661,5.984494841491543,4.7941782079551,3.0580360028979983,2.7502532640471333,8.297819057193758,7.073732812969721,1.9617535019738366,157.28409643320157,68.00116655031434,12.24001124793234,12.497029110201842,14.100451670227732,5.739399052071648,11.680068653461268,6.040546111345951,5.752634610970664,5.958092378772535,6.576857499236941,5.2816290072121275,7.173266552855857,1088.243092646393,714.1929116851866,1975.1098866508644,925.4894685807308,3232.1027588228717,860.4942428024766,-10.322805482567933,
28 People with Parkinson's disease/6-10/Saverio S/VU2ssacvhei61M1606161748.wav,Saverio S,1,156.76399445482343,166.13819551362408,150.34849990746085,0.002214056398331215,1.4123539911875967e-05,0.0011018415574968194,0.0012082545763709245,0.003305524672490458,0.020537659499212272,0.2049668650968713,0.01003341636811039,0.012693583782463179,0.017718485146653667,0.030100249104331168,1.3081902283033711e-05,35.06203646544411,0.35722262979771396,1.7264725839681423,-4.5704500332730005,0.002634799970686901,1.9178206716775124,0.6210854298114618,14.989712775627162,-334.15705589383805,146.44291231460238,92.66416874094308,55.074946745347404,-11.296642797788696,-22.25267183057935,-14.670908981686637,-15.012224885881965,-17.594922625884948,-5.88405000634374,1.1411653137059108,-12.005498101404505,-13.979374935054155,33.98310249098628,16.93425499750915,8.565782984824514,6.6445577068728285,10.19747533041684,4.926617708596904,3.890174529465114,5.181592696439297,6.459512906328421,2.695189570131018,4.251803309877147,4.1875856119902775,4.509545232043713,306.39731465168063,53.21803947172163,624.5105452658182,79.76425260693935,3032.3070547775637,134.2452545554523,-8.254700249265504,
28 People with Parkinson's disease/6-10/Saverio S/B1ssacvhei61M1606161740.wav,Saverio S,1,136.89691587214278,589.9715146296114,76.85018421801716,0.018277333326584533,0.00013425092349662188,0.007484981742940597,0.008054090157918633,0.022454945228821792,0.09789153405130915,0.949990354283724,0.02831830234541052,0.04251128472244511,0.09115542270000704,0.08495490703623156,0.0007824737694021239,18.42641481836148,0.12015587608916894,1.5247157492782513,-1.8411042220305627,0.07217161219699567,0.3189526943467721,0.16568835353571448,-0.6606143418279515,-427.23263211235144,73.32522980415398,37.02237215441031,27.034118451705353,7.7063673817310265,10.604033178447734,-1.3213725891220731,0.40112453596345166,2.6887883128575263,-7.87779858912337,0.897103870362902,-1.8201389700229869,-2.9116622130150414,100.7436827895542,61.287700719429125,27.508064086112263,24.938189803535654,17.810735504383864,12.494670556025323,14.297401559747394,9.242921308500081,8.515927632796926,14.368941227906804,9.99072927235412,8.327569925409126,7.763674280928174,737.8067049672806,481.4541889757406,1913.2720926315374,753.3103220384791,3131.4854440564036,802.5883451390947,-8.668941824148751,
28 People with Parkinson's disease/6-10/Saverio S/VI2ssacvhei61M1606161746.wav,Saverio S,1,161.36404262983794,169.4493139265707,156.96009663581634,0.006716628626563028,4.1619533652026136e-05,0.004260785107041392,0.0029441957462894006,0.012782355321124175,0.01885149533774521,0.13998442766813343,0.010308925679238289,0.007661937439873013,0.011744875092086002,0.03092677703771487,0.0005270549198503823,34.818298690476865,0.08579949102496306,1.7383300556811359,-4.256049134264225,0.002593271960402526,2.1023397186765918,0.5308041711407143,14.069120366705846,-339.230741032806,51.966262413983365,54.00331245938908,86.13785743891096,21.229268739461023,10.684564667007914,0.20418128905044255,9.68846764068627,3.6110647533878915,-36.20153076570965,-15.966686890736183,4.133372432979638,-29.75191602903593,41.002291235756815,10.532431727942571,11.416777205228087,9.045025742954131,6.741525059085317,4.1900056922466735,5.332458468710932,4.244619823700847,4.266875339825399,6.757820867475792,5.2756259206612155,3.5371992962846113,3.9602704669762425,273.79229747902144,59.09325705493873,2466.740080010885,78.45176179809808,3866.754035378931,567.544371004984,-1.7344678170437413,
28 People with Parkinson's disease/6-10/Saverio S/VA2ssacvhei61M1606161744.wav,Saverio S,1,151.78732057359596,156.34691609314774,146.24858711190404,0.0037439068354251704,2.4656652917502266e-05,0.002117933100861461,0.0017512938493733235,0.006353799302584383,0.012297105218821153,0.1123615280072491,0.006239100244651542,0.0066224559515920675,0.008934772921824964,0.018717300733954625,8.972591877674324e-05,29.218903300558154,0.4324197138542613,1.5209319435842228,-4.593944170614919,0.002202583934730741,1.5532734189488624,0.8087313269654134,16.513762211430635,-211.41627418864482,148.3431454414746,38.25521063364544,-11.575098314398002,-47.43291482210294,3.2943330340990595,2.5203057257869967,8.040822514210888,-10.07153988130103,-15.55240551985259,9.902153200514821,-5.666791426257895,-9.718734561862204,39.44175611907075,13.9862487119428,7.530378961667885,8.054309825629229,7.254147335037867,3.667240476017119,8.165545553399626,6.023800250952242,5.918753252005933,7.461151252343246,3.0677338145946957,6.609984333624181,3.4050571546616237,549.2101549089975,391.5230950373435,1024.4283241595203,305.4707511201414,2958.202439220639,381.8592825197048,-7.135067740192789,
28 People with Parkinson's disease/6-10/Saverio S/PR1ssacvhei61M1606161750.wav,Saverio S,1,148.32140996796417,595.7980096450652,108.27690169787209,0.015538587964163722,0.00010548152872682534,0.006624550942594038,0.0072009650356192586,0.019873652827782116,0.09091129936757411,0.9253166191446373,0.022758612074893818,0.037343166345688315,0.08064056776688064,0.06827583622468145,0.0006748887461111055,20.209815361488594,0.14360774156419082,0.7224008593663895,-1.8422139044682695,0.10178319336648008,0.24979881568919213,0.1301701651713156,0.2552289718685259,-429.7841190971093,72.6643287907583,34.474740932077914,24.643610560213258,5.849123541253796,7.344926640106661,-0.21475846807325302,-0.0806244719471075,1.4577480303548533,-4.60059629818508,1.5289219737939508,-1.294946469506743,-4.7478035386742805,104.49244600513799,63.0914269030028,26.358675771713983,24.131461516540806,17.823277691596065,13.706015841966934,13.22928059569081,9.680118865318214,8.848284549090053,12.363249897085518,9.79502909340207,8.69468159540911,9.154505129303343,723.1307860437387,465.52908081836904,1858.12887087715,723.0790784817522,3177.8781204228108,753.339912998137,-9.099801279557134,
28 People with Parkinson's disease/6-10/Saverio S/B2ssacvhei61M1606161741.wav,Saverio S,1,137.28074426083697,590.0172455438402,99.19605174601399,0.01691628083470927,0.00012403241906962386,0.006819783885502283,0.007782136215303205,0.02045935165650685,0.0989862684611206,0.9229668959862165,0.026287929262104437,0.04506302393087861,0.11129600844090147,0.07886378778631331,0.0009763301025821016,18.567499644151987,0.09019072175928317,1.5276744423350306,-1.9079247647673445,0.08175862730981477,0.45687330742048987,0.2470222659468514,-0.3920455240131062,-424.8646627637963,76.39951582010342,38.48421942989753,25.59531720856532,9.256353290731601,10.182504027136199,0.467041702848206,0.947372665185103,-0.28540141631594834,-6.4553850336372465,1.2352769919163258,-1.2683923231116512,-3.6514469699115604,90.09464054022529,57.064276642927396,25.981698394940164,23.18251685432276,17.549916073605083,13.000433236641658,13.097955103226935,9.217809519330805,10.09352573257327,12.502374501004999,10.578743665792615,8.45128849274721,7.741797974842416,721.7941696478871,409.8740884848905,1846.8872722766657,689.8154747314,3089.1057913515106,754.8037486948416,-9.155807829812034,
28 People with Parkinson's disease/6-10/Saverio S/VE1ssacvhei61M1606161745.wav,Saverio S,1,152.5196827899232,181.34340639424542,128.93887763873926,0.0052311735819993615,3.4299555630335746e-05,0.0030837382741496283,0.0024196884244447395,0.009251214822448884,0.025344019140092523,0.25416769280080304,0.014567377199691684,0.0116468928449381,0.017171789438526774,0.04370213159907505,0.0019560793954927097,28.201767573510637,0.25168026368814844,1.601782735152096,-4.049170089872155,0.0038227749256713934,0.35861246536276054,0.5251862957249628,13.067956863614139,-212.04032244585096,103.40996171674438,26.15514316197128,30.521599927733128,17.715006451453657,0.8962727180863813,-48.58667634805159,-12.959586501287404,0.9125344810850078,-9.671333847357342,-11.220969965046132,-1.7917087888512715,-0.00466161413224737,33.552064324670255,10.67987935472588,8.884161184324153,6.291923733786182,4.921621147917219,7.017015540588031,5.598186135842752,5.0853192064939154,5.599696513975088,4.541570374895487,7.469410080870426,6.395092883184509,3.6672691841575786,404.6424648190133,185.62977347089088,1796.867381647075,950.8945881393546,2844.138882484193,847.9333645196433,-5.594954105771165,
28 People with Parkinson's disease/6-10/Saverio S/FB1ssacvhei61M1606161751.wav,Saverio S,1,153.94090637316972,597.6968583744115,101.11594299890551,0.02067085930082981,0.00013558526747472257,0.008250648227463105,0.008494782791627287,0.024751944682389317,0.08357684085610434,0.8366818940275499,0.02390324157008192,0.03680030782882758,0.07698135898067936,0.07170972471024577,0.0004693092342076482,19.204784454365523,0.12376434819699607,0.4160978154490437,-1.6724283355340366,0.128076508913321,0.3186735309888905,0.2737176874208496,-0.09120640343876829,-405.62838005593255,76.25391172657406,35.6620940943294,23.101779003975555,8.406378275799861,9.457613009595342,-1.1313255063208434,-1.612802601314502,0.8142945114854125,-5.881020766688551,0.5487417826444505,-1.4935996103822897,-4.725979130570915,106.16316086686336,62.41139657442103,27.053975632668987,22.148464524477493,16.76927090081004,13.583488674088906,14.050816557850544,10.233088918023745,8.991442555868865,12.068171938691156,10.255733214855159,8.959185331000041,8.834109427832564,750.4575525904233,440.7328742349494,1877.2782306557772,739.5103692937377,3127.202808914313,790.5540789291293,-8.675069958018899,
28 People with Parkinson's disease/6-10/Saverio S/VO1ssacvhei61M1606161747.wav,Saverio S,1,154.5830606764371,161.3949341444399,122.01517725122855,0.0033885111861748692,2.19194568901935e-05,0.0018376434900699839,0.0018208808625153118,0.005512930470209952,0.014708745137547352,0.14908237814047576,0.007441900442670458,0.00806962430357326,0.011924602745513312,0.022325701328011375,7.050267557701382e-05,28.406959600836718,0.21916938446472078,0.3013957064618975,-4.1618220199038065,0.004062056507190866,0.42646007547291137,0.368306583759197,13.237960976084178,-293.2838491374382,149.02112836582666,70.0988387364919,22.00313105079248,-54.86024662278125,-24.765245212868884,-3.5263461403384113,0.5459014770929389,-13.867305103673008,-4.618424993775207,-3.1263255152741736,-24.819235803649207,-7.316448074957208,31.404685341627523,11.160444663769088,8.419171901725557,5.816449614448582,6.124069791816565,7.854747383598781,5.9957261234239025,4.623111323216802,5.113524271221811,4.08617167457729,4.538430100746365,4.922561659802889,4.855051090933783,420.1013869047445,120.45226711070471,789.0095751553996,166.97774336895156,3075.23995775085,206.99411306866685,-7.474490293211768,
28 People with Parkinson's disease/6-10/Saverio S/VU1ssacvhei61M1606161748.wav,Saverio S,1,156.13979831529417,166.65284511307715,135.58204980116494,0.0027485197550619856,1.7603490038333124e-05,0.0014743128916340838,0.0013047132490223775,0.004422938674902252,0.016108159384634755,0.13538834725116858,0.00786380611492031,0.00797226097825285,0.012155853299273331,0.02359141834476093,1.6741884373699077e-05,36.77883039977845,0.22925867048543996,0.13335566585347833,-4.4693473114172795,0.0030370492929886186,2.1883473523158914,0.4787919363832347,14.58831643285059,-357.99696649083154,130.9050547772741,91.42742218959089,54.127276837883386,-3.0102464698923943,-23.08470515911331,-17.419055705399607,-16.178051244896025,-21.470422013803432,-5.580131032755544,-1.3671894257624673,-10.311625317143799,-11.938972735027166,28.293577096972992,16.573734040148686,8.69107210799909,3.6665771263581983,9.297260467743959,4.720631955062104,3.702607430363073,3.7009684952341257,5.3567824018097046,2.6595312262839936,2.9901819875219107,3.9000948688411694,6.122356721511347,306.9330867217571,54.697346265064645,605.8626888192058,97.8750497377805,3032.1747021866286,98.62982503009408,-8.391661858122434,
28 People with Parkinson's disease/6-10/Saverio S/D1ssacvhei61M1606161742.wav,Saverio S,1,139.54365550100587,160.68673256780417,109.21703376852322,0.024058388174876547,0.00017328742505949162,0.008942680266503746,0.010824293941529471,0.02682804079951124,0.1183244558783971,1.1524134785119626,0.04113732718591186,0.058367485146101274,0.07617631025954892,0.12341198155773557,0.00032753915587671546,11.208175559384793,0.08464937838679447,0.9605253333573934,-2.5117363002379154,0.06114556361019432,0.0766407833510293,0.4585774463412216,0.3419534897540686,-460.6560603794426,65.8673710492726,16.562010351085515,2.9020671547860566,-8.520119323619594,5.689845036975269,8.759005005860718,7.918487663814733,4.5445256650948105,-0.5448494684179442,4.884039154998148,5.231666373439798,2.7116374216544297,162.04781466932843,75.52433443273789,14.423702519443259,10.806812902091734,20.338819688925845,4.951310297279791,11.403357051946044,6.5569455012703735,4.835465187992735,8.492674770793364,6.136773439185163,6.122191241710061,5.632940152076053,1008.1423701305553,678.4467789354895,1894.4682832854594,881.5672643783885,3209.2993902533963,834.3350757260454,-10.191229009289819,
28 People with Parkinson's disease/11-16/Anna B/VU2ABNINSAC46F240120171804.wav,Anna B,1,206.83220402378876,212.81641299579408,202.2609399484412,0.0017574477341437348,8.49707169986878e-06,0.000978705352287823,0.0009639869509988545,0.0029361160568634687,0.007668772209154643,0.06611576907342569,0.0035184251225738408,0.004190613705597428,0.006037456417942229,0.010555275367721523,9.458589522028385e-05,37.41277975274027,0.4271388806304241,0.053877294825838355,-4.626805388926523,0.001831190077190359,2.304792250490308,0.8767187678414835,17.73335853782273,-307.5687123076674,126.35277375382779,46.787217057928316,33.22883902597992,-24.493715183604913,0.742271853136682,7.327055720548752,-8.275724890497212,-9.150449697143442,-4.184308281402415,-16.240514817737644,-9.055536915528643,-24.46161017067633,18.87058682104408,8.899434752945991,3.851584434881569,4.165836084531664,3.3064963151648556,3.4403995998484094,5.119078651919209,4.108906783606434,3.254421202816688,3.583347287769191,2.8290073907929343,2.7795021626532925,3.2903824951065204,323.00949484629007,59.19347443787682,762.0563918977516,149.6034530368492,2841.1403771375026,216.81050510695093,-5.136695816477337,
28 People with Parkinson's disease/11-16/Anna B/VO1ABNINSAC46F240120171802.wav,Anna B,1,195.55620819338574,205.01977051379382,164.5742942883779,0.003028284693813025,1.548546354844609e-05,0.0016189472043060071,0.0016577651799640847,0.004856841612918022,0.01480403908350589,0.12967900761164125,0.005973035420991862,0.007121943212853794,0.012351416308450458,0.017919106262975586,0.0007966797854040098,30.96505654912392,0.20814405919345635,0.16570791845517607,-4.25084598853634,0.003610842771978445,0.48321911253189204,0.5764790558875391,22.11907153412844,-285.29425655778596,130.96175522371834,8.319164028460744,17.24846211913101,-45.96985492339255,-24.482560719955128,12.558469526744036,7.334877141839388,-29.9040873719401,-8.715447662673245,-8.038020397787529,-16.6458192956785,4.690048074674898,23.636400519823336,10.67820076756637,6.630063473375141,8.116369222710109,8.058100588810433,4.777083378642729,3.624060434552934,3.615686336701231,4.62047512428968,6.417928278290044,2.996559405112917,2.7149798943420307,2.8428401037256568,462.5936420625917,152.4147233128938,990.6844273356556,137.8516291476108,2928.4234106640865,219.4292364910473,-5.192079583454592,
28 People with Parkinson's disease/11-16/Anna B/VA2ABNINSAC46F240120171759.wav,Anna B,1,183.72335502744787,187.91521811354067,175.1553500544683,0.002369279663439475,1.2896597942261471e-05,0.0011681395054724652,0.0012581089407574216,0.0035044185164173954,0.014778742440679428,0.1303872270561043,0.0060875364625095595,0.00745233533774652,0.012252028216356027,0.01826260938752868,0.002192455105430165,29.198464931605418,0.19805090702488,0.13074990566527003,-4.389763597012751,0.0031218047649161375,0.6530025668805068,0.8121326193416515,21.36072652071371,-185.49692630020562,142.11460734773271,-40.24932611247188,12.540731754079577,-44.19455290492337,11.531682201444449,13.11446358864462,2.184702737832641,-27.286345607702287,15.55698493180123,4.376391098153516,-15.939533822274479,-5.833795841458008,15.909163430233162,10.982398368937114,6.255261426075858,8.587811874979689,5.657743374330527,5.125576994375755,5.3035555785473,3.9239128248230086,3.839597885310986,3.3736554332045894,3.1840112736585904,2.7429882270409163,3.2012251121750337,773.5009993224045,335.4340777165399,1331.9372226689843,271.7989479161114,3083.825498160028,248.09429084828014,-4.47059560809718,
28 People with Parkinson's disease/11-16/Anna B/VE1ABNINSAC46F240120171800.wav,Anna B,1,196.67935149954752,204.02116848744004,151.91982199771445,0.003676945958761326,1.869375542826613e-05,0.002050219254861017,0.0018821388485820577,0.006150657764583052,0.020401573909485972,0.19292624334655478,0.010183973154627726,0.00971818011572406,0.014597580132827841,0.03055191946388318,0.012411584472602316,28.28506436671924,0.14838248606741283,0.08581451481193775,-3.9697622712985776,0.004036483426286643,0.41796319189605907,0.5369742958096101,18.364775065478398,-198.77824596947437,112.02499561157849,-34.28326592008889,51.23476945168354,-0.2189456778094892,-6.474573916968752,-55.2685702653771,16.6618602692622,-12.605574074308242,-16.722578386657737,-7.173675666458842,-5.488185491403109,1.8317211381629577,29.1690329706886,11.307687640892478,12.246340377903437,12.737897808955893,5.971167614289628,6.637254354460111,5.005041603820129,4.638485245423145,6.606466018230838,4.047805537639532,3.7267339666606087,3.177910168124262,3.491637766798119,489.540953079104,175.3606089136184,2052.643794487118,285.347961943054,2666.061400040992,246.36651827042303,-3.926437493440558,
28 People with Parkinson's disease/11-16/Anna B/D1ABNINSAC46F240120171756.wav,Anna B,1,183.55374007682835,207.60395607561213,161.09861240646777,0.012173380240087702,6.612781603391576e-05,0.005247070178841015,0.005383325307372584,0.015741210536523047,0.08263850226204358,1.0192855869359443,0.015602464540735666,0.02391102343669024,0.06690178652006193,0.046807393622207,0.011171472357516367,15.517009525925982,0.11002313175246252,0.31125471385299674,-2.840458025705571,0.0375655313761775,0.04780917120592204,0.4319240669504386,0.9323437442132985,-457.27866321504354,76.31210509110605,6.002773643516584,5.845264346001607,2.0189928180401018,15.858451425492865,9.674676393964079,2.92929477222197,-4.845498883613428,6.479378327249054,6.849705008452449,-4.516374246185294,-0.859317261409646,141.8228870920857,65.6174492593968,28.04725384101684,14.660410419267809,22.588934423922677,7.792921391335813,8.809973754415797,6.215256685073326,12.831473093093262,4.736620273073912,5.41867108280253,11.428228453011087,4.631477050809024,1150.3803758521092,665.9929920614443,2113.9303698120507,785.8141082751816,3324.6314694088783,820.3402947965648,-9.943090132580254,
28 People with Parkinson's disease/11-16/Anna B/VI2ABNINSAC46F240120171802.wav,Anna B,1,195.5452371998967,206.80214204987567,187.23364611271205,0.002778653612350333,1.4210027418410667e-05,0.001601249192340312,0.0015339012070117344,0.004803747577020936,0.01152406654316427,0.09915179384346035,0.005530330390718403,0.006542765418070388,0.008935050792157787,0.01659099117215521,0.003971945101872687,32.419552776370516,0.32031071501855946,0.1095640551781053,-3.7684596513111885,0.0020583392112253616,2.3803435621086453,0.8454924778633315,11.756918262298356,-256.46302679225994,65.26532711937688,8.038194094561854,99.25170007428888,2.1780482842308833,-5.349185887860695,-5.476109696643934,17.01124581593761,-29.531083006564344,-15.46580715084015,-4.526995540210654,-22.59078668857551,0.15058806122480511,20.82033220965172,9.253695412403951,7.206246134444529,10.14804766189199,6.5000166459265785,4.418202445028922,3.5971664452765446,5.0630635086942,4.924597035743584,4.931857179180247,3.7743364853152372,4.2766928600782945,5.181881045199855,303.67873344079345,98.68000105534848,2530.4211207939334,103.119169732247,3167.8804683007047,249.3437076010344,-1.3974417091119036,
28 People with Parkinson's disease/11-16/Anna B/VE2ABNINSAC46F240120171801.wav,Anna B,1,188.61085538307012,200.0863994086774,95.4198150754297,0.0030184839840650215,1.5987202324032105e-05,0.0015741089580105347,0.0016791404880545208,0.004722326874031604,0.014556841599509873,0.1261258355412268,0.006663359132355739,0.007505352646051396,0.011378787654704743,0.019990077397067218,0.010527027724478872,28.1360006359635,0.19794316939452794,0.11524741989452941,-2.063891170564715,0.027507633798672528,2.064013853425945,0.0033998339599518256,18.619165504499698,-181.65877510554705,100.06249134469901,-33.22304680495661,62.81963639502585,-5.504274873369222,-0.7711993473871396,-55.169245555742684,15.242478933319733,-7.19067607000178,-10.160019262380889,-13.212782450118718,-8.45338873065417,2.6393360901137632,15.81958092827154,14.531468899932765,9.262839796270438,8.485606998430566,7.5111391096740165,5.117140489661509,4.655535097161118,3.497926555349137,3.669752984549175,2.6583777312623327,2.8490657037980665,5.203327072330749,2.896355133547873,469.7172323019143,216.55929480217662,2046.664847178503,245.57772450964166,2686.825392152564,280.51123555465267,-3.1060379837691183,
28 People with Parkinson's disease/11-16/Anna B/FB1ABNINSAC46F240120171808.wav,Anna B,1,184.85277935219383,254.09784923270647,75.94145143817882,0.02231111670943477,0.00012127795179446307,0.008779041398936642,0.008667872505439045,0.026337124196809926,0.08831307345299674,0.8048061274681374,0.020987353837212504,0.03478620227806325,0.08629984483594766,0.06296206151163751,0.019566346576562112,16.982121148531874,0.06065911339533614,0.10812962484537612,-1.627660159135673,0.09384470393864192,0.4020003640533285,0.30006897553256895,0.2882982212666718,-386.25219123496265,82.9246150976395,18.884651519310566,15.146456826430207,2.2784336274844925,6.986111824301116,-2.4630938676354073,-3.8381715119880004,-6.133711685907983,-2.329261710229199,-0.3155475280851865,-6.741920237190912,-4.905465380113931,91.6387580248876,58.41863755701577,24.065534350801844,24.33435942391319,17.26625473567381,12.788062265901038,14.523669061820758,10.556229664485674,11.936317518097376,10.2799405038643,8.408183325822057,9.366881777733662,8.41748362366636,680.8962812595728,510.2344171617839,1809.243028226831,558.1010846091606,3067.30272223132,722.6419902914405,-8.939299792831793,
28 People with Parkinson's disease/11-16/Anna B/B2ABNINSAC46F240120171755.wav,Anna B,1,184.63394407312117,572.8709547400933,76.25220757873703,0.02050517072627803,0.00011164094570197922,0.008099712099610322,0.009061577041667669,0.024299136298830966,0.08812089794983315,0.8328530644220014,0.0221004243248565,0.03693189991416336,0.09459478913341032,0.0663012729745695,0.012321390214265903,18.15095317540446,0.0832384001127925,0.07330258626581634,-1.8533192412971802,0.08507548062740182,0.43650464200380135,0.3066480995682586,0.26904045874003657,-392.86832268618525,106.72817267723565,20.8018626783412,23.669178919826603,1.7856290312628895,8.55831092596962,-2.4671837398047933,-3.75479360523144,-6.914272154650793,-1.7907348510297845,-0.16219659686288704,-7.901800248403072,-3.834648691733875,98.78934187111967,54.76200124545808,28.83042038245474,26.480129139063983,19.70779225788605,13.888210381966463,16.112762268701086,10.930096224819705,12.356248405512714,11.08290171965458,9.234383297040965,9.57768651784838,8.355878347528456,664.3806792872941,439.8851085562414,1829.7275045526185,567.7730960761381,3069.1558804604692,711.6383650944675,-8.755778099980516,
28 People with Parkinson's disease/11-16/Anna B/PR1ABNINSAC46F240120171807.wav,Anna B,1,175.30841113744037,244.45335124147758,75.16580118462308,0.01754171746611424,0.00010033904973765422,0.006911466317272345,0.0077665223398862455,0.020734398951817036,0.0896755961540816,0.8393122368030187,0.021470324693554775,0.034909465231713455,0.08147276594577958,0.06441097408066432,0.007402023205127505,18.243565267573594,0.08935975732616315,0.17987153808870948,-1.5723194781294094,0.09707372556881273,0.40578187484172507,0.24106402457816045,0.1411057182982418,-427.8836893474258,86.28562383531053,22.307129963164474,23.128099135566643,1.3877690341049143,10.401461651774135,-0.8073859981123142,0.6787430162257151,-2.7900966509444984,-0.7398780821244126,0.19827203492254233,-5.255179386635652,-1.4464584652031434,108.37529720439544,57.70537131397024,25.727364135451477,23.55292501390577,21.336058813558914,13.976425338913456,16.809220070841615,10.016049822282671,11.30945410930148,9.811129047572939,8.536430597992423,9.79577136931152,8.205496199927323,730.8691851552829,580.8909015000855,1861.972316152203,641.44789359252,3137.952411409829,790.2313850044457,-9.31718084356097,
28 People with Parkinson's disease/11-16/Anna B/D2ABNINSAC46F240120171756.wav,Anna B,1,176.8151261456677,200.11362457523336,155.58784824762856,0.012466656173010288,7.044883091047873e-05,0.004359717431863578,0.0049765679895937024,0.013079152295590733,0.09913068101758904,1.1224459458386995,0.014227028136793355,0.028372674069066264,0.08800097253348813,0.042681084410380064,0.006906006218151397,15.419883166385157,0.07594134091321811,0.45904372660460646,-2.9218060054953625,0.041905157288948176,0.09349554673205702,0.4750575831954518,1.409689786525071,-439.18392623187253,87.04155503238009,9.84720276610042,13.241409300195732,2.317291043402838,18.318845282458533,5.160370872614124,2.6823212793511697,-1.3373084920483949,6.406741938391399,4.137259515241168,-6.427789356950899,-0.7212852540399863,138.3311915754046,55.399853575091996,28.550578340939413,14.63484151554402,20.75113656363854,8.063672078158245,12.567415761082374,4.953024517001537,10.461923466059728,5.4782606395723095,5.0203139887149355,11.904413073643116,4.597182278825425,1038.108223871218,619.5929475904956,2084.291125199463,741.2433893339878,3319.8100982782566,835.1149492343495,-9.180583204422318,
28 People with Parkinson's disease/11-16/Anna B/VU1ABNINSAC46F240120171804.wav,Anna B,1,197.22981842106327,204.72212721452996,143.81079656612886,0.002309169837944635,1.1709323907298624e-05,0.0011784588657693079,0.001319142220428433,0.0035353765973079234,0.009913380577569336,0.09061807501603486,0.004258911343590029,0.004995976867705291,0.007835011081361839,0.012776734030770086,3.1865128285722174e-05,36.47248365814925,0.31142510988923855,0.15818213204018,-4.030778118237703,0.003743393917587624,2.1377887128603867,0.3638125801181704,18.527394296537057,-337.0455046737699,131.02046989557454,55.17741257952985,22.72155302636873,-20.542758216194123,-4.875559536771936,2.449182204241105,3.1897214991762883,-8.862282870222296,-5.252634309427342,-18.550714993067835,-18.17074603449137,-24.1954268243035,23.718381811906845,8.444022731740125,6.108461267727333,4.587229578362531,5.344835674209509,4.528822778806616,3.920126296965578,3.7892253012775137,3.4759409425680734,4.207752617365277,2.7810311477008782,3.7827927209847036,3.4347972657468167,341.500746142921,49.2209854886405,788.1352640031704,107.20793560158526,2838.2191378752877,378.6705600237917,-7.079601121295834,
28 People with Parkinson's disease/11-16/Anna B/VO2ABNINSAC46F240120171803.wav,Anna B,1,189.7371190152636,196.75845131450026,184.66499553797442,0.0024572250427007947,1.2950849150983955e-05,0.001254810754512645,0.001423172549953685,0.003764432263537935,0.011366384299595545,0.09972290079023921,0.005207405382141794,0.006053903917676587,0.009411785515989436,0.015622216146425382,0.000576949933652336,31.368707665301773,0.29462656887208466,0.15110590196124626,-4.422565214129802,0.002692507705513776,1.8975609732103327,0.8240146471151076,18.30673236939877,-261.1748841366147,147.22114991190602,7.030523593027606,20.012186071895055,-53.3296124476553,-22.009051794231915,13.241386606413933,3.4996023387520343,-28.36946033970847,-2.7570116075562328,-10.311734306114802,-16.201853337304122,-0.03573281969178775,30.317736388008687,9.941726819060458,8.280264788784738,9.051364670843366,7.1383179563389945,6.681179213280281,4.881243638976087,4.755935117281663,4.02335353416861,4.212810387274486,3.7419970678301415,3.242333923041861,2.793049311993495,496.76713924888975,116.05039677030122,982.428079787345,122.23251489188422,2980.406433568863,330.41104377347494,-4.803623609831788,
28 People with Parkinson's disease/11-16/Anna B/VA1ABNINSAC46F240120171758.wav,Anna B,1,193.8575136380552,203.56338706433624,164.0530329564999,0.003264628995857517,1.6841269546941557e-05,0.0017075244311388102,0.0017223241481726177,0.00512257329341643,0.01767451700115534,0.1595194570809586,0.007494392716549867,0.008706805601545851,0.014508498469031897,0.0224831781496496,0.0058853257923967865,27.399269940840906,0.1951513453882828,0.06972857997458437,-4.090944579610887,0.004061782343172598,0.3562414083796852,0.6224536574921904,21.143707937294764,-224.0214521557096,129.77517720214638,-42.538587373444145,9.387721611873221,-41.36112878582835,10.624547670100497,12.702005968125016,-4.743175896869472,-25.55123247356566,12.635028725198286,5.6397176955644195,-19.95725125296422,1.3877060894293523,32.11299083763483,8.723291314277153,9.888426382449357,6.257255216525024,7.106917722492034,4.337358683184051,4.095392394755611,4.357176903738475,3.7543566161839323,3.3048327890936573,2.658477950501078,3.806441882929806,3.0679244709608033,709.7540430236344,415.20851720168173,1360.622607792287,260.8097901511049,3141.587983768119,254.4583735344961,-4.665845590872506,
28 People with Parkinson's disease/11-16/Anna B/VI1ABNINSAC46F240120171801.wav,Anna B,1,197.63936467946786,210.16102081576958,145.72682045326636,0.002514712498324752,1.272513754052336e-05,0.0013218454860506313,0.0014009889984724789,0.003965536458151894,0.013328014167620273,0.11833510472274227,0.006107954387826514,0.0073478897693350035,0.010653089167625236,0.01832386316347954,0.0038506087949258757,32.29566039012604,0.10556403239058834,0.06348161361420199,-3.7256287116718387,0.0035749598864016643,2.316849930246947,0.4142856127434047,14.409458791670986,-265.30758636097255,69.71897191662113,8.211181099111508,85.47085630739477,3.832717249885338,-4.65649595812757,-13.114500638725145,14.66796758664814,-25.406503892342208,-23.799517432804322,-8.766205040640196,-15.13391829137094,-9.602400170980934,33.32942486117221,11.0081332727176,10.398724555119589,14.180537302232732,8.487671829771415,4.740410618557023,5.767058550387611,6.703237817134875,4.2057252740445925,5.977204877084342,4.183660571782555,3.972115710411623,4.351612842427966,327.00718980272177,88.54703664792594,2486.55001848516,172.85925876916045,2986.945203085223,325.030102015273,-1.5057072014973032,
28 People with Parkinson's disease/11-16/Roberto R/VI2RROIBVEI49M240120171909.wav,Roberto R,1,122.2666992056606,126.66393220119535,118.83335783816491,0.003542270412201565,2.897138570597969e-05,0.0016307963620060997,0.002225915724330364,0.004892389086018299,0.016401680991629395,0.1414724564164446,0.00789251250266231,0.009024467829148043,0.014210808645898902,0.02367753750798693,0.0025017202708946004,26.94671607410004,0.22674389441523338,1.385045741051873,-4.453212751843685,0.0037256116204311958,2.0780763259052524,0.8064077266078148,13.985573848749873,-188.2115503428832,81.19083897486982,24.131662230593356,94.499755568496,-3.191171257308083,57.1993114834173,-45.150701277677726,2.7926060701835302,13.103908495139992,-11.90879673924223,-27.327918122405734,-6.4334996553329935,8.727746384844526,16.893157741398827,6.5378535283776,4.268890829094092,5.500969038236941,6.503055832916788,5.243981238239944,5.477713728157091,4.195827252637358,3.594832508257768,5.661220599723642,4.425649522948876,4.045230948021633,3.424145998704187,258.29091290329234,50.04770354185216,2063.809527778663,163.09183433010134,3232.8749820879093,2172.676711160422,-2.133641268924641,
28 People with Parkinson's disease/11-16/Roberto R/VO2RROIBVEI49M240120171910.wav,Roberto R,1,122.7116276635936,127.9621533055807,116.41233447992921,0.009640943504612292,7.856926235395434e-05,0.005534759519102609,0.005619276897273946,0.01660427855730783,0.0625715816804499,0.5345797620835542,0.03573180148773495,0.03323361593927006,0.04450188705038119,0.10719540446320486,0.0001267260665924991,20.857410260823283,0.18659208563847138,0.5628941819617452,-4.244997303703437,0.006994678764396379,0.5027252182180496,0.8008389588696826,12.675790992473384,-281.15184845251594,191.73828312163647,60.677596271865156,21.650719944707635,-63.88697575830594,-21.341036557735684,0.9445179459630613,-3.7127865562382776,9.760889540465035,6.8376466374361815,-9.943142033926897,-16.294848046674215,13.879297851589547,37.78713536502429,8.555665863062256,8.801658124717882,6.736530587935431,11.505490343483931,6.486457572943559,5.324888645115072,4.685486965696378,4.222387401553295,4.2158324319436415,4.167953888912556,4.313404816128224,5.720375995724581,439.0979766585427,206.98481718971573,848.8639294270246,108.11827851379108,3310.7179310181004,785.9674768297452,-9.074493668005255,
28 People with Parkinson's disease/11-16/Roberto R/VE2RROIBVEI49M240120171907.wav,Roberto R,1,133.07709828830323,140.88597708971187,116.45184443815738,0.007946228821024132,5.9660653596956466e-05,0.004228528804847515,0.004183470750717759,0.012685586414542545,0.041427704626843774,0.3580560858338129,0.022555898904407037,0.023650877416611656,0.02851110450344999,0.0676676967132211,0.029134368927888236,20.43851845889041,0.2956172502738212,1.3952339931151507,-4.029483210491633,0.011205623657775986,0.0670820349928207,0.2801444292061353,16.465716463315776,-122.65858113695661,112.24281442015867,-30.135798507142294,75.08864898098693,-29.830190218573275,31.624637958150917,-25.933413445867945,-29.850260736516198,-24.050310857660698,29.64036836577803,-10.410916048341669,-25.137546271894106,22.265801551081285,15.808182909860447,10.119555376235782,7.1784276464503876,12.60766504231736,7.286407247028695,6.485785991573545,6.055754972438076,4.6828221691344405,9.03340416853189,6.313237923533348,8.943905962006339,3.5957816732784043,10.821603332573936,440.153684559748,147.81080873846668,1708.380693951368,121.18086861383063,3300.1161736736112,213.5908733402066,-2.0526279674701438,
28 People with Parkinson's disease/11-16/Roberto R/VU1RROIBVEI49M240120171911.wav,Roberto R,1,121.66608274383664,128.11109939612393,112.2463002335675,0.0032758287364232997,2.692690774634541e-05,0.0012892182615077078,0.0018144734091977476,0.0038676547845231234,0.024613100657370143,0.22172986509565634,0.008662538893543379,0.011470254587276461,0.027806174034849557,0.025987616680630137,3.1658565474342685e-05,31.74385065705921,0.162445872518311,1.3602645092358538,-4.161418001621386,0.003919184636808636,0.6977127702891422,0.7313858455928847,15.21497967689735,-309.65042557065306,166.9450134894649,72.58908250630114,37.07380530535226,-18.640402746333354,-4.565939701773578,3.2535332922292786,-5.807107929986622,0.9166155886159624,-0.6926067412818018,0.9969989102220682,3.1819443406899426,-4.676375628119544,26.540316751478066,11.150251520150018,6.362648209122177,9.644042592385905,7.509352521712298,4.876369989341681,5.0027894542554305,4.205671800931923,4.5107602069720985,3.641814246169139,3.7030939738912356,3.5416094164563567,2.9914660992168147,265.58462804256203,213.5867017505571,732.2709565745348,179.9206355985643,2609.63089836065,682.8459774948502,-8.159653152954768,
28 People with Parkinson's disease/11-16/Anna B/B1ABNINSAC46F240120171753.wav,Anna B,1,183.47326172391885,286.8636911071826,74.94231693475885,0.02029384698319223,0.00011093982019997006,0.008027993313312994,0.008892686154642929,0.024083979939938983,0.08339593312415101,0.8073277342011397,0.021935068308044817,0.03534961463316188,0.08749611255674679,0.06580520492413446,0.013179110082576093,18.496376230769663,0.157481491170403,0.06898989064024627,-1.7014888474178849,0.09798163159348648,0.4040794674919423,0.25920382575661205,0.1652706666778414,-382.39613489484077,103.08181771202479,19.35293894013205,21.367873656182212,0.3885725465912793,7.49389702104327,-1.899058132073789,-1.7486901018848722,-6.850825829938446,-2.2946747223418513,0.5832750886615046,-7.966813768079071,-4.183503693792551,101.25036661532023,56.74369863586699,28.741123239601077,25.743548292265537,20.105302966188184,14.112676546329373,16.235847399665758,9.875603338240644,12.462018643253453,10.245907276429369,9.38762636130297,9.508927967423348,8.08803032603372,676.500838192324,462.14351302989706,1801.3436699020635,567.8770900019235,3053.505786151111,711.4839389872758,-9.020669105862057,
28 People with Parkinson's disease/11-16/Roberto R/D2RROIBVEI49M240120171903.wav,Roberto R,1,123.4100999974754,154.4727454685592,106.24384046977359,0.033239140405565304,0.00027081301012736245,0.01717250313954813,0.018688153032060683,0.051517509418644386,0.13625856647272652,1.2300551282438312,0.055205463228809794,0.07170201055412255,0.11497794437830662,0.1656163896864294,0.0043514345701358035,12.151764498826457,0.060677164137963736,0.8473072497404996,-2.6654334644653788,0.050837972424373254,0.08213367152663989,0.5949893717734279,1.1647838565383353,-369.3815712378978,86.33480945794466,15.275087672347688,18.97456956510369,-16.37294648483744,15.727942440247801,13.596619710256086,5.267706396173906,3.686072577911845,4.689214977281633,6.091253588936142,2.7109379120061123,4.120769120426578,149.97823588964283,60.204984891374735,18.130123823326393,18.18235165448001,32.53706961579174,8.750809086550909,13.670702077858905,7.221307500663618,6.725923109560414,6.380546134344824,10.07958209679742,5.003037363221453,6.984308524670343,945.5362312101643,592.7909760805185,1881.8198535697684,771.7357807087852,3380.353288421326,722.4730090163474,-6.600398030049589,
28 People with Parkinson's disease/11-16/Roberto R/VA2RROIBVEI49M240120171905.wav,Roberto R,1,123.40057670130183,129.05813421352107,119.35266237466799,0.008970191526065851,7.269798637997134e-05,0.005140088005650267,0.0047339824510109815,0.015420264016950801,0.03374452422619055,0.28899303842453056,0.01864832990483548,0.019744570593935334,0.025673104441583623,0.05594498971450644,0.0023175290212910566,21.798510367581645,0.26977934178644786,0.9480489122175262,-4.4230397993374195,0.005593957886082211,0.5403236576932829,0.7554179771170462,13.951374846025498,-154.91724644227872,153.53182836236678,8.826017163826497,29.40738568586354,-87.9922736735482,20.078613756294352,19.649962698789,5.165152166083249,-9.685999684145756,0.2763365961222472,10.804222640300402,-19.899614539470342,17.74708904851676,36.24579836360056,16.594086990665776,7.425503106842901,5.502501511287921,7.952986007028407,5.441045551543422,6.3999213918501106,5.785327041725226,4.851154408135305,4.489430272158894,2.880790138629888,7.161421660187844,4.625820528756268,511.9191585936076,307.43218278073334,1060.009305532296,104.18958690330994,3342.608500247094,187.34184727250639,-5.519180153917941,
28 People with Parkinson's disease/11-16/Roberto R/VE1RROIBVEI49M240120171906.wav,Roberto R,1,122.90149554586333,129.17885956298122,107.3443432598684,0.0059757397561734085,4.862261360879813e-05,0.003245402835192767,0.00342204622016899,0.009736208505578301,0.027963199638518874,0.28538049196329857,0.014241729018000584,0.015398500898873357,0.024671931848734528,0.04272518705400175,0.014205600781557973,23.056440431415844,0.2636990619424778,0.5710242008691726,-3.9083807205779295,0.0054335189734943945,0.09194672541867341,0.5500525353145771,10.519448938615376,-202.8147792713717,143.43056529955004,-19.88422807652142,48.937354749233776,-7.308065361007232,17.531854861906357,1.1232127498957651,-51.05041159013874,-20.736500450200108,27.11858649192807,-2.31038463437399,-28.124732191202842,9.751872737024362,24.931377857968783,13.632978999128092,9.117037385082496,11.727873767204533,5.645516039043935,8.091746475299399,7.185270037055859,7.987835459725049,10.824526944392531,5.9670261440098855,11.584738064868247,7.985852132122618,6.7808404115392475,431.15403446973147,167.08276138740985,1628.9822353172935,114.64636080895167,3226.70435933564,430.48380412361934,-4.746550669785502,
28 People with Parkinson's disease/11-16/Roberto R/D1RROIBVEI49M240120171903.wav,Roberto R,1,104.20143541495746,124.85603158221114,50.363701075362435,0.028838124792235624,0.0002791039200301566,0.013350856609910096,0.015357856561678245,0.04005256982973029,0.14703843717863524,1.3814615651685902,0.042216283383154335,0.04593572611331857,0.05892274439625953,0.126648850149463,0.005412152001198908,7.58442093770514,0.06994975026485985,1.011698918136908,-1.3841294258280252,0.1453348251228226,0.17447514352542287,0.31712964689520057,0.645909188228849,-368.4892391824301,117.8834388648037,22.96810359342261,16.521948964228283,-24.549226175451725,12.464796446287652,14.75156096618243,4.563993307973508,5.720877440917379,2.409757781413394,-0.6801970212284563,0.2369898996610367,7.143895139162466,144.41593131270716,56.7912131510235,14.978791698715632,19.91107415426644,35.48094523024887,9.383724464175135,14.016140530188878,7.525779440412916,6.9579463335473415,6.682120613105499,8.34832102881628,6.187972917252629,12.700581527240772,782.2378630121461,490.66886568743126,1719.2463011712525,734.1877636910926,3295.6476859066793,716.4392841791476,-7.696949385398864,
28 People with Parkinson's disease/11-16/Roberto R/VU2RROIBVEI49M240120171911.wav,Roberto R,1,118.78646434494642,123.11495138898837,112.92850614906487,0.0033393237337699835,2.8112232838154076e-05,0.0013557119299856366,0.0019434455748215164,0.00406713578995691,0.03605145592565691,0.3210766523113296,0.009578407623640088,0.01354952055155987,0.03689884160294111,0.028735222870920264,2.518698053831048e-05,31.797937022577596,0.10135636207717509,1.1715713889238972,-4.1310673959008195,0.0037990244661496742,2.2339550300969484,0.8754407041723278,14.727344011119726,-323.77090495897335,162.58301195377703,73.23162916280958,36.66901971227372,-12.647464523431657,-3.1284959987309477,6.838514946619661,-1.54465618720462,1.864798003311033,-0.9968631879995794,-1.5129444015959927,-0.2404129811203394,-9.36163019224726,28.797672322892343,7.815086501697545,7.3523886530383855,4.373468743975583,4.4644585318088845,5.61496569604345,5.173746087269337,3.5075353362964687,3.717208396725031,4.004423523386872,3.587863674804635,2.617844274591005,2.850329708382698,250.51924183220336,171.27302623433508,755.6071074999602,184.86396577969208,2598.9821593588936,516.6806061155592,-8.294637949310001,
28 People with Parkinson's disease/11-16/Roberto R/B1RROIBVEI49M240120171859.wav,Roberto R,1,137.94124074187772,598.7210761708195,77.08912551291859,0.02910568106989999,0.00021476565582124942,0.013765826326288965,0.013195493260362108,0.041297478978866896,0.09451212574486569,0.9945190507160686,0.028099016638767082,0.04327041880000493,0.10215265727620347,0.08429704991630124,0.007226781747011342,16.41833446001782,0.12247600653765742,1.4511618796382129,-1.4002609226109979,0.15030018277597607,0.5468138142792535,0.1401204640114194,0.422564533075942,-373.19367319989595,92.01593110693464,27.542851245634637,33.64773822296371,-5.716767645099602,17.189256202944843,4.653403938917764,-6.4465974972976285,-3.720036917551462,2.4219879971592935,-2.045335306091447,-4.294322386507511,6.488804724502181,103.23371055814295,51.555576869186346,24.69310262896459,26.119047946522944,25.861238303033485,17.340988047577206,13.388868670684682,15.62432357004387,12.814026090077418,10.86703473219534,11.90341398765601,12.137660930657884,9.516273881021723,698.0125611828748,456.5208353776031,1758.4314027820599,592.7265742993907,3298.922398013166,707.416165193274,-6.611351948294723,
28 People with Parkinson's disease/11-16/Roberto R/VI1RROIBVEI49M240120171908.wav,Roberto R,1,122.88818678421498,129.5521633252448,115.71360126147393,0.0030024464846324095,2.4432873759168286e-05,0.001152971111584716,0.001716225074228974,0.003458913334754148,0.013678880037688284,0.14244833360012102,0.005581185327549999,0.0076086287581420145,0.014161663991097445,0.016743555982649996,0.01003969265907104,27.109147066077657,0.14821529278833384,1.3428642998120799,-4.284116358235909,0.0038304656786815466,0.08685779845764613,0.6769074222381551,13.14431460358669,-185.69613562829997,98.66721892520702,-3.067090144376199,84.3988802377748,8.53935382871236,51.68631562359855,-37.585497518740596,-23.560526378305475,13.428197506657533,7.99185139791033,-48.308927736047266,-10.476331615258106,19.149540478730845,26.189894917060254,9.354591730883865,7.144628631205306,11.355247662477883,6.2987814465548775,5.941347766198778,6.621930605144172,6.154734308985306,4.350371529826319,6.4834559448254225,7.083712473209363,5.512649989119898,5.864831704409164,310.03821947227954,66.30630495583542,1936.148942967764,73.81144327851112,3087.0101618782037,1271.3362315221348,-2.1337755945677457,
28 People with Parkinson's disease/11-16/Roberto R/VO1RROIBVEI49M240120171910.wav,Roberto R,1,118.42511577706976,126.01278337589866,107.2778444916065,0.007621405541687303,6.435336405459153e-05,0.004174008752056836,0.004480267378586974,0.012522026256170507,0.0526724938164418,0.5080236827235766,0.02653388559500253,0.02867171074291007,0.045861432804716024,0.0796016567850076,9.469685821665558e-05,21.714844676077398,0.21555065209245977,0.6021174759526716,-3.6770326183937505,0.006375370873190677,0.2055480143972545,0.628306814770734,10.498223851745482,-301.90649409289904,173.4676256844875,65.620676745818,17.031467464807122,-57.597674931858705,-10.408808662691538,-0.8681479676563189,3.7039990481636873,5.01445005123173,-1.4896982659366937,-9.420504051845848,-18.99991218446763,11.713762045412404,30.144148261528027,10.627280773853878,8.99999453831692,7.323405222454463,9.105923221062238,5.008848476568105,8.334256892815871,5.081517632474914,6.2194134025366274,4.475504164001861,5.063066551406842,5.856473846866736,5.252039452685515,408.98252097676766,234.47515773420017,904.9173120405817,123.00502794098341,3214.327799583243,1159.0668540062595,-9.532000054246382,
28 People with Parkinson's disease/11-16/Roberto R/FB1RROIBVEI49M240120171914.wav,Roberto R,1,131.60460863389412,599.5089894354463,88.537002353587,0.024389785253553235,0.00018785903216672983,0.01103518008073711,0.011312612970399085,0.03310554024221133,0.09855280560170601,0.9747061352598584,0.025344839696540136,0.04157097236571721,0.10455337856261168,0.0760345190896204,0.004787214325146648,17.20781842216797,0.11558488674405698,1.2862854113806377,-1.5051554410858876,0.1343059184564296,0.5957796706774184,0.21130566744792414,0.7845620595591711,-347.2304606321383,103.32945757988918,25.465417914621593,37.604906730701636,-15.223830188562719,23.633585179273012,6.373721862905659,-11.024795489016483,0.26598631363154007,0.7997202196475697,-0.30814309611726515,-2.0956806121766145,5.420260162875505,105.4728624868744,49.24456653195998,24.88053548002623,25.630830098372748,27.08501461186602,18.626159244136815,14.20231765364657,17.577092272490827,13.254488738344811,9.903057335922814,12.150138004711668,10.877300645473683,9.302086049804712,670.1788947754658,426.30092686678375,1741.591279781562,548.7965558334853,3446.3036662969857,609.6063746602595,-6.522527236814672,
28 People with Parkinson's disease/11-16/Roberto R/VA1RROIBVEI49M240120171904.wav,Roberto R,1,117.0937739953282,122.65874923821121,101.2462627036816,0.01075303170794613,9.183473332976764e-05,0.006338168062645079,0.005779561899390708,0.01901450418793524,0.05901619116702757,0.5113289751761172,0.029493112157275115,0.03326283023501596,0.051172085644948316,0.08847933647182535,0.003213320026316495,19.362060884417215,0.24831584824076705,0.708442296414195,-3.9792827247017173,0.007798036492052423,2.514771357952393,0.4725212393122292,11.74570007922496,-212.0795307222397,168.73781984191538,13.57596383854539,21.94900778457412,-68.41695408097175,-6.884091176687539,20.18297569224561,13.503486772524939,-17.546452678963835,-4.318953703198108,12.744735449928502,-10.766132363575707,15.508652797655902,64.74597661133159,10.742395293424721,23.974664732344326,11.443792223506073,16.955791077130673,10.333250208278535,6.846495446325672,9.354648373182041,6.5455295058677105,6.274468788128184,7.452216077388958,7.302496445052444,5.882036734047341,500.77186014299195,230.83453471849737,1020.3368179635399,144.73530414194917,3147.840648100732,553.0825150178223,-5.640294058550358,
28 People with Parkinson's disease/11-16/Roberto R/B2RROIBVEI49M240120171902.wav,Roberto R,1,140.79096299767252,598.2357752374581,88.08054973095163,0.025624321499554504,0.00018346558867171766,0.011719696202274152,0.011724713613506552,0.03515908860682246,0.09318422722776717,0.975056889163637,0.025510536623889794,0.04390003325704045,0.11634340721297627,0.07653160987166938,0.00820007954956896,17.547157223813162,0.11549608689215148,0.2113538280148719,-1.5418512637274,0.12067142641516937,0.5698507798287259,0.17637512312625775,0.34910987283537054,-368.50292195699234,90.14631889093916,29.174704838324335,34.97440691540915,-7.541562118838482,14.51809460773025,5.505158780701046,-4.809792841217682,-4.174558578402815,-0.11317212534206252,-1.2921576759328746,-4.960845765457523,5.510035718458885,97.35161670174085,49.78913594384901,25.713079688385513,26.631746364676083,25.376960643341732,18.287028489493544,13.40821605477254,15.121695171818457,13.282758964380312,10.223444792043363,11.304317345698424,11.313313816590284,8.890205733879801,681.4101356702785,413.7070004797545,1747.1425819645744,602.7864236275736,3328.6526098771637,633.612068409131,-6.567150703849467,
28 People with Parkinson's disease/11-16/Roberto R/PR1RROIBVEI49M240120171913.wav,Roberto R,1,134.4068970070429,584.8270498638512,87.49120792668025,0.02383577495935387,0.0001802127562331738,0.010794740124888342,0.010736435887009517,0.032384220374665026,0.10154026271549572,1.0443332123403029,0.028620208173923408,0.044392772127402426,0.10447958653597826,0.08586062452177022,0.004850929844852961,17.23510293942771,0.12037594585404078,1.2270853024573989,-1.3603035810716047,0.14364881627389064,0.7008185501010877,0.1173544919428693,0.7125961984984457,-344.9960228647774,101.26450849099285,28.478038721656223,35.47508908286673,-9.8319670255567,19.574307584493983,6.2173687083965685,-7.248743908802174,2.1544909317143346,0.18906079531754896,-2.698137824094196,-1.5447554853994865,5.062024327699464,101.01993454348606,51.18749729580256,26.41813726811373,24.10904969869629,26.466097604499588,19.292517312809764,13.636093995054733,17.826583696032106,11.497758971822167,9.15077105455649,14.170067885234015,11.639966673088367,9.25766903272457,699.9458410780273,435.1379607473357,1772.1380836791482,628.6636096449093,3348.1076485821895,758.6836070236891,-6.7152159079661775,
28 People with Parkinson's disease/11-16/Vito S/VE2VSIPTIOZ46M240120171927.wav,Vito S,1,171.6178161696955,176.67874429670897,166.69213420022035,0.010096858405574456,5.8824872988870515e-05,0.006226318364062393,0.00565635340656785,0.01867895509218718,0.048406707058658814,0.41954496029061317,0.028207224170950576,0.028051853427462872,0.033543753694456654,0.08462167251285173,0.0017726464226501084,23.869817536838646,0.14214170249402497,1.6592891356626975,-4.472451721532794,0.004147716906798283,2.5945897393061554,0.8219878602909458,11.226113627732548,-210.83591882755573,146.84121748245144,0.29097519102639063,40.16693610493493,10.467182495107199,24.395187198262754,-52.10901364363315,-28.214506458392353,2.4781214706042918,-18.09095556003599,8.761340183787732,-10.646192576278397,-10.87631075392056,24.27944285708139,8.155238686785877,9.275690806935962,4.164206448458825,3.8138016875478913,4.958603163603186,4.604512003095423,5.038052698296303,7.426239657520074,4.5603403924395485,4.282524863354129,4.527498888384847,4.781426794265056,398.60891186339416,233.22408123769006,1825.6054860282436,399.7723427056041,2949.5217660517446,764.2260492951585,-7.106992229735579,
28 People with Parkinson's disease/11-16/Vito S/VU1VSIPTIOZ46M240120171932.wav,Vito S,1,184.95489483916944,201.1998465883245,175.32862700420532,0.0025893490381972643,1.400019716770324e-05,0.0012450716677482997,0.0015392472966732154,0.003735215003244899,0.013607664632788584,0.12466788905625995,0.0062494807371606675,0.00811704093582662,0.012575735614384667,0.018748442211482003,2.6576031742327866e-05,34.206393311777795,0.2805909487183736,0.12847107546604097,-4.174699115638905,0.0033259560342038604,2.383666052799745,0.574672590124854,14.553116530641404,-356.02245656483956,139.33926712032067,69.7056679624361,41.25103052966827,0.8551804761476862,-19.76430067027661,-8.90791169660174,10.414105625953956,-5.871026893830734,-4.596870538514093,-1.669443267582748,-15.041794982153212,-13.965770658524212,21.27313623971747,9.423557239013538,6.715105995004739,6.894360986654336,7.3019181790628584,5.634012737529944,4.197672188625406,5.425787487672441,4.573366862588498,4.949297171433547,3.658309002067375,4.002286781841461,6.415257821783257,264.3332988945966,139.8255081571814,819.8981346445509,642.6449108799228,2826.856547319076,330.2624488828508,-8.332319558498453,
28 People with Parkinson's disease/11-16/Vito S/D2VSIPTIOZ46M240120171923.wav,Vito S,1,149.34368929815864,176.54363362672606,128.11370431740067,0.01401951377933619,9.373801455874931e-05,0.007681186418586762,0.006306474890539777,0.023043559255760286,0.06315244889474994,0.6676639580349153,0.027662017125436585,0.02855063763685261,0.04093091166892643,0.08298605137630975,0.004242339709652091,17.365222968956775,0.0920549643966057,0.44880769070883325,-3.001403805483011,0.030284350667161026,0.11762785263080247,0.37730186649097947,3.4901808262807528,-349.759981609594,125.2880536682669,3.281390155701193,3.9163359342013653,4.291673459131844,13.256786106524823,-6.887845738538653,1.0630517203490566,2.7623603550093003,-7.465462004975342,11.863533333158896,5.116569015602798,-3.309863380383749,124.8933146113519,63.46094189391659,28.548657392475626,16.790473443369194,12.037563627482076,7.391821489081697,13.156889725951054,7.090375202276845,6.040686404973776,9.42223598976393,10.345245288249302,5.841101001100933,6.350295768242238,771.6025225179512,592.6487694745575,1721.298199264324,667.733362884368,2844.8042553437213,746.4971334430638,-9.231976565828427,
28 People with Parkinson's disease/11-16/Vito S/VI2VSIPTIOZ46M240120171928.wav,Vito S,1,172.76784749213377,182.06938123811543,168.4734400071641,0.003050620360261712,1.765639227777376e-05,0.001689409198742011,0.0017771963325685306,0.005068227596226033,0.01258300227601508,0.12405476252106601,0.0050453838967416025,0.007089238117086387,0.013588090284074334,0.015136151690224808,0.0036802431641376767,30.75863165152554,0.2689955940570165,1.7041548600336511,-4.10516557711345,0.0024775050583249626,2.227407743625863,0.7562141083996324,15.779864932836045,-234.37133834736824,79.64085959423011,-4.744204046998954,90.93370512718641,37.57036865245678,7.498310704411241,-35.50781665535699,12.459454256844124,-19.44412367090884,-17.33494469165071,-18.91165463108371,-23.187110877940214,3.879351866839146,22.68912755301148,9.25669651451885,9.937539740401993,10.911178708172946,5.626155199022134,5.485765107360299,5.408143521332641,5.859587045016923,3.629586251737038,6.1547335709770525,5.417309076639114,5.940565052594777,4.696639269720118,281.65017137103956,32.49273251584256,2023.9693099153594,683.6272826307528,2409.808625630242,674.4217026105463,-2.6918347756597356,
28 People with Parkinson's disease/11-16/Vito S/VO2VSIPTIOZ46M240120171930.wav,Vito S,1,168.31870111739877,173.06960572291223,164.89896953107447,0.007341930550479912,4.3615397581253166e-05,0.004426276185496764,0.004175784212081705,0.01327882855649029,0.031977772970051596,0.2820476468009235,0.017828190612844623,0.01834311805549551,0.02368461108731985,0.05348457183853387,7.755377020517413e-05,25.736818533905144,0.1617925502402561,1.6400074404272538,-4.757331255616622,0.0036168793762955554,2.5897803206975105,0.794029756528744,16.296769136471372,-252.30799141609216,189.39334864204346,32.12829559115715,15.239790652539272,-34.030778643172994,-28.47380866956607,0.7150930552033923,10.855338467106918,-4.176626996698909,-14.823591520176203,-7.431447782863741,-8.850703859171068,-9.161636815426526,26.14610858867201,8.422479321686312,10.42464971853838,4.286512873468106,5.2289726425985075,5.154702258912514,4.87448723213188,3.6324872105823287,5.0690142468621024,4.872592422005416,3.6270488198270407,3.6450347680901305,3.7416771584149786,312.11957818197345,211.89772714027762,916.5250265512407,124.52809403849128,2607.984445840399,1517.3421443217603,-9.12145016503604,
28 People with Parkinson's disease/11-16/Vito S/VA2VSIPTIOZ46M240120171925.wav,Vito S,1,167.20248448136957,170.35206734176833,163.88284037192204,0.0072861394050265345,4.3574652197052556e-05,0.0044035345080109395,0.004243852769245387,0.013210603524032818,0.051009728477128764,0.48002119419935874,0.03088929001612555,0.029659017170703676,0.0324429978658066,0.09266787004837665,0.0013659235968713035,23.137902061722095,0.1254171931887605,1.5978262851939051,-4.898576917343003,0.0030768072277549893,2.6908745515397015,0.7787360373417036,15.723047988739268,-230.17776945836715,160.15247009772725,-2.346277204421254,-2.3686384612180396,-23.687592708721873,38.20627505785303,-17.87165179087019,1.3543025396539377,-8.963344852952638,-25.04366819225118,15.857888776817932,-7.497457071353596,-10.995280469260933,38.29125185537507,9.048441073090967,15.27793016959738,6.74720065213455,4.3003452858980475,7.098123513510722,4.905738997491619,3.9140600836526573,4.535669646895221,5.984675293887265,3.218018863560512,5.0322553037710485,4.248935020286587,392.8508318609373,675.7269033355208,1331.921395136612,288.63521165399794,2826.2874796845003,824.9384551055736,-7.1697494866022335,
28 People with Parkinson's disease/11-16/Vito S/VO1VSIPTIOZ46M240120171929.wav,Vito S,1,166.4066218796583,181.05914482001054,160.94235479600843,0.0077126689867037185,4.6350656731635804e-05,0.004690647712716231,0.004378254725777008,0.014071943138148692,0.05634817996962632,0.530120647460419,0.03414423385015066,0.031168753088587884,0.03585842048950924,0.10243270155045198,0.00012839554910990878,23.692236558535537,0.23002542150237965,1.0710879186287905,-4.753671161713512,0.004692744511849399,2.9243477549595807,0.3462656505379828,16.948646853477634,-267.5952879082299,187.2562619248007,23.938511694347817,6.7836378787129865,-38.04384345050663,-10.737122253494409,-6.154607997286154,5.5844632907197695,2.066708854562819,-24.07547878807742,4.50882845966373,-8.078115363631946,-4.210047888635592,27.76833894250515,9.782059233510916,10.556357145812745,6.848763003409053,5.202463030601812,8.490733097194008,7.637955650777783,4.119491393335502,4.035129341377073,4.038658951241957,3.2925800643883605,3.2573521780947803,3.8823592936280646,357.37560906323404,365.0863595879393,956.1211226578384,176.6351342040958,2775.8328903564516,1297.4834925439507,-8.683503738292698,
28 People with Parkinson's disease/11-16/Vito S/VI1VSIPTIOZ46M240120171928.wav,Vito S,1,173.49593268005455,178.930675565521,164.5862254070238,0.003830880493310586,2.2080278261425954e-05,0.002143317087935849,0.0022040081858802543,0.006429951263807548,0.01974926793819817,0.18812655446011523,0.009911789584168492,0.011948265060756916,0.017262700440557846,0.029735368752505476,0.001568283635756792,30.108288128722158,0.27132535824306786,0.2005934708068278,-4.167219385408056,0.003195013068189318,2.204482955028656,0.6719912205723398,13.990101998899792,-269.15660033215795,87.65878916916238,13.423590207285717,74.3584604662595,41.20444941085936,14.862650957528311,-35.71795896579472,10.103574040224407,-10.265667542123897,-15.650777139002976,-21.397011239353912,-24.399622983562235,1.9830289298311357,31.24433726913806,7.094651549914116,11.714747814687819,11.243004320022207,4.753804971777453,5.581143153442855,5.8838105253749795,4.1061456483623875,7.074369424807299,3.887672857972178,5.122260645622813,3.7693920863147246,5.052865314595013,243.57341119073908,45.40778685555822,1974.4221989926668,767.8378854160217,2534.369612098553,1042.1646592343136,-4.200563576639659,
28 People with Parkinson's disease/11-16/Vito S/B1VSIPTIOZ46M240120171920.wav,Vito S,1,172.30474122949187,564.7310704281227,90.91736556432319,0.02025376728809664,0.00011781730015577843,0.009189532636965658,0.010122291632919632,0.027568597910896973,0.09261047769830998,1.007810055291304,0.027481379433688065,0.043678053215459124,0.09846747226666196,0.0824441383010642,0.0029847872649498117,18.92368104387579,0.1802175997561149,0.22849332921860838,-2.040904508083728,0.06942897911350598,0.4637540692476521,0.15490121126661716,0.7514173885960176,-359.08205395379974,95.53349434215039,17.47061713224053,31.392958095312853,5.6249429073532236,6.6623327239496435,-8.783950826693978,-7.112920425316444,-5.080652628183296,-8.384298102014787,0.3014435713572554,-3.238061621691762,2.0129121674487966,99.43693159277413,52.27575301541509,22.508119254435375,26.367174009103657,22.436597728970483,13.08043486498906,17.161984787331956,13.545165685049826,10.345562131972413,11.485194403417786,11.789545173161624,9.89159089999728,8.61997989364271,618.2073790833213,402.13668324946536,1761.378237976443,670.9781203358117,2853.8027011026957,736.6419483368585,-7.786737132418846,
28 People with Parkinson's disease/11-16/Vito S/VE1VSIPTIOZ46M240120171926.wav,Vito S,1,156.47003518118223,162.1990534435289,76.85398537964392,0.005907012301426874,3.775167222639426e-05,0.0034232021875508336,0.003532280807812403,0.010269606562652502,0.047302299230685435,0.4530258702470602,0.027374487140170486,0.02719401506746642,0.032007795973379397,0.08212346142051145,0.004393440507830118,22.915886118383405,0.18108724584381752,0.2790147108863115,-2.71050581013457,0.025635950429748106,3.214968662849349,0.015165039612704066,16.048588246295665,-267.69720075947964,147.61154715182764,1.5944846112285789,29.00869836107171,4.311318838542794,27.760710183656943,-49.5315030174164,-33.27799778379158,13.241174994736337,-21.135748421183756,12.322600097385925,-9.957012181834825,-5.77710201942197,33.45968921536477,9.186769551366892,10.853687967451926,5.499137314273521,4.186037573373716,3.7169504498247155,7.273845520541044,4.173060577541986,4.195114639493524,3.983972350520121,4.695280102087339,3.8321645539244193,3.0767040335350524,461.5348746585648,173.32985882342624,1790.5548586345556,249.35867810137157,3008.243199090351,828.0688354441628,-6.921849733966454,
28 People with Parkinson's disease/11-16/Vito S/D1VSIPTIOZ46M240120171923.wav,Vito S,1,156.6320165112584,185.07660391864718,142.29938253465414,0.016919455964392992,0.00010802793332057833,0.009393061360966763,0.008421581865750228,0.028179184082900287,0.062108514449629955,0.640331536327408,0.02207159704258176,0.028284409672612042,0.04032321778469025,0.06621479112774528,0.0032838737482143057,18.902536086658696,0.07716196179557157,0.48275482149380805,-3.3072789096074975,0.02906355238381183,0.13992620861362243,0.36396106405572604,3.7912564188184454,-390.1780752167431,100.84275688158003,3.7871220801086682,10.276474692634213,-0.599582382494457,6.878745073719913,3.4430632844236455,4.239194316173095,-1.2261541676558032,-6.656922072316811,12.599395195802861,2.471046385446526,-2.4069018835249882,136.5435623929168,66.93644117591087,29.61905990312577,11.769358520039951,15.707399284920482,9.901702647551565,10.212515230087327,7.118217886187585,8.444417857462513,9.24381431385254,17.10829277107137,5.756852035429829,7.774418524138397,846.342701180135,572.9751746153552,1801.6091462571521,716.2600456457898,2953.3832134387767,879.5897289493973,-7.803862831500965,
28 People with Parkinson's disease/11-16/Vito S/VU2VSIPTIOZ46M240120171932.wav,Vito S,1,179.2331415245538,182.7331491434231,175.02049601892736,0.002436430394242907,1.359343226218469e-05,0.0012103377105513085,0.0014688017108169247,0.0036310131316539254,0.014260196999558446,0.1305741084310833,0.00571162705402186,0.00796376964276395,0.016145943993905742,0.01713488116206558,3.918617268902433e-05,34.47566987164451,0.27742959974144843,0.16395576604573042,-4.59890584014454,0.0025956159010127457,2.649260367812658,0.8329023779506906,17.34755346652054,-354.5524683130406,145.29811069206974,72.54851949616464,44.118504736658174,-0.8097850768245742,-24.639490064961485,-17.73189180549658,3.6182457156575194,-6.6739110562652,-4.285225960813336,-6.20249092466503,-14.304578353915165,-10.722939035769262,32.085299812918706,4.228079316505557,8.930537630639089,6.0656711745106815,6.076392704697018,5.229792007967539,4.0775041632381654,4.409823340420506,4.129976634181329,6.685387004870129,3.823727088718614,3.2558357079524156,8.4336626522913,290.1530439925383,128.1223911716063,634.210279461527,272.43474089066893,2504.455146477609,353.92911883681654,-7.983012147183712,
28 People with Parkinson's disease/11-16/Vito S/PR1VSIPTIOZ46M240120171935.wav,Vito S,1,166.81594783954338,566.4066476872501,75.36433724206493,0.022803155055111327,0.0001372561796771131,0.010518233687757023,0.009616108378896286,0.03155470106327107,0.08223141433185963,0.9449961896852223,0.022463030012397193,0.032680581120299965,0.07349900459984555,0.06738909003719158,0.002469246046225256,18.27403791224023,0.12880060749116834,0.48125509900463537,-1.86433736129639,0.08046007500461218,0.20022643092592302,0.2604086666699407,-0.3113257803513463,-405.3615905295508,66.33049259106684,14.268448201919607,19.741762118953172,3.4480776827539503,3.3381285144153,-1.6686114109726868,0.3540471678081473,-0.9294999865217725,-1.6492500161439334,1.2368197604696802,-1.045247831441267,1.9735360058083111,108.55646635858082,64.48001850652149,21.46226646761,23.94054878378717,17.538951580794052,13.788568056351307,13.492771147268192,10.829597665722403,10.062734902279491,8.615077058898441,10.520524529005426,8.43761468880818,7.265123844530789,756.8508150104503,535.3520847064901,1855.8991487444905,723.4555466720396,3028.091319373754,787.4672754191754,-8.39685022596971,
28 People with Parkinson's disease/11-16/Vito S/VA1VSIPTIOZ46M240120171924.wav,Vito S,1,166.86571360636387,178.11126354781774,162.4532916046328,0.004734563892130067,2.8372785660184455e-05,0.0027712848452553854,0.0026900581219806295,0.008313854535766156,0.028200719952135633,0.2831237057356076,0.01579846845223063,0.016384845923824894,0.019832359513176842,0.04739540535669189,0.0038236464933144696,23.20419115678812,0.1348173382976215,0.24648402796906901,-4.535176084308218,0.0030645410289882992,1.0118448484472962,0.5656200496543199,17.693963356362723,-260.04097169818976,160.77024194877183,-15.31025732585057,-11.604787198420267,-20.99228186515475,12.037064113606075,-2.2002074871664323,1.5533752018561109,-4.505693624531538,-14.66379129645463,10.82207897958852,-10.614248730289322,-2.011698023146646,29.72591650285134,5.952947021512008,9.152757221093964,10.630491904213788,5.563791087574904,4.924327783170605,5.6872296264879765,4.8023132973712865,3.51909946824342,3.700627909886028,3.3042718254807477,5.290150156741845,7.149245017318894,730.0996257653965,557.2108505463508,1358.5619243145622,549.8770184363383,2767.344375423041,326.8499598499565,-6.479585435450081,
28 People with Parkinson's disease/11-16/Vito S/FB1VSIPTIOZ46M240120171936.wav,Vito S,1,170.7856958362063,573.4477748266867,115.10562230817912,0.027437936919387177,0.0001609197734042078,0.013436147757471165,0.013190207273088235,0.040308443272413494,0.09746062547520663,1.0122673509068596,0.028896347137938587,0.04364322825651521,0.09968152449619849,0.08668904141381575,0.003000522051636133,17.036500729032657,0.15369134918793464,0.21571323872144232,-1.9325251140451165,0.07918533886410814,0.32837077149988464,0.14359100992975876,0.9437542380639599,-365.9714717179859,97.32596205919765,13.87349318470134,30.808022590411497,4.232140898521935,8.62086147016103,-4.580094158124396,-6.562918494192165,-3.269911718301624,-1.72829000900204,0.9331169445835372,-2.119962196417888,2.819116157235457,117.8665402015479,63.52967420035549,22.55772277618003,28.85311186221763,21.09449499261854,14.956756328115713,13.875733846713025,14.231484349733055,10.005465518749935,9.497777620489918,11.404631405334325,8.620548678642919,8.313422311745907,660.8044224860229,454.6689528656821,1777.6258399650937,656.4360749520972,2932.612104126793,830.9864916262283,-7.684069887384023,
28 People with Parkinson's disease/11-16/Vito S/B2VSIPTIOZ46M240120171922.wav,Vito S,1,165.1051036089171,235.52050281675884,74.89461815066852,0.02112440340483013,0.0001283013567152701,0.009554281942841596,0.009231743302291488,0.02866284582852479,0.09464765900807083,0.9795504782829317,0.025326391081595043,0.04083082671705022,0.10543416438534596,0.07597917324478513,0.003639116837968658,19.180890698135,0.14166878152949086,0.21709343373731957,-2.030163454582664,0.06163812607786511,0.5126751293823879,0.3172072218936666,0.7949882332045703,-356.85452618550255,96.58776135216654,19.240019004325585,30.971095718201205,7.990922920980575,7.504465787452677,-7.056710563199091,-9.54119921994406,-4.7258612607314685,-6.698501476280364,-1.2878188417126448,-2.2362514809878595,1.2061753441731549,88.5268111773269,51.1095822691613,22.527877001791477,26.408947374746568,21.56593717380105,14.043005703446488,15.522124755268662,14.377129174273419,10.718213828825933,10.42573092272595,12.123322483266179,9.038836785202246,8.398046994726743,618.7060087071528,414.5881619185228,1759.367113907136,667.3435195672481,2869.7504061700447,769.6265566016615,-7.281791963606528,
28 People with Parkinson's disease/11-16/Michele C/D1MCIICLHL46M240120171828.wav,Michele C,1,116.38582052364329,134.77647864014872,98.9346673141842,0.010137976080426122,8.726232452961719e-05,0.0035246508602619028,0.004652328542056814,0.010573952580785709,0.06416091372668511,0.8069977671730616,0.018532665848206283,0.025805994988621836,0.04141077588262538,0.055597997544618846,0.0009452998561990314,18.3354369921131,0.10951121231553373,0.6555915745808155,-2.9697907006581037,0.03873915993159059,0.2952956395903154,0.3906645336948935,3.074823297356886,-328.8069125424289,132.75815490355913,11.658058157799752,11.516236309846269,-18.213782243321017,12.43470516534853,6.605414250870814,7.961409838104661,7.610607368773126,-8.774688435023798,16.418621585974915,10.476230395185073,0.8896508964044245,144.43056725637643,67.78473675899814,25.74102098090425,12.859448479437544,28.66500183311368,8.219996842019945,9.554697615599501,6.823219574595794,8.608228810924368,15.820718345369569,8.186279635977268,4.133568283035328,6.620258654519068,759.95375544698,505.7371397126749,1597.1075239026784,529.7074928025283,2898.7093756422328,695.908985140456,-8.55294898084377,
28 People with Parkinson's disease/11-16/Michele C/VI1MCIICLHL46M240120171831.wav,Michele C,1,136.5331940071439,158.01447597910987,128.73533847662745,0.0038020907766208437,2.7845582270280987e-05,0.0015908703804197416,0.0023412450338368223,0.004772611141259224,0.0174459230719578,0.19182942083761836,0.008057273146102672,0.010230661783881479,0.017935647244180047,0.024171819438308016,0.008642331935425906,24.093539341603844,0.2604281002620569,0.24462093955021796,-3.754658390170742,0.004813946060547595,0.3924179543749659,0.7126336948828923,11.795535495498747,-248.3720187045987,80.98158824147328,-6.9035676794076295,79.16288430061233,26.659880041993386,15.197269837354298,-54.794454821969616,13.199082790259022,-7.6172951553939985,-21.644933144528853,-10.158171179274408,-27.91219247378482,6.552040141937962,37.593242447875596,8.745209906984249,12.416440753285302,13.520317884930234,5.365761765648923,8.02086501573247,9.065513143692995,5.918586298704368,4.857562798153551,6.926719753379262,7.980293516713401,4.400858348515115,5.020722905740959,314.118712584574,78.2684812974812,2082.1180041555126,214.08050227816335,2525.6163940878537,1066.2466418049307,-3.7059621958834454,
28 People with Parkinson's disease/11-16/Michele C/VO2MCIICLHL46M240120171834.wav,Michele C,1,118.06120300693789,142.3482903201571,87.17537221349514,0.00532240530736791,4.508335206694413e-05,0.002100176604224516,0.0027460211049212917,0.006300529812673547,0.020728755999211344,0.1862838244753901,0.00933324882395602,0.01258984995901197,0.020415004486829074,0.02799974647186806,0.00013215474922808763,25.48730794760539,0.3338711334942662,1.184386702061584,-3.254068171322609,0.009858353937843652,0.6547294215044829,0.44565254977707985,7.469257767203896,-232.30297563827213,207.13204641061603,27.95858495909932,20.01020516735982,-20.47040367836634,-36.44402884334854,-20.962901213295872,7.9386617629674605,0.17312043040459163,-4.128426749758471,-9.39612842166943,-10.155766900561733,5.769046519991281,28.72677272684425,12.844170695706634,9.658388749448513,6.808093375392323,7.184569305561592,8.143372181251477,7.289004859951466,6.0916852043548,4.937094411654931,6.32914868194779,6.672421480050724,3.8240892933047923,3.530776914918092,469.73928351991697,161.5291547549449,791.8122959746798,289.4148935547368,2258.480676411843,505.76863193694066,-11.577225627860432,
28 People with Parkinson's disease/11-16/Michele C/VU1MCIICLHL46M240120171834.wav,Michele C,1,132.97925709415998,144.4041353901694,124.2616292425031,0.004040552926502632,3.03863836476539e-05,0.0011683292429516205,0.0023559016929146828,0.0035049877288548612,0.01572159229811481,0.14262842551473828,0.0067679246313602,0.009438433833999402,0.017718042815965014,0.0203037738940806,4.6633790116716193e-05,28.5899020395373,0.30443471520055126,0.25920411422384193,-3.6154181319958845,0.0058075055959473584,0.0824621779034301,0.857051299584329,11.837212216194896,-323.02605683840375,172.07036783565,67.55603460337679,26.553351539587563,-19.941536725096405,-20.701728557608924,-26.75342842528996,1.9923053288072907,5.138192107266491,-10.314020997606839,-6.293681717625834,-14.918132152380439,-6.9185408727344,31.699771532430695,8.347285669465897,9.960370525038725,12.668285476138948,6.49306327825763,5.231805903526604,6.173135419876123,3.490067617856954,5.212929112318076,3.9121747185855433,5.422160511457678,4.45425451113714,5.4120034931541525,365.5780663756272,159.81396652936817,781.9529669398839,176.32481167485443,2595.28638624129,576.0389660959536,-10.56248987159822,
28 People with Parkinson's disease/11-16/Michele C/B1MCIICLHL46M240120171825.wav,Michele C,1,115.39160019815132,214.41265474296063,74.89483520784498,0.02421893517850781,0.0002102428000665909,0.008129131262640926,0.009823147652311093,0.024387393787922776,0.10818269104787849,1.0737459710903992,0.028098960006146076,0.052670117022077266,0.13160429355789519,0.08429688001843823,0.0024250899497379264,16.892700569963278,0.21244328937024576,0.8458706380809888,-1.7790302480618367,0.07386243577078916,0.24709310303974255,0.3201793819052491,1.0149791127990753,-361.7130740522788,130.35306968141998,20.387782708497596,33.08192032204285,6.818720650024769,14.610221850533682,-5.982979031088471,-4.412839629405094,1.42147582884187,-8.681877466641591,4.439800350062572,1.507704817382051,-0.8341437956023302,103.20935734660841,66.32028001776825,26.56548320139162,27.23962581763078,21.51016445841884,13.51459777005611,16.042028977479816,12.87205177971179,10.334851587881621,13.746382159155692,11.294664068157356,11.417872283224034,8.104779656773248,608.6769893926365,433.14139867905743,1661.8315300995139,573.5045967817546,2807.4437357748875,714.3165470381002,-10.073424703630971,
28 People with Parkinson's disease/11-16/Michele C/VE2MCIICLHL46M240120171831.wav,Michele C,1,129.72470107522375,133.0928439457061,125.29694819783316,0.0024829874099215605,1.914072472598176e-05,0.0010114596485165728,0.0014130906562086802,0.0030343789455497183,0.01402170274795449,0.11810796387110098,0.00687525065105482,0.008551702358552663,0.01327849416415854,0.02062575195316446,0.011958765012043631,25.979523738739257,0.2255865315069037,1.4253359615583012,-4.530559438750581,0.0030409536000463124,0.9808405771331681,0.8920596546910579,16.49312725703864,-175.6917399197536,139.62830089141084,-35.78436725629279,44.01655456959407,12.125930902754993,11.092686257533536,-57.953546895526934,-6.669116439099862,-17.615209203303085,6.661091114204337,-5.455879439683969,-24.863371894050587,15.559727718551505,15.769204990440546,9.160564320647174,6.726446095265119,4.747507252393288,3.6767126779541095,8.58389009113497,4.859309036073323,4.679200249986236,5.295955764442042,3.714808240481694,4.782334386941625,3.341467798929227,3.0861775716425055,467.61782773813724,71.95543518910868,1737.5592830782916,444.8810158019171,2201.853554265705,534.5968301097874,-6.154594380141041,
28 People with Parkinson's disease/11-16/Michele C/VA1MCIICLHL46M240120171830.wav,Michele C,1,117.79077684331766,121.07350641388464,113.60633892779688,0.0033945440392400246,2.8819170820080035e-05,0.0014182980818246485,0.0019276265801189826,0.004254894245473945,0.014412854262151515,0.1258554199488447,0.006709907535758139,0.008895758856760558,0.01481161395709796,0.020129722607274414,0.00019091533964138183,25.798592888230825,0.17881888637291712,0.702070409451255,-4.6172963384104495,0.0037065925662231702,1.8285121622539149,0.8922737473914983,16.86982552204642,-209.39456659259542,171.73901568445456,14.625525383788931,8.657103163673568,-48.35609194299208,21.762742828780997,-18.237060163924124,12.370573619131976,-10.325347714074287,-25.287892516355516,18.10762137903923,10.495490476601459,1.2860119900905211,27.472779944159527,4.823559401661844,8.280735180419628,11.205328413200485,7.251019874282879,3.7339335960001128,3.833184829337596,4.937042383282765,6.915399482937362,3.1494271823942093,2.6886779007884316,3.3187148788194,3.454849402089171,533.8515044831184,205.75405515748537,1057.0541922776583,378.6915095201443,2706.8877239350572,526.5633921995102,-6.6713496283875005,
28 People with Parkinson's disease/11-16/Michele C/VI2MCIICLHL46M240120171832.wav,Michele C,1,130.31305268884572,141.93382236436702,124.24739254236792,0.0039346498776453315,3.019360318937013e-05,0.0010848895829889543,0.002082181677456587,0.003254668748966863,0.010832867023245983,0.09547696863564026,0.0038419500215265087,0.005985339568767431,0.013174459634776748,0.011525850064579526,0.005016887777917496,26.80656277081794,0.21299526198299823,0.26907611906638346,-3.462645881197435,0.005810825376410881,1.859177595780102,0.8286610307969441,10.471101920179887,-209.04850753216468,95.29700485788756,0.685708759265866,90.3546606845436,23.832855217862974,21.38889601104011,-60.001555785618294,22.97117814898104,-9.283861721847028,-30.12511548078261,-8.631344128344184,-24.06258220658939,3.615441931348348,22.458201219671903,8.10765321727282,11.943182080247544,8.791583100776228,5.3663879772424545,5.007292576811168,5.904241839732165,3.3824874760376553,4.511912890440346,4.4326253289037,3.4458812216918724,3.1794008485915195,4.668201848923793,288.2278482668702,32.23669946406136,2105.552162546049,409.45447741456604,2433.9031751961184,620.4202308472525,-4.840014738597164,
28 People with Parkinson's disease/11-16/Michele C/PR1MCIICLHL46M240120171836.wav,Michele C,1,107.24087951786416,498.63043520269963,75.14088393634214,0.023111194602903763,0.0002155335317169301,0.00923448137055373,0.009752855672746495,0.027703444111661188,0.09272548716272416,0.9916913647027024,0.025835515152595242,0.04145704381182611,0.08664624789081316,0.07750654545778572,0.0012958474098894053,18.442014001633716,0.21797855693975374,0.983679997537308,-2.158364044296313,0.07626027382436715,0.5729814694361629,0.255684584594904,1.541248849990275,-337.64230575214015,128.77803989782385,29.835042297704135,34.60202547326082,9.526958183237173,15.47087185262022,-3.540269727413028,1.0009720328111484,0.9750899812334329,-5.938586479851027,4.244009961716743,0.14014249740371248,1.415471829245151,93.874642902871,60.862121761706064,27.925842690852274,27.701365305698634,21.820550707660825,14.626482252864328,16.483457906888603,11.680328971992695,9.143116888200446,11.73752341494672,12.376621232537646,10.655600130819048,7.81757578440607,572.4903305904675,421.5616082632652,1647.228320512949,581.0415634374117,2818.5808657318667,708.0407204352721,-9.83583313892859,
28 People with Parkinson's disease/11-16/Michele C/FB1MCIICLHL46M240120171837.wav,Michele C,1,111.31768835955015,590.3794936866832,75.16761974654489,0.029656048374281894,0.0002677714722593568,0.011020820483971567,0.012209405966243958,0.0330624614519147,0.12501452405427116,1.2235728515667152,0.03573597449121896,0.06085588300290823,0.1381427110781946,0.10720792347365687,0.0018134599730623327,16.09102126711939,0.20048332533849322,1.063542416562234,-1.5734903442312222,0.11810579445872497,0.461563638925303,0.14951346923538095,0.9105323045693936,-333.421791748467,126.4474960646786,23.891951037779773,32.333927872377494,11.693936461018207,18.32266412855318,-6.197717059026297,-3.5921689300307436,2.299238755104339,-4.703622735103877,4.971295028458046,2.4729589718272056,1.4323075145135324,105.4611187528649,64.36235781353224,25.080644734969077,27.330054213102795,20.424524723300415,15.10551578068155,15.663835246796197,12.042110277193812,9.143126018272977,11.480650816578901,11.693931004908961,9.184994481257513,7.339893637336202,610.8200315500477,460.98730189995996,1705.5219151345702,564.7510235455242,2798.2751661927186,740.3856107197043,-9.408121038963161,
28 People with Parkinson's disease/11-16/Michele C/D2MCIICLHL46M240120171828.wav,Michele C,1,115.61792127769078,141.80730111649189,87.21156205874084,0.012904871232688263,0.00011146608860090583,0.0037431814986449347,0.004384023183491246,0.011229544495934805,0.06400163849370888,0.8041381803574137,0.01840839245208009,0.02416304200102436,0.0430744975006625,0.055225177356240274,0.0007505372153639879,19.29892685246657,0.1261460547047151,0.725963424303603,-2.3928650280773636,0.05347410530028907,0.25878704965846944,0.3379139650220321,3.2190777787705116,-301.3025000759376,148.3991909199711,11.326056819161394,10.049959797644918,-21.29023101712176,14.235423005368819,6.456136782789122,4.375164286572682,0.7996082916489506,-10.70313782368647,19.474910387066153,11.112165385578624,0.2215001300754768,140.34575383332242,69.46536156894298,26.83015641299556,14.965122067958848,28.772392660442097,10.75683788427352,10.1422198291395,6.191158637237376,8.934836547490615,15.23381167461301,10.421637575815723,5.877655319122366,5.396534345245277,675.3621510334293,447.0690358765228,1511.3966635632037,367.3413392313917,2835.8159090503427,741.3359313169037,-9.565456298290906,
28 People with Parkinson's disease/11-16/Michele C/B2MCIICLHL46M240120171827.wav,Michele C,1,111.02464329217729,170.3143644532551,75.29251512368786,0.025835293092691544,0.00023289749779750832,0.009727020270179515,0.010533141061565299,0.029181060810538548,0.11848179982351834,1.142232560179338,0.035657591827609865,0.058998477353881355,0.13596264041531797,0.1069727754828296,0.0019597109489889607,16.502546092620115,0.203724271403164,0.9638928734462496,-1.916229096938175,0.06209308304964452,0.36245880488757953,0.32686053226274414,1.0773506716000298,-380.2079718106767,136.05066944099042,19.792694019148787,34.695795464197374,9.85638571568264,15.915787668074795,-3.2988565688687927,-5.485909219869255,0.47135278669637837,-7.229368751843716,3.3981228158792782,2.0343898542831247,0.46610725438094175,101.18146016594137,64.99646560256394,26.89184291924936,26.848061227677118,22.63057843007013,13.812416131765822,14.911046350345675,13.037339242476923,9.793740279548624,12.942682656831742,11.507062730594997,10.94029328780083,8.090860988180799,605.6837292687985,401.1674141180201,1677.4415631451027,552.5446492918527,2793.610960537722,704.3923363447572,-10.107956993562206,
28 People with Parkinson's disease/11-16/Michele C/VA2MCIICLHL46M240120171829.wav,Michele C,1,129.10754730651587,149.5004554114121,124.63339336618118,0.007104626423721772,5.508489774277807e-05,0.003926303662258054,0.00352735278039248,0.011778910986774162,0.02124175831630576,0.2047820154943156,0.010898655252407479,0.012434199733417022,0.017864411547760153,0.03269596575722244,0.0005082336236477046,25.27017404595001,0.31475080928759436,0.5902894961929415,-3.812960346130907,0.005158545854510193,1.1339665855107415,0.5057949908663666,15.671779919943667,-236.75038166132444,159.9365034284683,6.614180907167884,4.575053420849654,-31.847276477726364,1.6200240612523085,-15.813483838201462,13.479226810612777,-14.623071538609736,-23.647810083474404,17.77868489959123,5.162789238513124,4.703396462291631,45.732552261765896,10.765639308672242,12.756119877312264,5.715746422359671,11.650572755835395,7.922907950534664,7.951089651568735,6.042174349834958,7.414030207589998,6.786563162561451,4.674088037705704,5.339971899079016,4.528816669926716,538.5214782635466,246.23681693564188,1023.7507374208469,461.4903568390948,2549.8504357550405,590.9631738325206,-7.325102783939224,
28 People with Parkinson's disease/11-16/Michele C/VE1MCIICLHL46M240120171830.wav,Michele C,1,128.15697676851372,141.02538860269073,124.52254514057404,0.002893649917081136,2.2577995075214255e-05,0.0012032383490417288,0.0016307079942023935,0.0036097150471251865,0.012917092813768148,0.11828010617832237,0.006070427655494317,0.00796365425489683,0.013362391814954537,0.01821128296648295,0.006689251458005736,25.44645002429957,0.26292514974006753,1.3122902275404515,-4.366815918142551,0.003464117481093681,0.08346371109654534,0.7275567534062559,17.65458956366544,-207.75219238974418,136.35943796509477,-18.45504150795225,32.819382053121295,16.984119585535648,10.943670841810569,-60.49046818340797,-9.106349329079585,-13.773457771419906,4.9203528246017045,1.1035840779700774,-21.77936352728328,16.056204921247943,26.48362925627206,9.602734874503643,7.346339644959217,5.977209637029968,4.665937093345274,6.303958680791416,4.33354122649962,4.676106951646588,4.05929283699885,4.646991344164792,7.000429598905263,4.88312874443991,4.56284986104475,454.24114604592086,64.52554377629977,1582.1175501729024,516.5247838421012,2137.3087579254334,278.2451860442237,-6.745193781808152,
28 People with Parkinson's disease/11-16/Michele C/VU2MCIICLHL46M240120171835.wav,Michele C,1,119.23298372376875,129.17644368515514,112.77196600097047,0.005128280611373253,4.3012681922096143e-05,0.0023648380359917918,0.002884465709633956,0.007094514107975375,0.026030842360118496,0.21650635462010376,0.014944486553810917,0.014586304423886273,0.020582890474780537,0.04483345966143275,3.726831718594872e-05,27.375355853693414,0.18919889373270568,0.35214898120097404,-3.4864026232656404,0.0052044869680665335,1.4388707264517937,0.8646861958113904,10.204940076883172,-281.81878732881563,201.81298791395423,66.60692620630068,41.93051833734936,-15.505825864991417,-24.968443047346025,-12.321022060486243,1.5646492750583587,2.089169576136238,-6.538059129596643,-11.767653872574034,-4.522190271467004,-10.704119993093137,31.487456451628844,8.142312016078085,11.08951067657487,5.460621875977624,6.780386848632891,4.684376791793836,4.704698076801339,4.388770575483503,3.6350000479794398,5.579337102733782,4.206266027042296,3.687325613684945,3.520942802411399,331.6964016640637,202.3039294697911,733.0736077569741,332.55223156878577,2620.2649383160365,448.8950829851044,-11.442622294134699,
28 People with Parkinson's disease/11-16/Nicola S/VE2NSICCHOI44M240120171847.wav,Nicola S,1,133.8829091437297,138.78044039991053,128.49337275699315,0.004039660060321412,3.017396653191102e-05,0.0022642163558759033,0.0023357381943279265,0.00679264906762771,0.02774974986752051,0.24412722213855498,0.015584576534298228,0.015255456082711071,0.021052145937965623,0.046753729602894686,0.012339129339133488,21.591567422277556,0.2970634257587489,0.35042544971120954,-4.06050559955987,0.003162748273708789,0.46898154792343544,0.8037676679694372,14.628628659823384,-169.17628935045428,143.42015376213305,-40.84272457079139,56.74912603076418,-5.812108868584503,-7.972226498440151,-46.80436790927261,-8.450627364344534,-8.406022135547795,7.073789119908358,1.2118376460061104,-11.346339598325354,15.272347007508168,26.611407985208206,10.430500216669182,8.527903360079776,5.292054933596066,3.7675067827171502,3.7683522887722085,4.449528918289217,3.5254784761722253,3.082185433296592,4.166657865201731,4.2018786058309985,3.164835782752764,3.1548145424628657,517.3045478032989,55.32219540576924,1733.1600521945131,356.1975921020288,2492.380569580862,334.4186822572093,-5.635749991155417,
28 People with Parkinson's disease/11-16/Nicola S/D2NSICCHOI44M240120171845.wav,Nicola S,1,131.39954935207095,159.79417650268618,104.06561977416654,0.022268061869295815,0.00016983333591209023,0.010797043951953222,0.010078849900293008,0.032391131855859664,0.10419792600077543,1.157566433187374,0.04202846499290942,0.04812223492554673,0.06720232724509223,0.12608539497872828,0.012051046234475614,10.526595811297403,0.10479682666969714,0.6628087043856319,-2.4315854024744383,0.0512743480766677,0.06753601829389001,0.41982362246972876,0.14020573805453296,-455.4490825020181,72.392648051581,-2.8936348030241414,11.801474141829745,-8.26997754388928,9.967713389531516,4.3175933401326265,5.2548664203391775,-3.827296100674514,3.1255774569758366,10.425848937459467,0.5561096171764223,2.1066118482292047,186.1375790072385,77.01442902008577,29.24320510598332,11.956461228682311,22.992124157961584,7.497815998622299,10.18149262994284,5.576410614200147,8.895111237794357,5.087102135860003,12.457658500101555,5.975286728995931,3.517189254967646,797.1441043851596,572.2019204339233,1773.9211455585976,622.9430453270045,3033.3715937956913,645.9925737582832,-8.409516305186507,
28 People with Parkinson's disease/11-16/Michele C/VO1MCIICLHL46M240120171833.wav,Michele C,1,127.23977563972122,154.65823187136445,118.18216773257414,0.005525493632629223,4.342973382852903e-05,0.0021269509350834246,0.00271939728012611,0.006380852805250274,0.019213191776700195,0.18640484841223717,0.008507928279357148,0.011423434479471811,0.021105365712207603,0.025523784838071446,6.831603337703616e-05,26.033988408912922,0.36975067506752396,0.8272935776232645,-3.2069390774834545,0.006294015342136703,0.08812083128029682,0.6670247814523389,10.456006834520021,-298.71782547515033,188.2962135239513,55.046091629552336,4.967951995766287,-35.52995105468825,-22.90057666913766,-20.450494501165007,4.140003515561748,9.677947629989673,-16.030724209305035,-14.655077692750535,-4.889548179810914,-3.9354357319643523,43.66151814426983,12.562909342185309,15.695223252347045,6.12616438920586,4.843698275264224,4.731125971445168,7.788813646643002,4.19117026930715,5.355238858620593,5.225907361071091,6.6443089838424045,5.06207275067952,4.894591744847557,461.8551020552164,125.34871065812949,814.1905188461558,211.94917553570895,2520.349085723675,548.4859741871472,-10.913594914029066,
28 People with Parkinson's disease/11-16/Nicola S/VI2NSICCHOI44M240120171848.wav,Nicola S,1,133.42594198639475,136.7484980776476,128.80334239275214,0.004004356013551008,3.001287946988529e-05,0.002278534495553065,0.0022442677628583063,0.006835603486659196,0.015851713057600993,0.1418649664456047,0.008563761222098027,0.009393211304922332,0.013560533873606687,0.02569128366629408,0.02644636660023208,24.38670550296794,0.2221276065982953,1.48653139198952,-4.229036495711,0.0027919125051555638,2.621639554629621,0.8489592087305898,17.91309666988769,-193.84080277851874,107.90954386175811,-35.81452130769271,94.28998315438312,25.7592369595296,-9.322725539265294,-32.37915527538759,19.567073571869834,-23.04188176788894,-7.3025692716957,-21.250094218473272,-18.890625561668465,6.1385368741593,24.854515032489353,7.314963793139257,14.035984811483459,8.936931929796666,5.83972403253905,5.22275884124502,5.178343205722671,3.861760649921546,5.698817991297074,4.9427855508324825,3.5391075949564694,5.230011579300072,3.146255687441997,301.5705956237175,71.34845731078047,2147.0371600189696,200.52997147808946,2708.8062562470986,476.1782976945436,-2.9987106086232274,
28 People with Parkinson's disease/11-16/Nicola S/VA2NSICCHOI44M240120171846.wav,Nicola S,1,123.21468127124149,126.80217216145277,120.9635482876073,0.007332560727689281,5.950629956608038e-05,0.00454676108975457,0.0038614228049094375,0.01364028326926371,0.027513480409106325,0.24534835843964492,0.01569884819676021,0.015559780222268334,0.020912010561148452,0.047096544590280634,0.0015107097728045244,19.958388794130904,0.242853828612753,0.777155319707052,-4.91627098937452,0.00362974015740714,0.24572643747862907,0.8119487941272874,17.530615499827622,-175.34716837106527,181.83484989565582,-15.668848773378416,15.557820009884297,-48.82387102839575,3.2791567248686366,9.559744456099368,24.735699134476327,-32.975538450285484,11.262224148367373,4.100277152371574,-16.30272768306443,15.768022823987835,18.923285975714048,6.300670641378949,9.776333093023803,4.65663591819564,4.0206637093605515,5.781024605317834,4.202408402665301,3.332580571828133,3.3103361857270497,4.1473754973850205,3.4638473143404767,3.672227751881572,2.8837297511312423,516.5170484259665,444.75433790246143,1071.4123964634653,201.73066755130222,2846.7377111470055,457.5378065589169,-7.627020439771764,
28 People with Parkinson's disease/11-16/Nicola S/VO1NSICCHOI44M240120171848.wav,Nicola S,1,132.88540358765442,139.06657158372025,103.81595591207255,0.002779025037857007,2.0913613468804508e-05,0.0013753961464501984,0.0015963871840426326,0.004126188439350595,0.01785143208038657,0.16338092596651815,0.010025265944641181,0.010313574501546064,0.014132094144162293,0.030075797833923543,0.0005048658192027845,25.959227731705898,0.2819475070208526,0.35927707759703903,-3.0139455485231466,0.00280243524375786,0.6943153718221603,0.7970241933820206,15.021534100635112,-218.61535091942145,174.32925080202517,19.490162862213168,28.322917079938765,-66.5399949752021,-46.415224300226214,-1.0044834456518152,16.15497094279853,-23.32053247303231,19.73598578028915,8.787490986473653,-27.769321785963943,10.78418774812042,39.006321599629366,7.012723002544013,14.880810383982483,6.121489536769812,8.241515872231886,8.765647418366862,6.820617344844508,6.828898988364604,5.649788523831563,6.579099489701362,5.069072027453853,3.520631851886814,4.612321833009019,556.2970082213362,88.71474182344191,840.7419859872657,94.05733051530784,2904.824556637857,236.10374662248788,-8.698236959558962,
28 People with Parkinson's disease/11-16/Nicola S/D1NSICCHOI44M240120171845.wav,Nicola S,1,126.63949630841358,152.51796156772875,63.103184796110575,0.019294657895148015,0.00015325252637297013,0.007977063249656177,0.008273565270899843,0.02393118974896853,0.09249754597122005,1.0266391165689328,0.037075798494156036,0.04367571444540188,0.07259706915586267,0.1112273954824681,0.003285615904870727,12.725583436401662,0.11491513952452088,0.6927566091913375,-1.5626810840886347,0.10360045893920744,0.06347264349851213,0.1499442182716305,0.2123588204076654,-423.8959132837046,68.62605309065928,0.4474745418650525,5.94941084462106,-9.572296003803652,6.752438781368343,5.437062827721826,7.43890083631703,-2.905959204796051,2.6215077208589594,7.161698881422687,3.537427797133183,4.1586545339793215,168.24005215082562,81.1876339567893,20.556075433567408,7.574567552622725,24.095128908118422,6.2973716241906725,8.7739723086964,5.453439940342078,9.87966333622153,3.755268952231505,6.2523529204819415,5.267938677359671,6.871953776944777,894.4312463862515,609.2723418325478,1815.9130388743959,719.4188979883726,3074.323655087685,718.5800136419812,-9.365380700938944,
28 People with Parkinson's disease/11-16/Nicola S/VI1NSICCHOI44M240120171848.wav,Nicola S,1,127.84247492017025,136.13699253249194,97.95717707866616,0.0069568032793761204,5.4419027323492144e-05,0.004190687798546113,0.0036938497218054226,0.01257206339563834,0.01954618032595616,0.18585274324628223,0.010583809336472063,0.011195913350506641,0.015940193041430756,0.03175142800941619,0.009623274675040419,23.473452003499435,0.18066166597522917,1.618266216760504,-2.9835597620914887,0.0036684105879160427,1.7311480334013134,0.735400709717497,8.535928900999657,-252.2716269719768,105.53422138176298,-5.349085032239705,97.35267193977226,34.13367599850148,-13.409436729164348,-25.077737354314966,17.584454338120015,-22.875854632800554,-8.578135477960489,-25.35204425176924,-10.584684845334897,2.0307665683252263,53.84754690560021,10.325080943190104,20.26695495849351,8.87385830227014,9.417399887927932,4.235325609709299,7.30649998531254,5.31021134613572,5.741224407674087,4.411442983055638,4.154748947043152,5.107461960017109,4.434577753663532,296.9419739788733,46.70704956128025,2235.625807353938,188.14714143992867,2842.458175300129,668.6490664334575,-4.34172621231957,
28 People with Parkinson's disease/11-16/Nicola S/VU2NSICCHOI44M240120171850.wav,Nicola S,1,142.5157689030502,146.86670213158166,136.95487087283595,0.002178041436161178,1.5283241991135893e-05,0.001155741069316556,0.0012486296977988012,0.003467223207949668,0.009818793838051976,0.08486845397040321,0.005134948536661901,0.005954280465487354,0.008148626225598683,0.015404845609985703,0.0005239613437104911,32.684832783766055,0.3612981243355321,0.10699893953291231,-4.1294761616251545,0.0018402063865535115,1.9827152811926916,0.8623129461720819,16.015498390874622,-283.722471201091,164.27253044991463,48.51748414428893,59.97852889596786,-9.655987803293687,-50.437127177677255,-7.402576987713448,-4.553331525488848,-39.78197862542151,0.43515681385675464,-0.003923801351168434,-10.697725631410515,-4.015374419358929,36.983416755572705,5.0922152911989675,17.37525266489131,13.586686035711557,4.086049719789814,10.239973620087186,7.936501086029226,7.245556038059141,3.8800619339912235,4.338618361533512,3.829289208452946,3.818878458215082,3.5133826200253337,376.6955658395992,286.4942774255999,647.1833220007428,204.82179069185528,2762.828412836398,228.90341531754592,-8.002276458820498,
28 People with Parkinson's disease/11-16/Nicola S/B1NSICCHOI44M240120171842.wav,Nicola S,1,138.1223974421144,213.6190115912079,74.9069287292238,0.019270666337846895,0.00013994542890031862,0.00804519457111779,0.008147684641376156,0.02413558371335337,0.10243006348353918,0.980252974887183,0.0321521328786167,0.04930795863349865,0.11384260469853992,0.0964563986358501,0.009160223243477676,14.917595452914563,0.17562624210677535,0.36991798528477315,-1.7693724430144713,0.06756822853950825,0.28439697010366843,0.2724274071914903,0.6799231239230608,-389.1101618315376,82.42874119589399,12.215762757535778,28.82697852894306,-0.338014513900137,2.3631759140048185,-1.2576774711057568,1.3862281516210775,-6.64761236832509,-2.9819375414038194,0.46046393073927966,-2.1307186202381847,2.669078247372074,122.26245265454376,66.94637232345471,24.511627467995794,30.11278841352156,22.04164775130352,16.55627618632543,13.373393523440525,10.139550577614362,12.055679500581638,9.402682676164451,10.479481189589979,7.97646484758398,7.35843391484844,689.2940663505141,463.0836677981572,1784.356124168792,615.2739433930359,2978.809580643965,572.9659979490173,-6.916265956640634,
28 People with Parkinson's disease/11-16/Nicola S/VE1NSICCHOI44M240120171847.wav,Nicola S,1,124.58626964761837,130.06224213307843,107.27787594508125,0.0043632623525946875,3.5024887797996924e-05,0.0024197305026203695,0.0024982098693228094,0.007259191507861109,0.023442179223847934,0.21054098119227913,0.012889951229920095,0.012020467764854251,0.01618837946982672,0.03866985368976029,0.018620355812193116,21.03511865685477,0.2776077855762067,0.3523823172152775,-3.7077711633154733,0.0035241521680954777,0.49508972159049913,0.6201338210897424,16.157065164847385,-186.74956960545242,139.89735206246297,-36.03068132233122,54.53836562129012,-2.0314761248846698,2.522117447026461,-45.46505314583407,-12.650400146023687,-10.631106230466312,10.088977192801304,-1.1700661931529075,-15.21356127138937,16.9092112070108,38.85816610012251,8.400840630969924,9.863214302421039,6.999104090197565,4.827206991282085,4.110199574524293,6.680748507962908,5.0110749890507655,3.6061846603611225,4.84814039212914,3.8076030133858443,5.038608177097695,4.468853110759057,492.7921417841411,98.11917030386464,1740.0666606603847,261.85715946788713,2568.330535680471,548.6173253363266,-5.4736445152270745,
28 People with Parkinson's disease/11-16/Nicola S/VO2NSICCHOI44M240120171849.wav,Nicola S,1,132.40514392138664,137.55656072793897,127.1681409678251,0.003880646292241759,2.930885220956008e-05,0.0022280427100492763,0.0021046950886526475,0.006684128130147829,0.018899083445506334,0.1625629966396168,0.011363464776875694,0.009350433156661217,0.013326041484687858,0.034090394330627084,0.0006142132385118686,24.952019070164564,0.33349555259077396,0.2650840672043881,-3.9781785587853333,0.002860914226428421,0.8633266411966727,0.7443185021808175,14.765768515700032,-196.6844251711043,182.46529007977233,16.49339733490408,22.062561034155365,-59.988644004006375,-42.14124425537075,0.6586095410250741,13.114316388024122,-25.659169412528115,20.45926346109984,5.20128675759404,-26.982292592872415,10.499545310033712,30.319129371059088,9.88073730579821,14.438308752412606,7.669300995853045,5.156852782104398,7.972717309244668,8.97753924940802,3.602355140378331,10.895425464005603,3.7742454020668803,4.161001917359983,3.4242731987336907,4.1388182392842605,547.3867742117633,83.62058400536375,874.2799632551869,89.54908967580022,2919.8624268843882,361.27556102159804,-8.212053446199466,
28 People with Parkinson's disease/11-16/Nicola S/VA1NSICCHOI44M240120171845.wav,Nicola S,1,135.50279029454285,144.56387415029147,111.67308873092729,0.006234507734689775,4.601982477443606e-05,0.003678019546602227,0.0032653786912937603,0.011034058639806681,0.024724852499704644,0.2647189008600957,0.014026267455649973,0.014145403355341792,0.01862484494851858,0.04207880236694992,0.0013977431246239072,21.09613552671641,0.3495562091638078,0.5502245959532803,-3.4610081885284067,0.005006352430325962,0.461657334457495,0.4284074177112619,18.099734891207426,-193.94267475674,182.27992742575577,-31.794668095165253,9.28893194080089,-55.62739145804017,1.6772455697144715,12.442458335509333,23.30734725324305,-30.78772388257719,0.12105375191967412,4.045608625438646,-13.537699540144501,12.077274745735515,40.72217273471806,12.021762763228168,13.114858685459218,5.747444713843806,5.5575065949070215,8.038282109846511,4.65913442266074,3.6323602373573682,4.819296764106517,5.666934847080153,3.832701423010586,4.044581000068241,4.787140707991828,629.5061394954243,242.00820235056392,1141.4222580796031,118.49246581117937,2837.465054837968,419.38748963236173,-7.5991221971825365,
28 People with Parkinson's disease/11-16/Nicola S/FB1NSICCHOI44M240120171852.wav,Nicola S,1,157.96262641544132,214.95700696978705,76.05650753905987,0.019316093780684513,0.00012243523485834163,0.007957671309924417,0.008226970258438287,0.02387301392977325,0.09154265989992184,0.9193629509770671,0.027336305189969396,0.043860462569645625,0.09908136275332635,0.08200891556990819,0.02751538851211391,13.801997235973666,0.15915430620246562,0.2039750075756959,-1.7267404685725798,0.0721360841317851,0.25617442770915094,0.22297799942815044,0.29316819203881295,-357.30261491869845,79.99177270775942,-3.30347200258324,26.34063406233998,-5.448378458890654,1.2830150254132429,-4.62407098308645,-2.2569987263806857,-7.67976961450659,-0.8723514070760815,-0.48087909248023225,-2.4570426010618434,2.4502593941175927,144.42878919415608,67.71618281471362,27.550972168078165,29.70780271634637,23.277388500512256,15.107346574715141,14.156080373149631,10.551327543304115,11.988335340413194,8.270237168919678,12.145338592820025,8.400991548437498,6.995967901257014,742.0073724109521,486.59779737367165,1831.6316389124927,601.6517475058781,2984.121981825443,611.3070136891798,-6.586144054447816,
28 People with Parkinson's disease/11-16/Nicola S/PR1NSICCHOI44M240120171851.wav,Nicola S,1,144.88414494243807,211.18157560201763,75.15397351738156,0.021319713015605687,0.00014773020783085409,0.009166834100635794,0.008944623172321994,0.02750050230190738,0.0907843649586616,0.9486860448019934,0.027623356356246725,0.04009610080749951,0.08925932168146225,0.08287006906874017,0.03108931065407093,13.430179351271057,0.13294471719368683,1.151465017639143,-1.6377256689554336,0.08376267068059677,0.3442474557184027,0.2946435393899643,0.6929854240316828,-380.23770430738836,80.09872257363378,5.627554054257922,26.729202896960093,-7.088154963065285,-2.073891892030306,-2.1687702954521466,0.6610606671101578,-6.921732832445321,0.36073603821662487,-0.503723066754464,-3.5051195263167307,2.3576101961587757,138.07783251434043,69.64599906781638,30.695605104785205,29.817974197605267,24.304047453245037,19.285676265167822,13.87684910789588,9.82726592654104,13.130309464192177,9.156707449440425,11.459853621456602,9.526073725756625,7.164324093484678,779.962234512453,441.08224407034317,1820.029827313072,625.016494820766,3043.5185332959813,550.7230320308432,-6.946751271351494,
28 People with Parkinson's disease/11-16/Nicola S/VU1NSICCHOI44M240120171849.wav,Nicola S,1,137.07481433258604,146.26509837937732,105.55075967039524,0.002989340124927096,2.180981600680525e-05,0.0015271626814218468,0.0017228161331432588,0.004581488044265541,0.01142657465037986,0.11233242598902313,0.00557285734558515,0.00661302744696051,0.010236616593515564,0.01671857203675545,3.7848936795193726e-05,31.13002599024891,0.2537257596944719,0.16139263624879185,-2.8327781458932044,0.0030840519650723605,1.53628617933152,0.6638337140461127,9.644400866923927,-299.9699459635215,172.22900345580075,63.267668334561904,50.226232871587484,-8.911075482586554,-45.28292970127697,-8.626170488539172,-1.8984379365425086,-34.22825280253155,-6.270836552692563,1.953141394533694,-10.393663557915197,-9.66582420768412,31.96658791358941,13.064125111590549,10.651295883675704,5.1531425211573065,6.2258388617218765,8.703612516417431,5.086646166072467,6.061160469964168,6.12748761379519,3.843539387508778,4.356920493032988,4.180793158435145,4.537483992734823,344.51991739672405,124.46931689598706,625.4301205881262,150.9670089539071,2720.238072979214,200.1492334357537,-11.154481308159195,
28 People with Parkinson's disease/11-16/Roberto L/VU2RLOABREE42M240120171952.wav,Roberto L,1,174.03761913917236,179.25534321251814,166.1015549464713,0.0018870631286533877,1.0843084331746013e-05,0.0008806081321125956,0.0010915075558766754,0.0026418243963377865,0.01615614233321115,0.14196314681744548,0.009631539455504278,0.008095052065242992,0.011401918842217152,0.028894618366512834,0.0010470350073407708,32.62314802622039,0.43296347157025333,0.17833256469934936,-4.254770452269022,0.0024969566128402246,2.039747877907133,0.8545466341011629,17.550967335073068,-227.94754259331526,151.2628315353128,-1.564788727222517,58.38872958793074,-37.2524541079758,-37.80249618144289,6.2053560622715835,-4.052972443257488,-4.215413507732649,-1.832835875390448,-13.418032975921745,-12.944583009575648,-12.470676115133411,10.949992582984471,7.011236980175743,5.2324860942363935,5.642838528435551,8.47901860159375,6.135334865857617,4.926215694492465,7.314866384276989,4.856690514369554,2.617553110252411,4.146961070015494,4.424085838361526,3.0169514561707858,542.6515127672277,516.3927447656267,1176.4757804577177,1093.1484965861962,3076.3509501422523,399.64636500212833,-4.77919519634321,
28 People with Parkinson's disease/11-16/Roberto L/VO1RLOABREE42M240120171950.wav,Roberto L,1,150.06665311549986,159.31989023197917,143.9169521765446,0.003400412925821881,2.265980453316996e-05,0.0017180293932050087,0.002014278732319113,0.005154088179615026,0.021835780864985645,0.19703454546824165,0.011055403380984227,0.01285841524630951,0.021777828252706348,0.03316621014295268,0.0062146221912432855,24.946513111138692,0.3527952108126959,0.36809456140859675,-3.9799852359929515,0.0038044730889225512,0.05924561999709684,0.5851449952032776,16.455515246425527,-140.49429605430018,155.2130584870844,-61.17411987722818,42.80239187502617,-63.52728656218372,-17.09964634532034,12.826733080243315,15.607240860303172,-8.454428544917713,3.5755514821330014,-8.300649453682873,1.6267912850323116,7.736625745489016,29.444919141327222,11.628277824401668,10.154697637408434,7.263218566142092,7.279053666039701,7.253176403453442,4.054781387719355,4.059682050468239,3.5805228904082016,3.406217730519064,3.6424443753156766,4.157123768850851,2.617175951415022,685.2875372400227,397.74395670323645,1020.9812720924511,269.85573253073767,2691.518736236282,356.7929325777154,-3.016314339616615,
28 People with Parkinson's disease/11-16/Nicola S/B2NSICCHOI44M240120171843.wav,Nicola S,1,142.61233151450753,577.1932651629076,74.98008211281007,0.021801777593103252,0.00015381072525416124,0.010082099672469204,0.009765518148828548,0.030246299017407614,0.107151291512989,1.0297856771500056,0.03532027055695997,0.05307573360811663,0.11315852227768075,0.10596081167087992,0.012098865780303012,13.847297934667534,0.14591003329964924,0.42761709714859014,-1.5365029676553623,0.10001024299374035,0.25004231268643995,0.14153466201161255,0.43123070875051894,-345.81652166141475,83.25200644164117,8.90407390996433,27.497173319761576,-1.9574316628527992,-0.006809519506834999,-1.823726234973174,-0.3544768270132015,-8.211297657755434,-3.6180514151732095,-0.310039333401498,-2.2816441833115664,2.289355430879276,121.6090481189591,68.50324637221614,25.177296260002297,30.357266811789916,22.344492296125875,16.449691603330855,13.06959043366956,10.63605174595071,12.633241407021915,9.56539240199289,11.105158541315541,8.176822389557666,7.493053470218118,708.4121736909613,456.9982368891019,1787.2248473754228,605.2350971073357,2977.0154504515617,565.3437656108277,-6.999394217394531,
28 People with Parkinson's disease/11-16/Roberto L/D1RLOABREE42M240120171944.wav,Roberto L,1,139.84678577426348,158.19934809712203,105.5238370024846,0.026166123918484115,0.0001871912289982025,0.011757332873527718,0.010170217711537442,0.03527199862058315,0.0824641902906619,0.910947946840815,0.02696357743689643,0.035545173879558634,0.06019417240752526,0.0808907323106893,0.008446265744082507,13.330258394293756,0.08931739352177788,0.9029258607776237,-2.3157273432490086,0.0478621531582837,0.26630499121368895,0.5773396413192845,2.2963853259134055,-361.00169869230655,114.29909636181414,-6.5075877374847835,12.956367997374304,-9.434493770232091,11.17753968574479,12.747620337321145,-0.04406556929382591,3.26905646155427,2.2708545979001205,15.977619655648128,7.128831806399173,-8.444264473279812,155.90037804359622,77.8441831330097,39.99974627920371,15.503489582874488,22.467283371701335,8.578490483071613,7.649849401367925,7.1180499196912175,5.694175713862084,6.540375637830542,10.380239800017788,7.762361576943443,13.804164779900308,769.292941264957,447.3652714792011,1689.5419658664666,499.02700443729066,2895.367174885799,619.1030476991061,-8.2849795490076,
28 People with Parkinson's disease/11-16/Roberto L/VI1RLOABREE42M240120171949.wav,Roberto L,1,167.3039413076511,204.4680806852981,153.4586840765679,0.004362208609921203,2.6072203637886844e-05,0.0021094430649593794,0.0027392154402819443,0.0063283291948781385,0.02774057158802434,0.24474191292008463,0.014469698403264047,0.017663096045294466,0.024659096325698605,0.04340909520979214,0.1106181695954931,19.418155380739364,0.3771336308538562,1.2415705938032677,-2.91336776257296,0.005245922685584976,0.013158123418695716,0.6332260835207698,6.6600653445295315,-168.9820247016631,80.74810978466508,-68.52820153614029,131.94811382211293,-13.430229854467818,-9.45384710108518,-1.5392330591568182,-5.661852799695687,-21.571551914656837,-8.888288025206926,-16.05880142158362,8.43702791509446,3.753647960391953,19.827363475704043,7.556068411521249,8.569238161795331,5.022950036122618,4.5017559480920815,6.0228612150759275,4.798320520178112,3.686481412151326,5.533384862615196,2.9067621196272793,3.208134519232069,2.3542086308526775,3.4678678749147607,364.67868855169064,199.48855677994248,2261.2612786219274,160.92784399564582,2910.068247161986,376.7813769436308,0.6968557558221803,
28 People with Parkinson's disease/11-16/Roberto L/VA1RLOABREE42M240120171947.wav,Roberto L,1,138.52969775261448,197.2823136582725,124.2961153500298,0.00429308619480659,3.099062370463096e-05,0.0021314797755334455,0.0024848045627227323,0.006394439326600337,0.030258425741110394,0.2645199223219891,0.013175585332212596,0.01734916146662597,0.0369538206931379,0.03952675599663779,0.030071957075782498,21.583236362681454,0.350927252436964,0.9181953982891123,-2.909976871045139,0.006509858199254598,0.018033402650765966,0.3524292910735641,6.402803653584641,-138.0794772385675,154.37897597782768,-88.12213639931439,31.729685264066436,-42.4616716430337,15.145895734047016,20.164345370857834,2.248034767785731,-12.028596220326266,14.041414173840854,11.985033908325375,-2.071636342109236,-12.133736383067733,24.430056900496364,8.24158986501591,8.945210459783027,5.245368015803651,6.730092621428008,3.386796002141748,3.2483625646895926,4.102256881034355,4.9168617455443355,5.389394731783824,2.6480681033002766,2.361895179971996,3.5316380509334104,714.5994453233081,235.42648603729498,1353.8780788458228,120.11445927292084,2600.418178465822,271.3293345861577,-5.1472134425144755,
28 People with Parkinson's disease/11-16/Roberto L/VE2RLOABREE42M240120171949.wav,Roberto L,1,155.1747040562147,165.7116520162299,77.70190151712947,0.004034504176978056,2.6003347328816836e-05,0.001963578829781744,0.0023196623201117233,0.005890736489345232,0.027103824267574732,0.23905833126982023,0.014318492330149498,0.01713790906784608,0.02404621632885407,0.04295547699044849,0.19873481048750072,19.760205639343397,0.34192017119397927,1.0664479070299557,-2.0585484566449788,0.041128378146469836,0.014414867123634866,0.2072077084890776,14.268367985349212,-120.84226760986714,110.78086904503749,-86.8166933395855,93.00275889150898,-23.177706721188354,2.130503392347156,-31.20034012756401,-1.1803783200161975,17.134813368895763,11.995560741615089,-13.499760495397544,8.373563535690268,18.370126548591752,11.168046827910203,10.035695369367136,5.628196713852864,6.726400522507507,4.369275420003453,3.25481845600477,3.3424988828456796,3.2733721559821194,2.8552672083739927,5.064469909119619,2.7830092146652348,2.0968007255997536,3.6145536940104797,629.0982397088839,202.4428370188665,1974.3478506305419,229.92261899539218,2539.3874722277556,498.817674299356,-0.22374462908852719,
28 People with Parkinson's disease/11-16/Roberto L/PR1RLOABREE42M240120171954.wav,Roberto L,1,152.96288177623447,587.4118591845104,92.50061653104606,0.01880882790502272,0.0001236095152978659,0.006157247997946146,0.006320335478768511,0.018471743993838437,0.07988665878008439,0.8729839258638611,0.021339133065912307,0.03563628614090963,0.07475438368820962,0.06401739919773691,0.026798681788571695,15.6721274044866,0.19192529264152614,1.2066946155784968,-1.6724860206760452,0.08278533557083453,0.37851975893988415,0.16573912876117872,-0.38901995915233556,-378.993193735317,79.53292187406724,-0.30179871870370434,32.40749596339427,0.3118424890312838,4.8501468384199375,4.642330658408926,-4.23103506906527,2.1210850570850623,0.3213220047484661,-2.415044938252842,5.369338515064043,-0.4184315416250395,143.4973279195433,66.87346542401308,33.30053806206185,31.209242796968965,20.526676506996473,13.587519124776772,11.33607487557366,12.930769801423745,8.882261755521501,10.728945271928135,13.034797646985984,8.246300375929032,7.7503954188853275,811.4133684395367,453.46438105062356,1942.0164971958275,643.7195878572477,3035.9829942955207,681.9839025559986,-7.014225016217999,
28 People with Parkinson's disease/11-16/Roberto L/FB1RLOABREE42M240120171955.wav,Roberto L,1,164.30128743375877,599.4216208837705,79.08384023018009,0.02033786107179052,0.00012478613758209846,0.007887297959183553,0.007720114495849722,0.02366189387755066,0.09009151661439667,0.9106118429847077,0.024564948302718364,0.04122743722890626,0.09353228740215888,0.07369484490815509,0.023437393799650045,15.352651179586669,0.20533582367905595,0.4928477600663608,-1.705986464275252,0.11660707960799363,0.2671955628615734,0.26390225780628396,0.24836429128927762,-337.61687349755175,101.74844514542589,-9.195703508306224,38.44762662615313,-1.4499501435876456,5.892000365011072,2.8543050952829208,-6.697447462084482,1.483715449256445,0.8521985719875723,-2.230014910475714,6.695944814258986,-2.058962214710514,148.56480045557456,66.31699494824306,35.395047522363356,33.60454136221832,21.379162297252208,15.023230276364746,12.020994348743885,13.73092507542654,9.758721133679048,11.555813372322561,12.404929211573142,8.969546719971705,9.845911194409092,715.9615685387726,427.79620721707965,1876.0580460968101,544.9170454735972,2944.6325201996106,625.8248054983276,-7.134036267288239,
28 People with Parkinson's disease/11-16/Roberto L/VI2RLOABREE42M240120171950.wav,Roberto L,1,162.4361165698966,171.57491028098585,157.56361991551094,0.002745733500395439,1.6901545549641005e-05,0.0013335992927064014,0.0015575493630979587,0.0040007978781192045,0.026444370602161916,0.23366857478025985,0.01391602703184442,0.01596070853947835,0.026326932766009614,0.04174808109553326,0.25966456093527335,21.705317763904436,0.3322216146894669,1.2080834845152661,-4.123056467212209,0.0032297657925482834,0.023814488078772317,0.8384409894173785,15.096601187598608,-165.79752951351662,74.79242634961291,-65.94158774517841,138.84972868328154,-20.738403242985594,4.502929833972192,2.166101682779939,-2.5439239628000894,-17.44406042875375,-4.713259551409626,-14.66327994390164,9.437848583827659,-1.1682452381480368,14.740433264169328,14.790008905197706,4.734764609109274,6.781050689616247,6.194087328400503,9.625673043879255,3.7190936544008713,3.5974994846209394,4.1910869295272155,2.6372121617197695,4.2027791813472195,3.316358829350621,3.363704077626033,337.3322564757262,223.44839109231893,2299.0920983622505,158.20381246599504,2994.2993007407217,420.3744543477814,3.4170884139108098,
28 People with Parkinson's disease/11-16/Roberto L/VO2RLOABREE42M240120171951.wav,Roberto L,1,152.30739345125318,156.0438792637244,147.06905847391508,0.0029263845095654504,1.9213723679488175e-05,0.0015724290220953134,0.0017633855869582228,0.00471728706628594,0.01835945493337546,0.15918604589043522,0.010566060849037348,0.010865126255123694,0.013827104879713392,0.03169818254711204,0.01628015795754182,25.796932318878433,0.35240102765007963,1.178695042429219,-4.515675669586056,0.0026712514875993692,0.4246590228300877,0.8820070243644424,19.948152214642775,-124.5256202813509,134.1646874170594,-64.64360868064145,50.201982068408206,-74.81078238007095,-4.116687665210794,10.975627719095625,14.44232916594196,-11.058848156225157,7.221645719829966,-11.380887052087205,4.358229045998153,6.237496803676861,6.993270810284463,6.647401734045221,4.352364418846803,3.2275311630762027,3.349882999044685,3.174936292081931,3.3186843097693766,2.0897865539851104,2.9342879851292567,2.2053725996460725,3.179160595840336,2.4743893388748552,2.884774614931246,748.4264505272356,406.8717311338686,1052.1544376614636,403.9581969647226,2783.053200282919,283.64964540831954,-0.9866122643066954,
28 People with Parkinson's disease/11-16/Roberto L/D2RLOABREE42M240120171946.wav,Roberto L,1,149.3608638289594,173.3143784343243,118.58305756797256,0.014323690175816249,9.627934212493459e-05,0.004643607683843573,0.005008221788353399,0.013930823051530719,0.06601161522813632,0.6112599974723643,0.0221935360518203,0.033767815595755646,0.057366939952570875,0.06658060815546091,0.029067805184973875,14.283357900589666,0.16091475814785483,0.8931184793215929,-2.8294191551160646,0.04476152289025808,0.3160774301710956,0.5333588456233547,4.088433522297883,-280.1224581300893,128.13690798186204,-29.35102510047331,35.354610976818286,-21.582458109360175,13.54234237466364,10.588038633634415,-4.603551598112057,-5.274676695645446,13.5136600109759,12.28055476994532,6.235577808491648,-9.114702454439032,177.07083465946275,56.398614022018,46.99970743543129,15.81047891033945,25.580902553390285,8.512893261717512,6.995612635137423,12.662465191600933,8.355904161493237,11.133902101306777,6.324482094613762,6.455917407017133,7.147211261568813,697.1643991891718,381.2288031499775,1608.186189422444,398.0954420870477,2849.7920509792516,459.42712562542766,-5.771341891207973,
28 People with Parkinson's disease/11-16/Roberto L/B2RLOABREE42M240120171944.wav,Roberto L,1,147.51098656947187,590.2583888133614,92.5329631351732,0.020546827313422344,0.0001397844124873453,0.008778394746030333,0.008273491665844207,0.026335184238091,0.09507797655981272,0.9304116848582887,0.029949103414079862,0.04547253700571241,0.0997062208127958,0.08984731024223959,0.007798934740464005,16.559590536667674,0.1938903454757379,0.6159004975132852,-1.952400792337055,0.08998320938648693,0.26809858482514354,0.11849571586913162,0.49065548246029067,-357.1066815451091,110.92212576947371,5.331445003648479,36.722308163965174,4.163814585621482,6.988952837990836,5.846062196497237,-8.257415189202865,3.652221920040021,-2.0397303646148957,-2.2561011672026745,9.150310317486213,-3.2428884823354283,121.55535010303934,65.96726409561774,32.30628328066519,30.218742582721426,19.37196210752404,14.585025526343443,11.325514124728043,14.099273064083466,10.702065040281543,11.110944678776965,12.00614373574317,10.463653925735837,8.51546760595905,624.9985040595643,409.3318583953531,1773.0311263272954,567.771766163182,2859.3216383518175,638.6953186196188,-8.303454292716495,
28 People with Parkinson's disease/11-16/Roberto L/VU1RLOABREE42M240120171951.wav,Roberto L,1,161.1454802508116,184.38072382919518,152.25469551691572,0.0019095942816563327,1.1850402282291539e-05,0.0008502174897246557,0.0011160180254543989,0.002550652469173967,0.009159096376373728,0.0863132552985694,0.0046129587423635555,0.005416898270429758,0.007907547756788489,0.013838876227090666,0.0002897988273939003,35.064408162701554,0.3073577075622587,0.15217002502469013,-3.473700944203988,0.002621381633058033,1.4394154473654617,0.4477235244221504,7.859936374378158,-246.0502085242663,151.5622841241719,5.8312883645506846,61.62988037919814,-26.830253319609444,-31.87646789190254,5.1376471524351,-3.972683673928539,-0.09721375881148618,-2.079758291919861,-12.415375345428604,-11.4648305990921,-8.130094793161051,22.71587914839284,9.032956227535443,8.55471963975236,6.247282987570242,5.858475845091942,5.903135570065037,4.448219407282243,4.495558968226295,5.430910034860448,4.037241827583106,3.3371883930770987,3.133404639492912,4.098480953397542,471.67445717757244,528.1376659209637,1302.0332731720039,928.0640148706023,3097.1465502841843,491.62703730069217,-6.516724375174377,
28 People with Parkinson's disease/11-16/Roberto L/VE1RLOABREE42M240120171948.wav,Roberto L,1,147.52803197085635,194.10917629017584,134.90813653799384,0.0036986270376895953,2.5072409700215353e-05,0.0017268235097251826,0.0021126590261558165,0.0051804705291755475,0.025160375809442304,0.22276373395429191,0.013803921593976781,0.014863053427798378,0.020395792570313764,0.041411764781930344,0.1164287986130822,20.37724875458403,0.4146557086353798,0.8519510718742325,-3.1193551945572375,0.0055269770024567195,0.0158563550541713,0.428008270255227,8.103958549439742,-119.45488850760827,118.00870714185228,-82.10603513533627,89.2326852171327,-28.763338880345884,7.131919547782481,-30.923814506904623,-11.936942657223362,20.373068785229396,8.521774102193156,-12.227603235528575,10.058823504467766,13.68063873534123,24.20836001645556,7.786119067441207,8.698769149690843,7.736371333351536,5.6539003447413405,3.174995080906861,4.588471766971762,5.078363312403309,2.931813415463063,6.425820605727797,2.0202622177582756,3.5433973039788773,2.817033082941634,598.0325761029818,193.83211627931811,1935.0196629213106,244.44246920726474,2526.544917054462,684.0156521459571,-1.766456024614587,
28 People with Parkinson's disease/11-16/Roberto L/VA2RLOABREE42M240120171947.wav,Roberto L,1,158.1843358622672,166.9809950500053,149.31735774520251,0.004229677593847259,2.6737966475812773e-05,0.002380330067427612,0.0024769713470514628,0.007140990202282836,0.03070803772868945,0.2686899847310309,0.016288876566752094,0.018676039078436065,0.0278761491222566,0.04886662970025628,0.05960504029301656,20.86547580909126,0.35976460349492817,0.5356328757992899,-3.7285245556707203,0.003089257818479666,0.0067980676075661385,0.7971806997037694,12.150718690479714,-112.03589379655573,137.25865703305536,-98.81808074474534,43.33822199036576,-44.00850390989242,30.117724377721043,15.558918714943008,13.858769149635293,-16.44317533803671,21.68980923332788,7.543770808280071,-7.000439836895336,-9.63543076179871,14.136331595523004,8.895944977063166,7.372679272365006,4.500292368174909,3.3838776469551304,4.61633232148822,3.013351970900611,5.8186004411554,3.3158927435814025,4.793108081791997,2.4517353411285576,2.871728589777754,3.7834418218163695,810.5437456819456,302.83253964492667,1405.5136279420728,146.05909134712658,2623.3174815772036,256.7613775099331,-2.4548339835052397,
22 Elderly Healthy Control/LUIGI P/VE1LPUUITGI41M230320171112.wav,LUIGI P,0,122.39899947873614,127.8268894211339,111.21611522025403,0.007415410042832869,6.0576752630249184e-05,0.004307284490969053,0.004259746847233991,0.01292185347290716,0.07701739910743119,0.7396694391929776,0.03424955082140924,0.044023841160091885,0.09181083493627215,0.10274865246422774,0.014381322097908506,18.571143247357412,0.1735638013643953,0.038441449221558066,-4.24244185404555,0.0052417229267351295,3.291827357301744,0.7411298602158032,11.410273718990272,-310.4795623608551,105.20675989946385,-27.046263349150422,49.5689179635297,30.40395385553211,-39.17834021456446,-36.876054134218236,-20.61810817550329,-22.71677120987972,-22.44686441881796,-31.98912432779576,-15.43495949014641,0.5491270879138751,57.74617123453661,21.577665541910388,12.345103620878188,16.91739891661294,8.4559637355978,11.336683052061286,7.414856691129166,6.787317978374871,5.049853197467642,7.02048191616245,7.78099921304707,5.077839761132754,6.41356692894967,463.5437837206965,26.746395753172596,1916.355998847214,372.75265296755174,2522.350852819537,248.30395348242808,-4.906603246043178,
28 People with Parkinson's disease/11-16/Roberto L/B1RLOABREE42M240120171942.wav,Roberto L,1,148.38836387483943,589.747969953398,80.4518964693919,0.018443371013065882,0.00012488785879919852,0.00696894106447977,0.007283793645024332,0.02090682319343931,0.092555290826752,0.9065955186026651,0.026738659582098843,0.04330525080359685,0.102521107351574,0.08021597874629653,0.010577889689301184,17.1804530702463,0.2040348777363479,0.8541420196743839,-1.7913230146892656,0.09685953588124606,0.21495164298254124,0.1167484118566611,0.30672733027137156,-352.6687443884562,104.01840920853587,0.8292817975058694,37.43688778938433,5.152911330855444,5.464441445718364,5.782185201222256,-6.982586989937874,2.7126583898658816,-1.0786339343720497,-3.553443695057077,7.32922219246373,-2.3118249880269564,129.83716073766425,67.61299517889424,33.325093791849575,31.707820125683753,18.519585464610632,15.25960538987973,11.369698079041148,13.654021186331967,10.290560230055982,11.037277828100574,12.476917720491905,9.766105020891173,8.507124531807179,643.4851872100646,412.3402027702891,1809.2520095487841,559.5837526758107,2879.3926161312606,640.3213009381661,-8.041996894288518,
22 Elderly Healthy Control/LUIGI P/VU2LPUUITGI41M230320171114.wav,LUIGI P,0,100.59124873649237,103.26371005751817,95.85645282254679,0.004205580978087311,4.180914777866735e-05,0.001911932715239164,0.00251384061341985,0.005735798145717492,0.03919962529923468,0.3928775800597428,0.01787939579357024,0.022712037865074117,0.038682091405024537,0.05363818738071072,5.2414065971526375e-05,23.90929602097511,0.11576096741030673,0.07739532863150876,-4.44300309924387,0.003897862869981786,2.074453598398252,0.8160481503294212,10.992780222096986,-332.89991767290235,154.16541444719982,43.320089723496494,34.589959879217155,0.7061905235714371,-11.425973157704432,-19.546931181495847,-14.204155996295151,-10.790807537140314,-15.015637865071684,-11.250231983445136,-14.42587710609514,-14.5371612424639,49.01582634425037,27.17896108209419,11.79501434358897,13.536150495588275,9.481063912491617,6.824816285567607,6.582589017465584,6.9373119544797435,6.216373568499775,6.967564915739912,5.955775590464256,5.740743358312297,3.5210268297786262,378.28476275174944,177.79498217992938,1312.4806432152584,860.8859253749471,2760.60577538616,609.7289610269966,-9.561657901837446,
22 Elderly Healthy Control/LUIGI P/D1LPUUITGI41M230320171110.wav,LUIGI P,0,130.8508861971954,287.9832874953385,118.22297417075917,0.01413391409541353,0.0001077531042000244,0.006825977308221496,0.007291470870965281,0.02047793192466449,0.18439848063909145,1.6206555624937746,0.10003537835376117,0.10429428927238742,0.1376986034355579,0.3001061350612835,0.015784274453948137,6.976901853121646,0.14057410931022013,0.047829928984681976,-1.8795944290960962,0.10819035015387973,0.1765847553092241,0.23738162985913053,2.433996259335835,-434.87888491576587,94.06318773669929,-23.996240258478032,-21.357471029436383,-24.4177720644562,-12.255596302893522,-1.7239837804226674,4.562177427893108,-13.392022452197557,-14.784999673957666,-10.908080145213434,-3.0261466080702113,-1.813062308346159,163.57166919923088,71.63088240748564,36.99599199751679,20.125365591428512,19.964436204102107,9.25121273707964,7.822175742081115,9.413034605408134,9.806707052203569,8.845560129845342,7.810836734122039,5.506159259475729,6.6611317056947605,915.5750909299032,405.9664011925419,1595.516615927244,608.8281090472376,2785.2055911563025,553.3499917603278,-7.719938023809999,
22 Elderly Healthy Control/LUIGI P/VO1LPUUITGI41M230320171113.wav,LUIGI P,0,102.51402134925686,108.40186830415063,98.77375999418261,0.00547807057075598,5.343622385570104e-05,0.0028697550272781813,0.0032583144060126233,0.008609265081834544,0.049997907294361085,0.5029142204226934,0.024105780822828757,0.02968042576244461,0.04951569164419541,0.07231734246848627,0.001277716486098437,20.979603625431974,0.19078974889516803,0.0751882049427422,-4.353004905212024,0.005065319346344693,3.281867215861318,0.5283865495301,13.089671977961,-354.3358972456695,149.07092108430064,35.13730028540613,23.062718072403605,-14.991914443637265,-36.37965070312457,-33.03771820687344,-24.84237965808944,-17.365350657674718,-4.381788394307386,1.3237340093542587,-4.450268570890302,-12.364221785701405,64.86270813065852,26.587109637003394,9.062560567597583,17.282496282393666,13.57506158119683,15.571511136920735,7.571714224084408,10.844963586879638,6.30139031584865,6.727026076700936,5.784819120358583,4.338585127983713,5.101411077585074,483.3393853730769,198.4778095259544,1251.0366582144154,900.3757594170995,2783.525097224905,606.8642182962653,-7.0653119173897005,
22 Elderly Healthy Control/LUIGI P/VA1LPUUITGI41M230320171111.wav,LUIGI P,0,124.5191901414221,142.94264700269238,120.47341745131445,0.006448898383582629,5.179242708393047e-05,0.0035859210673733492,0.0035583740694576657,0.010757763202120048,0.09563623161448753,0.9173301839923644,0.050232230278650515,0.0603676635963949,0.0765476596463934,0.15069669083595155,0.021440036913408355,13.72142007582729,0.130009487295766,0.06388143284485423,-4.066926496974367,0.006026306832278978,3.3361132050535973,0.5606074766110382,14.007231040029914,-331.5599440383426,166.99057566030544,-23.353581791841336,-36.68464432851293,-43.74838473640075,-29.285003631648085,-0.393018084613197,9.542087625678237,-16.909198545520432,-23.42268545411865,-14.924523700353484,-1.7477681528199316,-1.1157432051178924,77.48974577831883,23.92499367269401,28.232412942417536,14.645811898401634,9.273870591531674,9.808735387397332,5.986570942365878,4.117854371617009,8.216099576559747,5.315877439370296,4.478795655974089,5.461774685600375,5.940147894379678,716.5045317103983,182.97192168886443,1112.5093136010396,154.42579413125628,2460.0599115497266,350.6657358770563,-7.2681520106488025,
22 Elderly Healthy Control/LUIGI P/FB1LPUUITGI41M230320171116.wav,LUIGI P,0,152.82971448185307,467.0213694859689,75.29821895714166,0.02706299648590843,0.00017850227285656705,0.011262399637806876,0.013657543998237,0.03378719891342063,0.13694779758022665,1.2282739400925229,0.05158427739546182,0.07713545671773592,0.15609457756206466,0.15475283218638547,0.039649100747856686,11.173397137954629,0.12301458134788239,0.0854736867950212,-1.2147762356599485,0.1097940574957246,0.2643629443162704,0.2512210995685737,1.1083533137145665,-383.22783829550053,72.20058442244134,-8.289337538360583,9.486939400050945,3.9165036680601375,-3.228575760464185,-14.90231945862413,-9.14360048170958,-12.168496656623466,-11.366925157294641,-15.51032745483938,-16.694975171813738,-8.174345938424466,117.50807600625596,68.67059881495624,31.308489009947998,29.194221820224183,22.349662429664686,14.78161584834694,18.12113373215167,12.744398583096604,13.401339117616288,13.056640539459396,15.02112422662501,15.294642845009967,9.555693888025594,718.107101142835,458.2422539807147,1744.2084255057177,493.0599391515384,2744.747488860234,608.6689048575751,-7.367404369084799,
22 Elderly Healthy Control/LUIGI P/B1LPUUITGI41M230320171109.wav,LUIGI P,0,145.8178380146882,578.5253263619511,81.43958793508575,0.022744619118667948,0.00015705840827469312,0.009193030371581572,0.011329463972704668,0.027579091114744717,0.12640826325093932,1.1455294563667917,0.049217160007020075,0.07267353423086095,0.1205197665923589,0.1476514800210602,0.028788491131668415,12.454805272963014,0.10304807339580394,0.10456023004234595,-1.1968539321125378,0.12855349219342946,0.4636766257140472,0.25782562365118195,0.8953646195984888,-376.6701228581273,102.77983216448989,-4.3928113272486815,7.389810265754444,3.5874850228329325,-4.5141526596937736,-16.620485811735332,-11.029115189522825,-10.352212301284348,-19.131657194560198,-28.58311567172295,-16.03926293517956,-2.6689114536204492,99.86228101397411,65.3356033534729,35.6629300275761,34.940606379083285,25.012025700051645,17.286535113290643,16.9954036397328,13.754161954011282,11.849081761063035,14.840266686842279,17.277473794824733,11.254713788190674,9.826166041485145,637.2999707619288,334.8430762644587,1658.463334350797,443.91836892261364,2601.359120693546,593.0521305793364,-8.300727902049074,
22 Elderly Healthy Control/LUIGI P/PR1LPUUITGI41M230320171115.wav,LUIGI P,0,103.8422794981452,510.94278276117797,77.13939475913486,0.01926681737692156,0.0001859949268532661,0.008139284928849792,0.009963515926114006,0.024417854786549377,0.1274798107495011,1.1803755661170654,0.05218313027819356,0.07056194550800116,0.11823512325743227,0.1565493908345807,0.05094468391264712,11.76381841528996,0.0959740044611762,0.11624564112492422,-1.8447439630139837,0.09504762131528507,0.6461565456572061,0.09742371749949447,0.4073781475077496,-374.8697118966529,103.76034148316306,-3.779297352055993,25.103094307791565,5.30426528092067,-4.138968647020719,-15.835746886618454,-10.036667807086355,-24.16201956071729,-15.929616414961512,-16.790604921057064,-17.223304456043582,1.4494902867982955,100.84455005084259,61.70221039061817,42.701816130599084,37.93116432823862,29.19893670037451,20.581902912955233,16.18031070820659,13.506008755741206,13.773442934328516,12.971315679913298,12.271803435745221,12.180445766729864,9.781136037916465,664.8126214933537,377.7701571789026,1761.5042060108601,552.8108688718278,2819.089563668414,615.2149598994374,-6.279686482086402,
22 Elderly Healthy Control/LUIGI P/VI2LPUUITGI41M230320171113.wav,LUIGI P,0,102.74348531388215,106.13655521264985,91.92096973139044,0.007978105695549673,7.7644712292661e-05,0.004362120672417385,0.00484715113690081,0.013086362017252155,0.05368705383239676,0.5729799886748619,0.027977918567088412,0.030605056170662642,0.04403580761712466,0.08393375570126524,0.07562910916778574,16.893967413358144,0.16213520459706482,0.08897555504978018,-3.945457370103427,0.007063927000331577,2.7098054206100577,0.7933288560541403,9.654862217560844,-263.9076483601155,98.67748418594003,-10.622204107542053,98.95276969245583,21.537853328378286,-8.767186679085334,-26.20381680670339,6.538042476740449,-7.641783656994773,-36.098563189213856,-23.656995377406552,-0.7559285720699166,-17.270854288354535,75.70159755166031,10.016264967305919,17.16136969522409,29.468612202814427,5.37990654266838,8.370965709769877,5.256608493765007,5.843795382041031,6.396577397282265,6.343775243217575,6.170899810787021,6.769007663155584,7.3806743898419365,334.3154477856703,40.07353624612062,2195.244097040421,308.1866960017748,2612.237202054178,164.15615507683964,-1.0381999428743023,
22 Elderly Healthy Control/LUIGI P/D2LPUUITGI41M230320171111.wav,LUIGI P,0,136.6896683860091,144.02905503197093,126.6844704968993,0.011733904911179092,8.566817153782623e-05,0.005593103721010826,0.00535659543340459,0.016779311163032478,0.11075072823060077,1.1168179562171558,0.04981640022309029,0.0689475708110658,0.10317726527910952,0.14944920066927087,0.0470352074525797,8.519460319799549,0.10024075692815784,0.04044623887050521,-3.596934673358856,0.011911996199812255,0.22359155054748903,0.7169708514615657,2.1836180800209206,-445.09886402135845,81.7032866849224,-34.173865257433356,-18.337388367110062,-20.893467722424894,-6.06859587873925,-4.188716556044016,-1.9890631917803576,-14.585560408282186,-8.897479256594721,-4.861400954988279,-3.481619487307986,-9.60824916212812,170.3706212851627,66.5377150689984,43.669222794603286,22.7130103602099,17.22323526358773,8.968859595382943,12.79523523206146,8.421072888644344,12.921135287910948,7.730205698295993,8.530819666132505,5.888691519620356,7.969924417736453,917.0039414352377,386.0888851449273,1586.4473658171933,501.444976309054,2766.3458604375514,542.782424375629,-5.593872283076544,
22 Elderly Healthy Control/LUIGI P/B2LPUUITGI41M230320171110.wav,LUIGI P,0,138.71840784105413,508.7954167498849,77.11128392160172,0.023518584039571137,0.00017062023090816308,0.010117227320061761,0.011905397523291814,0.030351681960185284,0.13313360398215573,1.1913732606928376,0.05312418818042438,0.07628506794300965,0.1324583664319384,0.15937256454127313,0.02614266803277196,12.501289248078464,0.08354525573769128,0.055918855375965956,-1.2615014170089955,0.12618563128965407,0.4528605381698532,0.15801191226161604,1.3348067443120115,-361.18567609589047,98.93032331148311,4.016384678031054,7.29814153497625,5.798406857906479,-3.110982616645674,-16.47853944283883,-13.425104958048486,-10.823984163139428,-19.125978352176663,-26.40008295557115,-14.977644684497559,-3.305097051406902,87.4004944678981,62.64243482226507,33.98005011293068,33.77161012561079,24.92196052864569,15.726384980828763,16.67069116588804,14.575828152617493,11.323825377315885,14.242722185426217,16.241494345513395,11.259441382970998,9.49666601778184,598.9898563421548,287.2946805015677,1628.6003440122508,449.21952260103603,2595.241918519255,606.3838137459419,-8.800136703780256,
22 Elderly Healthy Control/LUIGI P/VU1LPUUITGI41M230320171114.wav,LUIGI P,0,99.56859467879922,104.46892643970426,93.00687875583502,0.004121608662258729,4.138816855638175e-05,0.001852069801767528,0.002548831413474537,0.005556209405302584,0.052488361575646604,0.4509607989697733,0.018328954246931355,0.028305374972635418,0.06144286013016511,0.05498686274079406,8.66678678455844e-05,21.789001034513515,0.038706839556867545,0.1255090353786786,-3.70406810666114,0.004019371959637688,1.9875448280357946,0.8875805692003781,10.553137755342647,-300.4820906015646,155.8554268286449,37.08146159365732,37.39359344584196,3.160498337130559,-6.834043363382707,-16.630552615925787,-12.465413995259857,-5.553242433260741,-8.023390347723648,-1.7811527116301547,-6.106620491957626,-7.606571039803975,44.02224936501113,22.034785763603317,5.7187683406578085,12.328257884318418,7.545623333853412,7.2821451740444525,5.9522665527674965,3.828656664915742,4.548408655350719,4.028732062209356,4.673255540845341,4.27379529577669,3.09000149267816,415.8303093871848,290.7553167151313,1616.4763803833719,865.8796081545644,3014.8042742992084,792.7031103558397,-9.221933040381009,
22 Elderly Healthy Control/LUIGI P/VO2LPUUITGI41M230320171113.wav,LUIGI P,0,102.73047738682344,107.72923968405253,98.42863729633346,0.005114558756052852,4.9786430521094795e-05,0.0025940890529402368,0.002998148108652602,0.007782267158820711,0.044112465080826536,0.45803226263883945,0.02027688053901389,0.027340750828453674,0.04651199702819903,0.06083064161704167,0.0003282950821295335,21.86242059908069,0.24165070833449703,0.041872108737298096,-4.339656424629058,0.004755364187796693,2.6729322102222226,0.6318430029301375,13.185450467014213,-301.28284023435464,167.45505830440317,35.028278138774866,18.867185381122454,-22.52232024039143,-49.42289897465142,-31.293874283532276,-19.57037033446229,-14.055983805837492,-2.2798149346105316,-1.9510831779078484,-7.513076632383249,-16.534757299241182,51.55155603116702,24.606903490571458,8.784510317955148,18.389549105765965,8.199681802125733,14.73551112212147,6.2692095680797895,3.739290536055826,5.1407379073819115,4.7268194564633275,3.1117112563868674,2.8621487871801397,3.5816375462011893,457.81870940208654,145.22274666410422,754.9499334709238,305.80869882249544,2532.8508587050815,241.4684404804841,-9.078673922864734,
22 Elderly Healthy Control/LUIGI P/VE2LPUUITGI41M230320171112.wav,LUIGI P,0,124.34108710181872,127.67023679190808,115.5789433545851,0.006102332067511747,4.9083666892106314e-05,0.003512666932162021,0.003375876985358867,0.010538000796486063,0.06099640638221538,0.6013071002633259,0.02963433187527034,0.034681692554190055,0.0592239563797746,0.08890299562581101,0.025858235329008498,18.691158580804608,0.17895227756894366,0.04312798875444183,-4.281121881764423,0.0037562821644241177,2.528306293049677,0.7744122832787523,14.457164282942646,-255.7222282623895,119.13632791199254,-35.73769232443766,53.26521333160563,25.700615887485668,-31.14292987015605,-34.45759177676154,-23.86048554400646,-21.85716022889169,-17.573666551766262,-39.248087931273375,-22.50128599289748,9.173606864213214,59.45706091475015,25.99722059352387,23.842192438758442,11.55952712055718,10.259634503824781,8.693405149177268,10.881160418499345,7.487730548647971,8.05825549754087,6.670756256043268,5.688296660481942,8.38462460715788,7.323889930117293,464.76297062117106,38.681347060212204,1885.859728205155,248.89832672782342,2527.1355681973114,425.1019472561565,-5.122666073464975,
22 Elderly Healthy Control/LUIGI P/VA2LPUUITGI41M230320171111.wav,LUIGI P,0,122.90151989524499,130.97705610270688,102.11271944248548,0.005892039111705261,4.79419035913721e-05,0.003107471595685303,0.0033772033893527745,0.009322414787055908,0.13902849136324508,1.2699648895474416,0.07808267710432058,0.07504644917966008,0.09666577927940348,0.23424803131296174,0.0022163287400574373,13.418046412669725,0.1753712971256344,0.10666397929171557,-3.507611860006514,0.005493157854224552,1.4327715627568447,0.6050216118638666,11.791378433826068,-291.5083874311748,182.48853509409554,-16.28093405192465,-21.21052335719106,-44.749295502805616,-20.01555038487285,-13.839445723185634,2.756074088625386,-12.155111636213443,-22.766647186322817,-12.953141990963237,-5.484121292453175,1.5346261517753472,55.09779700410537,23.884397147909112,12.575504032557504,12.27950708724138,10.591730960684384,6.947241115603036,7.745215011175223,6.4904601424759285,6.587895026169431,5.130552739949085,4.8130110692449515,5.805922198896521,6.373341901755372,640.8192066665974,175.48355151659806,1059.5918993992507,212.82864886975185,2384.272468669105,535.0860868243468,-10.571301414172542,
22 Elderly Healthy Control/LUIGI P/VI1LPUUITGI41M230320171113.wav,LUIGI P,0,108.8366093736486,115.0686121244616,99.96004086117708,0.006834484652442298,6.27916496733559e-05,0.003957624829272181,0.0039018375807804806,0.011872874487816543,0.04118654153955408,0.41429253838167307,0.02113527863121626,0.023957038786454787,0.0331628638718883,0.06340583589364879,0.10627671300088538,17.37104140662064,0.12528574335415985,1.320197626542324,-4.101618373200252,0.005209020105843348,2.7668790244436265,0.7134062247709642,9.946675380095716,-330.1543149185381,86.95793482133116,-11.421483919796403,86.3822793327629,22.561975936537475,-9.063620866086701,-18.464258026402817,8.914025505524057,-25.95580557328727,-38.9302340877309,-23.99264189088874,-17.098305879677337,-8.70874087532548,62.93120210428274,9.040100916998785,12.116634793498534,26.6970957274585,8.037197538443362,6.893824183569467,6.955257363228151,4.802911872036757,4.803212970873436,4.719135863247311,5.800539816580002,6.810469136902797,5.367114645445406,317.1428114194499,38.961451211092374,2192.4886863513398,262.7239043040913,2662.4572024197973,225.34896974946588,-1.4007870738209804,
22 Elderly Healthy Control/VITO L/VI1VLIATFOO55M300320171247.wav,VITO L,0,119.10540449754569,132.99235359789063,115.28384603444675,0.003062444478287636,2.5712302127585005e-05,0.0016306561680642488,0.0017130291389088775,0.004891968504192747,0.0314971915264236,0.2948229993078112,0.012435887783866206,0.01660801708016755,0.034086980225090456,0.037307663351598616,0.006082501199081048,18.91514832229489,0.09254305993283134,0.04228455249315764,-4.374403401395917,0.0027831541870717014,4.052733548458211,0.6860126862061982,11.010002170357431,-322.3060831447075,60.33476746466328,13.412593388849343,78.34275534992355,-21.98000762858514,-0.2772145742548669,-15.623769780716282,-10.605089169011633,-7.028650899131955,-48.541642831321724,-2.272824011516843,-12.44520048272896,-41.9018889890391,49.22182563181258,12.1081327281244,9.730275061265075,8.54411766408625,10.35848492705753,12.152632849397303,11.044059823354477,5.991863930964727,4.3174208438368025,4.7339749154714,4.796834041737274,5.357377380850232,4.63643955277221,329.35131597695914,38.908488804729686,2472.6532776959916,283.17234848550817,3078.510410168541,1187.577921194299,-2.024214592477389,
22 Elderly Healthy Control/VITO L/VA2VLIATFOO55M300320171245.wav,VITO L,0,120.95357133057905,124.86363397777053,108.22613530479777,0.003942288858727782,3.2588912657821754e-05,0.0018979351248915336,0.002264559507769639,0.005693805374674601,0.08374121230358048,0.6866456051964263,0.04303539116343023,0.05243927000428179,0.0740290547559494,0.1291061734902907,0.001798517483479148,16.773651511559386,0.2627374007881423,0.06238335716015295,-4.293198423716296,0.004302417059508604,2.4397292258099337,0.6683838783970832,15.677504882296915,-257.09556472647495,138.2047351990489,-4.50976197765454,-26.154622495660554,-106.38166416434953,15.809144730663668,-14.88298679392768,-17.130974979076043,5.8874622058999115,-18.240883207408984,1.2042522876642352,-0.1545111222544246,-17.85889804822477,60.846574193283416,22.056115894404396,11.37387363807845,9.224673492861362,14.775862625498451,8.016409325915484,4.728277964990515,6.214129053389632,6.639455378160942,6.344472259277597,9.410088309497135,4.8698104421490624,6.244866462613798,747.6060823342813,78.9698006144021,1169.8569696376276,222.37692442279655,3306.9202434028903,1625.5701091993467,-5.910898799929418,
22 Elderly Healthy Control/VITO L/VU2VLIATFOO55M300320171249.wav,VITO L,0,123.18785633405744,453.0143424155058,118.84637444533135,0.0027877529262664213,2.2618560473433305e-05,0.0014166680842887841,0.0015626693914396561,0.004250004252866353,0.05624042849936498,0.6666495508350673,0.017086002209988387,0.027370644583854624,0.06554035433717591,0.05125800662996516,2.8043511085074245e-05,26.12599472588155,0.12138392311864903,0.02310201918537804,-2.884995405869251,0.050825506405014376,3.1032058746573665,0.00370445540747719,10.695004922570291,-372.23330909311244,124.83772060969638,61.08074936034464,23.726501060962878,-21.073477890456495,-27.06890538965802,-27.2991038623393,-23.061230155091728,-5.169221285018591,-9.629882504079472,-9.634208770614116,-10.592133647256617,-24.37283389799358,44.842331561354094,28.723151035502895,8.82858178021523,7.762257045160305,10.784353742650056,6.657519711964663,6.055792326892458,6.963584118128141,8.049771271451746,4.830218523460254,4.9758824700546835,3.7824806615917645,6.71363005066885,428.104249874148,160.78348696827277,1181.640907624315,801.3200287035853,2981.232511953155,699.8141232854398,-9.049898228442768,
22 Elderly Healthy Control/VITO L/D2VLIATFOO55M300320171244.wav,VITO L,0,140.49839407292794,424.25128460322867,86.72381743829386,0.020056286118780266,0.00014352902238717928,0.010052426826304606,0.01079904740513431,0.03015728047891382,0.15348747368925192,1.348276968024685,0.0672016607204815,0.07999265767797935,0.12968232668595397,0.2016049821614445,0.00319985359332225,11.159580076387513,0.13861900185347856,0.023994383031558507,-1.2813705945370186,0.2105797271927781,0.23544468214288755,0.29544015873372625,2.057941322749663,-363.86036568984053,105.51403367927031,-3.302816717612427,-19.24337392201354,-43.66581996283355,-1.9993375680536336,-15.34436096721258,-12.97592084093787,-1.2128713089667962,-8.94925189955121,3.298330180873613,-4.9500537398013575,-18.203516268582845,123.89973682035874,48.85896114330284,18.134393685960816,15.32249580005577,36.40475034803886,11.246012726468864,13.381012392467424,9.839226252133647,8.025582127286315,7.546370735832929,8.870704075051723,5.935142399709591,9.13374618477005,762.4308033346089,252.1782049622795,1534.9902767396286,478.8938035091401,2726.925181536549,902.7246033697544,-7.428292612563276,
22 Elderly Healthy Control/VITO L/VE2VLIATFOO55M300320171246.wav,VITO L,0,118.93727956838458,125.912585978896,113.54572829814968,0.0041836106649525565,3.5174259370516146e-05,0.0021950516605018996,0.002385599818168491,0.006585154981505699,0.048619938353155805,0.4337883865590664,0.018571101563199886,0.02702295590915579,0.05644686956532665,0.05571330468959966,0.020665321607054234,16.23445159589909,0.21973401170676063,0.04443985814880446,-4.228097034390186,0.004061033232449346,0.42613540219659035,0.7390361419624961,13.034378533447232,-226.06464024343353,103.74924811489214,-13.85991532032465,65.4173765168827,-51.017173906098975,-5.016690578639358,-60.98803227862134,-37.015158633443164,14.781199063282497,-38.13752613115427,-18.67912438521808,1.8505484791595952,-15.657718883282778,46.89254306352582,13.913846316368144,7.863562641274499,11.031091406831866,12.081020129962408,7.270043894891117,10.528217345018884,10.997166924855343,9.18714253281358,7.743387092896175,7.563485676658057,4.88133441512653,4.012321517370266,485.92094859423094,44.37683075634313,2056.5500605892107,753.2077996147445,2990.1066662268086,859.6332778925549,-1.9481585041236926,
22 Elderly Healthy Control/VITO L/B2VLIATFOO55M300320171238.wav,VITO L,0,156.48936610876143,542.8878801532993,78.42148348597229,0.018664834963367023,0.00012008035330658925,0.007743477607270892,0.009453946697744775,0.023230432821812676,0.1241946362491324,1.1673684297762692,0.04547032490002172,0.07060109716340644,0.12952120038130804,0.13641097470006516,0.017023821985828264,13.591816781618776,0.18493718415011465,0.03462351479787107,-1.3169992031661182,0.11472406991885134,0.4838060998297025,0.12125975685291199,2.383895527720181,-336.1198311618645,89.88677789890603,4.31590165532618,13.554743885389108,-9.613237815692214,-7.22788499550758,-33.747207209344445,-30.689893464586426,-13.631662347322415,-18.569383240925127,-8.633305380968554,-4.990671733581362,-8.976589282488376,94.23793366783102,57.07758135209973,33.15839198377921,31.343352806313437,25.916023799720524,15.536684941990467,22.66976194789855,18.81622607006838,13.382305808270697,17.52436010973145,11.395302745647829,10.586058407945071,11.617563119513283,609.2852166594414,227.0545056614631,1637.223169197767,430.8620490276194,2709.8874845037863,625.0548561338104,-6.415691445966287,
22 Elderly Healthy Control/VITO L/VA1VLIATFOO55M300320171245.wav,VITO L,0,118.34388554218296,132.92695523681738,108.98878141852364,0.005967440457436058,5.042685779834324e-05,0.0030162284650715825,0.00324108790191759,0.009048685395214747,0.13804899158729333,1.174980628695123,0.0705149137834116,0.08317353630074525,0.10048232915582414,0.2115447413502348,0.0015347027370610266,15.180347883168357,0.10925833806234267,0.04315857045871205,-3.900901545641573,0.005552151163350672,0.04205881393517404,0.7293336599662827,12.660065198477223,-293.7307957901642,121.6337959920542,-13.96583555895448,-23.54388684949164,-75.79935963866839,1.3083654667691376,0.8622073607480075,-7.944598954093384,0.6754049406489748,-12.169129705650615,-6.760650182501729,-5.628131116550757,-9.430260111673016,46.68499058114059,13.503867606537813,8.390201095671818,8.271233409301292,18.76425771108228,11.351953788159566,6.533879122015586,9.187504794902775,5.166731957769556,6.436709289047513,6.729853477271989,5.371864004746463,6.514923923642386,793.1504811242563,158.5450774604986,1225.6808987200009,390.86595727649456,3044.016539317594,1038.3902841035292,-4.98721395292154,
22 Elderly Healthy Control/VITO L/B1VLIATFOO55M300320171237.wav,VITO L,0,155.73283601777874,544.7441219630753,77.77481065468889,0.017403818167751373,0.0001125359774869516,0.007018097170876704,0.008506331110305616,0.021054291512630115,0.11854721346842707,1.092664107539859,0.044100608821942944,0.06733990879251671,0.12263363638180844,0.13230182646582883,0.017172930637887156,14.60435126542798,0.11113589054012449,0.03220190755422297,-1.3473444706218765,0.12474220343759113,0.3022140610928561,0.233297655938205,0.8827660821936192,-371.2183281662626,72.7543855769863,6.824001881618457,15.625421320758358,-10.779424282916288,-5.675728377659044,-25.129322915975916,-25.298581452508387,-10.88129768477013,-18.541682100419404,-9.864327467388899,-4.677958510433984,-10.431582099716296,98.52106492116617,58.883390813922674,31.330569636984514,30.515486222874237,26.30647227569824,14.833218498713357,21.736454088944303,19.725213170737675,12.923433584467194,18.39502887810444,11.44201791503756,9.515500718029386,12.028426569824436,622.4753895832995,297.7046797569988,1677.9567070888118,485.3861089462344,2780.8362831515005,658.8964572466233,-5.7412372357673815,
22 Elderly Healthy Control/VITO L/FB1VLIATFOO55M300320171243.wav,VITO L,0,166.09643724525856,556.6633419798206,80.62253262538353,0.01626784785283105,9.860695793063431e-05,0.006428654397365722,0.007833718359852726,0.019285963192097164,0.12189846425981628,1.1316747275372228,0.04805335217942873,0.06971509342745777,0.13296846446318564,0.14416005653828617,0.015829699741333407,14.0114199483493,0.09887594171989934,0.0343753211375507,-1.3992313928687148,0.10135637382577624,0.5347654558227383,0.11456231029009858,1.7814261901496806,-346.37644295974275,76.8291326256123,5.053298385013017,9.47442494491523,-11.080979489647191,-11.035751828462564,-26.44905033640624,-23.263512965643088,-14.104135827315254,-20.968862724276654,-10.878654888017092,0.9860267248601639,-3.0732614426642044,84.08838241739419,50.7083081997939,25.63992924692333,27.350109524419,25.015701446406748,14.434087947064402,20.386814814397674,17.40108589920336,13.075457123053047,17.30350432955518,12.130617891492737,9.120051222230643,8.73049566343213,591.5548616839118,213.16750400348838,1626.3497543260578,406.6871094062971,2666.725117639712,611.8115492052203,-6.50296275944242,
22 Elderly Healthy Control/VITO L/PR1VLIATFOO55M300320171241.wav,VITO L,0,152.08854085965353,589.5085710941113,83.19709637941838,0.015456963195818393,0.0001022433534395715,0.006649218678105155,0.007959845251280335,0.019947656034315465,0.10196062243242325,1.0146809691534961,0.03244145007987074,0.055390291153639276,0.11623123064463327,0.09732435023961222,0.007482404365331231,15.555907383153585,0.16844432974405718,0.040992356829093655,-1.856940448049599,0.10227012915410293,0.7240600203373575,0.12486634999891505,2.286984109787916,-326.97167902153996,91.73585073379151,3.8505206419359337,15.742931297647294,-19.51595807733836,-6.973681258824662,-30.56582650787595,-27.769213058771992,-12.356393874945807,-22.86226660392672,-10.585883813526245,-2.394756894960858,-10.212931113717525,96.5353992181991,53.43563893729216,34.71215379147684,33.114941403137834,27.176578365467464,18.126702480247477,19.905193942562367,17.579969461495253,13.458549099964983,18.12467324844988,10.811376101737945,9.943584073187202,11.274120487624161,612.2840977565797,223.29054055135123,1613.0660294903792,469.2194764006898,2753.45262137315,629.1981687390588,-5.243092837955002,
22 Elderly Healthy Control/VITO L/VU1VLIATFOO55M300320171248.wav,VITO L,0,117.82678297540907,128.77144261556208,112.89182393003942,0.002902584790591586,2.4633531374377526e-05,0.0012377123715600637,0.0014520475646816338,0.003713137114680191,0.05905034369395719,0.5335488449940691,0.017250251772282545,0.026679547592546843,0.07391023025793994,0.051750755316847634,2.9144123750749788e-05,26.383771959534197,0.09415941313645833,0.04037479412928451,-4.030495646732465,0.003479441687193102,0.7520572949202552,0.5019309520685401,10.428466384948468,-378.9591478080812,109.65197440050028,57.62951915059192,19.376640585225918,-8.91563088265141,-22.38487344138244,-25.82916159337939,-22.262933796506562,-14.543496885130468,-11.664953333158598,-10.219976571044986,-12.195295584093435,-17.955589989761478,29.91856805405701,20.632112591912698,4.728519251327322,4.002814947816824,7.932529203806351,6.252011112868626,3.794254083805734,4.013013360287154,6.047954768415507,4.227302710958434,3.239205617143359,3.7465506171887326,5.881105144628703,389.4252875627977,148.57852544585046,1359.063376783565,1203.929153578559,2955.077737503481,885.3252902581521,-8.476237400873128,
22 Elderly Healthy Control/VITO L/VI2VLIATFOO55M300320171247.wav,VITO L,0,119.46077772479818,122.59426402725926,113.56905213945873,0.0033132798238930295,2.7730568972978213e-05,0.0017005542284379014,0.0019521570801978793,0.005101662685313704,0.03235204955521557,0.32222618101349965,0.011589456135278795,0.01703346208406281,0.03722074741174385,0.034768368405836386,0.012348622133415582,18.809278918986628,0.1245136054168517,0.05778197359975418,-4.625972638207391,0.004128612575976634,2.6792143513328894,0.4193328988714458,10.311737828251438,-286.9592586818242,68.39064967305782,22.24657345803928,91.61902898717968,-32.70807801341763,11.910270004231577,-17.39522807471377,-13.896044203016165,-7.163678892723113,-46.03181541588032,-7.286971990484271,-12.215782967748229,-37.96266369060288,48.61851919696031,9.76149637970019,7.005650616907906,15.508365501269305,9.404626435296398,9.654458601216644,9.701624109574283,6.763492508988119,4.8369031484534775,7.700524740790012,4.680453971716594,4.083565546481932,5.563852189915127,330.4616043987083,22.09127217126797,2503.8058874104217,251.45428027366117,3559.564400113088,1439.4060492146261,-0.32769681003859225,
22 Elderly Healthy Control/VITO L/VO2VLIATFOO55M300320171248.wav,VITO L,0,117.29269680697524,120.6042428631019,113.63973882826463,0.003059252724380665,2.608194455458709e-05,0.0016424830194260763,0.0017811888755062482,0.004927449058278229,0.060805804209488314,0.5109233935096082,0.026270072828137668,0.03453945140112364,0.06390814525669022,0.078810218484413,0.00031003871393356407,18.69820572542865,0.14200629270876444,0.04905949440351235,-4.524276827931477,0.0025612297758002165,2.487937913161923,0.7589988463683511,13.504206086270145,-312.8776617951335,143.99207110749725,33.54384203439395,9.034261236435544,-74.81600492805957,-18.208940980092297,-28.971640805368324,-17.120169392434683,6.704985236046836,-22.97342515119398,-17.0015100399347,-15.668419862133373,-12.122236783667603,54.193638759058494,21.380759825050443,5.536318376389821,9.591091571385428,15.908251457799647,5.1416191862303675,6.911892400157997,6.119978011527833,6.697137353682757,6.517801915075585,4.38671712825354,3.672962346622053,3.599082830242802,507.8631155070617,139.89354940932031,877.5872571618129,291.144301167579,2884.1461409086996,1007.9459606138877,-6.181828099769155,
22 Elderly Healthy Control/VITO L/VE1VLIATFOO55M300320171246.wav,VITO L,0,119.48747686198294,124.89733335986605,91.27181620218362,0.003897317024584275,3.2618441575247665e-05,0.001959776484882365,0.0021521769068214756,0.005879329454647095,0.05413445888275799,0.43779356647045853,0.02327419409224587,0.03220666267076223,0.05660886806740723,0.0698225822767376,0.013065266249437648,18.03019011097933,0.10758779196947649,0.04889374811568611,-4.12424993787411,0.00432183045041636,0.4974583658533627,0.40545365699645963,13.562968500965312,-312.26050875177606,90.62604615248287,-6.816234382073036,48.21363481896737,-29.937567522426622,-15.432042962629664,-45.760344865827975,-34.25170543999541,10.440404865940701,-28.390968041226426,-16.516499523257394,3.32452844556075,-14.954064844024137,48.51112726895056,11.6867832731588,8.673359249258873,13.72384537082909,12.485643211041479,5.505222120096529,11.134715713097355,9.357964575998095,6.331898571471629,8.483630267811494,5.411343204151837,4.123992168598715,5.39986320224207,494.807793352181,53.72977998854979,1994.8571032425702,559.1864172367932,2714.140268214101,811.4982864370569,-2.6817838226527595,
22 Elderly Healthy Control/VITO L/D1VLIATFOO55M300320171244.wav,VITO L,0,134.3665556091473,383.8158742122034,85.33520593284254,0.012623305116208912,9.416351794139703e-05,0.004736021135785349,0.005670195206584122,0.014208063407356048,0.11713117677217845,1.1101033515012717,0.04621704467810877,0.06519574185112431,0.12225035783559948,0.1386511340343263,0.0016360281407273472,13.701486908236383,0.15165762033775682,0.03442555831794124,-1.6804840924317679,0.16673229343808696,0.2550858256105257,0.14023012213289052,2.715287030376814,-369.19622513150307,105.01985662060898,11.132201774784741,-16.224711632897183,-52.22734759254817,-4.732611632169839,-7.023955566959202,-8.113987050417855,1.1359533114844456,-16.798488551157472,-0.06996478704846074,-0.34876214377415915,-15.898412871145581,114.94332134711908,50.59629069092704,12.835629927091365,13.955032110225394,45.090874702436906,12.009443780730907,6.522361457095999,7.745719952483042,8.913384384981924,13.534838425689687,8.654782049026718,8.425511483473159,9.012417562616813,770.4654203930367,265.34146762930845,1493.8080147791718,547.0930607178194,2877.47945323375,1016.9704882353959,-7.262740279252488,
22 Elderly Healthy Control/MARIACRISTINA P/VO2MPAERRIR56F300320171148.wav,MARIACRISTINA P,0,169.1960551249692,179.33820606992927,87.92840316334356,0.002579999079511604,1.5248076620371623e-05,0.001483148789921877,0.0013505507637092229,0.004449446369765631,0.016329656714826793,0.173440693872523,0.006229648516848379,0.008163352236842326,0.014317643730707947,0.018688945550545136,1.4580586831901287e-05,32.603598095470346,0.2588583076501608,0.037587622557465526,-1.79760227254053,0.041486793686447705,1.665446273202543,0.21079138994388047,13.577203317724816,-380.5543986399862,123.41548640260245,51.16782178558428,4.951722029558013,-40.992278217716255,-50.81495502283062,-29.57571036802105,-19.071753266368923,-23.115618386100756,-10.301830437042822,-0.07889805187779257,-7.459986939897652,1.475591277065769,39.91305750487747,30.353368761548122,10.133689345818638,10.217275295654225,11.87170920612098,12.399336854271116,8.368963108859102,7.4082415954422105,6.479312347775352,4.747490103224414,6.406923418192866,6.514791634906551,3.92019268556207,525.9533279410736,52.444180669511695,744.992165311711,85.97468809102301,2990.5167447312747,629.9842914132109,-9.505660788836272,
22 Elderly Healthy Control/VITO L/VO1VLIATFOO55M300320171247.wav,VITO L,0,117.16208254535505,324.1128986620613,110.05058304453694,0.002999428868634365,2.5617937019393536e-05,0.0013265402743157552,0.001582748965089822,0.003979620822947266,0.05031163386833326,0.3863491394609456,0.023922606656960155,0.03118373780624681,0.048987676061601655,0.07176781997088047,0.00031041447851524616,19.826881741911045,0.08579531856822249,0.04292839487880518,-3.1980625760786574,0.02082627984358231,3.633101119544432,0.001210471973876063,13.549162684382491,-389.66870121020816,124.89764480048159,41.82980745730416,0.22363538737794836,-71.78057371614375,-25.432569163846814,-21.529466568210317,-18.201864775567753,8.71781987822761,-9.653707104501704,-12.48870546519576,-11.270833985159609,-14.63061437643632,47.77712023886881,17.51768099503115,5.279779321751979,6.847441103608269,15.779382487207554,5.285881460352774,5.683738131980346,5.073239941353895,4.766460508147898,5.582407559402046,3.99237526978006,4.717456906295397,4.512498580452352,564.0513507873351,213.86349787158338,847.8300050093544,154.1217720279337,3045.665649252853,1228.4852320454615,-6.932439919512847,
22 Elderly Healthy Control/MARIACRISTINA P/FB1MPAERRIR56F300320171151.wav,MARIACRISTINA P,0,198.92997299729956,521.3734662045944,87.66460327124975,0.01951745259223719,9.85006893289164e-05,0.008897908947227588,0.010648307570600554,0.026693726841682763,0.10070885239418267,0.9884695126099725,0.03649931866268782,0.05634179383871837,0.1095639725417634,0.10949795598806344,0.03321252539696929,14.578133609802713,0.13115200979608935,0.013059166740158772,-1.7733670218328377,0.07130423153116217,0.6357433535709035,0.16828919952312102,3.5933304193297815,-314.9880874409014,95.75969943288267,-2.9786088974609024,6.227616063237693,-8.72398914806796,-25.289548990606235,-33.07260295699932,-15.433133287372089,-21.275206847678117,-19.4127033190124,-14.086212400463454,-6.634400938402352,1.1631940204268179,90.68509190031628,52.48094739420985,34.13546947889786,32.89749783501851,20.173569253147576,20.10584713776923,22.026217705798608,13.281840056267182,15.324914512086234,13.225828478293376,10.530018461691078,9.436917436889368,10.7173834978229,615.884411198728,234.56830952931307,1713.9615498719252,471.9946177373349,2729.281637418811,600.7202369671528,-7.771532842460302,
22 Elderly Healthy Control/MARIACRISTINA P/VU1MPAERRIR56F300320171149.wav,MARIACRISTINA P,0,176.77567695042492,181.55216162257247,89.91320495829916,0.002193127326332865,1.2404133377915798e-05,0.0012670104295669788,0.0012064817952687945,0.0038010312887009363,0.017216932310224885,0.18040167838572796,0.008990371265275124,0.009211636257848954,0.013492157533878071,0.02697111379582537,7.627361572734935e-06,34.13270448523168,0.13205265229594865,0.028673736296665715,-2.767693702471505,0.02340823746437904,2.3623032508483752,0.10725107475962194,14.229932382887363,-414.2530238603354,96.58915080336276,57.53870251064297,21.789760962856427,-10.694443224069946,-30.732967852270516,-34.18681831444439,-30.66037916185674,-24.03981180520518,-14.895784918035574,-8.53269200436023,-8.004381875335273,-8.845897524222178,31.098107220613336,24.765377874963256,6.770806817542731,3.5502272372420665,5.5121624551683865,9.376952708479564,5.179778773377752,3.599282059942172,3.2168231797112927,2.2556111523196125,2.4534119781128934,3.207760531971134,4.933304380023085,402.74758138525596,91.3528184995853,643.3049250560183,213.97636672484686,2769.426665314107,466.55879698654684,-8.27726946270624,
22 Elderly Healthy Control/MARIACRISTINA P/PR1MPAERRIR56F300320171150.wav,MARIACRISTINA P,0,192.34776785540114,589.8542714736162,82.94850335087472,0.011819921111072823,6.15802676466054e-05,0.005367224451101545,0.0064927343646374435,0.016101673353304636,0.08446814782134965,0.8645415174240846,0.02864440346518002,0.04508769977880708,0.08690933312510245,0.08593321039554006,0.012648309218765008,17.24651772440332,0.1999886351567477,0.08932414051368513,-2.133888968706816,0.05620518827788966,0.46829127488525535,0.09675647348223249,2.0543137692342377,-356.67278987456905,97.69074983154533,2.192343999720579,-1.7221469060801629,-10.145864810573757,-15.720999952679854,-22.010294569823536,-9.132389958278038,-20.9950466007289,-21.747767330992513,-4.108361113362195,-5.632623146210892,-5.862281346571986,97.5608062668013,59.6694835341512,36.42100781487702,30.47468570707676,21.26559587984631,20.41700800565503,19.975062255872793,11.727641274629805,15.415577486060993,17.063499553907025,9.806017222708201,8.124789861788065,9.556651250324459,643.2838722893093,300.5284383197097,1646.0298934935902,533.7577642539474,2757.532306323095,656.0498635994879,-8.903576535653158,
22 Elderly Healthy Control/MARIACRISTINA P/B2MPAERRIR56F300320171145.wav,MARIACRISTINA P,0,193.8036254050303,575.7935381486496,75.89051689391874,0.019540296613399365,0.0001013525246515356,0.008600470569599226,0.0105049841888938,0.025801411708797677,0.10785938714829024,1.0267220282429166,0.03811946400525435,0.05973474411805429,0.11254795974279248,0.11435839201576306,0.019291727864917667,14.94013007389961,0.21954225510451758,0.04097817984086815,-1.5491432985024631,0.09763486281744499,0.816926295885765,0.20438615590682646,4.3162611956634045,-323.1438258952698,99.56122714289467,7.3323957275123375,10.556796043512295,-11.755814575851256,-26.32577732304869,-35.43815247660481,-19.405125395185575,-26.183271566308125,-19.776591133877776,-8.989332541965892,-5.47756331133127,-3.69640295306944,82.43490586251183,51.52488517954074,37.61514800587773,32.78462583384851,21.787890179387233,20.985809665454855,21.26704468041137,13.382806578761967,16.195003452262497,12.864966697515564,10.828155144248468,10.192216407835296,10.329148144397305,584.4689821401514,221.33936794736468,1702.6923659625652,480.72121165243385,2815.154124130281,535.686180026078,-7.726233542471159,
22 Elderly Healthy Control/MARIACRISTINA P/VA1MPAERRIR56F300320171146.wav,MARIACRISTINA P,0,177.83917299428907,189.64031542925392,172.81429221275624,0.0015018652650650257,8.445545051695904e-06,0.0007312378660316045,0.0008646566600243413,0.0021937135980948136,0.017905781639587046,0.1398096347734835,0.007676690183634202,0.01013918554369363,0.017466572874818002,0.023030070550902608,0.001658855874689919,28.58228802918421,0.2194203271498185,0.0860725123968292,-4.3713684860483415,0.0017802736110260648,2.256139868718746,0.6002552485965625,18.97669291244011,-360.49615332452964,136.11806456967102,-1.1283100200567844,-18.711645327551217,-33.35757646599931,-14.584575427647897,-22.644651413139364,-9.879369217660505,-29.362530292011655,-22.35592460576944,21.90764972669029,-1.9685542158450564,-20.58200544889143,81.12405583974274,23.7494065109692,21.210291514973154,7.057844798747164,14.235853660338288,15.561656865167915,6.9442029427239955,6.960258132409398,8.43684963150772,7.904764159945531,9.93205399908401,6.857314013656891,6.65040737045343,675.2342918336473,74.36345451016572,1237.0936438044332,409.01150487039047,2700.095031756048,471.58181942606853,-6.4370095260566815,
22 Elderly Healthy Control/MARIACRISTINA P/D1MPAERRIR56F300320171145.wav,MARIACRISTINA P,0,164.5710687559612,188.53437123869807,150.77189527245616,0.006953896800192508,4.220408905083524e-05,0.003146074784555011,0.0037168830131865363,0.009438224353665033,0.06240120687613859,0.7268385729511917,0.022624054871680552,0.03292832877492903,0.05055553423396984,0.06787216461504166,0.002915283767673962,15.854891889105524,0.19052388622888428,0.05949767356922038,-3.0300149655561746,0.011579818636629203,0.20384553106866796,0.521334493473235,3.4105307659622426,-343.18578617137734,134.66734659965655,-16.208156318520796,-13.175237534790856,-33.73177919638043,-4.091566818859784,-9.822613181676342,-10.84636446416094,-16.86673035971745,-18.78630118731954,10.2847339299608,-5.320414806006538,-15.302650487713697,112.84635989395652,51.312908414505905,20.18391522477498,14.972928398323988,25.1544789689141,14.519946607882162,13.914489821239478,6.687985655806587,10.691047282948679,14.784368661105,16.055118522775157,5.711577860862214,8.531492085554266,761.0022745813266,336.9358241254901,1507.7429144188393,481.4544118930418,2837.273371721913,627.3331835158303,-7.960725016503518,
22 Elderly Healthy Control/MARIACRISTINA P/VA2MPAERRIR56F300320171146.wav,MARIACRISTINA P,0,178.23234095510247,183.56603886129759,172.0729690120246,0.0023550388003554567,1.3212937150961503e-05,0.0012607112331185337,0.001459122753241267,0.0037821336993556012,0.02062708551183641,0.19234642819936498,0.009972766630601813,0.012023653539485899,0.01860103586115674,0.029918299891805437,0.0001991932138832193,26.561214906927102,0.14602142212450797,0.08781477947582507,-4.4076954902347705,0.00197559795030558,2.1841172412839125,0.6099854407366017,18.02989474438012,-355.5387280424239,138.42260551306123,-0.790654618164076,-15.04354829262975,-35.940400944790156,-9.875102950025008,-25.693202114440872,-13.475477220032765,-28.898748355973556,-24.983213944543515,22.85325628790924,-5.487411400847479,-16.66936336472398,66.43116348954482,23.030932991895014,9.400647565496126,11.093974097816512,16.766857887123997,8.942382540928321,8.33209568149972,6.6924248404697035,4.670218106816509,9.982708236923374,5.878266408439915,6.077749154905915,6.5017861280813385,662.2011021123227,81.40470646669223,1310.1097416761254,273.3174167356909,2840.7524136615166,301.85294419188085,-6.1480416355001255,
22 Elderly Healthy Control/MARIACRISTINA P/VE1MPAERRIR56F300320171147.wav,MARIACRISTINA P,0,182.29813599735718,190.60647498974015,165.66295152223583,0.0031093470854260618,1.705730087693557e-05,0.001720137014838357,0.0017356704815025684,0.005160411044515071,0.0189645298790647,0.16404713390081938,0.00909655496321853,0.010415777428041742,0.014890486413708878,0.02728966488965559,0.0016646601791245304,29.828513621369815,0.17999856929678446,0.04097444760955043,-3.9661055070552016,0.0038132977435346134,2.345752748113984,0.18492772342323602,14.32747242576858,-369.6819999724344,91.70636432544465,20.639219294734065,36.330587284617636,-3.083710268033043,-61.725383034091635,-48.837792701745585,-4.680349733446197,-28.74799904466349,-24.498009121918123,13.252969591377559,4.241115644188368,0.11249800170668436,54.97492817641081,24.848172591172005,9.907935778727024,11.785986120434059,6.638375966556732,16.982613462666926,11.65516462860232,12.435067440819795,6.143328792533379,7.799509490667663,5.734706425046422,5.51305444749111,3.622676016071574,554.3477208609553,132.79500890336578,1961.7682759373079,418.7017267393623,2813.0990277059027,227.53636043660381,-6.897002870081003,
22 Elderly Healthy Control/MARIACRISTINA P/VU2MPAERRIR56F300320171149.wav,MARIACRISTINA P,0,176.6058752239751,214.65169115603734,173.25629798944314,0.0015684792690172263,8.881933140599969e-06,0.0007328659281466514,0.0009265981221221368,0.002198597784439954,0.01572117507700573,0.13115052929564347,0.0075555370649597105,0.00941212280089051,0.013488128518805834,0.02266661119487913,9.715392877058615e-06,33.97907221707302,0.25674139419832875,0.030054988318539897,-4.445351818243471,0.005290328622092093,1.566833624484199,0.231234272768402,16.179131378080918,-365.43535230008405,127.31146214669626,58.23340287661021,26.507407463423554,-20.405091630957052,-43.2618743366692,-33.29804600408381,-31.269122662862724,-27.057399736028394,-11.572980843635131,-6.318952345355791,-13.260639541177325,-13.47179960236536,38.60501098489146,26.842117884046566,8.61541753556044,7.710658032437093,6.073883548719207,8.581558736258373,6.9645448054867884,5.874139471627348,4.384928947825143,2.6223251134069105,3.9759457796517728,3.8447072953070665,5.138980526466594,388.96964516610444,47.69566790680911,666.2161772545264,54.04956512720019,2927.820715716543,272.26797150473345,-8.104423502207018,
22 Elderly Healthy Control/MARIACRISTINA P/VI1MPAERRIR56F300320171147.wav,MARIACRISTINA P,0,181.36392102490973,195.6601786870644,177.47259438705478,0.00221114863155869,1.2191840744915997e-05,0.0011403934288077729,0.0013920045617095993,0.0034211802864233185,0.019989102439696607,0.15262939485830035,0.008534213616796517,0.011153505662197425,0.018727957573570948,0.025602640850389553,0.0027059122489940424,30.257225726222234,0.14397348213614178,0.04257577547916344,-4.627646279990327,0.0022824489991452837,1.987378099978657,0.5662619160181026,19.53209695975214,-364.0971753655753,62.68003712623304,21.55669067115761,64.74630774521313,3.4510865287314614,-40.58145588536092,-17.40757858896049,-7.668441412109992,-41.219828539086585,-30.150230639288317,9.177661810479629,-14.592046034541292,-21.34280347652968,42.66889642319812,18.78643623093422,4.158549284791325,15.823305549362983,4.568059286886501,8.901328674619236,4.5629079515193345,4.158230542362632,9.531784827925625,6.656002288616402,3.706675374528963,5.110411452287856,2.875403909506496,386.49502163387956,35.40835078703754,2572.934413839183,41.82083435679588,3091.949668769535,155.6496998857969,-3.626923674197104,
22 Elderly Healthy Control/MARIACRISTINA P/VO1MPAERRIR56F300320171148.wav,MARIACRISTINA P,0,175.07741490757795,189.18424840444362,160.2977354398358,0.002063781011651156,1.178742384344021e-05,0.0011067203458797743,0.001205303585676476,0.003320161037639323,0.01550245958081761,0.13862482486786987,0.006114665600411602,0.00821466352595384,0.015726729982270825,0.01834399680123481,4.442638138814254e-05,33.90235790745148,0.17153621214364992,0.04218644168010068,-4.221283444999371,0.0020307055535244223,2.2622386707395994,0.484465914821238,15.800517607918007,-400.24510788196955,118.4943414413089,42.752322239410965,7.701103267365942,-34.22209706344748,-46.191256936346164,-25.797774621452565,-17.52095451647667,-21.722630259908293,-9.628696305937128,2.023614595974832,-5.028004059095836,1.3003105979782608,49.38950394785138,27.02878003610412,8.198212231213022,7.900341267003332,9.071215628412045,12.360794276993804,6.874226392065509,6.229558371395863,5.316078741970254,4.775180494134964,4.944858648916547,7.0663316316835605,4.125374912776774,530.0660274880989,51.44200779040122,749.6270558145222,127.29494023785244,2884.476408257184,507.39539763282977,-8.610703341465182,
22 Elderly Healthy Control/MARIACRISTINA P/VE2MPAERRIR56F300320171147.wav,MARIACRISTINA P,0,179.718942444619,184.7626142921634,165.8298643235231,0.0023691678869681944,1.3181388703015972e-05,0.001289105730032375,0.0014185886857292533,0.003867317190097125,0.014732443836400615,0.13883153315821278,0.006489451452651298,0.007943274161678374,0.012206359410147066,0.019468354357953892,0.002362554948714258,31.92835636724299,0.2982175718759291,0.05307365672289836,-4.635201380020667,0.0020266494025781667,1.7928547219374582,0.5708596935611762,16.345218412100632,-313.36171919009945,115.65574483664352,18.485151865588623,45.14951046506695,-13.025169837995806,-67.61974321031816,-56.700983050090265,-6.042358799482907,-32.843666994589505,-29.046517437416348,14.19027589157432,-3.8680511650220386,4.579265062445443,53.40136346708681,17.835506457124815,13.136699851856784,16.914240677288667,7.566767932359496,9.372564451467216,9.81157036214279,14.42396844417208,4.202511843870955,7.930144147016695,7.366210991733481,5.0908262899290815,5.466016565146122,539.2893114355977,197.20423652607178,1390.96305231408,481.2504816298045,2718.867313551354,251.3711786250504,-5.867515662426434,
22 Elderly Healthy Control/MARIACRISTINA P/B1MPAERRIR56F300320171143.wav,MARIACRISTINA P,0,194.88910036705767,595.9424382793624,74.98040017306741,0.01847308619968008,9.548484637435101e-05,0.008009510592187805,0.009849524718044544,0.024028531776563417,0.10345016834483721,0.996648820626252,0.03625464070247239,0.05605934774465703,0.10254912354736923,0.10876392210741717,0.022791378070534035,15.776103277683472,0.21074640516103066,0.04627469982977032,-1.5529589758053644,0.1077022306071844,0.5746472339314243,0.26799499139890975,1.5471442070001515,-341.3982088241804,101.31060563008327,7.398083922722813,16.192157219759086,-9.162400538889935,-34.10463717194821,-37.90933573361506,-18.52082332184413,-27.991013870813607,-14.119580511456244,-3.4033337457554396,-11.477790504453822,-7.4391437741010105,86.37129348584497,54.874830365209306,37.36098092740518,33.18735459418552,21.272458379377152,23.240311742413446,22.893329962900737,13.710461054337136,16.991552769007487,12.029512618448159,9.993905451109645,10.340354307313303,9.946056277725429,583.0163301533157,212.89091518157318,1669.2122311344783,543.890961954026,2817.3075218557246,516.5790215565139,-8.030817214344639,
22 Elderly Healthy Control/MARIACRISTINA P/VI2MPAERRIR56F300320171148.wav,MARIACRISTINA P,0,181.89143901521786,190.8755363872992,173.08456334474639,0.0023953461229642204,1.3168719923667789e-05,0.0011483989565058788,0.0013760832698896423,0.003445196869517636,0.018664531710851553,0.1710106812716441,0.006555282169106372,0.008924071178085656,0.017823430858793007,0.019665846507319118,0.004279284116041679,30.92154465699878,0.31582144952391145,0.059610831333448605,-4.263791905902763,0.0028319275083612916,1.9629680345616554,0.7864592764357672,12.32282019227911,-331.48315096930077,81.59960068220188,19.293614355113164,78.94130475378736,6.20464692414874,-48.75508679724534,-16.32204595439681,-6.711561663142185,-44.317760059522584,-38.88927761392944,5.857160124381504,-11.438357351503395,-27.72431201979405,45.49211676922405,18.643260629098037,8.07603390199964,20.080850725688475,8.23530917006596,12.094978902074153,7.001133675903943,4.614260684428582,6.356964401243091,7.459739973329684,4.426434182571712,4.120275750065608,6.099160568064854,372.9727124875213,17.62623004062876,2552.113547953098,34.97073240943311,3062.548402461888,152.57356110459318,-2.7584898341887265,
22 Elderly Healthy Control/MARIACRISTINA P/D2MPAERRIR56F300320171145.wav,MARIACRISTINA P,0,165.88065942210545,535.7081367708098,155.48674845364295,0.006492554311192621,3.934847916576382e-05,0.0025591813416846413,0.002982948853552307,0.007677544025053924,0.06031372961896361,0.7000138534499039,0.020040470150514487,0.02709959731221504,0.042158428566516574,0.06012141045154346,0.0018048232751505338,18.107031789254066,0.1684699883539474,0.10945346070406183,-2.2064181238226843,0.102944089468997,0.297390773684961,0.059087525402023465,6.817483566370097,-331.44356030554616,130.67776544996994,-12.653847130128163,2.0840108103237474,-33.0575307428577,-9.309200465028022,-20.32200791956653,-14.345867396215175,-21.4635862390618,-11.06688059396009,10.326904773415446,-16.124656076182823,-9.347686536079324,102.34462756866799,52.417488118469116,17.68726397629074,23.039484576178594,17.172086130080917,14.600193673411608,16.967296650777453,10.317477523322705,13.879326130453016,8.287973037141256,14.537582526485199,10.848181476429765,8.787029640865173,714.0660054104625,346.3304609360811,1560.304784735144,602.9898969008386,2866.716473925157,667.664750651433,-7.79734886613954,
22 Elderly Healthy Control/MICHELE G/VU1MGIACTHT49M210320170900.wav,MICHELE G,0,154.77037075246022,163.16221239141407,127.7311749767997,0.002241167100788186,1.448017096105299e-05,0.0010520742184452812,0.0012013637011579485,0.003156222655335844,0.01784017710164893,0.19024679894192226,0.0068039666216848154,0.008075845806557286,0.017491199863530538,0.020411899865054445,0.0007364538471808934,32.70110737929341,0.1496877155045908,0.05071938418233064,-3.8836758280063934,0.002695149453618493,2.5260322141579423,0.6322964104651034,17.335188293125164,-328.29698803959303,129.66602505405106,33.55011906017557,21.86927854039716,-25.26934018587839,-44.229041790614225,-21.404287905820404,-3.7125910272993785,-22.9279879155745,-16.27280727816255,-15.268245247110032,-23.693537958670714,-9.41988571378095,56.63706060340117,22.436545328442907,10.937063949976405,10.584227087603496,5.974127194531492,9.04008338014418,6.998188781285381,13.868628441738718,8.288582168905144,3.7335444583858326,6.231151061866978,8.218522653047444,4.010653917331567,448.887329996322,174.45666785957593,780.7664922824234,501.9329018458507,2455.570939313596,324.3775528691675,-8.642883016048083,
22 Elderly Healthy Control/MICHELE G/VO2MGIACTHT49M210320170900.wav,MICHELE G,0,152.17527515625773,157.04224005771346,120.78023231148516,0.004465708765966718,2.9341873904956225e-05,0.0024339829211588804,0.0023131017916314185,0.007301948763476641,0.025427362238410786,0.2341346177477549,0.012469691583588904,0.01442036782913351,0.02355211555987124,0.03740907475076671,0.001500605624899648,26.109601189003126,0.3152476254831518,0.04708191101057049,-3.656485117753,0.004349344275725208,0.057864633655056764,0.6043255566843588,19.81034457586124,-256.2942220197119,176.7411746890552,-20.631725740263235,-3.7270878754846417,-38.91570708487691,-61.28359556346027,-19.999080250025845,3.5476210184990946,-19.780200967216757,-16.767332996342297,-16.445163922288373,-15.49865735622579,7.249456550896282,44.538274003531654,14.908115276959597,19.03422075227585,11.066777957737909,10.086731202154068,9.553225851016625,7.465366667732855,5.365484151229515,3.8415488719756006,7.975053824667243,5.165792155308669,5.105935799819638,6.552418097840272,546.9272780147029,93.82762628422192,931.2666801824112,138.4638752417162,2354.586373645337,156.06708406168892,-7.421684120499198,
22 Elderly Healthy Control/MICHELE G/VA1MGIACTHT49M210320170855.wav,MICHELE G,0,134.3932544568139,149.61418808098625,126.86568481033471,0.0035663740638473,2.653850480481207e-05,0.0016068642392929769,0.0019120985618060224,0.00482059271787893,0.039531891988140194,0.3373519778536241,0.016583353732198092,0.0241143500199366,0.043805684443535976,0.04975006119659428,0.011677540556711379,20.731762422989416,0.107957695131359,0.052219798155146095,-4.144551577780114,0.004165661097119781,0.08432399369142096,0.5817601544094523,17.363036561152267,-300.73005811670765,134.58807438092376,-88.2745070702194,-40.6706989031606,-31.08271016633767,-22.440016952623054,-18.090450974964845,23.384083373520056,-19.72321526574348,-30.19639384817715,28.173008042794226,-14.036004023529138,-14.513235275423858,49.89498436288019,17.02502493704536,11.845766739535794,7.663162534704085,8.027916633621466,5.212617779764895,7.126976001335072,5.57817279385809,5.306654357765683,4.297470766623081,4.424290859455343,5.317052680346264,2.96792399569396,798.4456442895622,99.3129137337699,1258.3147664947005,110.84776236772215,2562.1837452106015,290.76190769807874,-7.220321175313297,
22 Elderly Healthy Control/MICHELE G/VI1MGIACTHT49M210320170859.wav,MICHELE G,0,149.2854470696937,155.4769937126762,130.1551583990038,0.002107900823457663,1.4120757452629017e-05,0.000908613217649503,0.0011365043091642636,0.002725839652948509,0.02034049841077351,0.20792768288745347,0.005026243180195116,0.008148193380072444,0.023349967246643462,0.01507872954058535,0.007042002489963713,31.496426976878222,0.16000024671138063,0.018233035499227702,-4.316412909094628,0.002948706656239667,3.173453024391164,0.6255153194053866,17.6982911852219,-307.0076902982852,66.60849606670044,-25.74476201151162,70.52733632292569,38.62529605541276,-32.473512286514826,-23.26240827587915,-2.256465677511919,-20.950969410752002,-27.808256698948476,-28.645721283819643,-26.78585210206969,-8.169249463105846,48.328261018386584,14.11186964718041,11.204141245386795,12.523938345756237,7.4865436954006706,5.548318557060925,8.397925352775582,4.628330711224275,6.201114749755996,3.883607530448935,5.274571207366596,7.655935572981573,4.414721775599745,314.84864311174096,19.158600009938908,2109.7051233943234,75.94817573518357,2613.693370994683,484.54751200397806,-2.3084437460435887,
22 Elderly Healthy Control/MICHELE G/B2MGIACTHT49M210320170850.wav,MICHELE G,0,131.3113397986892,544.4545616750448,85.82835897148613,0.021841105494767084,0.00016661271810520552,0.009648040263938085,0.011293198594818277,0.028944120791814257,0.12090694032931124,1.1339810645478379,0.046131686006719984,0.07163412520824346,0.13482945941920138,0.13839505802015994,0.035184344378747366,11.500003796760993,0.2060757489403763,0.06742616025067641,-1.649204796309969,0.07996551391419393,0.5499513185391656,0.15394999766406797,0.699529808260337,-321.8092478166252,123.21155188068292,-22.601968413955206,15.2798826966879,-6.489688039495949,-15.01840636693598,-19.274197106879647,-10.236274234529757,-25.96465580268214,-24.889241538304027,-6.2274465936490335,-15.683059448047153,-8.639898648487785,114.1710452466207,63.71644239584901,40.08683931735023,37.327929004265684,29.49938023744491,19.400378600874525,17.853663002230153,13.79761365711798,14.906359733118881,14.170887290676896,14.393080911037982,11.56643603340457,9.519182758986485,607.9682901680018,291.8065426761345,1616.7772001191902,342.90018047854596,2695.0808313986067,451.0878773664913,-7.61512302583719,
22 Elderly Healthy Control/MICHELE G/D1MGIACTHT49M210320170854.wav,MICHELE G,0,128.79691856472334,138.53649900628545,109.78087329182766,0.01376089523187743,0.00010661122709376945,0.004833520088660307,0.005037261367803023,0.014500560265980922,0.057966113271609325,0.5633501819967197,0.022576954878984673,0.03153832156275717,0.053122714191993374,0.06773086463695402,0.01903105239504122,14.316190986653455,0.17857520776554345,0.0764938079678569,-3.1150306467719737,0.02388970691176373,0.47905112294949637,0.5109671500911315,3.684121161561187,-313.5880682371007,134.94251981424964,-49.82568893106482,-23.38534298696682,-42.44416930950108,-18.036452439757646,-5.0624581291550275,7.238784022086778,-18.845538443992375,-24.17159317259519,6.922781918914506,-8.856055060205941,-2.478636238939843,157.33841697944334,55.4810662399331,49.50893165377107,16.387228761052715,14.623971828144319,7.545837895847563,10.424862679324296,7.727436995799697,9.485187230309053,10.522486187771719,11.846626130346124,14.911586879242003,5.862470073002719,805.3950084093832,275.40662426756893,1286.7828822524966,315.75692048808685,2620.9159017460056,328.1874422817916,-7.679198048116992,
22 Elderly Healthy Control/MICHELE G/VE1MGIACTHT49M210320170856.wav,MICHELE G,0,149.4120874699737,155.56520099608608,135.7175213743488,0.0026837370243978638,1.796427973828391e-05,0.0013358137305719618,0.00143851340503612,0.004007441191715885,0.028456876856321908,0.275216976632094,0.013784335357419094,0.016627050497226167,0.025417934274574547,0.04135300607225728,0.07609535173727056,23.31486792667332,0.17152436469992524,0.05393372655472411,-4.501875066775385,0.0032409759192084547,0.6590834939805381,0.38263093410017707,20.746576750516976,-257.24436515518715,119.83714489652995,-95.53044871610315,16.293070888233302,6.415666290080699,-32.88838727571639,-53.413501329851876,-20.80206404834998,-3.5421249360155755,-8.635125400693225,8.455999872868716,-16.95037705427454,-5.263522774920981,54.98307133982465,17.53331834066018,10.198889382758933,13.45706488479697,9.112144146163809,5.2034644075459395,7.316938315480668,7.0721526428792165,8.370634235501953,3.472961002301797,5.559200620043855,2.9843487639526556,4.670556505794528,614.5561448306102,64.44508043063131,1730.3794890540714,96.86160899532652,2368.9619939587906,211.62220164519243,-3.8175362562183404,
22 Elderly Healthy Control/MICHELE G/VA2MGIACTHT49M210320170856.wav,MICHELE G,0,135.75941890918597,140.92160589815308,123.90189048997675,0.002979087335492524,2.194303334802808e-05,0.001339247860361344,0.0015832294881064613,0.004017743581084032,0.02713102449816789,0.264046952882918,0.011289488707872187,0.015886890222940514,0.032366912023857594,0.03386846612361656,0.011661489299724473,23.84361214210866,0.2998290891868121,0.031725396731713325,-4.147340824427864,0.0035761849127290044,0.22903895728840956,0.6686247349272785,17.739401912326993,-221.79225184504878,149.97882477231514,-99.93220191687617,-26.812521848461227,-44.70868042676435,-31.942882998055495,-22.492230654142958,16.87518816597834,-17.381164988428445,-26.155181035895353,31.56083009065073,-11.986316192623947,-18.448200520936687,47.04869811620374,11.546837699088087,17.05307347555593,12.304165030245587,10.634152627413796,12.391336833835858,6.84385787045706,5.285978421983754,6.035404712714575,6.653139522385845,5.859162148109492,5.885598554683801,3.915197924913311,777.7969846539759,53.697840507921576,1244.5410812019302,174.08120369376576,2579.886694333383,146.8816379762118,-6.080835214071379,
22 Elderly Healthy Control/MICHELE G/VO1MGIACTHT49M210320170859.wav,MICHELE G,0,152.50664978669653,162.66329703772527,134.3331263221476,0.004161404358285164,2.7291346213496064e-05,0.002074343773206235,0.0020501481408533935,0.006223031319618705,0.028225672794106944,0.24847283714920476,0.014068759724563038,0.01598017544424536,0.02530809780731097,0.04220627917368912,0.000500858897696616,25.524740700162738,0.2332731345832283,0.04094852352259923,-4.210243655871991,0.004267038281934069,2.7131564556654646,0.7020910286904581,19.548171759384736,-339.69390704051256,150.0149396336707,-10.802026191391189,-13.024498786899336,-30.60111281943151,-61.31802107729085,-22.277289059711894,3.7137419259494884,-10.013794518253151,-14.732100271274716,-16.67489379100293,-14.495787419259448,1.2108147686510684,51.07388298185749,32.35247791865814,14.182601433807429,8.23626128445432,9.261807348801858,6.3249102856008985,4.800543975458605,4.9385110329370425,4.370646191870946,3.7279376910863715,4.079291566586319,3.3449589573648963,4.626140491994688,579.7196164689684,364.577241803965,894.4237831929893,166.29852960311013,2369.6338417233083,355.27639272644217,-7.405611674363063,
22 Elderly Healthy Control/MICHELE G/VU2MGIACTHT49M210320170901.wav,MICHELE G,0,157.35511517645236,161.48315125499016,141.97249121778205,0.0019846583282984503,1.261279666275953e-05,0.0009388308909105624,0.0010943019602962175,0.0028164926727316875,0.016032185705661253,0.14357982795438387,0.0060960041335159035,0.008120381022098411,0.016229153521535155,0.018288012400547712,0.0005122327104467067,33.387415281290956,0.22575573762710033,0.043266504970366014,-4.3003216312608945,0.002690908693393228,1.1266014305078038,0.6018787454911159,18.51906343068888,-275.3230768995828,146.6348894103209,32.61267596092687,32.78885976505693,-29.304491268878305,-41.75981710287243,-35.007450759690585,10.943392837872851,-20.809729601649238,-26.220768273323944,-6.288158707916834,-25.654258157749574,-10.987491326692219,35.15984436699048,12.00960616393894,14.914898100213755,8.9834372629857,6.786658667096597,6.663968458743999,9.965964737224327,12.215546556177049,6.333877092541221,10.400161456999662,6.604333255322587,5.88395993494286,4.693057230338655,421.4423963508477,201.121854992728,989.5579102403944,359.1253049988671,2601.7032039257747,388.8630061818927,-8.052248939768262,
22 Elderly Healthy Control/MICHELE G/B1MGIACTHT49M210320170848.wav,MICHELE G,0,130.36108132226028,539.4663081233485,74.92214796760436,0.020513296428507556,0.00015836077646357805,0.008505139577765348,0.010589988124132827,0.025515418733296043,0.11544245980275847,1.1167429041283254,0.045011965396788395,0.06914721698277561,0.12747221185767374,0.13503589619036518,0.04353233528508758,11.506492265695945,0.14393994534874283,0.10064160979491767,-1.5411947618642896,0.09807567069062406,0.6084972644504592,0.1259899667860705,0.9399405334437105,-339.09022306372,120.51958409277336,-20.075740323649406,9.56736921252028,2.519272418365262,-16.63433521137982,-21.11856809660178,-10.517168638897852,-22.689366672264597,-19.625905416058185,-11.250879991299536,-13.989866985517978,-4.19084826500984,111.51233463646673,69.44637483054922,40.86401627650759,35.870143555121096,28.09941747867986,19.209626804626726,17.389953366660574,13.560506627917961,14.575513912242442,13.908060906508275,13.577495175119795,11.60475779374102,9.04713168594001,636.8467248571837,306.9989745852236,1630.0253705366174,359.0868379737467,2633.4840084429666,476.94095783679796,-8.35039186435194,
22 Elderly Healthy Control/MICHELE G/VE2MGIACTHT49M210320170857.wav,MICHELE G,0,144.0746899999759,149.49396090994662,128.22029270197655,0.0036096129613900235,2.5054687252589653e-05,0.0019110175193308226,0.002030575652551842,0.005733052557992468,0.03260483762213728,0.2895383422135194,0.015943609320836265,0.0192921055310738,0.029264595662789352,0.047830827962508794,0.13797408142706116,21.28367527247622,0.3175204359818772,0.05714748254211199,-4.096393663809053,0.0033642101644887038,0.23049785371674,0.816997099889519,18.586422412142497,-195.963610861109,142.84338161895417,-97.54391270133598,28.727139839462726,8.175766496605226,-29.723485092175014,-65.93310497759501,-11.157277469174751,-19.87870163090875,-5.666080417091828,4.357591527097806,-30.25668201402068,1.663214872683076,47.223587544710114,13.106660000041074,14.60109417996331,10.142925467542218,8.65791996806944,11.57548305025002,7.461737427571238,5.430634943451301,4.305076507280406,5.945583931375548,4.601037111553997,3.87711538131575,4.764418509793946,579.9112656999558,90.729220324126,1753.1366121898088,83.79902422359504,2400.0668269739485,255.43141258939187,-5.4665212382142805,
22 Elderly Healthy Control/MICHELE G/VI2MGIACTHT49M210320170859.wav,MICHELE G,0,147.80851314481612,152.00243674120918,129.3380217045854,0.0028556818614353737,1.9319640712418538e-05,0.0012948293897753875,0.0014557934230333275,0.0038844881693261626,0.028468023957804494,0.28184633759113864,0.008776878954542993,0.012198435340284476,0.029804678962053778,0.02633063686362898,0.04820149055840107,26.389232660148696,0.2952378288351314,0.024432322892400497,-4.040661405066471,0.006021638525978472,0.09225670752584607,0.3418592706563207,18.366252611689006,-233.39440779360075,100.34045279022348,-51.25788776826156,87.94532879555544,47.7341546574685,-43.24681026505497,-46.87124073436426,-0.22457471180376612,-22.623045456340158,-31.15854678765977,-29.20577029863803,-28.30523449030109,3.3667200840417317,38.3381226789651,12.872805808852016,13.719924645281525,13.348913273488616,13.184742533242929,11.4674802567668,7.080363877349617,6.593393282687793,4.798971123210336,6.023147949611612,7.287087668467325,9.224388345275242,6.060822666039281,346.87736796250647,34.085367769611,2092.747044343639,56.45831505380713,2521.8567692545066,249.70122648047567,-2.6674993885812293,
22 Elderly Healthy Control/MICHELE G/D2MGIACTHT49M210320170855.wav,MICHELE G,0,126.68340871050985,380.635135789314,97.79943272739591,0.016559317430583257,0.00013155280845005162,0.006749802739364072,0.008214468292701838,0.020249408218092214,0.0866406154324261,0.8558097877278253,0.036576586970216055,0.05029149890815884,0.0745759001488919,0.10972976091064816,0.005327046538503007,11.417218844636293,0.19031628991487964,0.07439710570517358,-1.9613449537327008,0.07807255292232178,0.5575368051614243,0.26405872992713936,3.382947017496136,-295.0255446444346,142.82240197402245,-44.173520325563246,-25.20431601795279,-45.45401999618167,-16.23020787267659,-11.536415059208752,-1.7006421234955442,-20.7328231128435,-11.304037456102652,10.46902672302977,-9.540660224452957,-3.883072024470631,140.47537598415101,52.39510836225695,38.203137473986516,23.871753424475266,15.139541831478207,7.769031441990267,13.057016201468322,11.049039052564058,10.267493348235476,7.480020150102195,9.688909436953416,11.688778402088646,9.418241121238506,766.6385072522111,132.6520346719672,1362.5437779573724,260.3926613377807,2637.155081011497,430.4976218959257,-8.37501395302382,
22 Elderly Healthy Control/MICHELE G/FB1MGIACTHT49M210320170904.wav,MICHELE G,0,139.39325469258452,589.8562974366234,75.12201060422338,0.023557160608968168,0.0001697631565739295,0.0103742559212281,0.01095674568311083,0.0311227677636843,0.11608519959872024,1.083660558799798,0.049015885560752585,0.06522840273571874,0.1151400807990105,0.14704765668225775,0.023362610932626638,11.794044032465887,0.16539870030768017,0.05025799078747355,-1.538237694542257,0.1221867080967582,0.6757387652828042,0.18239656963783718,1.6479912190772268,-310.3682833583745,121.52814652790117,-15.103082971391567,5.912021406755833,-6.587257279092091,-7.146400567215351,-32.22267021114034,-15.643210876007066,-21.051065983968282,-23.45492819417444,-6.740127799666207,-10.304010406580867,-7.309833827111778,111.41724020043635,61.84710524969695,34.978367283871385,33.62695666815048,26.73304340021373,19.157406979865268,20.118752468347033,12.151100734103732,14.119977311279035,14.45928292188866,14.17507385589164,11.940861335271649,9.552045859803018,581.5481612788866,278.1002107350412,1591.6310393802617,333.75660080173753,2620.0730823534773,469.66617291023755,-7.897049616639613,
22 Elderly Healthy Control/MICHELE G/PR1MGIACTHT49M210320170903.wav,MICHELE G,0,134.08405680279415,337.6268559814263,79.20294934128087,0.02007651854316522,0.0001505799518230686,0.007393740711256579,0.00827610686968497,0.02218122213376974,0.10085129993095168,1.0556209929392946,0.037211175705257546,0.05680293997973436,0.10932467636442042,0.11163352711577264,0.08245436991945679,12.375661181435898,0.13520850996959938,0.10894438300395018,-1.733928879784077,0.07889837374682915,0.6961088222709346,0.28738733964481045,0.07957210691343164,-350.55852897494736,103.21586431171032,-9.98751608010998,14.110263909788207,-5.621599521372933,-15.17128421832877,-29.4026752239404,-7.532515717421932,-19.088903616306265,-21.619943434996195,-7.82802925400429,-15.734686135841477,-7.81784899446496,115.06807129964514,63.46787935363838,45.30387656346738,33.43781593689889,27.31744664131527,21.40311567128451,20.77793689086039,12.895714051016576,13.4170648965624,14.297496742286885,14.907638474815846,11.8029513181005,9.059255095010473,623.4493251227518,303.75490810240035,1646.836612391691,417.7232700755371,2716.9091984881484,453.3003527361718,-7.621271963352857,
22 Elderly Healthy Control/LEONARDA F/VA1LFEIOONR57F210320171126.wav,LEONARDA F,0,193.94820606834605,201.7082211515173,97.1611405158365,0.0034181911493770104,1.762429483889191e-05,0.001854986429214762,0.0020292432717056424,0.0055649592876442855,0.045239198281234586,0.46884469593343325,0.022268311666290893,0.02654402381146547,0.03915246912078164,0.06680493499887268,0.0030114873436229562,18.862854634680268,0.2113627113238951,0.07701018581767662,-2.3364340832880797,0.03063525194118581,2.786765217596108,0.015511132737432149,17.445434349021955,-265.86428797111995,148.9860821311936,-41.43893342947694,-15.066086190684416,-31.665010755591624,-17.141346034994115,27.523105537788638,1.7153283820464569,-23.495239983240136,0.6300961898394062,-13.52691914328029,-29.06499841445894,-8.353053396408354,60.473873894462436,20.825716355505385,19.015237059324335,10.39863376627296,13.118199427914407,9.742968701054508,11.562676878671612,11.297718046977486,7.579525355899654,7.27249318421958,6.040312562045822,5.493382973714654,4.281768170886813,810.5511491110781,297.0767794861687,1115.6355416907356,260.2030209363247,2979.1268858138196,224.28536769980516,-6.9575854516386295,
22 Elderly Healthy Control/LEONARDA F/VU1LFEIOONR57F210320171128.wav,LEONARDA F,0,225.86284186235378,236.6859237280587,109.39053269743003,0.003797229093746633,1.6801061419584717e-05,0.002289098444193476,0.0020309078269681127,0.006867295332580428,0.030152613202104217,0.33367139966253506,0.015212430367417871,0.018135324558656896,0.023218327951023427,0.04563729110225361,2.9964404141339033e-05,29.86277300156493,0.17015650730247533,0.054463476909794285,-2.3867450007029203,0.02550318184226497,2.731933414443636,0.13904438954946008,11.671553276007838,-400.6948781605364,104.73742424967662,51.39373038487188,13.958345401972775,-7.549340971237397,-13.797342241589742,-11.755217172934191,-9.124125487185994,-10.81607847056162,-14.573504108831287,-18.717036462880113,-20.437629404427792,-14.683160668601557,39.19335801613501,30.162884237226972,10.373042837983448,6.6052085252372,6.644869382018375,6.338491123197079,6.112076098691188,4.9649354726301835,3.856298055949943,4.862108067044286,3.9816122940937833,3.2889755189506005,2.9066584246142284,427.92113027125066,118.80952085949865,831.4221159829,328.52990196130145,2806.2231819157128,839.3086453339807,-9.630934832606393,
22 Elderly Healthy Control/LEONARDA F/FB1LFEIOONR57F210320171131.wav,LEONARDA F,0,215.5688805165955,471.9314269327011,75.34055096521935,0.01881344310051979,8.735298326948175e-05,0.008228414431197489,0.009733928147445088,0.024685243293592465,0.10604104154379332,1.0338161029942687,0.03963717078802256,0.06326925726802166,0.1142125746714869,0.11891151236406769,0.07553209318681212,13.3818203627253,0.1716193254423215,0.030393263953234616,-1.3359284978786374,0.10694190174030832,0.6780945153223573,0.2966043864078568,3.5479192963241992,-306.68057946341617,106.56293604944796,-23.03521840303971,15.529015146534666,-15.126281614877742,-14.66382386514091,-13.591605670945556,-2.2192856480151546,-18.6600387632991,-10.132243016861569,-13.109999541767095,-22.513535659450074,-11.837700540945399,103.68733653779289,48.16625639909768,41.12359803710586,38.31695424159262,23.49188026863353,22.687459971766497,19.072655597961905,14.263814057917063,15.72448405533212,11.21163533554818,10.081234005092046,12.685901525625944,9.855011965938774,709.5964471025288,313.2068481095821,1795.1555507542505,558.5897688708309,2865.4011849460803,609.1593299956833,-6.016117041585103,
22 Elderly Healthy Control/LEONARDA F/VI2LFEIOONR57F210320171127.wav,LEONARDA F,0,218.85668080136298,225.63725504403695,212.88936505819166,0.0037699476667091567,1.7225184919663107e-05,0.0022796651807617274,0.0020212536598633694,0.0068389955422851825,0.032994895991778336,0.3215183578710684,0.018275125008326735,0.021102292966478746,0.025439417860972247,0.05482537502498021,0.004092955945879492,24.756176818334694,0.1381635175617667,0.043538244066175125,-4.388670806659467,0.0023218886935092798,2.4832804914028768,0.7110208804157094,11.780406541900781,-296.798510316291,97.95340386280134,18.456612393755453,68.07906907202077,-4.870193020065094,-14.63948381764637,-5.316585042424022,1.6833404864338437,-51.352514609419536,-6.060921610139313,-1.723846458217151,-40.21874225812361,1.3079149621252062,41.0198471528854,14.612507769055998,14.76899442074683,17.237472898912177,6.383413646025594,8.07542888953872,6.451577542627525,7.915648822487341,12.225544631061311,7.748098448717961,6.532613145293549,10.455540160518305,5.906655410811474,415.04126357341033,56.58055198590786,2785.190725240093,371.55839022091703,3180.251870148818,465.2618579596528,-4.409096968638467,
22 Elderly Healthy Control/LEONARDA F/B2LFEIOONR57F210320171124.wav,LEONARDA F,0,205.82868461860807,552.1467176300246,75.07934327780698,0.01988519479092062,9.695859649600884e-05,0.009340911912849614,0.01095291315951509,0.02802273573854884,0.11586013209028644,1.1065130149445694,0.047086963244381934,0.06849165585053531,0.1213395920449273,0.1412608897331458,0.04213003551341339,13.898660861388462,0.19815130601034547,0.06152375086346107,-1.3634061048107877,0.11474526431262431,0.774998154295653,0.18361282322475414,0.8492317852330089,-327.10609117517737,122.77664979518471,-1.410701754662773,7.456737383288803,-8.962466081540917,-15.178165616819514,-17.63069341278565,-7.3304794734783565,-20.470706871261328,-9.306587430171724,-12.327509921071776,-24.412039865271993,-11.481356817887054,87.02373680769128,53.25050376586294,36.79476342691989,38.95001862234543,21.45812440299856,22.801389619852152,18.435984670263608,14.980246481986038,14.99886619838426,11.667969377275053,9.795239416270217,12.716685524640186,9.421950975036752,630.4439399153669,328.9384874095117,1738.150822207651,531.7667710862738,2841.370320482526,549.8847198161224,-7.918813764279671,
22 Elderly Healthy Control/LEONARDA F/VO2LFEIOONR57F210320171128.wav,LEONARDA F,0,218.96588048522372,241.20032200480014,209.20873929161874,0.003672744522447865,1.677509074496508e-05,0.0020648893787982205,0.002119957577105396,0.006194668136394662,0.03421129786656878,0.30765441999170695,0.017587049553956065,0.021607791114891643,0.02820840805999302,0.05276114866186819,7.297242644279092e-05,24.69056731142412,0.17975530703984868,0.050122566504055374,-4.029503482430908,0.0030941901662638943,2.048229236075335,0.7152325563447032,14.725915895608104,-305.72541072204194,157.03342305761228,31.38943811438551,9.250072824001384,-29.02858765089382,-16.462099944901507,0.7371280899963388,-13.187113123737529,-21.627439056077947,-18.477661561762606,-19.14395577677718,-13.746838611666785,-2.7098099107331,48.98302803661806,24.83172511645508,9.372210316943516,8.99066191891739,12.269951804321723,7.180567396191777,11.26496154172255,7.634141192442126,5.56584118805437,4.849517565514751,4.20891746800015,5.187693858025518,6.795889173877165,451.67260399798977,72.7693269863255,974.0058359389741,296.6237533534354,3068.938771093972,681.1335422735034,-9.35200508219296,
22 Elderly Healthy Control/LEONARDA F/PR1LFEIOONR57F210320171130.wav,LEONARDA F,0,196.52439923268017,475.0436614999956,76.9188237797227,0.014805347542759003,7.535364406702344e-05,0.0061501252737533344,0.007170732606612349,0.018450375821260002,0.10188041755443064,0.9786168592928428,0.03901967241566169,0.05877252748086423,0.10695834097333634,0.11705901724698507,0.043431271596379606,14.679559448130043,0.06442290867134949,0.08271517261630497,-1.6781409781688563,0.0808874845800045,0.9893688725279874,0.19049562105556653,1.5369445582408616,-362.57581478800637,99.3258835583936,-8.223009244276223,16.147220024088405,-12.831512415415222,-12.082974127590958,-10.579422891374042,-1.5989345575057272,-16.734277844881614,-9.331280541518252,-16.653543262457664,-24.393876900866463,-8.122990582653662,95.36454499356245,49.57017189255732,43.14991173683742,41.50334366153499,21.82524096107393,21.750465877128377,18.10601422440387,13.846054938850637,14.323899658695769,11.45609288116842,10.360597677784513,12.15442244616668,8.601583144124474,676.0877608071721,315.0462874109142,1760.9070943594415,546.2357845150185,2889.450596444512,687.9355903984301,-6.5783808935929535,
22 Elderly Healthy Control/LEONARDA F/VE1LFEIOONR57F210320171126.wav,LEONARDA F,0,208.42151068925074,226.68186596502662,106.8439015066703,0.003537611251532207,1.6970329250595594e-05,0.002045412237250193,0.0019187814488653527,0.006136236711750578,0.029260879395816747,0.28398679338021043,0.01640816039945199,0.01739289680127963,0.02083931939892243,0.04922448119835597,0.0071323713253721105,22.734162924235374,0.19877561865899435,0.040420577089671804,-2.36299663101794,0.03187515902826409,2.6660006322411496,0.016157409850952677,12.70034155722594,-276.0789165801992,101.74916450560997,-8.476318766614229,61.84206230623329,0.9828911940852461,-50.22446585335431,-31.763238433274275,4.898623912835094,-18.038731041539705,-13.399996478127639,-21.857674872799965,-10.492569246806724,-2.630455272265337,55.4600866035773,16.92425584516334,11.174601024217742,12.62650725363409,10.24193188366528,11.931614946705247,6.7775977716415605,10.455543827211457,5.778924055216409,5.626728184047877,4.570886651190727,4.835319396574674,3.9495147072208447,463.1570724222874,71.15964720774123,2255.877992317596,338.68654379577487,3036.23882896236,245.21707988062693,-4.425992887039558,
22 Elderly Healthy Control/LEONARDA F/D1LFEIOONR57F210320171125.wav,LEONARDA F,0,208.71465742999183,266.5488280834758,194.74852238005116,0.0107704906381117,5.154153088977548e-05,0.005338547707308688,0.005956612587830103,0.016015643121926063,0.09351168106278517,1.0917943240155106,0.03328002208960726,0.055184231166754576,0.10430998360879414,0.09984006626882178,0.016318465905288917,14.575229302087644,0.20775564313775985,0.026244129304672056,-2.8534688820315055,0.017097200919117983,0.7185429139454454,0.5331903945950418,6.220146443138752,-283.1801888632829,122.87778413539613,-42.114857400182636,-21.19292647369206,-15.908295555515341,-4.296638032236715,10.496427463471779,2.7770626751505496,-21.93082658919165,-6.427615793254614,-7.3366936493972865,-20.530873319144607,-9.532534220794142,111.28984184428525,33.595079560901624,46.302375174774404,15.22889356394811,15.398673447992506,13.760441898057575,7.480797378245734,8.813497043055676,11.610182198501024,7.55405176872846,5.713352653593913,10.40454784498022,6.284576013936464,957.5586534275585,256.7070788104693,1539.8780515067533,542.3161552897942,2830.15749964761,422.5072770012752,-6.356619023909084,
22 Elderly Healthy Control/LEONARDA F/VO1LFEIOONR57F210320171128.wav,LEONARDA F,0,212.58834306538705,235.00586616751448,104.61800644737534,0.005518470968803663,2.596163995587273e-05,0.003281796874109845,0.00304667984022861,0.009845390622329534,0.041798834750760884,0.4819683950288367,0.022797493084653293,0.024937726989004358,0.033001972312363036,0.06839247925395989,7.509633818695614e-05,23.11078667531544,0.10381738457485201,0.04708581666416738,-1.849220616213297,0.031367323129071936,2.9561602539283074,0.09029842665887083,12.264459095883556,-347.0201413488479,124.85811202756199,32.67160196422981,0.33142051142698786,-20.954206568129646,-12.97145136627185,1.9503935779719006,-8.960407037124176,-19.47462550950469,-18.178081901488703,-19.294265911265214,-13.786733236931447,-1.1647731710949285,50.750019212001874,25.77658666489045,11.391963235883486,7.605947791560949,12.109904513821977,6.348119288471257,7.963149865633179,5.294362894278576,5.868001193905134,4.549748074463045,4.849412482655238,3.716468775530065,4.591684375406671,445.84641577483455,103.28365183396704,1044.7484128107478,204.59276299580608,3014.1827879964726,832.1983828934286,-8.62505680918467,
22 Elderly Healthy Control/LEONARDA F/VI1LFEIOONR57F210320171127.wav,LEONARDA F,0,216.84791352377738,252.8583812321615,75.59526586229839,0.004033051989395271,1.8589827274300175e-05,0.0022284655620638046,0.0019568559808782566,0.006685396686191414,0.030075278514357352,0.35822377730659555,0.016378800647102287,0.018672920106602663,0.023069755799771587,0.04913640194130686,0.0016661990285835957,25.077895869014526,0.15195096060570545,0.06952812130408771,-1.6808627673540015,0.04579669816294769,2.8518888519769563,0.01426655585682686,13.438636475717328,-327.9827535021787,87.28593038123076,18.885303463663277,70.57297569764103,-3.952774304854156,-28.42077148466768,-0.7799457755503614,-1.7238625416030828,-46.668115447059236,-9.085912511311783,-4.127391302392698,-28.354420161221096,-6.628160483045736,47.030608798722554,18.839956971317378,15.84614049384383,18.298205235004342,9.041745912117596,10.375191519281865,7.089487351563734,5.731019085304936,11.424892084726945,8.016648989103672,6.08667957249515,9.273592999770983,7.366087329210788,427.20043911926183,63.81182498009997,2689.278988245543,290.7490197048855,3214.7207554933143,252.90993969823793,-4.390814232432571,
22 Elderly Healthy Control/LEONARDA F/VA2LFEIOONR57F210320171126.wav,LEONARDA F,0,212.0748362904925,218.40888705795385,197.38573938886333,0.004854155583772352,2.2887241843909888e-05,0.00292889738052535,0.0027358216794176647,0.00878669214157605,0.07168006456034026,0.6525552290688802,0.0406010783668823,0.041314489354625936,0.0524215241211981,0.1218032351006469,0.003950533087832509,19.061120417434253,0.27345545281412725,0.055919440332755234,-4.261933891645251,0.002429752072175757,1.9854302054536723,0.8467615130242513,15.71071886665645,-265.2342861842814,166.6756324294914,-26.450628034840353,-16.719320459445175,-30.21972339766875,5.935628246851646,22.325854002755,-2.2703234493649402,-27.374718719293142,-4.159623982851958,-19.82919620811753,-35.406994621738114,-0.6340361356708563,70.08403582289156,19.314858558640996,24.677837418115157,11.052968759123889,10.096184205828584,13.935093516765951,13.736151210896512,12.20494074617735,9.161129371897072,6.119756572129633,5.355227590160618,8.972001215945824,5.736104767563869,712.6560618357174,389.0969836084169,1138.812686569525,335.48125432491577,3053.090772969949,378.9847914421521,-8.218669486841629,
22 Elderly Healthy Control/LEONARDA F/VU2LFEIOONR57F210320171128.wav,LEONARDA F,0,227.06035030957136,233.75520711533045,197.3637950280339,0.0033980547508283437,1.496450688296105e-05,0.001970079789983024,0.001886146105049569,0.005910239369949072,0.03001195243009538,0.2680521840940098,0.015954340507183886,0.01798485123102604,0.02178916460533301,0.047863021521551655,2.5858147162427154e-05,29.018130726438805,0.41312143553278313,0.03762100268143552,-4.107244716739373,0.002755246095741513,2.0402403968794904,0.7095451815058343,13.087528514977592,-309.502654612278,153.99879895262598,40.89999513207163,10.214834584738805,-16.582563353508387,-13.74041002077214,-8.220404702079419,-9.828107151854098,-13.493594340359449,-13.323153813590476,-26.243171706819354,-25.054167398315904,-12.794412001551141,30.62953622169481,21.34683792833919,7.071172365486799,7.429561866336061,6.683294562922185,4.865486374516118,6.3811659119932385,9.476687171233795,8.827533406613576,6.4570830951113924,5.2688167946958835,3.6469640808920216,5.0083819000779375,429.8847375307394,67.40935998999024,882.680739298789,603.1403528095939,2907.838750917163,1296.6113492833854,-9.349834496001899,
22 Elderly Healthy Control/LEONARDA F/D2LFEIOONR57F210320171125.wav,LEONARDA F,0,193.6139154133626,240.71189453888942,159.6168085809408,0.013487414476037175,6.94304237536886e-05,0.004766588704994776,0.005161118969185196,0.014299766114984326,0.11622269949245143,1.0970464006110212,0.05595364208399546,0.0764964296245176,0.11602748085608669,0.1678609262519864,0.05314961971694866,9.602170543402144,0.2030520261504985,0.044240751804002144,-2.4679043867543484,0.023018492891120176,1.045684432200769,0.6836295068760938,6.280171192883145,-291.4583264458191,149.67440369239324,-51.16168830028105,-21.09011595759271,-17.754118257051275,-3.4739073691330575,-2.6204394899746375,10.657316382317331,-27.95718744862201,-3.296860186225923,-4.468537910689859,-32.4868465996787,-3.996206772901085,111.75834073059798,31.22970324995502,36.76553527393021,22.521818932500114,12.801030142949214,11.415814696419808,21.903909507694852,14.189569968512338,12.83493305440936,9.121005795780505,9.151755237630738,17.525381204878517,7.539222464716652,934.120194927042,291.27678748379753,1547.9529302278552,463.7677348958724,2876.819673008353,520.295290045678,-8.389240875092739,
22 Elderly Healthy Control/LEONARDA F/VE2LFEIOONR57F210320171127.wav,LEONARDA F,0,204.05312962896608,211.9445919392877,102.84440393956324,0.0038646912030862427,1.892657642841592e-05,0.002141352970957478,0.002129555020388246,0.006424058912872434,0.031001195440565073,0.29425379525979717,0.017013385541783863,0.01826512091207576,0.02182103122356507,0.05104015662535159,0.009419729157760516,22.756379704820045,0.4019819226745261,0.03690682864352856,-2.473250748196144,0.029087389164944046,1.8174928366069991,0.033906751686125974,14.23689200419751,-243.5092191731798,106.41995943100815,-7.778666029426629,63.48496189003159,-2.7909145684835055,-51.31544485048433,-43.54087886229162,19.146730903021634,-35.678660045386145,-5.725827976791694,-12.48692481112964,-24.44275938728766,8.20239798852894,45.37916506764069,10.517271271574918,11.320160311292764,10.340035716860013,8.955710113842885,8.17666062937582,8.382648506292238,11.428612805468198,6.1004770583830075,8.43294294641505,5.499526593076059,8.076169545806845,4.71090468444007,456.85591705555004,105.49416352448696,2119.225913386792,534.7331480665566,2998.452514776981,123.36399444526994,-4.687671842122252,
22 Elderly Healthy Control/LEONARDA F/B1LFEIOONR57F210320171120.wav,LEONARDA F,0,212.54122037478643,594.9257621419671,76.84921733791188,0.020890129987276917,9.881318972280109e-05,0.009732339059159753,0.011321603587993046,0.02919701717747926,0.11447285645048107,1.1060181647160907,0.04689026610548008,0.07064016421681575,0.12057456914576334,0.14067079831644025,0.04740292544469116,13.654530110189036,0.20755577092163657,0.05049231974360735,-1.3352509425905275,0.1259055164163733,0.7689933806043223,0.19437655271518436,1.05412306431721,-313.448205754726,120.83844611573085,-9.209260720954871,9.782359060679978,-11.18520780976263,-19.472167584556466,-12.843635597670435,-5.418921619068337,-25.87739993597696,-11.694201501944406,-11.491325209872024,-26.069554823192053,-7.856713738861307,87.52209327692513,51.22323255843239,38.67866338273938,38.81425959017108,21.0036540275205,23.680488752906832,17.488745442072535,14.159056414838034,15.032018554317352,11.22929160400648,9.181871392855033,13.158482021375336,9.45425850526005,653.256836420028,292.30635197875347,1734.1642395987947,543.5896688222673,2848.058561621492,560.528045456848,-7.655785542265605,
22 Elderly Healthy Control/GIOVANNA G/D2GGIAORVG47F300320171212.wav,GIOVANNA G,0,187.57882467115402,219.47757376445512,154.45883779738668,0.01932883719503118,0.00010282174280290771,0.009870486543381312,0.010702443853178058,0.029611459630143937,0.10010913167389854,1.0039255148207116,0.043490278099508436,0.05518974925319827,0.09854634225920537,0.1304708342985253,0.061900250606814845,8.676812814638096,0.1208253819458953,0.10451876606416736,-2.653668013961321,0.03793345496605331,0.363359521936549,0.6500317815859564,2.215877079789802,-369.2704405653506,131.73872536337004,-45.24612286755735,-11.991779469781306,-29.76807540611083,-4.2929272539442085,0.3176383151475742,-15.12152473808786,-21.056181598902892,-8.712377346549554,-6.6051720474964615,-13.124230991780141,-10.852365090764161,145.18424013770326,54.94310091226529,43.87909998765408,23.94463733092375,17.146691592359062,10.960182250900111,13.466517404407588,13.313164503303062,13.419103285923734,9.746443199133132,8.105627737085294,9.980215231179223,9.42695191273531,854.5494439710449,479.4066045300061,1500.9104978115497,478.5751601402031,2776.7570216707372,682.7969606836795,-6.011752096513087,
22 Elderly Healthy Control/GIOVANNA G/VE2GGIAORVG47F300320171214.wav,GIOVANNA G,0,189.58867774726397,530.4713184272168,99.20764824064237,0.005674575035206902,3.0024052194675695e-05,0.002653482709642117,0.0025004989105240445,0.00796044812892635,0.06108184395481313,0.5688260219208356,0.028067337303453812,0.036207744471117916,0.06191866043547744,0.08420201191036143,0.07880209353301326,17.293000212540246,0.3397924160899315,0.0393195776204713,-1.4950811972575255,0.08630240821101551,0.023784879092036585,0.04459685170019659,7.368819096469775,-199.40188866660714,100.60727644387534,-87.74451090878829,77.93939021969202,-3.8736056801880934,-59.95485393943114,-35.30753817464426,-36.338657961756226,-32.21836038318807,-9.515136140926403,-24.98044960811748,6.508639306871471,4.263168458494858,35.62581509478596,17.992875883835815,17.257865678859517,12.504982429264496,9.821068568795958,11.997040334474137,8.135770878444252,7.824548794589368,8.570509317189138,6.369538826161947,4.3903372297333965,4.867080471332429,4.701847534753799,514.3081484373305,71.79165067236057,2173.0945166064926,251.2338607672413,2806.440511251358,790.3519804401493,-1.9888920433045436,
22 Elderly Healthy Control/GIOVANNA G/VU1GGIAORVG47F300320171215.wav,GIOVANNA G,0,233.05111287735764,242.33990346651814,161.45033889343728,0.004111143755915012,1.764172198737055e-05,0.0022463235749507456,0.0019011824280250752,0.006738970724852237,0.016519291778468514,0.1494408031192142,0.008443107719052352,0.008892735053991725,0.013798687328043386,0.02532932315715706,5.063000810956752e-05,33.178674164118085,0.12095027188549964,0.036493039183296674,-3.3930046407571983,0.005261139997660029,2.7024749285569234,0.4675275840674568,14.689912620433958,-394.731367600357,98.89832943146168,41.8440244083349,23.38518577158408,-18.542310157213794,-22.164603081667423,-18.647275570846062,-24.3386546572332,-21.737661609768363,-11.364675880902762,-20.783311455590777,-13.595509583991062,-14.572499421742366,39.38245755221357,23.620216048291958,5.6822361667571775,5.601049048764111,6.903515640661223,4.789484340309769,5.191534198825567,5.087723751888484,5.43944460266426,5.819561289545143,4.984550647480281,4.493709418925599,3.890042248186085,378.17951807781526,392.40076816223285,929.5549412175529,438.2227324119369,3031.1336309829403,341.22881986137804,-7.459546337106775,
22 Elderly Healthy Control/GIOVANNA G/VO2GGIAORVG47F300320171215.wav,GIOVANNA G,0,126.20228991826316,211.49403427561995,98.69639838196436,0.003956114886276453,3.137316345094746e-05,0.0021136851605420308,0.0019375913155027663,0.006341055481626092,0.0468814091291906,0.40168686554488986,0.020872926132803952,0.026402212425604758,0.047768251097156926,0.06261877839841186,0.001462117704046375,22.97568209702268,0.358743311272613,0.06595669101110899,-1.2443787262406412,0.03907211355692492,1.3333805778101078,0.18304868757791345,9.026242869520797,-246.04514737068172,160.9196772256256,-2.452875424030402,1.6668222202593799,-69.25788256994765,-45.18154796043451,-4.675214801094862,-31.627454754017673,-29.325846023547232,-5.890762841854821,-27.392814572744804,-6.734960279785396,-3.256446916445252,45.20111865988042,27.236670644697508,8.575794409754586,9.973917343292126,14.61299958345478,7.387752703134395,12.391168681996316,5.538356026118886,6.209848280138379,6.412853825368019,6.949485752848973,4.550489934120804,4.329256744014937,546.6494456093042,66.2820871007482,943.9584946248063,195.15706641086265,2850.550678287444,464.80872153590815,-5.798757341382866,
22 Elderly Healthy Control/GIOVANNA G/VA2GGIAORVG47F300320171213.wav,GIOVANNA G,0,130.4597766462402,203.8587547003244,86.72380266341393,0.00797073647868503,6.102803361059919e-05,0.0035691272487386413,0.003463477411093253,0.010707381746215924,0.08427119920135885,0.8453567413393003,0.043405615302920274,0.05158141489988196,0.07183783475001743,0.13021684590876081,0.010401645218699752,12.900612582156512,0.3336740964063482,0.11208161639687424,-1.0903019110817893,0.052310063444099414,0.06710857378761166,0.1548187614130788,9.05216218442284,-216.36115976216865,195.84647664838127,-78.46176182595342,-44.91894200949984,-34.752993842667635,-13.165387065067817,-0.6539457636898791,-24.01289060735486,-40.83785160477004,-7.193680099174729,-14.390569984484538,1.0923207286678058,3.8339250582567272,29.936191685712497,14.058055112588173,21.818380472773217,15.71346503827006,8.723281594379666,10.656816116831891,10.461224919568433,7.758908892496837,6.684757239177203,7.794908845005933,5.40242724248717,3.750935060441154,5.451951604326713,722.499188171551,342.73774142919336,1261.2347714530588,124.27639537492075,2284.2731179246357,782.2185956414475,-9.624376049117814,
22 Elderly Healthy Control/GIOVANNA G/FB1GGIAORVG47F300320171218.wav,GIOVANNA G,0,181.39454055656566,592.6842335962629,77.36941504211137,0.019278942282153606,0.00010695595878647901,0.008393310748761098,0.00843517477186742,0.025179932246283294,0.08627408493287914,0.833523382237758,0.0321672964414565,0.04758876069214573,0.08648179320946316,0.09650188932436951,0.01404320197903606,16.48532705863317,0.17392430126424085,0.04714862892010628,-1.4709052582203963,0.12986716232943282,0.3235190892826506,0.27682169003555457,1.2250286246898874,-449.4104463810846,104.09994688157207,4.292100328132524,17.017982177795023,-8.592837990526869,-20.07461439469478,-12.589093792764515,-19.232182111185175,-26.71934895234822,-7.624836947935365,-3.805828531736306,-10.462436426224038,-13.254899172545702,101.86148485690921,59.95725168421072,31.931043114743225,34.17349040941396,18.73317058432557,22.302318966294646,14.645763127955114,14.227072854213581,18.196712943401817,12.259169188279888,9.716353253746762,10.431330329407452,11.875981973703594,615.9141055370998,323.5064909139892,1774.4606204337401,592.0289597415946,2929.647773339537,627.6907399743296,-7.052428179656736,
22 Elderly Healthy Control/GIOVANNA G/VI1GGIAORVG47F300320171214.wav,GIOVANNA G,0,208.73378907119059,232.71693324721497,77.8411502813571,0.004189350042304827,2.0061606955193472e-05,0.0020040595974101048,0.0023565672207678614,0.006012178792230314,0.02368019792450283,0.2603688701453193,0.010433240551772778,0.013780649970437694,0.020699473679384118,0.03129972165531834,0.00849015402471901,27.93484099755843,0.1185845654874336,1.5467766033617212,-1.9002020208629498,0.026029071751983664,2.9538212026698876,0.03298334530264247,9.026479385139638,-330.19208244639066,57.76744611555299,-6.158589457951414,82.56194524864429,-4.611332480699446,-24.606574468170347,-3.8097540292101533,-13.05418291386233,-40.45789462264816,-14.544499940467103,-18.49112355312305,-19.392448630200757,-7.688486516300307,54.462014119888806,16.157763933848855,13.720052001382006,19.961649580141838,8.15103733899508,8.90946788622779,6.745640130681506,5.696616060338842,6.61803724339012,5.754905581643494,5.116017353291425,4.284818097091801,5.241959751152722,353.9181604836207,69.0024685923383,2561.0733917660273,345.22767825734286,3138.1494655628544,272.5074014377649,-0.8429381327221577,
22 Elderly Healthy Control/GIOVANNA G/VE1GGIAORVG47F300320171213.wav,GIOVANNA G,0,187.42006448329434,224.81003624253705,84.44836310169093,0.005484208648103906,2.9233365537878483e-05,0.0023753048053461443,0.0026845738473355554,0.007125914416038433,0.040745411752293154,0.4983451919398079,0.018896631741058312,0.0225764200106334,0.03978889085623823,0.05668989522317494,0.33001662573982726,21.12393928333393,0.24451954744872637,0.039484380153006135,-1.2213932664354603,0.03999411133982468,0.3498136011046898,0.0529146129623617,11.226966219689874,-229.5853454559104,105.51500654110414,-70.02866384547761,71.85024153034378,4.245041315943941,-58.72238696474029,-28.60233919508122,-41.025792677366354,-30.796625399899792,-0.18601477506541864,-27.29772524221004,1.055661741571734,10.309841854459798,41.19439826803639,11.302523046123444,18.091773144694223,19.96581866550552,9.103982035906506,10.083919629583745,7.502516220116985,6.3084427173261695,5.719306814020161,6.81499779176383,7.154849907619037,6.331445880338161,6.491430410105006,479.29073225432643,53.47456781498718,2094.248762503329,545.8049747107962,2648.9154546399964,1003.9840161753567,-2.0161535256465433,
22 Elderly Healthy Control/GIOVANNA G/VO1GGIAORVG47F300320171214.wav,GIOVANNA G,0,181.98862823713867,235.92021775025648,107.03360569487725,0.0037949331156054344,2.0849141394063063e-05,0.0020206509550848716,0.001865559726416999,0.006061952865254615,0.05158222445716845,0.49377136966872304,0.02411412748867667,0.02515711342062012,0.046389714894056966,0.07234238246603002,0.007583022542526622,26.58994375757477,0.2746130285408751,0.042353137782266854,-1.112167774547614,0.04669086857852469,2.18288573362259,0.1350345148233483,10.55487019773491,-275.11793987304503,124.94403976298501,-8.072506143274092,3.6633673991301876,-53.18065879172322,-43.21162488756779,-0.12884356061674773,-31.20382709642294,-31.397554358614883,-7.459359530310154,-24.774261048777912,-5.316832623749418,1.8960910035500762,47.288350685046694,27.747598135312682,11.546574567841255,11.767529408045101,15.595876600096684,10.208248442750401,14.225152540138374,6.848064974186572,7.366246293334982,6.417800463716164,6.93580981022811,4.465260897242909,4.264219167810493,501.66248509633914,69.77720734693602,1022.8527590380658,273.28087372963313,2733.8624851193126,477.6750743221866,-5.603418453177607,
22 Elderly Healthy Control/GIOVANNA G/D1GGIAORVG47F300320171212.wav,GIOVANNA G,0,193.1183384292531,227.87869672965252,165.71416746859776,0.02181296288568368,0.0001126553750197966,0.010547866072527003,0.013561918710205805,0.03164359821758101,0.09722558306218992,1.0496966342515772,0.04392973528176174,0.06139774416868498,0.10098870790436565,0.13178920584528522,0.012506375094829821,10.105796494464988,0.11501246105687252,0.09717699861741766,-2.5321580286759087,0.04019843161539033,0.26501330833083975,0.574961672511299,2.3444620394216464,-381.0919153568118,133.18376794025875,-31.83633845210112,-14.442783917605892,-25.0047517217418,-7.192720653790415,2.5684911961610934,-12.401898154781964,-21.201761556098155,-10.431583002919107,-9.30274549834678,-11.134446575091102,-10.648142830903062,134.16192335873538,60.29260798329457,37.23372375560648,16.133858874703677,15.682485896142241,6.149335747488691,10.08564537832785,12.616213643058058,13.68648075562759,6.774172579347502,4.658607053018784,6.972050255011224,7.2251715283134805,820.2587619322331,487.388446173791,1516.0056564386423,578.5871919283818,2803.635492502888,732.2073794363596,-8.999032144135613,
22 Elderly Healthy Control/GIOVANNA G/VU2GGIAORVG47F300320171215.wav,GIOVANNA G,0,229.0494727327329,238.80891538842198,159.22919793469967,0.003742253330973358,1.6339178052672758e-05,0.0021283970702563027,0.002084832593859378,0.006385191210768908,0.027645869974152724,0.20935041138372065,0.013726940124098095,0.015351727471578131,0.02072561154637522,0.041180820372294286,1.0492508238551563e-05,32.04255908886567,0.14924342868838064,0.06624572393679254,-3.3672556325562844,0.005033850012179538,1.5962818210371663,0.3975611712922611,10.986051206685715,-373.1365786029852,106.55945022941215,49.150631844711484,26.53846184826061,-15.816399691474999,-15.654828183066126,-23.318450957505092,-23.63120813719064,-19.297101549322957,-18.998339248050605,-16.21345834115168,-14.843860680249731,-20.373315696064427,51.23860173381151,27.548908905311745,9.111356988341718,11.057749702397803,9.3053284124284,5.951709709256862,5.840394080851016,6.61630248659889,5.194808687167485,5.231294538402916,4.820038794721775,3.2647319958236136,4.829066479803543,331.2016388042559,429.93739444078875,910.6717898594376,300.5468777605995,2951.984246710161,609.7987311000675,-7.667958376345748,
22 Elderly Healthy Control/GIOVANNA G/VA1GGIAORVG47F300320171212.wav,GIOVANNA G,0,159.78240387282557,464.0026470881129,85.22605401720143,0.013448452704130101,8.463741642285775e-05,0.006878581674381419,0.006730704248772654,0.020635745023144254,0.10280554811840563,1.0042369866566607,0.051520087749559136,0.06300346898625478,0.08754203993388573,0.15456026324867742,0.026640061329376435,12.09908645660334,0.20588559995342878,0.06555084704109661,-1.0094078995304316,0.1075044237923879,1.6219204072358273,0.2694076747400349,6.165996698443422,-251.52092411332032,163.58857690175844,-71.84830414097596,-24.30891281362289,-36.98262583234132,-19.298106000953837,13.49845580912726,-28.402939917284577,-47.601305602041464,-4.55268093066369,-9.166241775418873,-10.204435104058367,-6.6300081915767,47.55236767958024,24.05076485046128,20.404455798280466,14.67309906079365,13.12649297045707,12.641186106760124,9.055009671984749,7.862746471045754,7.469570482603679,7.1695008906213715,4.890954830386285,8.185540768575542,5.660911167378617,685.6711574522595,361.943078112021,1308.7196238230829,120.41308232346303,2753.971843294001,578.0200662318671,-6.0680307007749255,
22 Elderly Healthy Control/GIOVANNA G/B1GGIAORVG47F300320171207.wav,GIOVANNA G,0,172.64384580176218,594.560314996256,74.90446912403605,0.02086369345862181,0.00012130629296722208,0.009544274314014493,0.009690862631300255,0.02863282294204348,0.08780649398576704,0.8761663223014922,0.03428825092438605,0.04748075839482705,0.08319438786332789,0.10286475277315815,0.011758338223726229,15.312789889076836,0.14664880932373942,0.07460712594082274,-1.3169754541484406,0.14385647565107762,0.1935444949636132,0.177203471756408,2.295691815999813,-394.34294893226263,80.25450037895777,15.251680830068294,13.627000063797764,-6.222047373512843,-13.219628855086139,-10.280529945426068,-15.148982679482812,-20.461155273247055,-5.050635718125288,-4.600111805663768,-14.336764601442507,-10.256896232492597,95.68831888464946,64.24125188272593,26.567664311914132,29.968265456433883,19.3003256725727,18.922911206680983,13.389798502743053,13.957895592359542,18.289944944686752,10.7296371837305,8.435630406901913,12.845640250206925,10.587818697501127,638.7226034156872,418.9935456155862,1806.1599593345354,651.0168477685002,2958.3566224032547,661.4342579198587,-8.081194686767155,
22 Elderly Healthy Control/GIOVANNA G/VI2GGIAORVG47F300320171214.wav,GIOVANNA G,0,220.18048289244192,252.96374197670357,83.63589321740477,0.0073431101943332985,3.339295540567679e-05,0.004115483019389599,0.0035017906165918868,0.012346449058168797,0.042460111338676124,0.35061472686597156,0.023342777179805665,0.022062791807005894,0.03280837420312142,0.070028331539417,0.007128901092319116,23.97432267397287,0.11754125808774071,0.041599021176388244,-2.7274802432306084,0.02919744114227644,2.355118032880032,0.2156335168701308,7.100821660678907,-262.25244939960226,53.99507002596637,-10.144884742598618,96.1627492896297,-10.254597125129717,-27.85357867285328,-7.510874647880122,-17.682330838204678,-48.274579757369295,-15.361237637768177,-19.30914781821946,-24.089592125052558,-3.455846201646966,37.5244195840632,18.407495808051912,12.224344906768149,14.893474660068346,9.182022334117972,7.643029701513736,6.022364238324632,6.34600764147742,6.558034504501191,5.733872292572341,3.8810015817993775,3.9293168136357677,6.2912543877266,363.50580422587217,63.815102127688334,2616.373833422234,473.00949584712197,3187.275753706498,345.5781204430536,-1.6633586624293502,
22 Elderly Healthy Control/GIOVANNA G/PR1GGIAORVG47F300320171217.wav,GIOVANNA G,0,166.40433422985052,567.2632029891213,75.19978135486691,0.020703763486876223,0.00012506102515579806,0.008815379908698403,0.009552778914491931,0.02644613972609521,0.08330580645768014,0.870901435301812,0.03159456343208494,0.0474350669138134,0.0845867420806928,0.09478369029625483,0.01901246092057263,15.952412862200537,0.12364022966669129,-0.007794318691248503,-1.5245723990504536,0.11128869221249801,0.4508646534408406,0.1605912648265023,2.116808198614308,-394.5198437803886,86.3261605068802,12.851387737752171,10.175258291462434,-9.502507980516597,-8.35154296440941,-17.573816583699067,-17.08120521436599,-22.034094430954987,-6.88139107590381,-10.640208326932331,-10.077861973530082,-3.436102625857771,91.24953906849399,59.04987858604738,32.63938769231712,30.936525822821046,20.407543184793457,18.03143391436416,15.885682809880127,14.938905621761338,14.503147543664593,11.1750660375518,10.170399551549915,10.520175090558762,9.777370473116807,648.5336702830714,347.0952611403341,1763.7714472724736,585.2405826232932,2952.35656310419,714.973453542494,-6.963466752322587,
22 Elderly Healthy Control/NICOLA P/VI1NPIICEOR42M020420171811.wav,NICOLA P,0,149.94984906633906,182.7474784019706,74.95922343187557,0.006082805305648557,4.0558719213267176e-05,0.0031903571886168726,0.0033578448856877133,0.009571071565850617,0.06174455368604701,0.4879842441572743,0.02618980801500837,0.03172953832091015,0.06771513517963351,0.07856942404502512,0.029526641162802687,18.11270304286402,0.10633608880908416,0.13942420289793625,-2.4762701442183728,0.025456007590719934,2.813989687074355,0.018009866532957188,8.438791406435087,-343.05645021462107,45.24853029182683,22.51781234002422,82.37263477554116,-6.807825465512703,-1.1671394188261552,-4.873566548803061,-28.038241268521098,3.907704924692423,-7.881879178615185,-39.22425144017792,-0.014280587852712325,-0.4840745421536354,52.77211689128255,8.750312956486523,8.746508871263593,25.594628080930157,6.635048318983716,7.876133400653003,9.735631709508048,7.480397183142396,5.634169921657369,4.752179046548033,7.586305512739809,5.5842015553438,6.142416249318175,301.2347485797956,37.3751213305256,2112.517637514289,154.19118630336567,3579.5286775993736,196.16753735299895,0.5264791563879443,
22 Elderly Healthy Control/NICOLA P/VE2NPIICEOR42M020420171810.wav,NICOLA P,0,143.2160205334259,149.96632096579296,137.18481301071483,0.004496969332566058,3.140244423417573e-05,0.002342861725488405,0.002540800759390675,0.007028585176465214,0.07268337195342944,0.6861344783667406,0.029206119108832095,0.040400061993609765,0.08355108527243835,0.08761835732649628,0.023411940016043145,17.9599072199602,0.1816145735338013,0.0929900734505787,-4.081019216292424,0.00422573919174793,0.75492030437761,0.7321575104708543,13.795239029295342,-237.43897487140245,93.64954112436305,-14.306945279767946,59.27600314444936,-10.805714267130458,13.15156702707023,-67.3958649390337,-40.93872325590526,-20.099962303958655,2.6610560696823033,-29.341168911821786,-24.83706558442015,18.958338418234607,61.19992129981903,12.087700314615272,9.361857088667298,16.90748832947115,7.399668326702175,11.12121985423741,8.932514090916783,8.210596080839359,5.359190053400032,5.952015587632553,5.043239657847616,5.456982712192212,8.099982259593585,447.4988560470375,65.16113336559478,1869.76896671266,131.36241269474576,3172.616416035672,1142.0490057489708,-2.513828486818661,
22 Elderly Healthy Control/NICOLA P/B1NPIICEOR42M020420171805.wav,NICOLA P,0,177.3309123599376,503.27931049949217,75.0134738542931,0.03152929775946763,0.00017790657320145546,0.015685398437626355,0.018249086736033555,0.047056195312879065,0.1488574880082482,1.3692939275177451,0.06158253223271577,0.09779386592818477,0.17942922925534,0.18474759669814733,0.007808494002523215,10.888411055202024,0.16479550733263776,0.1221855163132216,-1.3455747684560881,0.10078274728626226,0.8507802986196784,0.26676876247034537,3.655145124363237,-328.6022562061815,103.96748045384294,7.899501857708691,12.647122871624058,-12.747825871729559,-2.0825156721977653,-16.699333378815158,-13.044884916892247,-11.592868785414657,-13.528345746402682,-12.147354723394146,-12.225827976830113,-8.607124144818425,95.43523838168599,59.385594247637485,28.8828317972473,35.05990671084672,27.464573116830834,17.126084283594068,19.16528794970691,16.620450381687817,13.38398569534793,14.156194048597175,16.675461184449382,10.124398392759419,9.823097731180782,632.3396959992436,356.31446212305576,1655.154573922487,476.1879060294552,2862.2871035127073,736.8026051187846,-7.7550742102261205,
22 Elderly Healthy Control/GIOVANNA G/B2GGIAORVG47F300320171210.wav,GIOVANNA G,0,174.7640258142136,579.0584983448215,75.01071674382685,0.021946926271661362,0.00012642124936333284,0.009995905120178776,0.010758446528300996,0.029987715360536328,0.09233891143717278,0.9205445568786916,0.03722017145991589,0.051495162801512784,0.09313656883990826,0.11166051437974768,0.006862752917367333,15.249120359861944,0.08824469799069223,0.05770678587827278,-1.2559610398198282,0.1441366303856569,0.5072396004116488,0.15048983792797047,3.1482556667904227,-379.26611116268714,106.94858201311199,9.28136325370038,8.853224935398067,-8.44142454820707,-8.489884627455822,-10.315145861627947,-19.633835379011,-23.637586313402007,-13.945961839832822,-15.747739491482486,-12.66847919079691,-4.087250359165897,90.66130252334719,58.38332969479279,29.01550130729455,32.67632948419559,20.699585434640504,16.551688343186363,15.441726040154698,13.860336611765897,14.146782356689444,11.691235151868783,11.173919646571632,9.753704711598804,9.244014798626763,594.3424411852674,335.5232888010112,1733.8615030244782,571.2926787673268,2925.250723758328,765.8879027470962,-7.755797315730509,
22 Elderly Healthy Control/NICOLA P/VU1NPIICEOR42M020420171812.wav,NICOLA P,0,158.72024206543506,186.7674430712152,145.21072672007094,0.006598040107174619,4.155920101874849e-05,0.0028097366610097996,0.0037246752273081924,0.0084292099830294,0.047039268344850935,0.41819936038455235,0.01482616251697166,0.02630888058324007,0.05773692256518137,0.04447848755091498,0.0002185280881329595,26.117720959533518,0.15297179966440408,0.11838089046548364,-3.2792602071490005,0.0074789988513961235,2.033899888361307,0.7588638977462813,7.793303606477117,-369.80801610247204,107.21477275155813,71.61015691121676,51.80535865337101,-2.1266477952929534,-20.57807422317422,-11.380826431187295,-18.126589202551457,-16.863722329970905,2.0028404145914145,-7.818877748991711,-20.8660400879171,-9.720133879932105,36.70432669596533,22.17150140639857,11.352772269645202,15.403768103479745,16.135818153125296,11.895653270759706,5.65084300613763,6.606251754461714,7.200357903958877,7.61131822898804,4.93119332003686,8.906949551040249,7.185732733504377,314.78537316216864,75.54518048568993,1143.8833038204684,962.3198652242609,3196.346740229375,391.0431308463538,-7.879962527892849,
22 Elderly Healthy Control/NICOLA P/VA1NPIICEOR42M020420171808.wav,NICOLA P,0,150.17498950951017,316.6108420183774,76.07929384846963,0.005900209561961083,3.935551025546898e-05,0.003015792772010048,0.0032756886189828707,0.009047378316030145,0.07715248224072178,0.7083797044946295,0.037226330321343974,0.045358021381465864,0.07263236487377325,0.11167899096403192,0.0042203098817618625,16.629285288197696,0.10009477939012124,0.15601752730728985,-1.938462875072455,0.04658827495027472,2.3804270438158888,0.08568221653930211,11.941470753571053,-356.1319215127767,120.50438203548207,-0.39303366667525547,-12.610211206374919,-37.15332046649353,-1.9559956396727836,-20.087060163934343,-14.57879077856851,-30.626194501679432,-11.595852224955001,11.432764213654403,-8.997324167673588,-1.6080972074970221,59.11838776409059,20.36143878675386,14.29943829091551,12.92293251839087,15.395040013896423,7.894944366376288,10.7777415231332,11.409369665425627,7.021455470926093,5.916217828363941,6.806990872406426,6.1966588353524426,5.412408442234531,598.7029864433508,182.05402072706337,1274.5240293154116,291.6275540778963,2967.5905363654897,307.1523936064575,-6.58726755392903,
22 Elderly Healthy Control/NICOLA P/VO2NPIICEOR42M020420171811.wav,NICOLA P,0,143.16465805594024,149.85003769089693,136.12445863589,0.003006241990433824,2.099934939732682e-05,0.0014100221978440072,0.0016827017707993247,0.0042300665935320215,0.06761430934264032,0.5939003939881526,0.02433212732948193,0.033751037499598985,0.06416993048307586,0.0729963819884458,0.00040993439522793955,23.78368097901101,0.14934801976201176,0.12243372933465842,-4.072524262610923,0.003374452921939622,1.1149906587433036,0.8049114509216521,14.710441535170485,-304.91148709012214,141.4213614320905,36.54618119828403,28.15296631355773,-33.55184895498872,-26.423981489495397,-29.27118319741674,-2.3658049554976457,-12.207869851636207,-22.59549825041315,-17.733409024439297,-22.219832093117386,-7.52855613810341,56.018586854481825,19.177234251735456,8.298088193496369,10.456102920480326,13.035445128275969,6.741519387595,7.671779339326118,13.115675731687407,4.347896255729653,6.2397338015249435,5.246190188731334,7.232101732531062,7.948632086582124,426.48647786631483,184.66006499572467,834.3575288063442,598.7518292129969,2507.4532516324975,444.8690592694833,-8.272497298571134,
22 Elderly Healthy Control/NICOLA P/D2NPIICEOR42M020420171807.wav,NICOLA P,0,138.67152604483226,154.3420430975734,124.06970686871512,0.01796017576786987,0.0001294280264913466,0.008813597184983845,0.010316372586053167,0.026440791554951534,0.14789017193085607,1.387414295679017,0.08055696668048229,0.10669882905169768,0.141271417682303,0.24167090004144687,0.015238153415842774,5.9394914797195675,0.12177654292983016,0.08392571004673002,-3.1561622923104524,0.02628819153459771,0.32685908756187854,0.676506009563884,3.9934656076065913,-368.0248346011009,103.75727210043578,-13.551814094364687,-6.228964475066578,-38.463508228573566,-3.417159343281913,-13.370288216767044,-8.20130492644509,-18.32365449270196,-7.012725471153349,6.827970948667493,-8.100584175264053,-5.520205236879626,169.1697932390839,58.11603073969347,35.147635392807416,27.672886833473733,27.200507235617597,9.733255332017839,14.924097348494417,8.283766736882828,14.782221673487825,8.521762726276974,6.269082016587815,11.243105725244646,6.436520765983356,742.9214979110233,317.61791891996234,1530.4028673296,466.84395707258676,2897.344465165268,772.2846700435346,-5.741142383695727,
22 Elderly Healthy Control/NICOLA P/VI2NPIICEOR42M020420171811.wav,NICOLA P,0,153.1791667517153,162.4766138581374,143.41414758780678,0.011563948980872334,7.547790382145035e-05,0.006504792018063804,0.0071091626672554475,0.01951437605419141,0.0725079268262556,0.8352387614280149,0.03247709646986871,0.04168580087732383,0.07138629580265765,0.09743128940960613,0.0146739552255406,17.238725672915898,0.0736994673860779,0.1547558113261631,-3.668194508749811,0.008392466284904813,2.796163643312088,0.7841869945321057,9.29201788502322,-311.34276938814446,62.79896003166642,25.514565208988248,107.14485511331745,1.932730570057976,5.296146011058102,-9.603380872505422,-20.500862971168,2.205476683071617,-14.065169019192574,-44.99361819579924,4.4601354610430475,-2.0273966161388888,57.89519641832269,16.188491093165418,9.087653745679715,22.990666406107426,8.381516034617615,9.986893729741162,13.195888411709168,7.515293667397272,4.740335353555807,5.793418999761328,7.741890799844381,5.531343274797415,5.622980027321518,279.5055133325467,27.40766590045892,2173.01592802957,79.05395626569444,3711.0353990889535,237.86590575243417,0.2402360813091458,
22 Elderly Healthy Control/NICOLA P/PR1NPIICEOR42M020420171813.wav,NICOLA P,0,152.98036387338664,588.1702281497835,96.05763918232519,0.028447108592992227,0.0001864242910441124,0.01399427299300892,0.016128114815433615,0.04198281897902676,0.14033998249547813,1.3346445003377467,0.0611601765143344,0.09150066018003022,0.1578308805347566,0.1834805295430032,0.018296368372835086,10.660982662678508,0.19794062763550105,0.29342670758276185,-1.5973376374239094,0.09842703510167819,0.9406662847872372,0.2316023995502421,2.3440488321840967,-304.78189704230016,103.66775159766239,-1.899443350177095,34.01206787510072,-5.9409847491749765,1.0845098480378526,-21.61141481315487,-11.394090037160066,-16.845079484167307,-10.374979754935714,-13.569468109312417,-23.144575596077253,-4.708597933398922,95.67632845781542,58.638547976892106,34.440575726370966,39.941331116118626,27.76215051560613,19.81580420101573,17.80548901264581,17.4694619864663,14.68182445727858,12.804947775431815,17.1261765872699,13.090030479734384,10.483861039403813,675.0532589394636,395.5579634979173,1774.7809954585052,477.006125849822,2932.862342930501,684.9083428446053,-5.8011479802786265,
22 Elderly Healthy Control/NICOLA P/VO1NPIICEOR42M020420171811.wav,NICOLA P,0,147.71936076088878,567.8560573611901,136.82809464669148,0.004954384331136216,3.356478939075e-05,0.0026499143937592042,0.0028085237616949504,0.007949743181277613,0.07209149281203908,0.48657182288095463,0.0351741914102351,0.03816174259932238,0.05576584930758008,0.10552257423070531,0.0014392850202471844,19.681443878480856,0.1431413124191802,0.12113724541327037,-2.9627759221590075,0.03551003903113926,2.3637008081232276,0.02160929319935183,13.31909861729821,-375.7251662136134,126.79637219168474,37.83471566669991,17.09383217984529,-35.128165830741615,-29.417496649635655,-32.03683315713326,-12.451005581283788,-11.422276139545563,-14.329914796141752,-6.2175119308734095,-28.010288150712675,-10.281548935346256,68.60624280849355,24.4458761791971,11.178454429286276,9.570072110408072,15.466155367047074,6.4317855853262085,6.713998105667103,9.070646615826195,5.533791901054285,7.020862575143126,5.861916637764599,5.657263121949849,8.049992049592287,483.68762515640475,222.61095235815418,1158.2508947327267,901.7078253024757,3003.3370980326736,600.1912174433706,-8.0231605231755,
22 Elderly Healthy Control/NICOLA P/FB1NPIICEOR42M020420171814.wav,NICOLA P,0,160.69786976123115,419.07357719533314,89.10785525100788,0.030809302033985405,0.0001921621654018878,0.01512067869698813,0.017733476121700398,0.04536203609096439,0.15668633934051088,1.411425890968888,0.06663390253587093,0.09889661724313978,0.18024406802064505,0.19990170760761278,0.012698657760899025,9.870303421560063,0.23688979078842623,0.10920384807629865,-1.5832744177815432,0.08250963011172362,1.0454304155672376,0.2995440627045996,2.785407989020122,-281.6097916883553,124.27242384727607,5.537872846074669,16.429472511613312,-13.73581408365799,-0.8731716424560476,-13.022553625016506,-20.17919992952098,-17.2243684425622,-7.435747200383098,-13.64537660056148,-19.933859963722647,-2.550736790370251,91.72905778387656,52.80786171976805,29.79664942327167,35.70551479225607,26.942161589238314,18.212079865152386,15.856502399960153,17.943513474337436,13.857852122449751,13.979101169231145,17.980540118999198,11.234985427197566,10.306638550321328,556.6469220533149,308.6703443667045,1619.6193795023519,370.1691986141686,2913.691522558983,801.4145911688668,-7.504750903216028,
22 Elderly Healthy Control/NICOLA P/B2NPIICEOR42M020420171807.wav,NICOLA P,0,171.15910778143004,464.9832466538424,75.32365896237023,0.03403410821565336,0.00019935481785370276,0.016785739961441913,0.01948012007350894,0.05035721988432574,0.15894195541057643,1.4483165576924828,0.06894179889499712,0.10504747749252814,0.1823150407829686,0.20682539668499134,0.010317846169806303,9.447087621921721,0.18349348584550867,0.1368374206390808,-1.243847496620943,0.10262468098255256,0.6524006804098166,0.29925625508840553,2.4308718471821678,-318.4359059816278,113.91589819457401,4.13596823575869,11.408032347937805,-18.540641018248014,2.603466716504844,-18.770971091257692,-12.356601669884368,-12.17467593313575,-15.024330415480135,-10.328979783912397,-13.789695603357158,-7.021960002405839,107.91872289766037,62.976473536912124,30.451494210480526,38.19184321421391,28.901730276971882,17.597303593085613,20.204779383719664,16.87542800466939,13.302953680565686,14.151241298732531,15.932032290738695,11.018561410940535,9.768505271225168,643.2046061332243,363.0539531653805,1662.273263591519,462.7611005596333,2847.143615464283,772.5862954426589,-7.730145582864791,
22 Elderly Healthy Control/NICOLA P/D1NPIICEOR42M020420171807.wav,NICOLA P,0,123.35818936698111,589.2918510798735,60.606013961999295,0.0162460825491347,0.00013198578294359414,0.006921567187379132,0.008640223389691962,0.020764701562137396,0.11988572369572266,1.2322960115293744,0.05689209151381733,0.08400093242448844,0.13421408583900665,0.17067627454145198,0.008531638102064854,5.64273178407303,0.12439992637149719,0.08341444665606504,-1.068023642663998,0.24016594137527336,0.31547202287989645,0.2147340345661236,3.1995127208014473,-360.46417559784396,107.02902273499707,-0.7675411050738312,-8.792426863678973,-42.18324797234693,-6.100463583891453,-11.888507442369157,5.129496825261957,-18.516380233471207,-11.356607632184675,3.7445756383951982,-10.029902009795027,2.0286604458232405,158.72402822987883,56.3643140864729,26.02490734200764,19.96895599374739,30.495761572148602,9.59503894151092,11.666799810897567,10.116970378395294,15.498192218768143,9.311537842524578,8.640774508100844,11.943772086821928,6.7274323622422845,759.4521423721202,305.71491246536243,1508.9465627529537,525.9507653099105,2965.898895493514,630.8620132217352,-7.2147441533025205,
22 Elderly Healthy Control/NICOLA P/VU2NPIICEOR42M020420171812.wav,NICOLA P,0,159.84760300215223,179.75920381584072,145.10744725040053,0.005762374577042643,3.6039671904844613e-05,0.0021699742457382334,0.0036100292290234684,0.0065099227372147,0.04837781788270886,0.4440260633129105,0.014771838226616306,0.028783819699602742,0.05791922332377935,0.04431551467984892,1.2405414422575974e-05,24.33759837649136,0.07610166951548931,0.12491283569281361,-3.207622260783004,0.007883935474438011,2.3388170187959054,0.7467784644576518,7.999563065103754,-396.6908098310448,116.19651068517207,74.1195944482071,42.175043647429064,9.057921203204012,-11.59913751803149,-19.071686316171867,-19.75592053278056,-17.17121900730506,-9.45985371848481,-6.271249307752898,-8.634545537840319,-7.420704365823831,37.02208204786928,30.73556879087481,12.734142557215014,8.432340900878387,10.501466306568211,9.136483251432033,6.922769959854152,4.85099650308078,4.750189913626809,4.515108885135191,3.785293706875121,7.806083763922887,3.8597241373887377,321.4281537261084,135.33823523844717,1516.2195031420476,915.2878108969987,3150.2780996760484,741.8201111294522,-9.770563338180473,
22 Elderly Healthy Control/NICOLA P/VA2NPIICEOR42M020420171809.wav,NICOLA P,0,133.17881729472572,155.58036343552706,74.89347727736757,0.008961850155350618,6.725710885969565e-05,0.0049572304369480714,0.0048606478282030565,0.014871691310844214,0.07937887507090655,0.7712467837901515,0.04124771754142544,0.044237589771776706,0.06742516703754739,0.12374315262427632,0.008826679245474124,13.229816193043677,0.26145785132660154,0.034205306078051535,-1.329880365371682,0.09627275981560618,2.1371101477674146,0.24551589746657196,8.81513563496932,-225.0870038499424,135.208108467575,-2.8279866237594558,12.895149313135022,-77.82022623309338,-20.327093878668716,-16.53732985731807,6.983108328138488,-27.023721143708958,-29.808367898922196,14.99185268971802,-19.194431969514444,0.8117499276142073,62.01751972654909,25.4154127466949,10.944091043673959,10.619608476519154,18.643518538209296,8.373959418440993,8.050745752679212,8.520038252727895,6.391678416731856,5.520053515640248,9.866444749688334,6.371174983891514,8.065431320821062,607.2750053185955,191.93585733510196,1072.640292981336,381.1785375580318,2888.771040551703,253.3631227597027,-5.779286610993643,
22 Elderly Healthy Control/NICOLA P/VE1NPIICEOR42M020420171810.wav,NICOLA P,0,144.31267396690063,430.69277715373147,74.95591381830785,0.009027106253174377,6.264131492681477e-05,0.005144358539337787,0.004575288258894378,0.01543307561801336,0.08194296731611465,0.5070235989301962,0.040260548484223446,0.03617696147098021,0.04741827557123012,0.12078164545267034,0.014189097090258083,17.508730189019154,0.18185715687607953,0.09217055626446141,-1.83503522071284,0.0727219856729466,3.1185745013245114,0.10761342778626488,9.258469922099462,-323.94010411189447,103.14727531308118,-9.336649793130226,45.51641655030837,-5.720743222056665,-1.1360799791462863,-51.0330593317966,-46.7412807163376,-15.119346057323828,2.7687079668459704,-27.589257682261096,-28.35213101204175,10.24741569260111,70.334647785135,20.098419402246044,12.025404664841716,13.243071251017277,10.541715405400662,9.861356760969818,12.408340854396334,6.588632286387568,7.263227555335329,6.896691660437783,7.051003028705446,8.024170122140859,7.144433284289035,442.42841585981995,63.74321234072611,1847.9996483090763,111.318736887207,3251.4655590221646,426.99033840537936,-5.077265123147757,
22 Elderly Healthy Control/ANGELA G/VU2AGNIGNEE54F230320171023.wav,ANGELA G,0,198.17224156940412,240.02020277506134,191.8225964687137,0.0025317679921770067,1.2778473947331683e-05,0.0013729080759273648,0.001378066554186603,0.004118724227782094,0.02441744125084498,0.20584028163030177,0.012173000795655147,0.01243589598774361,0.018501439312944783,0.03651900238696544,1.1735566646111538e-05,30.856762356003575,0.139399838576212,0.06898313302481285,-3.8250363853556544,0.00743536425447712,1.6847990307507337,0.2088642274279362,13.084949360600227,-372.98972754876047,115.19606334779468,45.668971959155854,13.424238933917858,-11.594488278897954,-16.785126717452247,-21.74837922454862,-22.3011949408783,-18.302757017913606,-18.97166258299182,-7.827449114229368,-7.174587159467247,-12.117538083758031,46.56064355213908,31.30669394734956,9.04432660076046,7.529559749118012,8.027301687525423,4.906118502466054,5.839995587169329,4.742937139855183,5.828274451482262,5.336669264661243,3.994536431222887,4.116653825109985,7.077164197267639,408.47173747691636,78.88997022196237,737.4905460970164,639.4880623498891,2656.346540941083,565.9685483274847,-8.195207549759852,
22 Elderly Healthy Control/ANGELA G/D1AGNIGNEE54F230320171019.wav,ANGELA G,0,174.08326147178278,560.4125875498212,75.30681231782064,0.00766437106304272,4.4279206596042175e-05,0.003808500778183976,0.003309150951688699,0.011425502334551928,0.07576821057928518,0.8967027599425008,0.03231942555762475,0.04292256132091778,0.06591237194900965,0.09695827667287425,0.012612599845380231,14.730299737119172,0.14099625057151796,0.053004508418213046,-1.6535068871480243,0.16535211601762595,0.3265462570713252,0.2423056784455105,3.253826400604936,-343.08282808625216,114.6933126879887,-27.125260576389604,-17.146715130789183,-25.45565765520093,-1.91814538186018,-20.821379067044553,-11.738168264496117,-10.342389198940817,-12.143486999378585,0.6220145194096812,-0.2663573994811618,-12.348182371987908,127.03851482643464,45.234348006582806,21.242166566133253,14.470802730588849,17.08684561304886,14.204037061410554,23.31530977795022,8.20700988049546,8.545265811555574,10.408768270534024,8.087962335077037,10.058228425003197,8.702767592087202,806.5474397966493,289.28756734896024,1564.5411862316494,465.3949416153339,2724.384142938234,641.656589417739,-7.268813775036969,
22 Elderly Healthy Control/ANGELA G/VE1AGNIGNEE54F230320171021.wav,ANGELA G,0,180.07220133366755,281.2932012890145,173.51279440305507,0.004644277271295445,2.5788110219340864e-05,0.002562833567129493,0.0027907164133875073,0.0076885007013884794,0.03830857168776925,0.36908716558570553,0.019378898973042322,0.022355522883929342,0.030473266539841823,0.05813669691912697,0.004426427946897812,22.361797380446482,0.22153738412290025,0.27294453286823456,-2.817134350220361,0.005954347582815831,2.331664333300256,0.36824660734421194,14.775438383974468,-283.2751725985704,106.5705497394602,-10.66671000772111,38.3398497563122,-1.7441265922432514,-53.23539916182951,-48.518251732465814,1.1887454258943895,-28.239658900212437,-30.07419141975727,15.643176598234737,-4.718086240920538,-2.7204901753918467,58.851035874744845,17.46786264379425,12.441763951462075,14.919845973987128,7.522017826418414,9.445375314699882,10.875100840222597,9.875784541882897,7.83257238888888,5.777867343909842,8.226750643076214,6.13703031337123,5.518923749934354,531.2351919031533,138.56342375747175,2066.9981821570323,1106.192967767495,2737.4996671250906,294.729312280954,-6.512849030780942,
22 Elderly Healthy Control/ANGELA G/VO1AGNIGNEE54F230320171022.wav,ANGELA G,0,177.08954270874895,289.234211689918,162.85478363841432,0.0030133612175773728,1.701362951084147e-05,0.0015179576453771316,0.0016429028420120947,0.004553872936131395,0.02803265657432342,0.26975894240142173,0.011781797739693765,0.014895358655637413,0.0268022693192189,0.0353453932190813,2.2347538865766256e-05,28.974674085818855,0.2062877795269101,0.028943225443421036,-2.9013805196796287,0.004408245067562681,2.3224633077001937,0.702546320319793,13.914890673282038,-341.0688250473245,124.52356230440066,24.27669018273706,-10.963398218960391,-34.256335287635004,-35.605985225348924,-17.378496176784456,-15.131355692481511,-27.99384579586622,-22.976845996459,2.9643663193429837,8.045490387275839,2.6066813346325044,44.33309380057305,28.66599017556828,7.228971268262678,7.633633139876618,6.8313217142813265,8.930727343044838,6.966892567768997,5.601645317102291,4.9021041673268035,4.188249522767109,4.18468254323017,5.893526426764512,4.810663705562641,533.4796276095619,31.88832941854081,948.7359819084945,275.7073161309044,2495.2662400043137,839.344266066686,-8.780540021606763,
22 Elderly Healthy Control/ANGELA G/FB1AGNIGNEE54F230320171025.wav,ANGELA G,0,189.32715668049732,599.6004027973336,75.17241328123782,0.017817510545440847,9.45449937141594e-05,0.007982707863248357,0.00888260623040607,0.02394812358974507,0.09909428737187716,0.9731298739690303,0.037792127995691455,0.05739863591367246,0.106096507739367,0.11337638398707436,0.035450336326304344,13.327563044098849,0.1757985202714239,0.052259681838711526,-1.4528271770770986,0.11705402335341883,0.35003742881807415,0.25533617604863695,2.250203074438101,-335.982089014044,93.8924480372404,-3.913714291215385,6.155553927467496,-6.772857789242749,-8.819164754939859,-21.59822735830753,-12.276995259324258,-17.03345041324825,-17.287815372111375,-6.362849642433057,-12.13443685772292,-14.23067559580754,107.12702750580335,66.17839691561979,29.334108349103882,38.3336752434197,22.450933362055878,19.320273546118813,21.236138550294257,12.995477357894186,16.63260795167303,14.681689319376844,8.952019230563442,10.48456203220092,11.922632289787666,725.6832410031793,383.0870471747037,1825.7915272394546,596.0143427813026,2827.771236758672,653.7454699275085,-6.602354267233457,
22 Elderly Healthy Control/ANGELA G/VA1AGNIGNEE54F230320171020.wav,ANGELA G,0,162.11035495612327,304.8697411581699,88.22147728799392,0.004082218618678374,2.521169291276147e-05,0.002318695716781944,0.0023379473292113183,0.006956087150345833,0.03735058493713302,0.35167361508912703,0.01934413460029029,0.02188636771217048,0.02906567326915349,0.058032403800870866,0.014017368944539728,18.758357297617927,0.08363646305496918,0.18033839928774187,-1.2539188819000653,0.04925664154222608,3.0274084605384353,0.08465213401252211,15.997787519636535,-369.13641993634025,129.89874780899933,-29.50046594648147,-10.198207941001764,-15.041617159666172,-18.338874942121862,-1.799899051322213,-3.2243392493999212,-32.7935848601325,-26.857916927053857,11.235865210353797,-0.22240526734936703,-12.694542650758372,59.979269206938696,19.438422949522504,16.55866949837199,7.70347540749004,8.256690964424317,6.1239781976717955,5.693825491964592,4.81596718868768,9.901069287024228,5.293887535075304,13.276434509167425,8.428422435265517,6.366251966290528,576.431628942102,367.68153656806845,1178.749830025035,203.75834916041714,2730.0206406025404,479.4576865666459,-7.706454287472117,
22 Elderly Healthy Control/ANGELA G/B2AGNIGNEE54F230320171019.wav,ANGELA G,0,185.58958531217812,581.8124483736003,75.6049678571123,0.01844128626287644,9.974956937304144e-05,0.008124087596148822,0.00936765536806722,0.024372262788446467,0.10211732547491426,0.995716897073311,0.04010030765057247,0.06072343601120149,0.102375011250542,0.12030092295171742,0.030450151176372307,13.991928362120904,0.1348419009664658,0.031472815675361726,-1.408087860348256,0.0968963292549116,0.37068592315577825,0.13795611183384185,1.168251315841168,-347.41507218138094,89.74836783605605,-0.23014511738154472,15.410717778804134,-5.8997442700752005,-22.913256660710736,-33.06945516770352,-14.452649217177056,-14.426313070967026,-21.381618636048263,-5.953628601028663,1.1279428739899302,-9.095277514488824,96.99168111048495,61.42884975177147,31.94083222524946,37.228746344891235,22.0831473395172,21.98778986005355,24.227454782505635,12.13489561069619,13.778976224744774,15.872012794881622,8.697416328561015,10.288321545683338,10.850039974553553,651.6271170223504,300.1374301648487,1811.5019231115236,599.0719408152205,2773.700700752272,580.779407318374,-5.925025957176893,
22 Elderly Healthy Control/ANGELA G/PR1AGNIGNEE54F230320171024.wav,ANGELA G,0,180.10062028313493,597.3955257697938,76.33299309716128,0.014931784639711974,8.328440785354745e-05,0.007037680484826666,0.0075386206228046536,0.021113041454479998,0.08629802548837766,0.8759417319623887,0.030826228198602822,0.04622227036921287,0.08479392203985898,0.09247868459580846,0.01894285297411392,15.799202168417409,0.22483711122398908,0.04314680986317558,-1.5741774533469652,0.12899994806197582,0.6448796779462516,0.2555844755576457,2.3647387393413446,-329.01485694132725,109.18141818623916,-0.09990218259512217,13.17395044394587,-10.090543094640774,-22.171688022001845,-29.670979319384003,-10.254729916899787,-17.60961925578287,-22.184182233498124,-7.3392575962894275,-0.8367443309587616,-5.408618516894768,86.95425679949972,61.7613574143192,29.278468795094383,41.06146832271655,24.959157584292193,22.63178661721977,20.410941312399537,12.057768234091458,14.735266226453174,15.351184878680563,8.979879578824562,10.044018726760665,9.936420540452154,641.88703822415,268.52843982489406,1761.558175341615,588.3745547326752,2780.2100454233196,574.8595251766444,-6.166209377608341,
22 Elderly Healthy Control/ANGELA G/VI2AGNIGNEE54F230320171022.wav,ANGELA G,0,192.3025136364585,196.26194692566938,189.01144398105998,0.001512257875840232,7.86401371553343e-06,0.0008242126829310875,0.0008594195757731549,0.0024726380487932625,0.013527347474764155,0.12696636869895894,0.006950055969140747,0.007041115076126464,0.009882361828879948,0.02085016790742224,0.009435684022065636,32.82201261671832,0.16962975661652177,0.04239245154677503,-4.930787657637908,0.0014807997048676635,1.6962750564947153,0.7555789324995957,18.13416702699429,-325.12861474614016,80.63129501708211,15.75204650209023,65.30349532547284,3.5019711353054626,-42.51324312049717,-29.364815330384822,2.791875609298137,-44.23131004078426,-44.90605994584332,20.230977347356898,-12.870116586537833,-25.51499577761642,52.267111844014295,18.97515395908893,9.558526885470245,17.258433638475015,7.927050154203754,8.277773129686683,6.637773420679292,8.514647656584794,6.851183202432982,7.086172150691384,12.527265344017687,4.109629073325746,5.254334851105965,395.01819561389834,16.06089198222125,2480.1078119480585,557.9100399383531,2845.0657943306383,91.7940035809734,-3.9227287148176493,
22 Elderly Healthy Control/ANGELA G/VO2AGNIGNEE54F230320171022.wav,ANGELA G,0,180.39605083477468,190.09698347788748,158.44881334273592,0.003382323659852618,1.874931920340494e-05,0.0018497406227772019,0.0018982425848209454,0.005549221868331605,0.03140924079544538,0.30729327419281377,0.015969702027761462,0.01865713888381022,0.024579800309023195,0.047909106083284386,3.344095670124656e-05,26.17067511531531,0.23624743072912857,0.11332439105466427,-4.140339065423627,0.0033137425110842836,2.286477727420122,0.6259816812305177,16.724201033987736,-314.58321562526766,149.81055469982846,22.28733680516223,-3.9914307493078303,-37.4588693202214,-39.75451348130526,-17.004188050123176,-8.197397822380106,-17.298287676998747,-19.405536791545753,-2.1985353779525325,1.2501456748541724,0.5908722817695652,60.09424259278239,33.03722279237102,7.9655751826790775,7.010690853772771,11.410663186429971,9.079736662017329,6.530552120342139,4.6750331545508885,5.005090476422276,5.755688121550389,4.367368601658533,4.1122722258879625,4.133594616039324,561.5704944027667,74.20902790840336,924.4246665820457,258.337506940584,2616.998150615703,983.1353747247972,-9.947431807493551,
22 Elderly Healthy Control/ANGELA G/D2AGNIGNEE54F230320171020.wav,ANGELA G,0,173.99866801097767,212.65827744420378,151.40535919964168,0.007959585206111662,4.57524265981376e-05,0.0037350117963887513,0.003816654719925117,0.011205035389166253,0.08515549059332618,1.009600483011634,0.0347522703135735,0.048582796869974236,0.07505684443184588,0.1042568109407205,0.028026213411753986,13.726798976156443,0.14923435200836857,0.03407502979030632,-2.555520630039843,0.013886639368863874,0.30692282577993185,0.5395002002091823,3.063111076356549,-351.68259336001506,108.77115585854301,-29.850525974085567,-19.115679501466534,-24.829007722212054,-4.097375034335005,-21.26005313773648,-9.941402348432133,-12.287153467576626,-11.719015256560715,5.018399743850028,-0.22565430375293852,-16.448119759235336,140.43549667416076,48.61531618113136,30.708062597003817,17.896683773411397,17.819427050517998,10.9034969200503,23.217071374625647,7.179252070621367,8.071476079001492,12.00610261715467,9.067044770097285,8.16320965512081,9.60281069831388,818.0790514323032,309.0084567980242,1564.9312053393771,430.81449930818695,2754.1243436069117,595.4634420949001,-6.4437436680191125,
22 Elderly Healthy Control/ANGELA G/VU1AGNIGNEE54F230320171022.wav,ANGELA G,0,184.87247888912097,208.18097646884434,92.03788763703184,0.0058225715311687465,3.1504535553588275e-05,0.003548918796276313,0.0028464892941149544,0.010646756388828938,0.023789889247324687,0.2740954787780691,0.012096304541997083,0.012967546356681512,0.017590125446447388,0.03628891362599125,4.0357316714502865e-06,30.393920328430813,0.16645506254064082,0.08140036650947886,-1.9054895205303823,0.030655561440369787,2.165265643847945,0.18797843750242194,13.351333320823564,-380.83417650186266,107.76512756873831,48.97490862963522,14.682004356441706,-12.891782101451764,-19.330750387667827,-21.361849822545096,-22.198831007875587,-22.449485892124617,-22.38574169634939,-10.217969374176274,-5.087324438251271,-6.645876862867216,44.49402850768649,27.490797887881477,6.1561052662744595,5.078477576558862,6.288737192468196,4.927481009415119,3.917964487023348,4.2516600362389125,3.693468021587979,4.151413196680759,3.879137353837362,4.154904857904219,5.0466084742911095,420.45905700204816,310.1961484333192,823.4719658311096,530.3644518492852,2747.696789023823,693.2684885054128,-7.736369763756561,
22 Elderly Healthy Control/ANGELA G/VI1AGNIGNEE54F230320171021.wav,ANGELA G,0,195.25946546632494,334.41214498487034,182.3060849669889,0.0032078362350443468,1.643122580768744e-05,0.0018270384924978177,0.001627445972998577,0.005481115477493453,0.017212885995680313,0.16645903979445037,0.008565954625160951,0.009206723212703638,0.014318856380509136,0.025697863875482854,0.012377189726911686,29.686397723558773,0.252202689655736,0.04533640324866137,-2.815628490350594,0.005818849499557597,1.314803760696735,0.2917087197462653,11.872157774396836,-289.4002117070948,90.07923913826858,1.7982783674186438,62.318401440017055,-4.014586251025213,-39.42894422222634,-25.54231783017644,-1.7503366979538266,-39.27340542151287,-43.90011363189248,15.201988861575513,-14.227888792353617,-22.52909833453931,61.42318211489551,21.5713728164692,12.671210229180462,22.23384069586114,9.98127533755426,7.73129125871194,10.756615221743953,10.824543915579484,11.304677555350464,11.538812051878397,9.477831336252855,5.800138801743711,7.3316742103310615,411.4091480934168,36.551085780738035,2475.3621564885675,634.2845037898693,2880.147068196572,201.33691897311783,-3.74465998096324,
22 Elderly Healthy Control/ANGELA G/VE2AGNIGNEE54F230320171021.wav,ANGELA G,0,147.65143534394159,309.0648059444984,85.0460203929033,0.005883566328851595,3.983138725899402e-05,0.003078537231584964,0.0031395272566204693,0.009235611694754892,0.0400031971811452,0.40915819307652174,0.021578654381735042,0.022976775555661137,0.030650983170043236,0.06473596314520513,0.1377023639038071,19.55128758088102,0.21963342051909865,0.1344165497391338,-1.0704690703931425,0.055963317185945965,2.8590662027777785,0.049842795997304165,12.297243587042413,-259.42970359744817,124.6324747657024,-24.543211531963088,42.50798150928677,-5.351960153434537,-38.639050787572934,-42.117013658566535,4.358498962687342,-20.78410824233484,-30.443064562812232,17.163622386503434,-5.091396121524106,-9.470123724284138,64.71875252178312,18.250507138214378,12.473203424224149,12.52163619950846,9.03790997635204,10.231928788473176,9.762117145251434,11.34474847203751,6.090931409202678,6.859285797401341,6.562434848635421,5.471142549617975,5.044832323147001,549.2462117684139,233.87196854115473,1956.4563342326999,1323.5791292404633,2660.9572301713106,331.7556984560174,-6.067347513143647,
22 Elderly Healthy Control/ANGELA G/VA2AGNIGNEE54F230320171021.wav,ANGELA G,0,178.74605744560637,185.15162877855806,162.8733015561219,0.004588059411532866,2.5665668337681803e-05,0.002751798407600158,0.0024911957480956252,0.008255395222800473,0.03970835032940413,0.3479914832126234,0.020606144731638548,0.022703120619401652,0.030630223581619417,0.061818434194915645,0.0018244232108736633,20.79681882650518,0.1041416193257181,0.27675628812086045,-4.438068387091909,0.0030928377853398905,2.5151552149717378,0.6200871816435602,18.00765514319255,-320.091854167754,144.9359442412287,-27.20182043443379,-1.4441034001131046,-28.190325029268823,-16.917362865549148,-2.528633340660652,-4.675805053587254,-34.71428086608734,-24.62294718931819,13.62740261943105,-1.930809047037878,-13.445980209944993,65.03844873257361,29.06526102462037,12.556174909533146,9.862390567844427,10.186092181051006,7.0775091414669395,7.613937521324097,6.492718518068907,8.911933790192887,4.878861496195024,11.644394018428617,3.8920595877688444,5.919206232622002,578.9659585080748,182.79266498673596,1178.2070549479758,225.6320620673048,2762.3982054429007,444.8333487260932,-7.258198028329257,
22 Elderly Healthy Control/GIOVANNI B/VI2GBIAORVI48M230320171238.wav,GIOVANNI B,0,169.8051205779639,174.01527362461493,139.67366274195587,0.0031336769370520754,1.845898629030562e-05,0.0015942377029469106,0.0017116947181435665,0.004782713108840732,0.03798057045397422,0.3200619813341757,0.020079345152232413,0.02322139910303646,0.03153473223058455,0.06023803545669724,0.15897217124361368,20.09747829070131,0.24595219464098464,0.03815870588247304,-3.8905408401686197,0.004014732764010462,0.2144522052527737,0.4974671316918236,19.73792519368164,-271.61258151141396,76.40098357393896,-48.62779470970406,121.06775119036817,3.9096736017848097,-72.55463288891536,1.0245692748272266,-19.087362268694086,-44.692810968783604,-31.782673237141353,-16.132134481299197,-1.2641156979883694,-29.43850307024185,40.216647867523704,9.056894100107671,11.062803122483137,20.3987208190419,8.851423074613093,11.816026911053214,9.19784167185527,6.0118260796015495,9.18323481955101,5.079514521312891,6.085788066622808,13.25919902510755,4.530773311244139,384.4436517073494,30.119755413561435,2399.4175864473314,813.1480325302871,2773.561976540954,165.06504090307837,1.6992396931467708,
22 Elderly Healthy Control/GIOVANNI B/D2GBIAORVI48M230320171235.wav,GIOVANNI B,0,152.00015192015772,183.47971729132274,79.58230039218647,0.010741652387203992,7.085390688787756e-05,0.004997780012752957,0.004770506506205357,0.01499334003825887,0.08866932715160351,0.8966479860634736,0.03900674888919107,0.055998247198585066,0.09772374655715511,0.11702024666757321,0.1503920634040121,11.422543488851721,0.2268761231390907,0.06874503532229208,-1.3217826371240267,0.11408848913662535,0.8891180557608951,0.28038724580032237,7.188850044019635,-276.8823137216095,135.34180854485106,-71.93541645174056,0.3712572927767283,-36.8909774327336,-18.311589835188343,-21.49393519867054,-13.817773842425709,-20.57632320765732,-18.054128691563818,-7.58527231672378,-1.3248962271271452,-7.573928177448683,139.03931995151314,33.13971723628605,42.79879928935162,33.230402498242896,20.315107257900777,11.251481699526556,14.092595451067337,9.345900384225198,8.038620869907264,9.476853485977825,9.21222346491553,7.929504149058817,9.38858020564626,776.7770573610787,335.11611320914267,1451.894836300393,538.2659833078814,2506.823583369068,387.59543170972097,-4.1337156847607295,
22 Elderly Healthy Control/ANGELA G/B1AGNIGNEE54F230320171018.wav,ANGELA G,0,187.07751440516012,589.5850513293442,75.2049745201531,0.01872001552575927,0.00010075489746482039,0.008642780333543784,0.009632514636962495,0.02592834100063135,0.10166279212252657,1.0027397218944984,0.040872807218106474,0.058347551141305035,0.09909232973960598,0.12261842165431942,0.02371182880370188,13.821270583925033,0.17696449676336415,0.028599066248539855,-1.3905153838944844,0.1184667220729991,0.3957075294555383,0.19522421243298338,0.8418841853458048,-335.7784614970399,100.06525671354838,-4.818854222749112,17.58658818693472,-6.159377784978658,-21.829089242607218,-34.061427934904586,-16.47208228562129,-17.404583738851446,-18.33456232047469,-6.527145987735558,-0.23011918944840523,-8.484107595326263,99.0992588702104,62.20062193748158,29.570707742027782,36.59067366088324,23.66549386848499,21.282508369508747,23.415858259217206,12.508514653871462,14.381573728510675,14.195542748206947,8.673978522118407,10.50255596382749,10.53236937549446,661.1255553365393,322.3558900917991,1832.7975594259096,618.6430900392663,2818.3801545002693,615.5052459920493,-5.597718697727998,
22 Elderly Healthy Control/GIOVANNI B/VE2GBIAORVI48M230320171237.wav,GIOVANNI B,0,161.1663541541473,164.90688717456257,154.41328512602462,0.003475085952000596,2.1561384230868086e-05,0.001967667350578304,0.001952129584634062,0.0059030020517349124,0.05683435908931339,0.45851416973792997,0.03078433558536952,0.03702999979081536,0.04615771771781745,0.09235300675610855,0.1785200451511508,18.82142318531433,0.22145071299970506,0.055458702477854976,-4.829164015647297,0.0027893213648976373,0.19560483288764616,0.6520921886597131,20.46960232484436,-264.9390919936932,119.71325948833085,-96.65484463244955,60.20379583502961,8.240072204178059,-59.871141667684896,-44.59908356072285,-20.212964653020776,-15.691581025018605,-15.297000339892909,-5.7668441571753135,14.843853021477805,-13.558566303470052,64.66380927980758,9.511805504340858,23.70991669407214,13.866974765134314,11.298574874321718,8.261336571924925,7.930736163189938,5.650210716189698,7.514133344517602,6.196436830014204,4.673687466150573,6.718903898237703,4.306068443625207,544.8350294306794,62.010591000450816,2079.429066804894,674.5899238866294,2497.1142090804083,344.321714271917,0.2293193721746923,
22 Elderly Healthy Control/GIOVANNI B/VI1GBIAORVI48M230320171237.wav,GIOVANNI B,0,163.38504827206347,169.40888375053078,82.11446433953957,0.0033051022766370794,2.023074135143602e-05,0.0018415818265104,0.0018580576268945623,0.0055247454795312,0.05151553618713724,0.3630448415639232,0.028436295247777868,0.03052387156589784,0.03739753704321873,0.0853088857433336,0.2177716520643077,19.60440922260272,0.22812235533121558,0.03648871005045187,-2.0424597811571252,0.025712691201785345,0.1872862904251932,0.16005420769122494,19.88314539282795,-309.3799606720569,71.68455857832171,-51.006693881677386,91.54116356770011,7.19829301295725,-55.42639240029262,-13.495577584566051,-16.013717529448684,-44.79297597983048,-35.54068160233947,-0.7808462365512899,-7.532871423985841,-36.49120157652827,52.09668280360803,10.417569003695423,13.368982418308967,17.34158804057465,8.957031292144958,9.081375763041388,9.700273464673753,5.4731493595852925,6.388972024008703,6.178763669478556,5.866062694868165,5.496183033925964,6.060575874738137,446.9613747195942,47.896002654199755,2537.2298039693073,176.27331322074704,2821.629949706592,267.7617266243008,0.8412072494286077,
22 Elderly Healthy Control/GIOVANNI B/VO1GBIAORVI48M230320171238.wav,GIOVANNI B,0,172.64484781160633,177.24687456378854,141.3847588720276,0.0018906442249058165,1.095083838625184e-05,0.0009291345692852003,0.00109067269017838,0.002787403707855601,0.027989418676863883,0.22209788522830357,0.011272284858048074,0.014522228449576745,0.02960747628284799,0.033816854574144226,0.002886196759896664,25.85867436289395,0.1929079924759187,0.03644153949169178,-3.929074566883427,0.0026768220743754504,2.400123438080199,0.4680733141860582,16.79955524036671,-355.80556036089985,116.27879184750672,6.80393463354665,10.059699043511808,-51.67081407011289,-52.237767719150405,-15.46361672066041,-5.20382503687508,-11.303332726574748,-24.83454119381508,-6.03906420227825,-10.403802268305329,-13.560914235452657,59.349015369535124,23.06994115547539,19.417999026540258,12.972200226279076,13.085605017160585,15.39906498412466,8.160708570341772,12.267010622942331,8.74030181586106,10.443028769708128,7.7815745893532675,5.017277503119989,9.468759193056158,550.7790779409396,171.73113537898527,970.7358077888703,374.79292138161253,2823.5236226162883,273.4376321718525,-4.637730826447099,
22 Elderly Healthy Control/GIOVANNI B/VU2GBIAORVI48M230320171239.wav,GIOVANNI B,0,182.50584897618714,185.62585025297557,178.32646927237806,0.002028224663735484,1.1113426711191275e-05,0.0010769873752302717,0.0011393334855588316,0.003230962125690815,0.012412961553211315,0.11810179997527938,0.005761895092807461,0.007169725265015527,0.010397827982217316,0.017285685278422384,0.00016496770854887685,34.17561809825339,0.23934633517481435,0.02135827882415487,-4.953051319108924,0.0020501846453491626,2.014491271931929,0.8541880392627711,18.78400811146576,-314.61016866769523,123.13925559381259,42.6687225681264,27.766904762124714,-22.362386679707722,-38.72498102588531,-24.37690111287297,-29.48614767174099,-22.759685954081288,-16.47327180745609,-13.81278463721492,-10.927448032979683,-17.9524950081386,44.03399442266098,24.850610432423856,10.365160410427427,10.381149796744939,9.925098001905273,11.977706191304764,9.587756794845069,8.382926487035105,5.417797871851197,3.773377978466993,4.5005001625842915,5.830311751561026,7.0784093189134625,390.7355883851907,48.02559901160623,682.6555460173364,389.5174184233552,2795.18364121669,155.15862092335874,-6.436008827015103,
22 Elderly Healthy Control/GIOVANNI B/VA2GBIAORVI48M230320171236.wav,GIOVANNI B,0,162.15017506113634,170.10520544777586,149.01831940235883,0.0041015109805351245,2.529971595026922e-05,0.002337228252735597,0.002044449419646047,0.007011684758206791,0.046538783933712476,0.4265386318050941,0.024009524897453744,0.02657151873197689,0.03841776195844525,0.07202857469236124,0.03422577538351496,18.717541735945176,0.24366222334006044,0.06357371907743221,-4.4434829786699925,0.0034916436201385703,0.14946621982308758,0.5069093322059838,19.21158334318887,-269.3168033070448,140.6177673037285,-108.35458251588423,-12.928242048956328,-38.042980589033284,-5.915477490098182,-6.519731548456846,-7.638048443382254,-15.297622804567613,-39.417953048483994,7.234605872506731,-3.397059378039951,-22.23070787313318,56.17374312650656,13.854954940751943,20.221184408370625,23.066937688912912,12.17357865038947,9.104456776290345,10.007558916369304,7.3942790611726705,8.931516526723325,9.750432653367342,6.808576935281222,9.672084557052283,5.793215028198044,815.1658321644362,502.596173423688,1284.247956349472,187.77741039965295,2461.0247980646386,251.75065043341488,-2.278130714124119,
22 Elderly Healthy Control/GIOVANNI B/VE1GBIAORVI48M230320171236.wav,GIOVANNI B,0,160.2002440263477,169.2118236989869,77.76256645868973,0.0028814183549596807,1.7987443660625635e-05,0.0015420214612409011,0.00159054647189411,0.004626064383722704,0.028366475450698075,0.263139382409843,0.015061970690519991,0.01739265200750925,0.02358762152117656,0.045185912071559975,0.058239827381155664,20.565704552322998,0.22105429682560904,0.048247131948458415,-1.8968098302532728,0.03082741577426331,0.49016458996448165,0.20320952349251195,20.126149766564765,-294.1474631465459,102.94637598116776,-83.91751650933095,56.632206396534734,18.27931406564192,-62.86099770136532,-36.158447520596674,-17.395344603171004,-21.779212032474994,-16.538191053386633,-6.239854279825063,9.619551679181823,-12.023400626882964,66.92844039706372,15.609975750313374,17.772246202739147,11.80074563524554,13.132520477172715,10.247384084281956,8.972164132415061,4.179509191124779,5.381536185744855,6.677389891995176,4.9136233669546945,4.696717190922205,5.235511524498997,519.3042266301234,62.60769009493912,2143.6256213729444,699.5726644902846,2484.6846310377778,500.13222650634754,-1.4970667968207767,
22 Elderly Healthy Control/GIOVANNI B/D1GBIAORVI48M230320171235.wav,GIOVANNI B,0,151.4970285246514,171.8722254785964,78.48207072992197,0.01031701290906883,6.825918409660187e-05,0.00546929374023992,0.0058223182281535385,0.01640788122071976,0.07961052719111504,0.8743205412751651,0.036364590991450306,0.04517282282777364,0.08343165533118706,0.10909377297435091,0.0927819541777415,13.32973471244106,0.22691310777271592,0.04960360786668368,-1.3844806263674925,0.08967471749562402,0.7554881486425832,0.06530375683088452,8.500787659448978,-302.7787247816291,128.87409942247984,-59.48432660975173,-0.21536519411657318,-45.750996626263884,-22.25687341089738,-7.72946781694365,-10.267672305145632,-19.20081962646883,-18.10529149051098,-4.5193153088844555,-2.0084767644215056,-10.024912596489278,150.81547997934464,36.14695519553872,46.2610397645484,31.118766954423204,21.973039329953895,12.575120191769168,11.482950075406782,9.147291422774062,9.381296326543628,11.158190673355204,5.617640305457402,6.990678736895291,9.224084006565576,786.445220268908,341.5336262428738,1405.3020010448595,576.1848993034968,2619.249668269889,474.91538621195735,-3.700774462202931,
22 Elderly Healthy Control/GIOVANNI B/FB1GBIAORVI48M230320171241.wav,GIOVANNI B,0,160.04529338716938,597.1160660174539,77.95347217412126,0.022436785378800658,0.00014258440088898592,0.009620583618277515,0.011241117427739238,0.028861750854832544,0.13086977801439423,1.1900046955844117,0.050721081695999495,0.0761796449121141,0.12710028158892359,0.1521632450879985,0.021991784987557033,11.781308050128848,0.1454387689630345,0.0316359712702184,-1.255993271942411,0.1570816189504323,1.0420736837751015,0.2466472499541294,1.8788517760706647,-347.4699177282679,111.29240680924241,-2.356187302969088,12.561734165619098,-27.422575412405482,-24.01088841908097,-0.8547159283106844,-18.75713893288352,-29.00054523379448,-20.14511312616944,-9.696592607640326,-5.032824539565297,-8.212038909472383,90.18384244558088,48.01216469939513,35.913553510537156,31.106901084197254,24.589033214884186,21.748705640138244,15.110879462258172,16.981517219050833,16.126696191276288,13.405732700841984,12.138707664204976,10.775680194797758,9.568584254587986,610.9017648523201,241.711154281006,1555.1566189363127,525.1647622076941,2893.047264360645,461.30214391745915,-6.253349060452443,
22 Elderly Healthy Control/GIOVANNI B/B1GBIAORVI48M230320171233.wav,GIOVANNI B,0,159.58503862211327,597.7453700819716,77.94430144388373,0.02375620844448396,0.00015124988278853734,0.010423058367127588,0.012206862800915859,0.03126917510138276,0.12968920933909397,1.203456571734452,0.051117367512658586,0.07867073054110861,0.13725744624101355,0.15335210253797577,0.025703161324911055,12.37528656556326,0.17206779435405567,0.047775988070800995,-1.2144323362708054,0.17209281358509632,0.6333344035233299,0.20621342682435084,1.451952617814399,-325.79540463905175,106.46623428721058,-7.563568240917176,20.711466404492068,-11.546541600417578,-20.12942621314877,-11.61187276799805,-22.82997764799582,-27.333515474131968,-21.079297446258852,-6.630787453038428,-5.96814540756693,-16.397912395718187,98.33834656719031,54.116872878240464,38.88427525891881,32.68026709300388,24.951405268823514,20.19395248583238,14.34114292530654,15.704027059897467,14.111292156983021,13.568932161114175,12.58653691380198,10.558674157215192,11.826471858614074,607.1183186103868,300.1655901218141,1649.0788238178343,483.90909683261407,2839.244262791652,423.4555111799637,-6.0586397682218704,
22 Elderly Healthy Control/GIOVANNI B/PR1GBIAORVI48M230320171240.wav,GIOVANNI B,0,150.33227788994984,581.4760709239443,76.90764835363922,0.01400280818398772,9.353749293849023e-05,0.0064061460969013296,0.007438124655989971,0.01921843829070399,0.08648941520186676,0.8915945738710441,0.02693023338253682,0.04402249919199633,0.08392313595637116,0.08079070014761046,0.0024910187869924055,18.23777502660527,0.19748415822392135,0.03236779698531086,-1.8098121740586761,0.11273655782224723,0.9496505435156712,0.22501675058318696,3.09084971206358,-340.05836399749217,108.72723448937896,15.839896645457877,22.123291097999523,-34.35303798882596,-27.933355732785934,-13.360096062583018,-24.03849685179265,-19.664538229637404,-28.060609568610804,-19.36775401783041,2.703438545784436,-5.490168665771125,74.85254739237065,45.71442046852197,34.98209696519756,32.03873887772865,28.099139685339424,20.44601285489636,12.717460726704577,16.710742650146237,14.667113544186188,14.261589788806303,13.978709360420414,13.347478223432814,10.235830969734288,536.6428421185154,156.5609345128349,1451.531247193318,559.8055410374491,2896.347944375627,609.2268939486823,-5.431852131456669,
22 Elderly Healthy Control/GIOVANNI B/VU1GBIAORVI48M230320171239.wav,GIOVANNI B,0,176.07093019718673,181.36862264373312,121.12154273944385,0.0020801639790463773,1.1815097973678581e-05,0.0010168285624708026,0.0011517648415934703,0.0030504856874124077,0.018647579123943832,0.1634010350029166,0.008140324900783216,0.010227234621504594,0.018600804216641485,0.02442097470234965,0.00023731171942445288,33.93716210320249,0.2193170322748663,0.02265125479303354,-3.6037789816370074,0.0032821818468161366,2.8404816956431844,0.4527680623596424,17.59273295303057,-358.8958319933942,99.10289143503893,41.89083746970306,20.641093838438017,-18.04699404859534,-34.38258698271807,-17.511121216853336,-15.223509342428029,-22.6835591360858,-18.673147330437804,-12.331897465925916,-20.624314897479536,-23.15582756623184,49.48579543320868,30.049662577272674,12.312294511039026,9.288355648266464,12.419096694317808,15.656030515891628,6.316845981012674,6.454709292757821,6.219686573154956,5.8375437734554545,5.427899645261044,5.614424851227336,6.523054521048144,364.3908815686818,32.71576659930691,807.5500125118339,280.40800718849675,2829.9674160122454,103.42924881345245,-7.23742957463277,
22 Elderly Healthy Control/GIOVANNI B/VA1GBIAORVI48M230320171236.wav,GIOVANNI B,0,165.9214579671699,173.20871270056233,107.93223975331124,0.002751795832678419,1.6584455845248053e-05,0.0012628856982983957,0.0014481882075859456,0.003788657094895187,0.05498318432165808,0.43743019549790035,0.025972181027875588,0.03333148773361731,0.05188568448457291,0.07791654308362676,0.026305380681158886,19.23540961273669,0.2553831710187707,0.04629029747371991,-3.585081782309932,0.004403371391090035,0.08797813024206726,0.5332057500997957,18.062847978821285,-300.3080872831047,127.18518696451837,-103.29876174516941,-4.715072281096057,-43.69014025900626,-14.819569619199529,17.930702497017094,-2.265662746579524,-33.00576298766158,-33.167598870144424,0.8943957509965265,-6.416114177261982,-21.01721302424002,66.57543208514065,16.397220003278935,15.967004465549902,14.945820717739249,15.219615829356393,11.540305637302719,10.926912604316563,6.442753123134347,6.733243104925526,6.475875048816507,7.2764760326664115,6.623600240170127,7.209443005900331,878.9823166188725,376.1176408608897,1351.4001788986168,243.4979629328202,2566.7107132468436,260.3310161716733,-3.0459761141228587,
22 Elderly Healthy Control/GIOVANNI B/VO2GBIAORVI48M230320171239.wav,GIOVANNI B,0,171.21587536878846,176.05848512800517,141.39558451878105,0.0021845963500129006,1.275947862260308e-05,0.0010518968396272582,0.0010737732391881687,0.0031556905188817744,0.05520002664668501,0.456690994114503,0.020058327394232637,0.02954993301663341,0.06398391443230693,0.060174982182697914,0.01387603991849029,23.308505816831424,0.3127357730914812,0.045334616190638964,-3.864305210035499,0.0039297440362145155,1.1992102512063092,0.38039438186493923,19.341981604314455,-273.84221382428814,127.86109832611957,-22.908339356309924,33.30093054729586,-76.10631410372017,-67.01773167080323,-7.209274721297655,5.34396609008897,-23.21246065484756,-41.39305106544641,13.445525377419917,-9.282188812593557,-26.811982570398957,67.0304108959436,16.45698841584208,26.120813684417076,16.990986973263464,15.838069093250509,9.000855164045376,6.19754177938887,6.185509708861022,6.502703849741876,10.53032694522577,7.557158542290419,4.398522680697029,5.3982280386753985,613.5752279556765,412.8539057751847,1240.7998207909975,255.15267851273546,2806.045246379453,232.14509356096937,-2.9941812111109236,
22 Elderly Healthy Control/ANTONIETTA P/VU2APNITNOT56F230320170855.wav,ANTONIETTA P,0,246.86997332333127,251.98253069522715,211.0365952441056,0.002782697449538932,1.1271181889673507e-05,0.0016391640277006682,0.0015410738397691843,0.004917492083102004,0.023960087415467048,0.22002476489116798,0.010157214453921412,0.012670559795938088,0.02047477794976274,0.030471643361764236,4.9267931030541936e-05,28.219338740519678,0.2387385351524349,0.020226586907865773,-3.768928573149388,0.003754516726052151,2.5610061391289762,0.24117980727126598,16.382497094201074,-348.34095898853104,128.79846091985627,10.224950739071499,5.201364781229315,-34.20673994184463,-22.232454090912565,-7.353461235410832,-17.284907658248244,-12.411516000080455,-9.96838532296924,-20.45045830915848,-17.072255939775975,-11.817818507756499,48.95781344746814,25.62838871725918,8.700657720023354,8.728032700648678,10.374136535481858,5.15942233499002,6.689903981859846,6.244889733677441,4.8297396408263245,5.030271040727519,4.5569814612554955,3.858066894107129,4.54186776930093,562.8899685718953,329.0743912485836,952.5748800442609,507.18771604030394,3154.998187449407,944.5050703600584,-8.061061072233187,
22 Elderly Healthy Control/ANTONIETTA P/VE1APNITNOT56F230320170851.wav,ANTONIETTA P,0,156.83815545153266,221.945759558565,99.72836085559669,0.0033358881683753813,2.1278744247549963e-05,0.0017666893926359258,0.0016330640387953765,0.005300068177907778,0.03637186875599654,0.2988273524588967,0.01831624812486253,0.02046782512571801,0.03081225005362538,0.05494874437458759,0.09828042785244626,21.52984233961877,0.1717323388658816,0.030941850142733093,-1.0533238390116113,0.03482831347395877,2.068655913618751,0.20276162107810444,17.019563454021203,-265.15386352648477,98.70453893450613,-80.74035544115104,42.85236125980075,-16.33038963897938,-54.0719055662628,-16.05094889486252,-10.724757702792198,-21.44738793368665,-20.580024666598494,-24.203357516893647,1.840564952720263,-6.778812431659177,57.641566325350674,18.30500775700828,12.629386251123288,11.956467184443618,9.687031060745294,10.292984145803581,9.374000660251859,8.095043078861831,9.699167532467351,5.504010832503188,5.829392831651982,5.377111696915818,4.102904850326122,576.3929484720319,221.38930253644463,2045.889647690042,1009.9369652970581,2674.450916793773,544.5480484868859,-0.7385562594964511,
22 Elderly Healthy Control/ANTONIETTA P/VO1APNITNOT56F230320170854.wav,ANTONIETTA P,0,231.63677518742878,321.35437151787255,114.68442806257366,0.002611557200083956,1.1273129414518185e-05,0.0013796694209480416,0.0012832869454909147,0.0041390082628441245,0.030313228233986668,0.2456226112652896,0.011809722581621036,0.014976583780031565,0.03118504506412718,0.035429167744863106,0.0005049850261327405,27.552876632557744,0.23614062860089136,0.03251669108257636,-2.145274643962093,0.0331022652157753,2.4494681600464623,0.16513467356499173,18.548928713604163,-353.475458472715,112.13350526290407,-25.36182501977352,-24.02322409567431,-46.955790812762295,-16.40040048681932,21.689680464709593,-20.514458195422897,-31.071725484932465,-16.259959348095002,-26.61662674879788,0.046219004813395075,10.114732854952857,68.59152961893851,28.90419909596752,18.348675237017172,11.654780329255422,12.338215254709567,6.700813389738214,6.404674417873307,10.13478864191413,7.123114192421013,5.273034738681917,6.678442755660627,6.03694745838694,6.6052002237382155,606.6655942685802,302.8626559521104,1164.8104071913504,67.5167393603422,2881.9031302616345,1940.124578144879,-4.424912199092146,
22 Elderly Healthy Control/GIOVANNI B/B2GBIAORVI48M230320171234.wav,GIOVANNI B,0,159.8978337556278,586.8459796435021,83.6102728520085,0.020833650138096876,0.00013143176989732528,0.009451023397224088,0.01151607785185583,0.028353070191672262,0.12106732583596824,1.1615665137607032,0.047859094610331554,0.07262437206271531,0.13020599896713012,0.14357728383099466,0.03141052897633721,12.880914880494593,0.18072446362298442,0.036555374386583635,-1.3687250798655648,0.1522300382320336,0.7979433790619876,0.1299544318514581,2.3359644213011777,-315.5532548980176,116.48033343932248,-12.68189036392828,20.986409081079533,-11.342293274793644,-18.809575187418634,-15.763524752562368,-25.077741094984134,-25.674467747225656,-20.800529122725237,-7.836170740077688,-7.742337978011767,-18.44545145074356,94.99626059743687,49.42670101766817,41.03074917683452,32.722880037629714,25.73740123749132,21.619222946237446,13.871509716762809,15.762088529426405,13.750569671566213,13.377989795408832,12.148639711294665,10.10413459834956,11.728650222062832,582.1150425504558,261.7851643371668,1612.6362387088298,442.79950255238276,2801.700980145072,429.4401488321061,-6.322969252779575,
22 Elderly Healthy Control/ANTONIETTA P/VI2APNITNOT56F230320170853.wav,ANTONIETTA P,0,154.40342748950283,248.53866279813207,118.50613834529648,0.002909726063553618,1.8855366362448528e-05,0.0016446194271834793,0.0016368737383840974,0.004933858281550438,0.0313222709537795,0.36219920147265117,0.01624417520756062,0.016975210323168777,0.023737692554522707,0.04873252562268186,0.012358981103984413,22.95223680602942,0.20788787398982006,0.02737987725770987,-1.1541707590509844,0.029342391253393253,1.0918361457767265,0.014498991918734482,14.583162342052198,-257.98693239934266,70.62062326050541,-12.539775122339735,102.9994177997957,-9.473931634995477,-52.81797290393364,-4.430390731101269,-18.025298277746256,-64.14536897016787,-12.8129926404828,-22.23357546236592,-15.301682049847127,-14.492457273277031,31.23834999662633,11.750835796035112,14.380717547356724,17.22980883187482,12.729595935659566,11.955473946226475,7.939455239797359,10.613035874662026,6.508881223866509,7.938994606368304,6.065302606340958,5.4827383272626,4.17486373206968,468.3158904656157,17.242435168659565,2699.787772842315,795.0036560643209,3082.374051933673,540.9883570384817,0.2765816239293983,
22 Elderly Healthy Control/ANTONIETTA P/PR1APNITNOT56F230320170856.wav,ANTONIETTA P,0,181.246457895815,569.1117796766341,76.04415425009088,0.016003749961482905,8.822185290470615e-05,0.0073257466817581276,0.008286810673096915,0.021977240045274384,0.0911184462435255,0.9027162971376601,0.033055125425846724,0.05079051580722105,0.09084394683820589,0.09916537627754017,0.037255578922996975,14.850520179078309,0.1486433413320568,0.06732338957986339,-1.596478682009257,0.10645332046387955,0.6220207224046361,0.1687817763650569,2.5351875413832587,-396.80416894768285,108.92229267811838,-19.558655566820537,4.368379357740223,-17.836307762544727,-7.878116607219752,-0.03260976962315023,-18.60785722259328,-30.795072649303062,-21.95002589524992,-16.269446044836094,-3.4291049546694343,-5.360119173172399,108.00766299384425,62.42315516593278,45.40597446750574,40.468734616451144,21.73525146136438,23.059982649340117,17.65951508908724,14.853841159645372,17.703072559039732,13.091655766007843,11.05306835916727,8.770766700449288,8.694233887388865,711.4108901958856,338.78999822447844,1709.2413275021033,536.3156637073873,2887.5066727295366,743.811100473794,-6.071795778394732,
22 Elderly Healthy Control/ANTONIETTA P/FB1APNITNOT56F230320170857.wav,ANTONIETTA P,0,191.87371300651841,597.4755384363026,75.5224132241085,0.018317579329154825,9.528676096375004e-05,0.008533403974427768,0.00979730351413772,0.0256002119232833,0.09860100304754632,0.9597730173762463,0.035946184639617275,0.05415961436952752,0.10313911084143791,0.10783855391885183,0.03055841555762834,13.599841485546726,0.16657872501412926,0.0483702259144719,-1.5857966283415572,0.10390833339357176,0.7269831577783317,0.1442380928550091,3.795522768026782,-303.9944281080167,109.22445533109297,-27.37651967161158,0.4186673140683104,-12.318908148362503,-11.336061727061553,-6.983645036713103,-22.556275928468725,-33.25670331626654,-17.53767432440057,-19.957236202168836,-7.423287961053483,-0.006254610557463052,95.70814279009946,53.604519244510605,40.59242570446016,38.9410992960969,19.25687818419016,21.115777308872307,16.962866657390666,14.657652755902683,16.77931564295691,12.284113218806828,11.540818540714996,9.118442273100227,9.701926958667139,714.8249615296181,335.33673794563333,1687.8427794968716,581.823423119246,2697.0686811377195,761.2188654038213,-6.228153971487358,
22 Elderly Healthy Control/ANTONIETTA P/VO2APNITNOT56F230320170854.wav,ANTONIETTA P,0,227.75849849270432,232.5487935138419,215.77297861019304,0.0012990036860526617,5.703474881165122e-06,0.0006484766079150589,0.0007346385369310452,0.001945429823745177,0.020163746776444003,0.16613088084280758,0.007888059732708712,0.010908209899876387,0.021497999371806367,0.023664179198126137,0.00022762795608888376,29.64375969192268,0.2616736541850047,0.027067585074985946,-4.76715077762797,0.0022340707752712065,2.3646052942292535,0.476842713966388,19.3961265949686,-327.61056666353227,127.4315303639006,-21.242673196387088,-22.284125703581,-49.373618428628326,-9.942968685362706,15.605306562257637,-17.26024068172526,-36.76303013730181,-23.270652837568445,-24.78895845572964,2.5870707583998014,12.598810100924512,63.79848653226682,25.647240409694206,10.038074660982552,10.296823786876312,13.5351624370406,6.3973042352781615,7.354856928842064,7.457037982249219,6.722038141813465,6.2979385297914945,4.894059774869915,4.71670137419552,5.749182751405678,515.5999264622698,149.4526918810585,1145.2088778308903,27.433893917074464,2881.4557230886844,1777.763887147808,-5.850965520647142,
22 Elderly Healthy Control/ANTONIETTA P/VA1APNITNOT56F230320170850.wav,ANTONIETTA P,0,196.47302079332334,271.0422952898152,101.3733950020559,0.005626326222685322,2.8647518390520663e-05,0.003252906023690418,0.002827805904314185,0.009758718071071254,0.039841966025393874,0.4081973189131565,0.019242031611406037,0.02190943234062324,0.03917720841100982,0.05772609483421811,0.029851273346152958,20.84951810794781,0.19454231401732994,0.036222842723406194,-1.6540404816299068,0.04338059393870534,0.44901018611842286,0.15100289303790268,15.370859813833349,-287.8220459309002,114.0224086606748,-99.75572166303014,-26.479377975564443,-33.524990106074284,-3.4443075869296815,34.52569866044657,-21.929630745269797,-30.919009078474396,0.668072782278466,-33.15188354202781,-20.121627104147287,-6.380863365061432,54.099211140579044,19.70611402678575,12.866873525633517,13.678562981665323,10.401441091209636,9.66029055295821,10.399360408058033,6.2624005865437296,6.2075115744585885,6.704821483614412,5.617281080136593,4.547927971421672,3.928781655610954,984.1141274495513,293.3582354087644,1398.133301275706,477.6798835078447,2260.2833906560795,1889.7169062028756,-2.857422282794745,
22 Elderly Healthy Control/ANTONIETTA P/VE2APNITNOT56F230320170852.wav,ANTONIETTA P,0,193.19115862209298,211.5929617885005,104.68907522392244,0.0030247366698976353,1.5658786073406723e-05,0.0017807427785558041,0.001665301393874279,0.005342228335667412,0.021327209785525273,0.22508293304756172,0.0107746282240903,0.011863269729396428,0.016536782196309066,0.0323238846722709,0.12199555666648397,24.886545934612045,0.1870104480639367,0.022317493391311477,-1.4141177997523418,0.05119150817590502,2.1689070906702965,0.20570735778831953,19.252222589066374,-280.8112134231688,109.48395011645304,-62.53647244677478,41.11302775786618,-3.954342440031035,-63.04794877350585,-28.955744124650792,-3.8640489812073184,-17.578931001176173,-22.045347227856336,-18.70527230061916,-2.7042612525527674,-11.406173267135209,58.182352486771975,19.972810159003277,13.814785790199085,12.968299105179817,6.919320146556925,11.491644285454807,9.328190402988675,5.7993992021107434,6.722746822863188,5.826109912696076,4.4285983548562395,5.591369002746883,4.970222359460075,526.9846104244227,195.4896512406376,2159.8007631627383,497.17644784635144,2765.6628202700044,307.08728239592756,-1.7756096651380437,
22 Elderly Healthy Control/ANTONIETTA P/D2APNITNOT56F230320170850.wav,ANTONIETTA P,0,190.2479097029068,210.38026166428614,90.356198871668,0.01488755036087771,7.808355996411168e-05,0.00787650908015382,0.00850947527986735,0.02362952724046146,0.1339745511927349,1.3778111028180806,0.045583371159283376,0.07079945414252985,0.17391730630640967,0.13675011347785013,0.04149068711992593,10.195377634066082,0.11896922157023442,0.06664917374956575,-2.0109225838366416,0.07812621704911378,0.33885217953092833,0.10532437008208172,7.5035152628295165,-352.39325461240327,93.49566794552351,-41.47856277624871,-23.83679755246037,-25.232546971014482,-0.5876446512643961,7.5649954421978185,-9.171402589280538,-10.671456009254358,-4.027271591343658,-15.037140015208422,-10.170930367571504,-12.548898910054374,137.53162079677568,46.43241722439756,41.601596873255225,20.371087299583163,17.833273532399367,7.320826012479425,14.583274404765437,11.129995879917384,7.630501562903812,7.666757147510422,10.518233846900793,7.057572525943477,8.513301406824413,979.3359837876719,243.85835883039292,1622.4745951981909,508.0447179110357,2892.1831997898653,765.2037058058896,-3.257006889147734,
22 Elderly Healthy Control/ANTONIETTA P/VU1APNITNOT56F230320170855.wav,ANTONIETTA P,0,151.05763509908903,256.2797006935298,120.93801126285354,0.0030203372881843233,2.0001979385561495e-05,0.0016430469120749273,0.0017580996552719157,0.004929140736224782,0.04656650503217963,0.38351726057637825,0.023728565124893745,0.02524853256438372,0.03713807106953525,0.07118569537468124,0.002052847514110915,23.91398778137796,0.14765787736668098,0.029312290908491988,-1.2877888944555018,0.021915493024541672,3.3869867649327494,0.004625164891477661,15.883702223727603,-331.08033615961097,130.6733683435148,16.863010755344227,-1.6065508541452613,-39.08553013016934,-27.472140307227658,-1.1413629770810054,-21.562614069380245,-20.868510862642868,-8.455101720423706,-25.62796269318228,-21.814904719648574,-11.140214150596721,47.70683207673227,24.88108281214969,9.251768786755875,9.503178679838495,9.118681962085843,6.75348561944152,5.657527049429225,5.808519417421494,5.2458793801789465,4.342348829452876,4.561239313403702,4.896648384500464,3.2624335515365206,497.93368843176654,214.19628619549636,1038.3939276511248,289.54351127103195,3273.855720579017,296.5473051440981,-7.202093224621886,
22 Elderly Healthy Control/ANTONIETTA P/VA2APNITNOT56F230320170851.wav,ANTONIETTA P,0,191.63474090091185,208.49286067277856,96.18779829418254,0.0029468217706195877,1.5374142938472943e-05,0.0014464280371666255,0.0015153332686308086,0.004339284111499877,0.03736943794575189,0.48619714923784246,0.018339760065815794,0.02107269535612712,0.03160805301898327,0.05501928019744738,0.07233900286467644,23.44871115294976,0.2612082405365748,0.027655006947216218,-1.6208115589014747,0.05675336071076105,1.4064289137577528,0.0863996115207118,15.298683248328203,-287.4220226493928,125.51362800763445,-83.2030045114156,-33.16634707086979,-38.91166777938803,-0.6878902025978543,27.079622736617853,-16.929331928068834,-28.065586105252816,2.390330712553638,-27.625985726596827,-15.554982582013672,-8.197161736989477,60.76378013373332,14.88029857557899,18.753897692073643,15.36388218761381,9.92679585287896,7.315509303947015,8.180035810933965,8.613631222603054,4.494414579059739,9.613341023438572,7.535556958842474,5.0563883904576965,4.253062188872542,958.4137189354898,269.70211780486807,1345.438136084495,445.41880026565246,2612.4835251847367,1224.4809289965413,-2.6962548420743526,
22 Elderly Healthy Control/ANTONIETTA P/B2APNITNOT56F230320170849.wav,ANTONIETTA P,0,189.15535250209246,599.3001172582947,75.33370559413137,0.022113036381985043,0.00011725132621102909,0.010280219038699663,0.012178083811022885,0.030840657116098992,0.12297751622521275,1.1427575313937095,0.05173212411223267,0.07345390074678462,0.12870123579999376,0.15519637233669803,0.03688844983639098,11.96230790399756,0.1602793463598252,0.028087987984251182,-1.3562015064719772,0.11973388214349982,0.8142755470957642,0.1462264209261525,3.3042374036915056,-321.671386702911,117.21356158361502,-20.053009763091033,6.262785521912953,-16.039396093977455,-7.375633734094114,-3.4919281956980965,-11.803860333872413,-27.90762911486769,-23.726325520008842,-24.17763656267714,-10.465761443617975,-6.526017075034991,94.31731530874582,60.28076205235953,40.38724011043214,42.33391880612945,21.398338502645668,21.500367927837292,17.668686345301538,14.211350736642583,15.976208157973058,12.567345459909609,10.963573990260914,9.807219635802289,9.566268225033728,691.1470920048982,337.6853380556022,1721.9127608644017,551.2905357072375,2811.567078155526,731.8215926584484,-5.976643522048154,
22 Elderly Healthy Control/ANTONIETTA P/D1APNITNOT56F230320170849.wav,ANTONIETTA P,0,157.29896315148775,208.69714459126965,80.2952169714949,0.02634295713186951,0.00016779119933912773,0.01347415801520975,0.01397886461104697,0.04042247404562925,0.12155534863290925,1.2443513549280816,0.05126551063897728,0.07250491159633984,0.11316855947254822,0.15379653191693185,0.051621277152127075,9.964873446550829,0.1449630779172081,0.047978918918096,-1.055386178636004,0.1813665020717393,0.4285869390775493,0.2256206658803411,4.155298816840567,-346.404750765212,95.76527104033573,-47.34624295565267,-35.45403658533441,-28.6440185300499,4.221878621736069,23.1807581740932,-8.71705574445652,-17.144911778017775,-9.673467740229215,-12.996387511855259,-9.287018800000935,-12.120117261344289,133.53334820092167,51.99452716501882,46.25557781069696,21.563228507887334,19.152170728420824,10.831942255762081,11.811346664501375,13.73528574539164,9.419587687304892,5.0065886763632,9.381725577854716,6.949338706758851,9.545036867464377,1035.0850940989108,195.87374661322102,1517.635097468119,451.7585995188834,2873.2463612924807,819.1897230947736,-3.808899565539843,
22 Elderly Healthy Control/ANTONIETTA P/VI1APNITNOT56F230320170852.wav,ANTONIETTA P,0,169.99634054257015,245.1951446605612,76.35306440279858,0.004012561137270612,2.3606096288020804e-05,0.0023785083282303904,0.0020357710317174603,0.007135524984691171,0.045904592939383926,0.41694826879835123,0.02520350872942552,0.023745683727177027,0.03473379544193579,0.07561052618827656,0.8312736563560338,25.118721892306578,0.1937027225067719,0.05104376225746802,-1.0605257829562627,0.061333730087039996,2.7282024204713022,0.21388066459009503,15.318919602640364,-304.2974532094349,47.7467771622094,-22.337534852130823,87.84380514975898,-11.717207849383898,-45.893273952603444,-1.0895865205158044,-24.189887085743898,-60.34491426881239,-21.117360512993212,-28.71982073771961,-15.201286405336921,-13.574275317077225,58.80572881722073,12.221508665449461,10.257225266130819,22.225042326326932,13.465408597610267,8.257700801671508,8.010377191652106,4.716987732827292,9.465358667772174,9.071082304837997,5.084989750770247,4.53586367815431,3.81063693551577,449.2359292588359,13.191968372169947,2420.303488778557,1319.061333171496,2810.3048576015854,342.0634368414441,2.0458277225002397,
22 Elderly Healthy Control/TERESA M/VE1TMEIRAEC54F230320171154.wav,TERESA M,0,169.28749125176356,264.7586580589133,157.40853549735192,0.0034532276113742374,2.039813059376827e-05,0.001630340384952477,0.001753834358782837,0.004891021154857431,0.022972003946962267,0.27809301063522873,0.01083675498157691,0.011870295947959023,0.01663421791368411,0.032510264944730735,0.003157447851196606,26.690689653820183,0.15449514505313547,0.06369505061879616,-2.281291057157526,0.016844550664719765,2.069840741113104,0.15551184020399555,15.529858014548157,-284.7580198420714,126.58938804183042,-30.301721918682855,35.41838201760268,15.145386074701516,-31.26978534759135,-39.73284420637293,-11.369323161554515,-12.263247177593476,-16.310162043602983,-13.066781384539317,-13.63452549803096,-14.325919896233362,66.64720503546116,19.6455727346658,18.69040108302513,19.375182365650918,12.610701336197874,9.932134954176819,12.739157576352879,6.480270177618784,9.381467063150794,6.118632196492786,6.184724596326212,6.962756770630757,6.638545577514829,446.1331149991079,105.8812152726978,1991.0974566616926,174.09057370807187,2759.568344041137,130.66951629819462,-5.6309453064659944,
22 Elderly Healthy Control/TERESA M/D1TMEIRAEC54F230320171152.wav,TERESA M,0,161.64857062822867,188.81728844251006,139.76988062323574,0.009830506836980257,6.078636894722096e-05,0.0037804919536254737,0.004437622291871889,0.01134147586087642,0.061516192995799586,0.7440136655168615,0.018122398824210302,0.026250944370345853,0.04559050889518977,0.054367196472630906,0.003397789551266325,16.803758845374603,0.1684972975941725,0.05781337511591816,-2.9591984781872127,0.026334940685229482,0.6450946889407893,0.5015818130331645,6.396244111790391,-298.4992730693598,149.7475325648786,-23.60947104742709,-3.5878989006683555,-33.2714041451004,0.03526886963612394,-4.132567272864505,-16.269502860116976,-19.371523985354713,-6.510007972634724,-0.8520960057035101,-15.337653507252217,-18.700030585588422,86.7259358984104,44.352485349773104,19.151186967935136,12.530489346367409,14.979525533523235,9.631103866222091,11.920226821917337,7.482141830073373,9.961029646578066,9.140431622449093,8.195606293819228,7.333081776540043,10.545826330795187,738.8273217234461,298.11439920680925,1498.5406747926277,424.1531262939819,2923.4068673124534,536.0572741127716,-8.134488345957195,
22 Elderly Healthy Control/ANTONIETTA P/B1APNITNOT56F230320170847.wav,ANTONIETTA P,0,181.6136897754881,568.3325618333034,75.09635815978204,0.019669983613965533,0.00010851716159689022,0.00905140741809586,0.010550908531862392,0.027154222254287576,0.11051851749191495,1.063582685651248,0.042995310299763764,0.0645886179681739,0.1183670255376164,0.12898593089929128,0.05626088659003679,12.509591036693074,0.14525367169875647,0.038370193714140716,-1.4828482239908964,0.1114443852656528,0.6213192467595444,0.16179487969439443,3.5184665879193986,-351.9335174357051,103.08932179035095,-16.403057433161532,2.4666314759490047,-11.021099542551381,-8.224422934670816,-5.315605534311332,-26.572036262079454,-35.9108883306634,-17.30472435724657,-12.456384889044836,-8.45649600619685,-1.5852887884833744,97.18322252387665,61.144480026326704,42.709289556765825,39.3285889445081,19.400195769978005,19.787784336973463,15.730949828212424,16.687828915391602,19.175428742900205,12.472253206446217,9.884456932821656,10.050413276704454,9.126497810587734,689.0495489523422,329.4175442017762,1710.9266104015196,571.3607847067192,2758.3420305278323,831.9507022866921,-6.018806436376329,
22 Elderly Healthy Control/TERESA M/VU2TMEIRAEC54F230320171155.wav,TERESA M,0,177.96750195464028,203.22523975741092,153.40383973414654,0.006192288167773384,3.4809286665502776e-05,0.001799050023789269,0.0031461935012176106,0.0053971500713678065,0.035658109760176436,0.45906589537270054,0.011304538226344633,0.02047034367199508,0.04242287857876073,0.0339136146790339,5.74303727696357e-05,27.319883271496746,0.21935200957795079,0.07638176090166007,-2.7753739953508716,0.01056948627525744,2.6449994414498064,0.822989881261108,7.452399252082557,-345.3821007118518,127.37670876607747,44.59476743295599,20.31090348728659,-9.098246529761585,-12.669028868218865,-13.567759662838787,-13.213668229729716,-10.373651298570929,-17.04110704894795,-23.298029559319264,-25.55777746778328,-23.305683334917877,62.823947069804376,28.65966694563424,18.226267600614783,14.91722152116792,8.641481276970275,7.221749522687945,5.120382973773218,6.364380750658175,8.66904739310599,5.255950155983242,5.134619754872733,4.7663612351750455,5.2885102407853735,360.8377418533329,76.95100974999087,1075.261530397314,866.8125540161641,2768.072843625445,796.2310541332757,-5.951789944160775,
22 Elderly Healthy Control/TERESA M/VO1TMEIRAEC54F230320171155.wav,TERESA M,0,169.55851865310024,229.66081436202379,81.32513416498708,0.004163138590326491,2.4532972763273017e-05,0.0017018039261658374,0.001961806593655006,0.005105411778497512,0.04346856721078756,0.44162586974671514,0.01669029485246649,0.022571871931286232,0.04483165648611315,0.05007088455739947,0.000254142814198699,23.72565206421142,0.19234615654132758,0.10675434745574076,-2.29655148730659,0.041985102402521984,2.285567670327227,0.042539593490025264,11.821160006940644,-308.3289087440861,149.18666831608164,2.9954402400152587,0.7139819301999615,-29.620014905796612,-13.006766514345598,-2.9782198084710023,-16.089965343783582,-21.068590907220383,-18.336793217123986,-11.064992007113993,-13.87106344332135,-4.399898884702928,67.03542166245805,29.731273478544768,18.132636880071136,10.449829151893443,12.509620350961706,8.131241793601477,9.308367336351505,7.3687890225937105,8.48529615451359,6.009397746928558,5.539444442913037,5.67108141138638,5.471050472751184,435.7174403507645,156.45862752713737,1101.8314558292075,296.6135137770735,2901.279883813473,689.2071396769238,-9.038196846772081,
22 Elderly Healthy Control/TERESA M/VI2TMEIRAEC54F230320171154.wav,TERESA M,0,178.24078136417148,191.96868841338545,160.27787922847955,0.003370479251201584,1.8908424671210716e-05,0.0010048029780670754,0.0014469192140777016,0.0030144089342012265,0.025779437512224675,0.3422816203044659,0.0064042818483103095,0.012121378649685493,0.031174109579237427,0.01921284554493093,0.0010374203571560281,30.346152469552017,0.31760232263365135,0.07539183057798751,-3.2848551508791246,0.006427914360866556,2.1528445151752376,0.7637953296112808,8.460169177734834,-357.2031457357124,90.5107213525311,21.943633388982313,60.794225821944046,24.718068092653436,-21.27255387572454,-9.530498758623166,-0.9606128193557096,-34.75525919838462,-32.43811178086264,-7.199072096823083,-17.63473214795873,-31.506759211904637,50.7376513797024,18.066045782704986,11.40371950135998,19.76642182961118,8.790338034991018,7.264941213035288,5.286023424064014,7.378094593880243,6.683102861349366,5.145891613052086,5.186569223071489,3.9201778181847193,4.062904364053756,354.6057660940807,13.125874668634873,2546.334727391069,271.4229221274015,2852.363338575013,287.33435869175185,-3.827226339069675,
22 Elderly Healthy Control/TERESA M/VA1TMEIRAEC54F230320171153.wav,TERESA M,0,167.91631487993098,185.9119089579551,140.98237991297674,0.0031884260995413633,1.8985885897171995e-05,0.0015168537328635867,0.0016613552955997495,0.00455056119859076,0.031600399417178245,0.27317374928682164,0.012987647089539651,0.017510557151922863,0.028235263891039756,0.038962941268618954,0.00469395917175117,24.4065957199922,0.16537978025905206,0.0868233258746598,-3.7630812925800696,0.008252248082605305,2.0647310570725597,0.2826018001241966,18.1361302136988,-319.82673508865093,136.1912792915648,-25.723855845910574,-18.292700565225243,-31.1582205862847,-12.87338808182107,1.193616433627481,-22.280695202180777,-10.012186536892017,12.699165692501856,-3.017732335278239,-22.299935628998796,-26.221968253861927,74.532792125567,24.85592589166815,24.533517473286977,12.301175638939743,10.770067402529381,12.790799724975642,10.14135877534589,8.156049384987247,8.929819603974924,6.227300202328573,7.814179906579919,7.84666435400133,6.725376321850784,827.7955132889531,104.75879040264554,1484.5285497661728,305.8064823745439,3098.3990202687232,312.395211238568,-6.215299787596873,
22 Elderly Healthy Control/TERESA M/B2TMEIRAEC54F230320171152.wav,TERESA M,0,184.62927969525822,593.7057669302905,75.16793319716457,0.019941429560657233,0.00010842022869896708,0.00911780895178421,0.011167528651130949,0.02735342685535263,0.10944201247175761,1.0910448197610016,0.041319698277906505,0.06361025089945775,0.12032608146169427,0.12395909483371952,0.017526396034125293,14.771063123204922,0.2017151559071864,0.041800941727662716,-1.5826436669707518,0.07349173784442892,0.6879290182944409,0.11647672623417055,1.8449089937967393,-327.74049520637203,112.10171876977056,2.2640857065120175,5.6388978379745485,-3.2170270722616907,-2.259719597112554,-21.32831875376984,-18.114154082691197,-10.248476911932595,-10.3094030476937,-15.292682275811512,-16.581682536204514,-12.121203045497056,88.65030489946024,57.3843944830045,28.532572708317815,28.143494326844962,21.13463697609432,17.32859619638563,20.693333714007117,16.469029196185367,13.12949434582391,13.497257671448237,10.073388959470007,9.926566364585156,11.199658556424216,650.3759051166019,342.1884906626599,1714.1922024631604,490.3160372741504,2858.475316286824,704.1098370258348,-8.111506299598085,
22 Elderly Healthy Control/TERESA M/PR1TMEIRAEC54F230320171157.wav,TERESA M,0,164.85309342713273,591.8111042843359,75.56563575732785,0.01818483320296306,0.00011070205875793402,0.00815851724987644,0.00964946177210312,0.02447555174962932,0.0960437820088721,1.007175040237833,0.03537931425886877,0.054484358883583384,0.09939792258035196,0.1061379427766063,0.0268231150522461,15.2431765667599,0.16104120476164208,0.1125893669476641,-1.8446732275294484,0.07642431462735984,0.4442145685950516,0.25528334489013493,2.822964763697126,-353.6226167308734,83.50328164476282,10.109221905317305,21.84372648416109,1.1693733645576598,-12.206720115948636,-24.773718112063243,-24.574528504616204,-13.955713427187767,-5.460676283232478,-8.022275032193253,-10.125375504537763,-10.726303823688157,88.76800481975431,56.51643215981198,31.04422341025872,31.936028680207606,19.965936388006185,19.12919888422275,20.437142911322013,18.626098662484992,14.177689834151677,14.90093644692888,10.104814571627207,9.367879343249848,12.29556973525186,636.8436201665666,373.09834754543505,1795.1598774208114,514.7739709098629,2935.124057493748,639.459357891624,-6.297154486256952,
22 Elderly Healthy Control/TERESA M/VO2TMEIRAEC54F230320171155.wav,TERESA M,0,166.39122134684342,182.7948569567904,155.31737367247953,0.003677354273596645,2.210351106761334e-05,0.0014971652021283685,0.0017686525912773976,0.004491495606385105,0.04132639494292458,0.4086152609539355,0.015527669151299831,0.02336657742634521,0.04798089435142902,0.0465830074538995,3.769962193007129e-05,24.37351476053572,0.13168014260801894,0.0841540888843883,-3.567687317830948,0.0053911110575457595,2.8961310701706773,0.7696717321238107,13.66875473819757,-329.91620432795196,143.55717821480542,14.557839139260704,-0.1890495812606896,-26.311035889028734,-16.90797600368707,-1.9399691408865731,-14.399066008676694,-26.80023802447423,-19.38814711724489,-9.830984592935836,-10.841004621807935,-1.4209788645355819,53.15581987734011,29.60637871442247,8.607383295894946,11.949297244820057,12.335254533117904,8.696749333055537,5.550011204265686,5.9771505662479205,5.630742828763765,5.452349263163299,4.279030956004848,4.929257929859146,4.672742112701229,452.8056383340336,130.07584320477608,1081.2934622826758,398.7107976026815,2981.4224676646336,492.26011697238914,-9.269857540343564,
22 Elderly Healthy Control/TERESA M/FB1TMEIRAEC54F230320171158.wav,TERESA M,0,185.91031317386876,534.7184465882929,80.84673004852534,0.018096564154417998,9.776317492876992e-05,0.007413852234128649,0.008885727444583566,0.022241556702385947,0.09665864017521879,0.9625144059944941,0.03461913299871013,0.051467633874055604,0.09503557003191973,0.10385739899613039,0.041827110629056856,15.366534354906484,0.11431808350251291,0.0343051084159328,-1.6419504262250229,0.09346277089810648,0.43587504051753223,0.24898751017579107,2.498258825277574,-345.7231287359979,70.09061498695436,1.0455734080477597,17.485113337306252,2.3803006279656866,-4.523262505835579,-24.975205236396846,-29.07492432023749,-18.384356041762786,-7.517763876772248,-9.0501218013072,-8.750622883164825,-9.759370291801082,89.77790497043385,52.593943495196456,29.459248236427058,28.293470932198975,17.71214156044259,16.377194065857466,21.521989046477398,22.53621199135597,15.659542378788007,14.220286385972052,10.840228036070817,9.576710762861087,10.310242660326445,664.8457336713764,358.1390383725309,1801.3996537912228,392.1723166545696,2887.5300148434285,744.9640486587411,-5.863468741267565,
22 Elderly Healthy Control/TERESA M/D2TMEIRAEC54F230320171152.wav,TERESA M,0,164.83056585339457,537.335763124823,136.84570401102977,0.010680530113090425,6.566614766048084e-05,0.004037461619247294,0.004443367909891759,0.012112384857741881,0.06835185964518767,0.8040957191549398,0.021392513802038864,0.03129846107988697,0.05660355813520931,0.06417754140611659,0.01720762465270583,16.276431003523278,0.11541004635656153,0.21809823697564637,-1.7742112076198868,0.11717392496295678,0.36834755529130514,0.11670172627807378,3.1100585597016064,-338.13165376228346,125.01659067663162,-28.110154876960273,2.1792001314533347,-18.550514800042308,2.9295686227467206,-12.097567066758959,-15.476766594959997,-13.832641201920461,2.65246020062224,-2.1379609167914166,-18.7662810728475,-13.361044837656511,104.31986546288438,52.883659169921685,17.51786727599474,13.12319226699746,12.17875181432801,9.305833596588172,14.734139977925098,8.447751944844894,9.305862764625168,11.111233191574474,5.396921521050595,11.432591881432268,9.716895883653121,755.1041584705687,514.0333381155709,1639.7577703560505,538.728132375245,2893.4768642586505,732.0787468069262,-8.787263615112982,
22 Elderly Healthy Control/TERESA M/VU1TMEIRAEC54F230320171155.wav,TERESA M,0,180.35784853963514,203.55054083736806,152.89604909515703,0.0061177541506649774,3.392405863968269e-05,0.001708277947034293,0.0028168221960195336,0.005124833841102879,0.041827553210823515,0.5988485745768205,0.011807141892073094,0.022207041423554334,0.05264498971539477,0.03542142567621928,3.897889702353296e-06,27.36193867378895,0.3286064598573267,0.0530546336768326,-2.9468670468486,0.011400781520002581,2.7067142622910842,0.7427725358581632,8.04955417903685,-353.33641109290124,130.82670613984715,49.851679856631684,15.069984551069378,-2.1546908113164878,-12.460180367472928,-16.583293895420898,-19.058762466493704,-17.3092280815115,-17.484396671082713,-18.447966420354717,-19.70906354402518,-19.640589094220296,37.71731058000325,26.822322684064943,6.806450321216788,9.388062919373686,9.249335145574815,5.747821924731359,5.820113095308958,5.399413690538203,4.966245874516371,4.2453349157390665,5.461499253528871,5.903766000151701,5.426915816760119,362.19156044443946,95.70348825097506,1207.2446870863246,1201.7686625918188,2833.668644063174,892.2394901788263,-9.509292011233388,
22 Elderly Healthy Control/TERESA M/VE2TMEIRAEC54F230320171154.wav,TERESA M,0,157.9135626801521,211.7616026110163,148.66478413715438,0.0031349341235354967,1.9853502749457785e-05,0.001183761538719585,0.0013741427784358506,0.003551284616158755,0.029158277515238726,0.3464154513147977,0.009828714399462776,0.013547036668328575,0.027372709302141637,0.029486143198388326,0.006418497440558368,25.618631291319943,0.26236508278605236,0.08242982911962037,-3.2362146557140714,0.00535557329262865,2.4927227719907643,0.601950215534779,12.036514368112886,-287.04737135865116,128.16761718522912,-16.662022358857207,31.108165859086533,23.26202271570718,-30.00905476742059,-38.53457994708558,-10.87430993174217,-10.909255073156865,-20.828756027468064,-13.30944298342726,-9.811748410435607,-14.602404479914638,46.382781556666146,20.513231879628457,14.870743486027767,15.15587222387756,8.626044433740493,7.718521403393759,10.248661523582818,6.375205078580752,7.424554182518478,5.82327764472004,5.573789937925031,5.393072191318696,5.966884915548904,436.7505880031884,61.13464925245865,2001.9674585769112,235.4796380395086,2718.123651202614,345.7735658343096,-6.776623161261256,
22 Elderly Healthy Control/TERESA M/VA2TMEIRAEC54F230320171153.wav,TERESA M,0,157.25050346719613,170.48370175004666,78.77642925731644,0.0027388802134020733,1.744872015821009e-05,0.001372138427797941,0.0014179785515277528,0.004116415283393822,0.0337027087875715,0.3482666679426382,0.014951382141836505,0.017704226926806985,0.029215421629651676,0.044854146425509514,0.001633061985613625,25.333478828295018,0.17482636942875232,0.09972256374585689,-1.7757590830431238,0.041788783269293465,2.7904489541503246,0.011867689470918824,17.425012708435407,-317.5313360456497,150.29383549619664,-16.145987035895274,-10.499173987673448,-29.512009028246055,-11.520555742931284,8.867353151818754,-24.919286108465396,-22.406487656673125,9.518468105006239,1.9231301183922023,-20.97203602789215,-24.839787524338963,67.77884866194869,26.678213865071445,14.782756937061821,10.804740825590539,13.707730308597045,8.94547333006438,10.090531192972167,9.133461983982546,6.7223084318800375,6.508865056320898,5.750829615895832,7.715197657414902,3.814724007578158,670.8859400108056,197.41134186605285,1369.3495411195615,291.13754987504524,3101.1382515469554,283.0931671657262,-5.363674399914054,
22 Elderly Healthy Control/TERESA M/VI1TMEIRAEC54F230320171154.wav,TERESA M,0,180.3648852528313,272.00000901535344,160.2848812667902,0.0051808783618440025,2.873745722545153e-05,0.0017064726724727456,0.002385027499617674,0.005119418017418237,0.034501430350983,0.4295314721197419,0.00929883217867846,0.017015073053718226,0.04389109504134035,0.027896496536035383,0.0014993294479244013,27.803781777218475,0.23627115070612623,0.07981744753683533,-2.633698194227095,0.015392163025464423,1.91911982465679,0.364010168654687,6.445783983943812,-327.440029512744,99.96300833948578,9.266108241469665,52.11207885322492,24.23163233488078,-21.39523790660305,-8.786014489886712,4.084525154732346,-34.439388892684384,-36.18786461847139,-9.749259243470243,-19.362592968857577,-32.81340811888445,45.79546120984676,17.938050530857762,8.677101169146974,21.296874258612135,11.703352538825,10.577907251885424,7.365437326966719,7.125555212993463,6.51510357076611,5.361271564115107,6.285049881612178,6.162313888020415,6.964800559016805,361.0389029177475,27.99476309978583,2428.202131030265,381.3007779778963,2786.1963888828986,166.98979599558322,-5.70052424216586,
22 Elderly Healthy Control/LISCO G/VI1GLIIUSSC57M210320171054.wav,LISCO G,0,116.62353246584395,330.9834750553443,80.1583986124151,0.006029640284877237,5.1721288324968584e-05,0.0022178124914676695,0.0028791481567678324,0.006653437474403008,0.037139246828428604,0.4189014044396222,0.01727579434554626,0.020977139211252094,0.036806684541615606,0.05182738303663878,0.005779367588299932,23.635742423644064,0.1947535584176804,0.03225582158397033,-2.4020776010711367,0.026551907594462736,0.358545945400609,0.0869388643336318,4.072058702505505,-313.77453852381694,96.39396305415585,6.337327987128332,64.82420208552577,52.02755934686969,-22.155644892914047,-42.344801772078014,-3.555277829918818,-19.49370453924809,-45.153513491480886,-29.23974507399136,-15.357561605198653,-10.834665766821162,38.70385386217379,9.899477280476654,13.364880474199207,17.39284736584491,7.642558922601457,11.520093721470948,7.381792050361277,13.416066135708316,4.676253662457843,6.498905863577306,5.679616028253273,6.858533330033827,4.690183863288353,345.1505027852337,11.933258801424094,2135.1233069643376,237.88547435603743,2473.599343029028,588.8833327514113,-5.842691035840898,
22 Elderly Healthy Control/LISCO G/VA2GLIIUSSC57M210320171053.wav,LISCO G,0,118.9911151324993,124.24824906482135,101.03379578813777,0.003454386820730341,2.9030471621817803e-05,0.0013604857254975735,0.0018022666850964235,0.004081457176492721,0.04175229069886578,0.38601634188441203,0.020370038763758536,0.02600242732278722,0.039059178489027346,0.06111011629127561,0.008229739154843287,18.882444993182933,0.1948069912613005,0.04875288008236053,-3.504647882430222,0.0043048323575105305,0.1822610552396716,0.69122714732864,12.092247197795636,-253.59912070776625,179.2691389534858,-34.58071363058041,-2.135255656666207,-43.21428382883068,-6.394254110637989,-19.11648040781422,-1.81775053263611,-22.1392470526489,-56.82858128466469,13.79908362236119,17.551863011307454,-18.86604791662971,50.31272088006369,13.059675402722268,11.30894681018052,11.550189986832095,10.848004381839653,9.810277139686065,5.3293536650194735,9.144433428506327,7.763709591696618,11.530240144516718,4.390825211600346,5.301765886980092,6.582082418613744,545.6534394721037,123.61719537881123,1191.6325202032924,92.47786039428554,2459.6610620317356,91.83196883000626,-8.254857308562556,
22 Elderly Healthy Control/TERESA M/B1TMEIRAEC54F230320171150.wav,TERESA M,0,183.28390622011668,596.6345931821043,74.89785699695067,0.01806832868589821,9.891393817506021e-05,0.007795596222827645,0.00949447288851327,0.023386788668482934,0.10740318942799945,1.056863818175174,0.04103041348499164,0.061801565581308386,0.11518794922535101,0.12309124045497491,0.021101648118560735,15.407044724380283,0.15024748112540612,0.008742777753723872,-1.544238269821985,0.07898402016576125,0.4388621976463312,0.17495256874740303,2.147461923598854,-380.2701183226297,103.02070177997675,2.7286659493888883,0.8873300575645984,-4.182084723086141,0.9716674160516203,-17.936462500731064,-15.716687693934144,-13.678958903271848,-8.576178174038574,-9.800785747997113,-17.872845169579637,-12.727237724914737,91.50084721077462,60.07267871550214,27.04941703706394,27.887404220891653,19.499957000664857,16.77326193025019,20.367631998722306,15.675074372399816,13.803031703891374,12.824711745671094,9.579366412806413,11.380331098318134,10.436814230794093,673.9334755600488,363.70317247793406,1727.45300421708,496.2522275573005,2856.5611735589127,680.8973163922399,-8.300372173499444,
22 Elderly Healthy Control/LISCO G/VE2GLIIUSSC57M210320171053.wav,LISCO G,0,122.66660125365735,521.0586797700763,109.07276007919717,0.013232362401490852,0.00010782018656916738,0.006977567513738025,0.008676441491044816,0.020932702541214075,0.12890897719702502,1.3558770519090315,0.06148658629201066,0.08495737714211632,0.10552759945091776,0.184459758876032,0.009416027667986566,13.234424588520932,0.1775905983534459,0.022753506492979764,-1.9339639750437407,0.08808892985500912,0.049867335075313074,0.18504730383161494,5.934405045897233,-219.96698137337793,133.92597803104545,-20.980122083477724,34.38739502953249,13.333652670512125,2.5903134812763686,-75.78075393108462,-20.78214522960761,-24.655933971684064,-39.1731515727847,2.218038125325081,-14.97525115013231,-9.401313938386787,40.18848403924711,12.335324849997772,9.258712357232538,7.275544412011723,8.731686438582672,11.90889667190799,10.147576788697682,8.001488393211075,6.612438770132943,5.321678809290033,5.241306851027026,5.306990695741306,4.553880673099178,461.66082699508854,55.45973360725853,1696.8982416120348,435.4916110646638,2379.760782872209,123.60270920024215,-8.305657913917882,
22 Elderly Healthy Control/LISCO G/VO2GLIIUSSC57M210320171055.wav,LISCO G,0,113.37227380542338,186.5198207867443,96.96224253342494,0.0044881609470379035,3.958230501290657e-05,0.00165024590666076,0.0023188234394720753,0.00495073771998228,0.046242697905023625,0.43111713502619614,0.017494505830110835,0.0284583418341593,0.05787695964697316,0.052483517490332504,0.00026992192074022805,21.41916087437389,0.29291031795623923,0.026656275570653237,-3.2575699536412097,0.028099429696095107,1.5625142074895086,0.07896256702868347,11.70305758710068,-273.4741776965907,169.1478755566707,35.64408323862021,11.86377458699158,-34.28832764010663,-42.76360190454624,-11.74347882982286,9.85857341696966,-33.40185164488825,-38.14933261933231,-12.841648207053298,-7.475940227628649,-10.61106791754034,43.27049303238545,23.469635068426282,7.7487037617040935,5.479472839847032,8.043980663073159,8.667915501425473,6.836516669339348,11.671479785450385,7.6458273680111875,4.578815051696524,4.313777911488594,5.167642578005133,4.887794678550605,497.38202881595737,61.69202067924522,843.3520331566076,222.54682146898438,2579.6450215422924,181.0131610162579,-10.691615559387708,
22 Elderly Healthy Control/LISCO G/B1GLIIUSSC57M210320171050.wav,LISCO G,0,124.87212301363947,380.78623847301526,75.78173456775733,0.01949857060031571,0.00015654841171327535,0.008833000778397401,0.009852750460294714,0.0264990023351922,0.10560311016342523,1.027896748890426,0.042873016163204256,0.06061271273815855,0.10947390222569982,0.12861904848961275,0.02444137028806941,12.894249224019266,0.2668482932461273,0.032028157660802165,-1.7262519267926848,0.07890971615008786,1.3076729687262783,0.13526326162789346,0.4242577917402386,-291.98291786675173,125.99529447328506,-6.82303779687635,29.79720258941374,-7.8281228918066885,-0.7530933538068757,-22.07937413186316,-14.002013763783989,-16.024462307284786,-22.255963299814972,-18.195903074753385,-21.495608274077767,-5.4790279983615555,86.76848535725597,56.16050369589156,36.81520717319661,34.83050308583019,28.24303668694512,21.07070210106794,20.497424676550548,14.474352081689275,13.324631104317126,15.356018396845355,12.038152959873498,12.462279097624398,10.398468589986079,603.4809726168621,287.02583945335977,1621.8566693014604,453.7446914447558,2751.4257514469728,458.38144845490945,-6.114969781486434,
22 Elderly Healthy Control/LISCO G/D2GLIIUSSC57M210320171052.wav,LISCO G,0,141.98805964609141,374.6723389824775,111.77581922045158,0.0223027866633882,0.00015968948325615045,0.011304024432677728,0.013174192438416544,0.03391207329803318,0.12402314574848593,1.1943621442572108,0.06050243495860144,0.07666685157661757,0.11632644987436805,0.18150730487580433,0.03579165548912218,7.648556134055343,0.1405875096883797,0.07394608360101766,-1.264295006126778,0.19505304805730792,0.7121567052064518,0.25909796296460935,1.4525612814797597,-308.94625705094376,152.8412658912462,-28.277972682242382,0.8022605391533899,-27.49781614755378,-2.0599045229819466,-17.230303389988002,-6.237950941963009,-14.672659193366105,-30.99042008740574,0.44572393958630063,2.6750964991198236,-10.016015078630515,136.80558315279214,41.030288247930585,42.3578134831828,23.991551940353443,22.740317794995846,9.752369082437411,18.651259088128548,6.144731296730359,13.316471780914169,15.433273655281647,9.774008313045801,10.511904027424873,10.029573731258925,631.8291292166709,358.72640416681355,1388.1641318342233,474.40662706786867,2520.78282396127,355.3805241808603,-7.059518932969178,
22 Elderly Healthy Control/LISCO G/FB1GLIIUSSC57M210320171058.wav,LISCO G,0,134.74122457185268,463.3602473222626,76.46371276803812,0.020197725574047,0.00015038455831539686,0.009450331503166912,0.00995988791134885,0.028350994509500738,0.10399158509986547,1.0078270813743182,0.0421136529096448,0.05993776360080183,0.10839073844998598,0.1263409587289344,0.01032062519928545,13.051285308873489,0.24235036829227974,0.03975095877486122,-1.6179012093097482,0.12503724489623044,0.7863204788381252,0.1568704890102241,1.578478182886542,-275.58383666586064,134.42863275174082,-9.384837276518725,16.78801703117848,-13.124259239197626,-1.051999023705842,-30.81046089538263,-8.590825600820324,-8.926284947606055,-29.651752844335924,-20.21447571398482,-19.761169613634046,-10.930271218389978,82.10347203305523,56.05706347148626,30.1046093290074,35.68179740007748,26.939616169001297,21.404820763868173,19.122953194980905,14.64887184093151,13.936684739077537,15.793839003377242,12.155925391696679,12.464867365944947,9.14002566153307,575.4455367181527,301.0883571261216,1596.7162702792493,497.6445509892166,2582.7561583935603,509.87049338013054,-6.245617042518139,
22 Elderly Healthy Control/LISCO G/VU1GLIIUSSC57M210320171055.wav,LISCO G,0,125.04492497109898,136.8412220381716,108.46823935240029,0.004861587269059532,3.887496862578853e-05,0.002191134075999465,0.002666884160515607,0.006573402227998395,0.038298391387846006,0.42174750107207865,0.016141205882338767,0.020681787616369105,0.03929492918353193,0.048423617647016304,7.448470130801055e-05,26.629274912391864,0.1252632414936291,0.03257072699323836,-3.4114384589997764,0.0053243497354205265,3.0173993517499373,0.7353726047309289,7.599824218869109,-376.72315531673314,115.28281356323846,57.90036991990614,26.52751826706322,-1.3474339761421752,-20.903061894420038,-15.436765397163796,-4.805549976126755,-17.518785676139125,-22.929869031180854,-18.198606832818562,-21.52467758527451,-25.112355594923418,42.16206747039481,25.98918468436194,8.910429727173717,10.07316702067286,6.527507819591546,9.325047637269034,7.06871972720422,8.047407870931405,8.029199789975344,5.907634201122257,5.627622354276773,4.209445943735074,4.453066204400237,357.93695108337374,103.84795145750493,1066.1397048747376,873.4068148533098,2682.3395624612494,357.33241650229496,-10.691468968626284,
22 Elderly Healthy Control/LISCO G/VA1GLIIUSSC57M210320171052.wav,LISCO G,0,113.45847857201908,133.13145441432036,85.51664736115761,0.004081575926778196,3.599320511518587e-05,0.0014791692568712391,0.0020645515391163197,0.004437507770613717,0.04037444811183865,0.42342340724743327,0.016828326484594258,0.024000809652728203,0.04191217347992568,0.050484979453782775,0.016612864142176165,19.648574820374616,0.09422499761771028,0.03549117555782211,-2.783894630042568,0.006375248436795975,2.5716231754237002,0.31429903035734175,4.4487755753776455,-360.704758398397,158.159896657968,-6.9927056077720335,-17.056602459419924,-35.35824065515031,1.2070317281126925,-15.08004131498762,-2.776365670128514,-9.829300179830193,-49.36042941467131,6.018692453914934,15.774207102292175,-12.447362645283661,64.4903006188413,14.694385523198656,16.972525769453615,9.585007681043821,11.080961502943975,7.42535344183073,10.062302325673643,6.5003311629009595,6.9049033955001065,14.942316726813283,5.146966318580079,4.964696222967592,4.533014936014241,537.1318202736866,144.39836116711487,1180.9589239234028,91.31465064508774,2395.6658937450334,194.09523730629152,-8.605284266468711,
22 Elderly Healthy Control/LISCO G/VI2GLIIUSSC57M210320171054.wav,LISCO G,0,116.49406671803756,123.19042937303041,88.04329654807431,0.004599317529127735,3.947196416103589e-05,0.0017201113418216182,0.0023393583109090235,0.005160334025464855,0.05006996884712158,0.4433881779975937,0.023551006179191075,0.02999412571001743,0.05285248506974815,0.07065301853757322,0.004188429116512938,24.746665150655296,0.2759138306669149,0.06016684068592119,-3.3712039673694214,0.007805551398807775,0.8641096354450498,0.45727112218084304,8.00052741450273,-266.1355045232278,121.27146658996305,2.691012447841945,81.08935535560852,55.03827232402346,-18.795967579243566,-50.939245556392144,-2.2281647398386455,-20.414427719824275,-52.55354151024008,-26.566506623592748,-16.439935958517307,-10.80319668738277,30.26208318518517,8.255612350744178,12.580047928908911,13.678588908550834,12.932419212347009,7.066072227007883,5.137694260119673,13.205148280126062,6.276019529513287,4.175847177375121,6.240904838021847,4.456945596990822,5.107651487225989,339.0438064767774,14.694489524825919,2168.9598685254236,116.0433813506806,2635.6053261143747,451.6856248000295,-6.700146731466867,
22 Elderly Healthy Control/LISCO G/B2GLIIUSSC57M210320171051.wav,LISCO G,0,133.03255551501397,499.79026809575777,75.86991242523602,0.021047873011777476,0.00015965046954968668,0.009608748341742624,0.010921905391858186,0.028826245025227872,0.11610859113005086,1.097274801155798,0.045860598652212335,0.06659834307348295,0.11459885377336226,0.137581795956637,0.0193999858714962,12.686309169774626,0.19682062435389028,0.04710756262879818,-1.4335154568627848,0.1150726989345463,1.4002431441282481,0.11480699686917231,0.6122699098771349,-291.66038554099333,128.49435297519125,-7.6469281213245095,28.399292306116763,-7.723619322848375,-3.3835452733924827,-23.47763761699324,-15.556370301599639,-16.042274841665606,-24.45565901567312,-20.285772549683735,-21.40824129577174,-3.2947204645319466,78.35344783871754,57.6346208281232,35.97331576319116,37.052546748122666,28.839363166865592,21.477884355547957,20.353299420988957,14.843709850541172,13.658902024936566,15.685762327564717,11.718928142450869,12.788864457558402,10.155425661299551,598.0389898309348,276.3994214500346,1616.122847093837,454.09896830247675,2720.5492226919273,453.53258272673537,-6.411097914251103,
22 Elderly Healthy Control/LISCO G/D1GLIIUSSC57M210320171052.wav,LISCO G,0,124.26182877187378,136.47064893804253,117.21932630316964,0.015376548829485952,0.00012368973183992526,0.007580021951319262,0.008978560524588054,0.022740065853957787,0.10501372662995681,1.0556820475980404,0.044742665948135786,0.06414973834011978,0.09899530153375166,0.13422799784440737,0.005035432399266727,10.71113174460176,0.14413817372011517,0.017647733950070618,-3.711849638239237,0.01541869444851979,0.39152572239451294,0.58780979621946,3.4390711450286986,-359.5975522647466,147.69309484100285,-12.817532975203827,-1.328047475580707,-30.118729577780872,-0.634644021461617,-13.444945054523716,-3.079061467503981,-5.561139007753261,-27.979241374460745,-6.09916042959232,0.3688783450750227,-6.090384835109568,137.4419986890349,50.11623356925304,34.02060574320922,24.001544792689376,26.473212681023377,10.054423198487944,17.096916664334067,7.382385512709635,10.963624833869945,20.954754210493096,6.72187789025981,8.170607989170922,6.230171241205039,670.0712368279561,425.61187868129224,1449.776909463144,558.6229206646746,2648.9411307993164,541.983337885034,-7.682180052888322,
22 Elderly Healthy Control/LISCO G/PR1GLIIUSSC57M210320171057.wav,LISCO G,0,127.87561177505859,480.5275011107098,76.62955694603512,0.022534122604621443,0.0001780306757350014,0.009334640930393141,0.009700892756124823,0.02800392279117942,0.10626204394237136,1.0622018003455607,0.039420160416530126,0.05888069373355905,0.11253890407563048,0.11826048124959038,0.020617388274093377,13.536443014046625,0.1644749370913476,0.03847470454334529,-1.4287681405085073,0.14894998050670183,1.147154216889829,0.14189450118101204,2.326892043025751,-304.0505224524755,113.04636522090692,0.783046678289657,23.57332514788148,-8.726248782152451,-5.617544906794714,-15.078329004664193,-10.50112087554372,-18.422176755239402,-23.495435912609334,-23.885017876101628,-21.551471959551428,-1.7586977419543035,84.7114334741309,54.9514976359597,39.20722121109986,32.34406673097068,26.65118159432509,21.62480928938262,18.35325093549025,14.013142335846451,12.134174657269089,12.906944855078615,11.991798370454628,12.829927797179177,10.453404897726184,573.1960577907124,323.6180294301737,1591.1745965831203,463.94316011911786,2738.8714369723216,571.3284452487767,-6.88829288594455,
22 Elderly Healthy Control/LISCO G/VU2GLIIUSSC57M210320171056.wav,LISCO G,0,122.9939639316232,346.9130161200908,113.92403300878746,0.00538192622285977,4.383238748998073e-05,0.0025855282476181336,0.0029681855149715354,0.007756584742854401,0.04390519564144527,0.4631193103815809,0.018630052424245057,0.021848759122491367,0.04245225676916795,0.05589015727273517,5.147988175702264e-05,26.02820192106079,0.2170892187055853,0.03967513565728389,-2.292419151005933,0.04340237596119036,1.819071773103986,0.03157637390757651,10.215634377927561,-342.4474226998163,152.39056098074389,60.322054180138494,36.11788021448815,4.6289810990860785,-26.774987070522297,-18.774295556258867,-12.069313168937532,-28.947401697165205,-32.122905667242975,-19.018264559974746,-16.924051166326233,-23.22024281943618,40.3593476416518,23.930902206034897,9.073743257985289,10.44267576227382,6.367676883164328,11.684942408952336,5.94408546856791,10.648380864935534,6.659786314743904,4.873890627945171,5.698513430838803,5.250433323124998,4.578648834990217,362.2621173521531,142.02336754557305,939.0584546292346,795.647516030493,2744.2643380850695,410.41931858534116,-10.326571100859512,
22 Elderly Healthy Control/LISCO G/VO1GLIIUSSC57M210320171055.wav,LISCO G,0,113.71897566385985,126.61573883218088,93.70661753083075,0.005350405434351387,4.704958225081271e-05,0.0019291832997709807,0.0026923343915850554,0.005787549899312942,0.04860349222688412,0.4774770906333959,0.021753724752475962,0.02857294830776113,0.04984495902636163,0.06526117425742789,0.0002531789378182175,21.02030003951624,0.18596748858219345,0.04290278670644746,-3.1361069964603603,0.00815673569207479,3.25516083000005,0.45363687615564796,7.0994984104822905,-350.64387523222587,150.04235527214783,38.27544843434912,11.152850358884344,-30.766962736375753,-35.105124556029345,-2.778241029448843,3.8315064826746,-23.41619268049639,-30.44530261694553,-18.216427171248917,-19.18239938786337,-16.933854020798808,56.14524221644344,24.982118815915427,10.061697966540649,8.07398024434695,11.466204841656216,9.019118011109423,5.366300738743489,9.926092801343815,9.237471731321412,8.66608868787604,6.065444276698722,6.219934662991283,6.923444139564391,430.61039683274464,87.72898861384608,930.3594222853106,166.11308171645965,2703.8036183435843,220.0239852380511,-9.340877081361604,
22 Elderly Healthy Control/GILDA C/VO2GCIALSDA52F170320171130.wav,GILDA C,0,93.02817453176502,173.52376156435778,79.92690950499339,0.005100234728269506,5.489486866048838e-05,0.002579856614217518,0.0034558145305710252,0.0077395698426525545,0.17907880870151227,1.5770781987140268,0.07833777583477126,0.1283277633730301,0.1459290352682509,0.2350133275043138,0.00222485181305196,9.158494801320522,0.18467700570825132,1.4528236798990057,-1.4496873022424261,0.02901654045375142,0.00012480369656587696,0.05472979403876328,23.139413459917918,-164.5362783206884,144.9643001965574,-17.52243541787655,36.052227793490005,-53.53253253971203,30.022587747825572,-20.206356574745243,4.267955691396334,-9.309755219881767,2.154956930554291,-8.317671850170367,-17.097127777804694,-2.846227127604393,12.80955597237375,7.501589385683529,2.738942446846848,3.6723357013123077,5.66654129639135,3.656403210651113,3.866149203004449,2.172065735628647,2.6183478459840956,2.7534205670642096,3.107454948267764,2.009841192704878,2.5343765311881867,774.3618790287079,498.8600758572712,1720.6745136340942,1186.876185783771,3305.013420350068,1081.3171306357508,-6.159880410045007,
22 Elderly Healthy Control/GILDA C/VI2GCIALSDA52F170320171129.wav,GILDA C,0,184.13507548404027,196.20473961317634,178.95414907075022,0.03094711081556607,0.00016794974531059512,0.0175133410415795,0.020889377369450166,0.052540023124738496,0.20171951153227743,1.7491673921591406,0.09164233006387032,0.14890799234923222,0.18931015488985128,0.27492699019161093,0.0032590267172910876,11.405305462051674,0.06178761066718913,1.7693310359264935,-4.3615271469060115,0.01341443647206243,0.015713593486723635,0.9204380107266285,20.939661346671038,-162.7635444337612,120.92890279385249,-12.907702995517973,54.571694146665905,-17.317215011962528,33.48215585915147,-13.51991414892448,-2.4661848129737804,-19.22106128853996,0.18932783496712322,-9.458298038863061,-20.593079805093534,-6.7196993642863125,10.35717690064954,5.618893694634848,3.466703296357095,7.621361965177373,3.3981944154340273,3.926404089648133,3.481617716244232,2.5403142661960696,3.4694096077647485,2.81647162846839,2.816326441020206,4.385796979860939,2.7816625001047948,274.0851847454539,211.07721538428902,1612.0004804649654,351.4247873797398,2973.1745806508216,654.1437745933715,-3.050704913844036,
22 Elderly Healthy Control/LISCO G/VE1GLIIUSSC57M210320171053.wav,LISCO G,0,113.53466422377943,132.61636377902067,80.0762350156668,0.006726703217188454,5.925292306052982e-05,0.002230760883833162,0.0032098845407538467,0.006692282651499486,0.04273097538450452,0.4630489497755311,0.017266961529242796,0.025148912782258986,0.047141506256940253,0.051800884587728385,0.05400665255264751,21.476255813681195,0.13647271163486016,0.03755888069087925,-2.742451976024031,0.011401315204271461,2.491916815574394,0.433956569496257,3.795496111288898,-329.9407592453208,116.71011913706458,-20.99712390025206,27.757249514790608,22.14132165627659,-11.173932796201166,-58.593091977681574,-21.56301575533295,-18.81455962631416,-36.864409525299806,9.927582881688213,-3.3388103318728515,-19.187679637329943,59.697618412803685,14.05172727464932,17.571380020642824,10.090664188934298,10.504922913373083,9.180816638767386,14.839834945895461,5.777958699578528,5.6792957665423,8.793254324437934,6.761446351936714,5.827406640650991,5.801794091438314,491.9022138607434,71.53863585940394,1736.5294840728343,436.8824478034729,2438.6565603749464,119.40603689530602,-6.854910354024499,
22 Elderly Healthy Control/GILDA C/D2GCIALSDA52F170320171126.wav,GILDA C,0,173.36376740325613,222.56112034206143,84.15962043975213,0.018676683372263102,0.00010842335214431673,0.010180621500525592,0.009763408391801957,0.030541864501576775,0.07263105332659249,0.833562932460729,0.03599303774278202,0.042940120978927424,0.05436434644794275,0.10797911322834607,0.01774121929654618,10.250217871214087,0.23687086563085344,0.4101893529568623,-1.7360157955590096,0.06467783494544485,1.6048589307745973,0.08758158398359588,12.4617090489743,-201.63622829457105,148.6797231609452,-29.557727810253805,-0.1259390322335943,-13.533041609220247,11.772286068587556,0.5890017917255328,5.3865530553674175,-9.089991721785712,2.9405625571353364,-4.200079334881924,-13.134197322217945,-8.281322404278866,130.48549406171438,37.44011243966349,32.65468629549136,21.822437507039048,23.787720463462115,11.169477378384512,15.362406135816304,12.181044912046774,6.657387816752301,7.330273726571517,6.732320280894325,5.852825913597739,6.215251554084565,802.0510253589943,546.58318735857,1530.6425173500643,588.7326580258488,2781.4805212001183,865.5010170300521,-5.470505179063309,
22 Elderly Healthy Control/GILDA C/VU1GCIALSDA52F170320171130.wav,GILDA C,0,96.59626052653948,180.06083179845137,77.74415227381192,0.024747939524901678,0.00025712022431420074,0.013071847072968185,0.017306808837220484,0.039215541218904554,0.22324202553490455,1.8599577351552885,0.11835695026267695,0.17131573749442167,0.254875240709929,0.35507085078803086,0.004609142026760538,7.266407567507446,0.15037757349867592,0.6222346226083382,-1.4618123968280496,0.05699310897125076,-1.832403975147732e-15,0.19444744800712702,24.19751488872061,-218.29482627341002,136.52550283891736,-1.7943989641773008,51.53741243778763,-25.590776925811817,38.21819455283228,-24.81629785468776,-1.3954015060801082,-9.822556566128057,1.6850802220066512,-1.2524249975034716,-9.293134579746686,-3.6803126743783974,18.293783274761342,9.332971220514553,6.265315030829016,4.397796611441872,4.459894454872644,4.545794155736919,4.406448399888229,3.771858251585425,3.4711999225737933,3.067194544402809,2.893951786200716,2.9419147045085574,3.154019490237953,382.8415667596878,417.5822832657636,1622.8787560238409,458.9727593590604,2807.59882959098,1156.4466844665837,-8.044778496352295,
22 Elderly Healthy Control/GILDA C/VO1GCIALSDA52F170320171129.wav,GILDA C,0,107.65508514970799,178.37992496217453,81.61166292121644,0.005871846941235433,5.465047666516738e-05,0.0030536397125317943,0.0038514459894950738,0.009160919137595383,0.21278039923964664,1.8589506493787178,0.10335158452990875,0.15909694940510913,0.1673626377084902,0.31005475358972623,0.005609872287008498,12.324066813780648,0.021753913838320933,0.19186412255739152,-1.14996882706784,0.032404737200746124,0.009627322070179248,0.20681153362479068,21.524533753839563,-318.012004843875,143.89797403243549,-5.801449093210343,19.03692189884541,-33.97248813215067,16.407216164546803,-16.570038346933195,2.48994373357901,-8.441338779361246,-1.3293677606553476,-6.962983991639108,-14.063542893840342,-6.614733990863585,15.265287717492367,11.942272345689975,4.049169120514375,5.111901385537142,6.863568062734821,4.5765362125447,3.584795079941874,2.6956046034565655,3.2630701853235813,2.7039503729799,2.853331467479639,3.1928319343851057,1.9233064168665408,762.9152284114406,508.52662086070575,1675.5148767713285,1168.815474317404,3140.634048014774,1107.897649017179,-8.887711219252395,
22 Elderly Healthy Control/GILDA C/VA2GCIALSDA52F170320171127.wav,GILDA C,0,147.05353699104262,182.00328131220598,84.6132952490892,0.004084222346956072,2.7750767056192317e-05,0.0023202108423407675,0.002350612879821431,0.006960632527022302,0.0996403520084972,1.0490152250171405,0.0543137558972931,0.06317661654651728,0.08445627571230944,0.1629412676918793,0.014670322182513063,11.771629333449216,0.21547524948118166,0.534107323480789,-1.1326828446363912,0.05393445862969302,1.4313894325960216e-15,0.19852430502937574,16.502455676557613,-220.6762505760508,154.65461490383964,-46.255154053897535,1.9488641618533138,-31.640028528723324,39.594851432412824,-6.961076704943377,6.62614946340596,-22.77809985297932,-5.152478748133433,1.4015862089766815,-11.43548454810283,-5.383361480532556,21.14201404241937,9.95689155764103,7.974853107947097,5.7872819444197345,7.300009799730392,5.970574743693635,4.371238892079755,3.5044719684769574,4.008724338206916,3.424445307315673,3.096412044843952,5.411568987160923,2.724916827565123,1058.2193075685218,517.9160003835233,1346.7054369254288,384.03161030785657,2921.271418826429,591.6586849542482,-7.178158570585559,
22 Elderly Healthy Control/GILDA C/VU2GCIALSDA52F170320171130.wav,GILDA C,0,170.0694574739485,182.44554041937513,83.05123755508724,0.03785567456055328,0.0002223301615735054,0.02325769503919817,0.019556648353402078,0.06977308511759452,0.2152950069262864,1.8011197704069326,0.11608241827617882,0.15398809896930166,0.22821410831394293,0.34824725482853647,0.0018653372984294865,8.75239320121128,0.11912978255045355,0.20301645594340875,-1.77412504884351,0.04234162429672616,2.3777877160632468e-15,0.20212733534852265,22.56590622269172,-159.1084364057719,145.01397747608678,-5.497031301822616,47.953694679204034,-27.032042415729983,34.66784145741468,-24.32509253123617,2.6688111458847215,-6.579696057035583,1.8324524380357996,-1.6082665905928795,-9.404780548768262,-3.9677791996787577,13.398795006786093,8.89791228545615,5.595121843803021,4.189416342962759,4.582639647932818,3.9543687675972015,3.040311117448811,2.8476313479432607,2.7083650428902293,3.280258269866953,3.374544756762478,2.429873631632208,2.217014316826788,394.9950748525623,343.77779522260505,1561.1114646690155,619.7548280857775,2539.21335145665,1296.47304777283,-7.654678451758069,
22 Elderly Healthy Control/GILDA C/B1GCIALSDA52F170320171124.wav,GILDA C,0,174.84862225864353,581.5094278614934,75.56647758083889,0.028658266220908928,0.00016457965961373075,0.014808294926136487,0.015312820399980482,0.04442488477840946,0.11614156648837004,1.12982764109022,0.0565582172272271,0.07519487607608061,0.10769197689833827,0.1696746516816813,0.02825652960469835,9.792100399311128,0.44098135034875463,0.14273135091981543,-1.585513354011057,0.09632665849006943,1.2944150188376264,0.2004301446012916,12.187335070747547,-203.07677930588773,138.31631352061783,-7.681346934272792,20.150513114495848,-11.436387297055001,8.64976227542207,-7.337878646139432,-3.5237733929418877,-12.063992400861627,-5.756227568492239,-7.947030441886201,-13.193403763038273,-8.171243224393077,114.4251097677681,48.45076088906498,34.28592199421617,32.186146978060904,26.26661698020657,18.182301242884403,16.76224381257892,12.636411964785335,10.161432843664514,9.671860979958543,7.650972989152494,8.068250939633051,7.5144833823811785,639.4043650718002,543.074174592082,1659.7133913537396,583.7035793136866,2875.8033424212217,836.3673075379608,-5.5384450237748,
22 Elderly Healthy Control/GILDA C/D1GCIALSDA52F170320171126.wav,GILDA C,0,152.46137106727772,205.35338539926363,81.07362372001221,0.01398537728313026,9.106318587610736e-05,0.0071908445998816895,0.006510257222539967,0.02157253379964507,0.08610526881686807,0.9100208644772417,0.04527017996031337,0.05720634992438987,0.07744683402689169,0.1358105398809401,0.012210765040531538,9.255470221612045,0.17637617985596415,0.46811216749679735,-1.140007280986191,0.14642331955387705,2.704966238948505,0.1590686311169109,15.436408758331016,-228.70658064705415,150.38562564477579,-28.145391401889846,3.7105427386929715,-16.088788721738958,16.91494494951387,-1.269541663666142,3.2531931563822742,-11.730680136774142,0.35334487528745606,-2.2743646083834705,-12.718232658151457,-7.54637295455261,118.75506484426916,40.86684594255012,28.780398936163515,15.3315415894858,19.35935460400691,10.878060491610302,12.543413324512807,12.282351757171,8.575055522384542,8.5681550384704,6.054837285355551,6.64392226998467,6.284890825055497,784.1340312362128,693.4081248824876,1542.990442932112,499.04926501454366,2865.3851817528994,819.1098960239552,-6.614688118213558,
22 Elderly Healthy Control/GILDA C/VE1GCIALSDA52F170320171127.wav,GILDA C,0,149.92983140856745,184.29426823216215,81.40898877022254,0.008368710168224568,5.5828684430667315e-05,0.005033828103501165,0.004582389091299049,0.015101484310503495,0.19110445274509916,1.7130084196340147,0.09991917203982398,0.12183266554642341,0.1702488299855483,0.29975751611947193,0.06818117455389228,12.456328070135282,0.046258435802155815,0.22217002214107093,-1.1303604623732944,0.04446552600792355,0.0012748661797375791,0.21244071148270638,16.817218254342656,-289.38693960731587,125.4272779972932,-28.51619021929392,46.871734813246476,-14.739840614074632,2.2373754574972096,-26.69481033831651,4.128554501561256,-9.928979999190071,-7.16755306449509,-2.0162417155248917,-12.323396314647827,-9.745355803931663,28.226135523958924,12.691236927322342,10.171568724919315,6.117542439641096,4.798796817381475,3.6124631541895464,4.644463563100947,4.659346744246565,4.6454365643505104,3.1356958763548533,3.099854014680223,2.7725742129934883,3.4823167198377014,626.9417904403515,418.76582599296074,2146.9984132569166,393.73563329196884,2956.970731081858,443.43928234628265,-6.605322125386247,
22 Elderly Healthy Control/GILDA C/VE2GCIALSDA52F170320171128.wav,GILDA C,0,83.22607462517499,85.89410822220516,77.04818820867663,0.00456425603360959,5.483167641186456e-05,0.002084739515003096,0.0033064160264729817,0.006254218545009288,0.14346739252261018,1.3489596699778192,0.06033644787009225,0.11947203680427898,0.11523970529203707,0.18100934361027676,0.010064396687119292,10.573545952244345,0.19712405541478595,0.2282211849463799,-4.367907205158758,0.006072850592652118,2.672321826189518e-15,0.4560714979466181,18.351069264132178,-137.30450495488247,143.59603772236565,-39.067532006017245,60.706702335232016,-30.334647302291117,17.557866771030625,-34.61913358308512,6.731709588008477,-19.26163921469293,-3.3690772018049318,-4.117470196294559,-15.494314644216319,-8.396185730138102,18.840345674611584,7.348205128855192,7.074365486009218,5.224380894611126,6.147641481057148,6.63183887196178,3.141497013996971,2.993971477929841,3.759200456605541,2.9760486273852687,2.6875250958461048,2.6710593854735394,2.579148695122843,555.5323047020449,472.7926883073895,2034.6497886983298,608.4057063948829,2962.944567454951,544.3319217657962,-3.6098179185313586,
22 Elderly Healthy Control/GILDA C/VI1GCIALSDA52F170320171128.wav,GILDA C,0,131.41949092720418,189.88105502757742,82.07113486497127,0.028147680671141075,0.0002141337329549015,0.016130590139672062,0.017898921446296123,0.048391770419016183,0.22624533268211136,1.927322418355849,0.11793315792291043,0.16080091958992954,0.21386402645277203,0.3537994737687313,0.008769180437836666,10.817118090336406,0.19933228754551593,1.8296973865916217,-1.0323712718243032,0.04505113517008373,1.291723615263244e-15,0.21767406984173665,22.025441699662345,-219.76052547248446,122.94843256829508,-9.480684511239046,50.505204431682344,-15.10681199779562,30.04763776701453,-16.014374742386416,-2.5738664023550824,-20.075191777968666,-0.7354775548301148,-7.604873354728712,-17.44435744023956,-6.5076750969231085,9.20375435708522,5.732037021697006,4.620135686557807,7.236197500352697,2.912496945052328,3.6030800353925443,4.952335467775679,2.705562155817763,4.710766046678857,3.097361658245003,2.3966224071891884,3.7042313642921614,2.7603022222056626,285.52726982856797,291.63838870430305,1607.2072288929974,340.3647178337174,2937.1709670583837,559.9729359865438,-4.878241392903592,
22 Elderly Healthy Control/GILDA C/VA1GCIALSDA52F170320171127.wav,GILDA C,0,134.35449439458182,180.8608214616849,83.80736989914192,0.00414019148465254,3.081765281273645e-05,0.00219687230515425,0.0021268235954117606,0.0065906169154627495,0.12006115398281351,0.9642497998831823,0.06375355975003966,0.06112691943689601,0.06937942381977283,0.19126067925011897,0.03293246983215959,12.485639009401245,0.1082758096092789,0.3949319666694625,-1.0542784151391151,0.05943944881422191,-5.223023865914462e-15,0.03605452502897298,12.721953387951885,-253.7624197661506,149.2166558793049,-48.8005926408186,-6.3866551848024695,-25.830286536872453,30.45484515882276,-0.4923789888630474,2.936989117873745,-23.921902807103873,-3.2423428406264003,5.583910155429459,-12.246633983378224,-7.137308214065648,32.14613915417666,15.958757678749167,11.849634952628337,10.530044137207687,7.766088342266689,6.732707507070954,4.735139960150284,4.634914828328995,4.733591993074635,3.9767209287300838,4.734182522396035,3.4336143148693923,4.459490333915835,977.3949057185416,520.8366377376826,1352.946249144036,193.42738718179854,2886.814923429749,570.2032144507835,-7.047928724929955,
22 Elderly Healthy Control/AGNESE P/VE1APGANRET55F170320171109.wav,AGNESE P,0,163.94116740209253,230.69556463761137,74.91424829324816,0.006693237801060321,4.080886632548916e-05,0.00379776398568261,0.004185337517221122,0.01139329195704783,0.13096036031616645,1.1315333302838098,0.07519694809156512,0.08595345431571369,0.09163052460615966,0.22559084427469533,0.1023869913477807,13.024236985536993,0.24257342603961773,0.06709701073174794,-0.6673497467850182,0.04204793079781985,0.3805068849215216,0.021675393015925845,12.698562033437582,-174.2146759754124,123.63046586956112,-43.50000505108225,52.07991874422706,-5.307567087277663,3.050832933017916,-41.710150826212995,0.36027913023566366,-5.7608523491047,-3.6909576225688623,-6.72249675423944,1.1725367683268333,-5.573650958484434,16.705110756641044,8.141682074764637,6.301017660656853,9.520935985199582,5.649897768635658,5.141280551459886,6.36052526925129,4.923916681674328,4.510014064670744,6.919799758045325,4.285138921739973,4.5138415000819565,4.198517275297199,519.0592538823322,165.24450833745445,1905.20401970504,829.9826152920295,2436.8652150759367,463.28608738460224,-3.1985262441560107,
22 Elderly Healthy Control/GILDA C/B2GCIALSDA52F170320171125.wav,GILDA C,0,173.9103091537169,555.4128150741375,76.70956279412493,0.028412549105757946,0.0001641987862175306,0.014702944197092822,0.01544031082638754,0.044108832591278464,0.11491581009098654,1.1365927051577622,0.055770803477700644,0.07568195234737206,0.10876667043926577,0.16731241043310194,0.028313435905641775,9.71139280700747,0.4406997340580202,0.29449180771670574,-1.7804206684498565,0.08139551399759805,2.440433565042496,0.23718625031108823,12.00576423459228,-191.60538709422286,141.19418300306927,-5.471084690738645,21.67024589012249,-12.617510599824092,6.338571160004557,-5.390132495617066,-3.25598494583034,-14.014546808800047,-7.370118477757622,-6.337192628333143,-12.819559889137151,-8.055275185067924,106.30524162653775,49.61324281969804,35.275100590065996,33.93463937344876,23.002219810194287,19.31573419562929,17.626718253653944,12.17789825461998,11.38642805286974,9.095394808411378,8.04429385898885,8.508016660091673,7.724869196527001,605.2936784030056,470.44768433419245,1653.402706158739,563.7975263960574,2900.0398687014754,811.8764643108458,-5.355839862186994,
22 Elderly Healthy Control/GILDA C/FB1GCIALSDA52F170320171133.wav,GILDA C,0,170.6663387760537,440.2511446344818,77.69103562394302,0.025819071090035076,0.0001515422910401202,0.013070453720404895,0.013825510989764426,0.03921136116121468,0.09616650162344141,0.9763681844019162,0.04610194103391238,0.061349611427540834,0.08822039642363827,0.13830582310173714,0.021427450561177966,10.548803464045534,0.38227909776703217,0.19879002213155514,-1.957731261989706,0.06261686490212792,1.6326646412859533,0.24268516070663457,14.681242650865947,-187.81957937637168,139.92343669698565,-8.64223454847372,24.274125862624334,-12.16654194217966,10.918816093941695,-6.122251823884498,-10.182413589060818,-10.95757935667407,-3.590090436570089,-4.030967240875704,-11.598470290125006,-8.089800474265509,102.11944219158389,49.021414516605525,33.567423832700825,27.241247288374193,17.834411503538664,17.87875220330333,14.586090633320314,13.51574787327297,10.158829651809631,9.79353132397498,7.76939120760986,7.12901393519857,7.7419687251315,575.020610680853,514.3429026432901,1648.591725012398,556.8915971301673,2994.5806397902893,964.370716843596,-5.995017498492815,
22 Elderly Healthy Control/GILDA C/PR1GCIALSDA52F170320171132.wav,GILDA C,0,173.96609631395552,580.8918974473711,75.5546526155508,0.026333888023226417,0.0001515526727370963,0.01414687203476479,0.012715299045623251,0.042440616104294365,0.12116149133777888,1.1552928703724856,0.06209861889467466,0.0768498309654093,0.11039550641826103,0.18629585668402399,0.019662097097615027,10.840425919074555,0.3430934737666879,0.11194275995278424,-1.7997529285576659,0.11954249280305677,2.6520385151198242,0.19308978635598326,15.810344019529609,-218.77404307040973,142.17694529117648,-9.813080398173136,22.63351852262574,-13.65518687707277,9.54025115668535,-4.387433714162687,-5.022840034162596,-14.375578442970578,-2.774168879676443,-2.8903016193594353,-11.569967132437498,-8.265727374174825,101.26927039832849,45.82975442750525,33.95648973131849,31.725813195061125,19.973584247663698,18.34044847345585,16.659651796147,11.435920994179385,10.587068014434593,8.66658845194094,7.64703535933717,7.196671670929644,7.433171362231425,585.0835391215645,491.35205971457196,1617.3448153164466,505.4170480864365,2885.3128528105212,795.8581103454693,-5.661045471678554,
22 Elderly Healthy Control/AGNESE P/VU1APGANRET55F170320171112.wav,AGNESE P,0,224.80948492592702,230.20525673338912,211.15997885735666,0.02491861786646952,0.00011079811772831817,0.014574587949387105,0.016894873541020324,0.04372376384816132,0.18606065507954356,1.707075592693351,0.10874745629833402,0.13885757317071895,0.15279087911112632,0.326242368895002,7.92605334545078e-05,16.3215193013958,0.20745469563844135,0.05655473964435851,-4.3544660705881295,0.004767311845051008,2.985545220456933,0.8236024383852569,19.802722451773846,-279.1459443474291,160.98644508994528,39.046980078000765,11.21063238049019,5.137312237119024,-6.040419538544648,-13.589539909388074,-11.929379812186019,-7.559632206421203,1.6952271540807915,-11.331047148627297,-10.944482768248507,-17.568061911281642,36.945785447783976,33.967032843815616,15.769805350842258,4.260131324349274,7.114014838727689,4.666677897725983,3.508498755698433,3.8206282338870405,3.4247938039546044,2.8960382803010805,3.135816181956836,2.966268906343846,2.837400795263702,341.15554048923565,251.98709780271167,1056.3972374107243,719.4905701610621,2524.4854952130595,1029.1899222851014,-10.312377554111047,
22 Elderly Healthy Control/AGNESE P/VO2APGANRET55F170320171111.wav,AGNESE P,0,223.05785424741632,229.9541085153322,189.25929543132338,0.011987991852120322,5.374641460967584e-05,0.007181962607682352,0.007337224109115257,0.021545887823047057,0.15535198925999674,1.483892515265515,0.07800628608140645,0.11115207340946588,0.21118528764054711,0.23401885824421934,7.624814987604286e-05,14.346493610224874,0.11493567385425851,0.05294224773874544,-3.8437993428219372,0.0035944555193755316,1.7150266758337707,0.7675787680790594,16.108538249660036,-299.51809966181264,148.3510668773259,5.419281825949935,1.9402718989458831,-19.60665229849824,-4.205367592293875,-4.885150164603367,-4.482621350987996,-16.556864318429263,-1.5139274376349663,-14.996257958046469,-8.561571904100278,-0.4326440061191909,26.88195062260662,22.57003233247754,14.1529805975452,10.152642378075981,10.626976060116071,7.468098196622186,8.931067624693954,6.188663531183813,3.697364097771617,3.3996375386553703,3.726133559446447,5.317392064311631,4.012651049684893,539.6541859622758,314.366241703547,1159.0372987665248,524.3572998703797,2736.0874544502567,887.9033074471118,-9.179831220213087,
22 Elderly Healthy Control/AGNESE P/D2APGANRET55F170320171107.wav,AGNESE P,0,209.73983667953493,312.55944013005615,76.66125364506293,0.025115813644506955,0.00011935607614217811,0.012247682607714838,0.014422375652363172,0.03674304782314451,0.12893930120096536,1.1464308429474874,0.06452513370502633,0.08764955098055077,0.10732757243827308,0.19357540111507898,0.036794108080242215,5.877358703443758,0.17914242590636828,0.29390065246477637,-1.5674743852316417,0.1368788631263087,2.369342764560468,0.2705329012368357,16.467595869937654,-231.64692715695506,141.89157581851612,-30.91119469997696,3.6652758745217064,-6.318557379835404,14.800211493232418,-10.513677447457328,-4.416919833187514,-9.973648731487726,-1.95900582272909,-3.677098661672822,-9.76598620553084,-7.106174588586592,119.12430549942711,48.293781066782735,36.92772431247023,25.93816511643858,14.34388079167498,9.931045541866782,13.82358733308444,8.002950381632361,6.712824624832441,7.685824581215781,4.935080063438049,4.984785571287531,7.046144067852866,670.2161523223166,717.0202429633923,1570.5683925147111,462.5422223597246,2628.007290446843,886.5291924306844,-6.632439199781632,
22 Elderly Healthy Control/AGNESE P/VI2APGANRET55F170320171110.wav,AGNESE P,0,222.57272384520033,228.2509532624503,201.75735172553834,0.01897415518124984,8.525334619347962e-05,0.011076719263302425,0.012899436047706632,0.033230157789907275,0.16211922911495663,1.48402285991641,0.08804842352292533,0.10475694621326184,0.12871014901563235,0.264145270568776,0.0030538995461510893,15.275632945588814,0.04021974661954836,1.8044837562655394,-4.268968566274954,0.004975954761821233,3.2174818433362904,0.6744214301659675,15.332900649211812,-280.2714436935431,111.39646281608165,18.780743283870795,52.968559575279656,17.246332993945128,-6.773475162783078,-8.678697516417943,-13.903852061552715,-14.522970003127988,-12.006986812044122,-1.6080938729603718,-9.55911663942493,-30.185749223448806,37.45333063390977,23.453735459989876,14.467646609646275,16.495679122960016,7.392370513877602,8.581902321161042,4.822763967836871,5.626386988643234,3.8625510661560165,5.262757912455188,4.99355649957714,3.719595309662675,6.127808805076576,292.62279534241327,107.32010609474656,1586.9182301900817,704.0311199792616,2769.1037812587865,245.57475199387062,-5.534345114539086,
22 Elderly Healthy Control/AGNESE P/B1APGANRET55F170320171104.wav,AGNESE P,0,190.4544836555064,540.7809807404474,75.20382232736019,0.04318090071691638,0.00022773441940171808,0.02349064852345805,0.025067086768603256,0.07047194557037414,0.22796101528410326,1.803236074804742,0.12466736985980345,0.17910498408377817,0.24449314721552,0.3740021095794104,0.024798250362304056,7.810283343425378,0.11379335413449723,0.07976356364929023,-1.2888176794836488,0.13675449981536383,3.0365880970878196,0.26625570810941024,19.59699914264336,-313.1092290151138,120.70622692795637,8.996021143792033,16.307988152369873,5.166746610576611,5.973477931671564,-10.074588832389303,-9.451090071961923,-11.234737640131286,-0.12215546776062236,-4.496303695770496,-9.35389122183632,-10.222865238315363,60.96975032464428,45.47991836759881,23.5952102150267,27.326842483572968,18.93371675273525,15.792772385616539,11.229752810541815,8.347322869717123,8.108484880209495,8.143464810621381,6.536977690838748,5.9007222542100255,7.004382202089734,517.0911767288908,579.7508224760436,1672.7509490482357,486.5753908297961,2814.239061052149,831.3201609259423,-4.51710569499911,
22 Elderly Healthy Control/AGNESE P/VA1APGANRET55F170320171107.wav,AGNESE P,0,209.11522911955137,229.48662954568294,107.31480036177672,0.013770718787671448,6.587592649108454e-05,0.007663233533670292,0.008919456608735665,0.022989700601010875,0.21096512840433096,1.7932100082445523,0.11411871096104494,0.16634635802739187,0.17704018145653203,0.3423561328831348,0.004702071491739679,9.585477732970045,0.28585224562814027,0.030738137874385896,-1.7010380228752302,0.04034011459406407,3.2265178110179112e-15,0.15053382405417456,15.574450826622364,-148.75256778798254,145.2040413933944,-35.41281001841862,16.57570950718727,-33.97631046805216,32.84636778751343,-13.451121092267535,-2.5867034166182123,-20.778262064107953,1.695105104640007,-0.30806034104047625,-8.571383039122223,-5.384041388292295,17.92901364546504,7.7364717332613235,7.014937407399812,6.009818819075957,5.9266628081703665,5.276621724169152,4.923975139669728,3.1020229238332577,4.375122141588931,3.751154231707385,3.6875166177507994,3.8825942737319457,5.600944904585999,545.3718401878543,480.26717073186137,1353.7114752249,269.44469416565687,2579.4263927148177,1249.5821906952835,-5.342889144713098,
22 Elderly Healthy Control/AGNESE P/B2APGANRET55F170320171105.wav,AGNESE P,0,186.7116738612924,568.0652473897103,75.01230898077542,0.03712486585004503,0.0001997314183798641,0.019972019103814416,0.020973974395931603,0.05991605731144325,0.1941768947029923,1.649076843136159,0.10642009527623013,0.1425616869600287,0.19703239168615447,0.31926028582869037,0.02988517308644095,8.473914412162253,0.2387628679963444,0.04093665516865025,-1.3253729996219823,0.1187614262412639,3.10067983686474,0.16782638509882702,18.59536424020715,-283.70413228744053,131.2902804638512,10.337473342558523,21.12143926593778,2.9197084650014253,4.4587813565611985,-13.226196238845517,-10.812304299102752,-9.90255872341522,-1.5589550653252129,-4.663615351336832,-9.507686982655796,-11.244010444723038,74.84829848482697,54.17234844140855,30.32658407746351,35.88764363949986,24.51635004008211,21.45868375645652,14.62257913266843,10.485992305286219,10.101304791969689,9.282090375549307,8.061010941804945,7.2388242623615,8.960495038738898,548.9336997863654,485.5786174526493,1721.0910101215832,522.3373481344117,2846.465835674554,862.4251319701943,-4.562825121590229,
22 Elderly Healthy Control/AGNESE P/VE2APGANRET55F170320171109.wav,AGNESE P,0,204.94737422853163,226.44117372386114,114.36602262489528,0.027493757872757974,0.0001336300116591637,0.015437814576948374,0.017555572764221754,0.04631344373084512,0.2364071872532493,1.9429021511004487,0.13225626041165991,0.20255510401986934,0.21463334056512223,0.3967687812349797,0.005156062871612285,8.203191312449468,0.18967636524460113,0.09619934285141914,-1.7676248363139928,0.03300769454413204,0.2777128404662626,0.17158643782171557,15.440033813535212,-145.7271360069517,123.820195447283,-30.550244770466456,52.52325731529653,-13.932091865583583,18.57397823078138,-41.989802160816694,5.362054490051826,-10.633333758445,-10.27641746341793,-6.562567675555741,-4.107504257369928,-6.174423722309269,23.496724129613735,5.309191606865404,7.337878141007781,7.759521648294478,5.577113694290936,5.680932318665238,6.052329951083777,3.932509660265101,2.7443122476761883,5.9702401811822545,2.74931089859324,4.414652398043947,3.106417351096069,448.635363960517,242.74053026487965,1798.7513800459992,1092.2916114715447,2388.409563504675,466.170270325763,-3.6209003524678467,
22 Elderly Healthy Control/AGNESE P/PR1APGANRET55F170320171114.wav,AGNESE P,0,179.29639117155432,269.7747099822561,75.45630029753801,0.03488953077820087,0.00019486095453491692,0.019054135492787443,0.0195838789306833,0.05716240647836233,0.17107238744814005,1.5472345839942307,0.08951653939748994,0.13663538601236783,0.17253363134618335,0.2685496181924698,0.014149621934684537,9.332310953188351,0.2494885800895631,0.03336711626702751,-1.5011296402679963,0.098511189741306,3.285979447176416,0.2738358369452913,17.704539509013873,-280.2996140068828,129.79765175496112,9.737105016187721,19.49428399984692,5.858184165146613,6.239948989381609,-13.608269360140499,-9.52022166028847,-10.964176433995013,0.42801022331233307,-5.866131119175587,-10.185933754660317,-8.762843132229388,76.04335012852414,52.39876151814355,31.563349285492496,32.054598461507254,23.52761681726612,21.523142192991397,16.403293458260674,10.237988739567946,9.351409060232776,8.690541242915243,7.221780387137287,7.394136424060493,9.023662388110552,550.227237764137,520.2876212038577,1719.7414801742773,513.6592350955729,2832.938260025185,779.732386053234,-4.90604411349628,
22 Elderly Healthy Control/AGNESE P/VO1APGANRET55F170320171111.wav,AGNESE P,0,220.46570259046493,227.76134936241255,150.95024743195006,0.013082353074981456,5.933844995650506e-05,0.007791668806794807,0.007755493312425782,0.023375006420384422,0.1740584606190972,1.5403483182657274,0.09933741501629069,0.1273971093497926,0.13402484773509776,0.2980122450488721,0.0014264196244841655,12.103799961624114,0.2286889469084382,0.06322173865231441,-3.8019939141084986,0.007173455749107064,0.007419876352114646,0.36462302039169125,16.27992569046956,-178.88607578090793,159.6463646028502,-18.999332093252953,26.662158570155338,-32.47183891910305,2.6385121097355553,-17.984302630739307,-3.581219739964538,-13.903637384039742,7.96743257443758,-14.596307359915222,-12.583770750313823,-1.0416568708077119,10.67316972554103,6.314527097131902,3.2652862845496853,4.891976533806111,6.9972607695765205,3.916269309064395,4.2325637484004215,4.099916853566601,2.575273583240742,3.609349947121177,3.1276062922738355,2.8108678809606875,3.314600975650628,612.421530764492,235.08776445383955,1472.072336466078,1056.985669009542,2918.1431984034834,875.2908855349133,-6.676984812965701,
22 Elderly Healthy Control/AGNESE P/FB1APGANRET55F170320171115.wav,AGNESE P,0,185.9870650890183,273.3484826244295,77.44833233329385,0.0390187265405177,0.00021005890701567695,0.020375091808242665,0.023544655959251367,0.061125275424727996,0.20861391811280836,1.701272330058152,0.1147323891436866,0.17231857363968933,0.21531027157263657,0.34419716743105977,0.02173885062051082,8.200523756562019,0.22242001537713946,0.06556123427809606,-1.555286732152508,0.10330340267381755,3.209982051518752,0.28769786897910454,20.612575711351422,-274.67102206126486,127.39132401794845,7.488510687462226,21.55076083946581,-0.6155363831891919,9.762678889117794,-17.516036360494574,-9.640547744761179,-7.109732048768163,-0.9728203993071838,-3.954102501579807,-11.016508568670703,-9.86736672001465,65.18225079613104,51.49474130368606,26.7768703110598,29.020899962450198,19.395444935913066,19.019876098316715,13.99011792563556,9.497259386801367,9.878581678270764,8.750478217219372,6.984630105486762,6.454117276305965,8.149569732372086,528.9671779062415,530.4985296949765,1678.026966947239,521.7274616045568,2765.808169078577,899.4715246914453,-4.179391599259379,
22 Elderly Healthy Control/AGNESE P/D1APGANRET55F170320171106.wav,AGNESE P,0,206.24496126912862,317.71210295273613,141.06126709771203,0.02725906465309232,0.00013221307804778398,0.012387457757242324,0.011365247396101863,0.03716237327172697,0.1494833835721547,1.3585300847902162,0.07807949528645541,0.1107657156779356,0.11892761379279843,0.23423848585936624,0.03333846305312441,6.462215945315218,0.1497790107074368,0.14831132717906068,-2.007026051593528,0.06251688684250623,3.092707786374891,0.42102945095724015,19.024822728529003,-256.9635739209721,149.0095128933746,-28.756474305295608,3.6762237475010964,-5.785831194079401,15.33103271078216,-4.271830884456958,-3.0905001076884244,-12.366201136078587,-1.3963997239118304,-4.701522456420816,-10.171870582436991,-9.178040539335115,104.64549947717093,46.824017128247355,35.95582818163201,16.684428828697147,10.140620123002657,13.195645155964689,10.099977060346225,6.038931752018781,7.99508813006867,6.265447145866281,5.758467008420817,4.84184691384693,5.94162391531468,625.7528478392879,671.1435594774114,1514.9870633597377,432.648316519495,2631.1518628192457,844.5909350334125,-7.817594530379206,
22 Elderly Healthy Control/AGNESE P/VI1APGANRET55F170320171109.wav,AGNESE P,0,213.64458723586486,234.46441226158447,76.24724761674636,0.02192854254106794,0.00010261412631263946,0.012943999449182685,0.015261351113313244,0.03883199834754805,0.17150224807744213,1.5533991372593416,0.09874460158567301,0.11947310503503342,0.12126626001588289,0.29623380475701905,0.0030622529482014667,14.95641302719818,0.11533589152210887,0.029677699526418588,-1.491730720937325,0.04878852601932544,0.11202709767998227,0.01435093600149033,17.12628288949997,-171.57777773935558,115.89510123557862,-25.000289267959353,63.27484538538772,-3.626470112672593,11.76814853739309,-13.6974297838092,-6.600442282006354,-17.29515015087126,-4.25748576464079,-4.3167389992675025,-10.886929823602095,-24.162089893606275,11.108943533160009,5.081008531028012,4.854499104134658,6.713815384673148,4.570834037624147,4.15709444335085,3.90737434324279,4.0770012692397595,5.540477134403892,4.5170630812027195,3.159113765792937,3.774534635241971,3.577553070492301,268.5679767826787,115.55591172042055,1653.1875778742747,464.89896822468063,2742.7999523868316,118.08145740794347,-2.0168052094325466,
22 Elderly Healthy Control/AGNESE P/VU2APGANRET55F170320171112.wav,AGNESE P,0,220.34436269008663,227.50329750336377,180.7776140230708,0.023144408051183434,0.00010498148972993035,0.01337742601384082,0.016235585968747315,0.04013227804152246,0.1499062339510576,1.4134745024299225,0.08216680989738318,0.10484316567904188,0.10368635887767856,0.24650042969214953,4.8438852589283136e-05,14.582457664071825,0.20221891202168035,0.05639412118059745,-3.5397445723982592,0.0060073887156713674,2.0483772086136987,0.8228959335902676,20.211430955169472,-259.3125249921747,172.53029838863898,39.55209351366492,4.810529313346422,5.909488339580216,-3.2759042690828024,-15.847993143626345,-14.819081252086018,-4.580451043910913,7.712997061791856,-6.444071217955811,-11.00779747462527,-18.92602825708969,35.1859901049978,30.993588026030608,14.459086080509984,6.83113778369991,6.228920390690517,4.756231360157045,5.185902933374823,4.024417833587647,3.9175569111334165,5.076975607260926,2.6896901565320035,3.1252767953460148,2.9124947072787455,416.3957535404211,350.6487760186678,1370.2712800206405,730.8941234589657,2840.172177125403,1243.9784789378634,-11.568139164157168,
22 Elderly Healthy Control/AGNESE P/VA2APGANRET55F170320171108.wav,AGNESE P,0,223.5721329816722,227.92175369542824,218.5118633817509,0.009691631407517564,4.3356758033044175e-05,0.005743460970052283,0.006104797649076346,0.017230382910156848,0.1953813370236253,1.691587151741106,0.11324795921539399,0.14129251438095572,0.14493575706805825,0.33974387764618197,0.0019341412303250803,13.109265290904725,0.32680386698316916,0.050187639243717656,-4.961629169185915,0.00267294472670644,0.00972588484841061,0.8208761501912993,14.837002738276734,-148.09150870110673,146.3992095290205,-35.535140125495275,20.996910079861383,-19.27644061725912,25.04149306056793,-21.128167299061406,2.205374430407561,-21.923601602217513,6.647886276555655,1.3598217093952323,-11.241520300453683,-11.364390976390593,14.543441790766824,5.316769100478528,6.061513533249651,4.339999442528517,5.7326909851516925,4.654776159920792,3.63593221200345,4.31529676894532,4.017020134492667,3.695662484844198,3.9275333100749483,4.758838380495684,3.4565972141905466,480.9087231935541,378.1771562531834,1390.7169550265883,340.66459079015306,2625.9773865879283,1168.8484111172268,-4.552825070417982,
22 Elderly Healthy Control/VITO A/VU2VAILTFOO49M230320171034.wav,VITO A,0,111.41557209421758,124.20978662221056,92.42399113123088,0.003887655923434256,3.4895616558682165e-05,0.001938305740231465,0.002335461097630981,0.005814917220694395,0.0226271787233515,0.20596570122607366,0.010526889992897536,0.01390382218079022,0.02221450167289381,0.031580669978692605,1.083869691160665e-05,27.515346510709733,0.1894547584107793,0.06350843657938815,-3.9316267552662243,0.014603879641015796,1.9928096350122975,0.22809106316482536,10.91585902925986,-353.43251226266415,158.84047401012987,71.70756001183328,29.07040421604336,7.725062768365535,-6.512946355143018,-12.069938555598494,-11.427370849088181,-20.33389368214738,-26.114894464863315,-26.996560204332045,-22.5200627581321,-11.040824422522748,49.186044210940544,33.56031032798916,15.06532361407286,15.115209562320274,10.541828626893997,5.949292745117623,6.264277322385781,8.065069307653605,6.790240660188173,4.727262321660235,4.677605616298698,6.848191487804442,3.819196042042075,326.9037415760992,118.75224043202829,1567.8322456266362,892.73203651222,2888.189002794165,988.0191374956181,-12.19728168136541,
22 Elderly Healthy Control/VITO A/VO1VAILTFOO49M230320171033.wav,VITO A,0,146.18572196666685,433.9718218932454,97.99178990101628,0.013384554835245397,9.32625617502169e-05,0.006701007272278561,0.008281609602619642,0.02010302181683568,0.08588925357347271,0.8864082322807552,0.03714185184921108,0.04519232902442377,0.05558675970784181,0.11142555554763324,2.506005940921063e-05,21.177004887309202,0.21210706973159316,0.04237627113071505,-0.7535458764488009,0.08318720892224521,1.7283582384308962,0.042098397436238576,6.8449327691411845,-347.0735318871733,151.73932852816992,67.14368834285986,35.82986170590823,4.765242604273864,-23.00941155633664,-24.05025555578252,-21.000010702688957,-28.788186995765045,-26.202482385301103,-20.91195756253103,-20.489588724931988,-13.943186441085553,35.96881787373632,23.765063797524334,11.5397099087472,12.093805426724519,12.769317277943792,9.116291664669802,5.736387177666408,6.332045853886652,5.331983966369177,5.863033249142188,4.21636665691388,5.265775762126094,4.151953620223151,413.47164803367997,88.49693062972189,1562.7833562135145,1330.761799207794,2884.6379532272977,363.5947960576913,-11.193756111386133,
22 Elderly Healthy Control/VITO A/D1VAILTFOO49M230320171030.wav,VITO A,0,116.11914539118732,505.6426049278192,79.44709793951337,0.01708141035380038,0.0001458638511521626,0.006150213151805658,0.006796436591158297,0.018450639455416973,0.11322509998751536,1.15752674622877,0.04848867543504653,0.065636534876014,0.1935609314864569,0.14546602630513958,0.002930569436431503,7.704032983669161,0.11362658355998878,0.12672416105576972,-1.4214417625048128,0.2501559563948147,0.10638325900478311,0.2576852029864762,0.3599907164752878,-448.4106844561772,71.74036631782741,3.1784945959711974,3.92908327285827,-27.406245131585756,-9.50516999719583,-11.043127996521045,-1.2246424504798492,-2.2193833244848706,-13.581139726236694,-3.9437609761667796,-5.732493161051922,-2.2840683962556323,157.85889300794562,64.12756775325226,17.100711038250882,21.574603887784125,29.841593201971072,9.680895150484075,11.402581548567722,7.692645458883193,6.162304883884937,15.942664723512038,5.039677887730394,8.486999559680163,3.9755487501525435,821.2548165719021,408.6515695668679,1774.8081072220032,789.7253790819683,2987.94019404269,723.988597191674,-6.796436829752054,
22 Elderly Healthy Control/VITO A/B1VAILTFOO49M230320171029.wav,VITO A,0,145.04708440969415,592.4708875503285,74.92621554154104,0.03181953600086257,0.00022973014193800243,0.01383043126510511,0.016928320676761588,0.04149129379531533,0.16422550264745162,1.407409664690933,0.07206479250069137,0.10522942624964593,0.1879167541208666,0.2161943775020741,0.009287043005938977,11.609841259586933,0.06893126139991618,0.044066031935260125,-0.6457246927779896,0.28342630675201963,0.847196957263525,0.27877799169339346,1.1133145760463776,-362.16014344261265,85.81722958457009,24.014243550649578,40.14858408313434,4.915698786897213,-10.503126418367607,-26.74988609718829,-19.475144775851717,-28.666716124481106,-17.503173575591603,-10.852761950438971,-16.544403984975688,-5.805805870654849,77.63141011028118,56.05906880211391,33.218806218568034,31.89332695077197,28.863644591012886,19.17715846062174,18.492271792313552,15.886168770211333,14.996844659535313,13.510647950254267,13.17787119223548,13.20085664445235,11.754420629399274,588.8375925410458,281.8098522206576,1856.3547802686849,640.7520720638901,2962.096539818881,551.4141525195383,-5.466019927658702,
22 Elderly Healthy Control/VITO A/VE1VAILTFOO49M230320171032.wav,VITO A,0,107.82302062366546,128.66598461163483,91.0561574806585,0.0046317217962054446,4.296763741578051e-05,0.0023467354778435655,0.002782110384884975,0.007040206433530696,0.0664870607794672,0.533298217101486,0.03708734886906723,0.03983052876660376,0.0491568245709186,0.11126204660720168,0.005354362281780628,21.024843825411704,0.1513409761622042,0.039608847080527386,-3.364213346734452,0.004884941426806741,1.9616930104096761,0.5670784794769695,8.661579093978666,-303.996628941305,129.9220066026442,9.005296840144608,38.97056381831272,34.346412115538584,-14.884010589581138,-66.19174232642767,-31.234323439000146,-6.545260845443734,-21.794846792190285,-26.5719590475229,-20.539584686738944,-3.260859055477415,62.308027724736355,14.676301974669627,13.051094220968828,16.58576110657442,9.717167491700211,5.878543676063195,13.933635081758009,9.79455383230904,7.753055700729612,5.256140497544568,4.995239005981305,5.283233219099062,6.68355998977724,440.32647969239355,29.194825483004266,1831.1275287735862,283.86099933867064,2502.3197675550305,825.5731975472539,-6.905740275059842,
22 Elderly Healthy Control/VITO A/VI2VAILTFOO49M230320171033.wav,VITO A,0,103.48220223489005,343.9510033270899,98.01148936070803,0.004649689971480846,4.5031007470765044e-05,0.002353629358729789,0.002695890488646485,0.007060888076189367,0.0377127978980328,0.42438917057785375,0.01888374757262307,0.02236031281261788,0.03894837503401612,0.05665124271786921,0.004125300536733658,21.694176790656275,0.13373090068933255,0.08564901127904768,-2.787990930035459,0.04777302033656419,2.4663691255409232,0.06677373312468167,8.115729160657821,-291.5365794637925,88.4557773737906,13.188342432116462,95.6152443663668,48.846571301327195,-7.536066422835923,-32.76466102657341,22.434545804119285,-34.20813259002656,-28.89320588009714,-14.239514566377752,-33.559424108540505,-9.51055273075894,53.91604426267744,13.957758170612587,8.117089400701797,19.685858645724498,9.25704065222937,5.071767531282705,18.09587681495972,7.646330038080007,6.786540980586227,5.574989460881929,6.225801720638555,5.6078021225471275,6.175098040017624,293.53660932296674,29.15344270705553,2130.07027877793,657.8216068340907,2707.0822120377793,484.85406197802,-4.941039081073871,
22 Elderly Healthy Control/VITO A/PR1VAILTFOO49M230320171035.wav,VITO A,0,133.53720356570372,585.3650981886857,75.5381453293175,0.027746107693683478,0.0002109584365580091,0.012307183651868336,0.01374354967210212,0.03692155095560501,0.1550900036957887,1.3700242703833496,0.06706109966728531,0.09717940602849323,0.159506996407555,0.20118329900185594,0.011249893274531048,11.35842762946527,0.13127708399267418,0.06074553788431533,-0.9173943487239404,0.24531551223505985,0.6877594913447951,0.16533915476828556,0.47386420449780076,-372.9467388684258,87.46276546491465,18.0529340696048,32.50607175479342,-7.1473190134689215,-18.857865682555783,-25.019207281772985,-8.81277950731074,-22.850893630996534,-24.404348193183086,-14.465017384897399,-9.93546678740913,-1.3700227856335137,93.29952374929361,57.40641348166585,35.19642677427704,32.08853363416362,30.795732709280664,18.616366033881526,21.188885944440557,13.887927311239984,14.604357191113184,16.387188214914577,12.898901580711925,12.043968141140503,9.962052276456369,609.3421262740743,286.28567225461074,1789.550000522292,654.1230746626572,2857.7292326512884,491.42655762790486,-6.772420474252515,
22 Elderly Healthy Control/VITO A/FB1VAILTFOO49M230320171036.wav,VITO A,0,147.35809423296905,586.648766288872,75.06711187743427,0.03077341117483543,0.00021688706374968131,0.013699764759167439,0.017026587164904565,0.041099294277502314,0.16068823395681192,1.4447046762720146,0.07323632112817526,0.10028011392186979,0.16382136003334674,0.21970896338452578,0.010366257055726514,11.091960363327413,0.12188972109803012,0.03273307803850639,-0.8536789391298876,0.25347300115563226,0.4763485149614741,0.20046327830299404,0.07148717724810894,-363.845900612749,82.18253367865883,16.45867723738401,34.806648793047025,-0.12653944073592732,-14.018007702846338,-31.347441239100032,-20.944600160055156,-14.464618428365249,-21.22914731418123,-16.1413461250142,-14.044421389958647,-0.47046505126377974,95.32637169276833,56.53423361380073,29.22431624776736,31.81136983563163,27.29135467654996,18.578399486424484,22.13564933081505,15.323439005716422,10.712350562409052,15.080167878070489,13.032970029292652,12.539829923594809,8.756722491537287,564.5707709108749,241.61045869534098,1811.7513542002216,634.6820723487133,2891.3933969890736,626.679126990867,-6.445034925785946,
22 Elderly Healthy Control/VITO A/B2VAILTFOO49M230320171030.wav,VITO A,0,140.53906242381453,588.4499412597847,74.89978747865844,0.031331408556248205,0.00023254206952451613,0.013649294262877575,0.01678406721675902,0.040947882788632727,0.1524381703299055,1.3782590011598157,0.06897466300713334,0.09675369398569941,0.17147166772977565,0.20692398902140002,0.01385881328792178,11.091498819821815,0.1271840557430085,0.05480355616759926,-0.6912174005897722,0.26523254332004803,0.9610891924223293,0.19104637348379264,1.3349278491126597,-334.82080377659884,105.61656399706168,11.426059596813428,36.510394681111144,2.3510519210897645,-9.272518408226551,-28.185830749022177,-11.996933344240261,-22.566682468439893,-25.474116701984002,-14.066957495084266,-18.900624726230543,-4.072551285379398,79.23144229616241,53.38239288838543,34.2338382114229,34.42253961923622,27.903472105721605,18.491122041768985,20.06233243071471,15.340006433210736,13.814230633332203,14.088803730405798,11.477190892739166,13.203735000435373,10.021523010433647,607.5715697618093,268.5754979537375,1761.0126694157207,653.3598520795591,2842.346506649422,544.4667399552707,-5.774190963768066,
22 Elderly Healthy Control/VITO A/VA1VAILTFOO49M230320171031.wav,VITO A,0,110.0346450005243,117.84522635203311,78.6536319501944,0.0039566280984380435,3.59478711809635e-05,0.001886735203142402,0.002189367068397262,0.005660205609427206,0.048632774415311684,0.42536120437924013,0.02567978394949398,0.029654179314028854,0.03875153737831522,0.07703935184848194,0.0011034627951720293,19.122298655787294,0.22536086845464812,0.10117561551808209,-3.0548686716034954,0.004258989504200636,0.09493854750599688,0.6007980768734762,8.529142014516808,-241.2914444292993,163.91284222436735,-12.023388394562037,1.0448207693349625,-57.440638413960684,-6.85459936424463,-35.85982428056506,-16.146242187996478,15.998856614631393,-40.92556252361816,-12.915726517435205,-4.101211476258619,8.729063825225962,43.03930396635187,21.79693127146212,11.480123941057581,11.892988334510507,10.974380743465815,5.177356067778364,8.226031715509976,8.326019829954452,9.323594113554183,9.501422001649635,6.903926827870428,5.536062385909137,6.436925326604879,617.4300716085079,116.75461715670146,1119.930217490894,584.5636664476135,2337.679394805142,457.15285341869037,-6.912090238607557,
22 Elderly Healthy Control/VITO A/VE2VAILTFOO49M230320171032.wav,VITO A,0,109.10027931800744,461.0289616751741,103.65733847467351,0.0049116421299031385,4.509084577409511e-05,0.002755495423570519,0.0028019362041776918,0.008266486270711557,0.05694042290078859,0.5354357106539599,0.031115183442319845,0.035502539716966104,0.04643452998145421,0.09334555032695954,0.008317478242340928,20.891131698076297,0.20980951716685736,0.06783720746235342,-2.4479210202894968,0.060041331793056124,2.029562614666212,0.0037431903651358994,12.008565462708766,-297.4735305984233,127.45518477566655,9.372321695227368,55.406417970729755,36.73357806570966,-18.012855043358936,-67.25835068649042,-26.836619166745468,-7.995237176640139,-25.092326827219082,-28.421747792045828,-17.720943889968645,-3.2577218044307696,60.623957809057586,17.209724761612964,14.66250625037611,11.377336379691604,10.422597068384453,7.846588591741115,10.324227694767254,10.409490173648875,5.3903597236030985,7.860307518226399,4.614309695789884,6.220547138480562,5.709490343504855,429.960475032802,19.581229169314692,1915.410824301943,293.80199528909196,2603.6943860085207,732.533843266533,-6.199619748835572,
22 Elderly Healthy Control/VITO A/VU1VAILTFOO49M230320171033.wav,VITO A,0,113.53461552068278,123.62173892549991,108.09546493981664,0.004162377444789619,3.666400324911839e-05,0.0019977123102734432,0.0024500409986568535,0.00599313693082033,0.025597311484815498,0.224681994707477,0.01172316094119951,0.015456446338286717,0.02569667506229785,0.03516948282359853,1.5729064362390822e-05,25.861043463831027,0.12414807876087586,0.039300417532677136,-3.9518735474934146,0.0051201475476760905,1.6965325405209366,0.5701044397567064,11.212062163015009,-355.34318279101615,152.20779932382575,72.98965213499594,30.2499968657325,11.223773672708429,-6.22828901666431,-19.608710318182315,-18.959150097935705,-20.551240434616197,-23.328831658607086,-24.856025315840544,-22.429824882263155,-14.295116575742409,41.513448032219735,28.961557433340424,15.502999584083401,12.13618745028942,7.285950418429915,7.807147471238809,4.997264769065215,8.288844879297255,6.36710385957215,7.214041427294733,5.202581273046376,7.042170487333805,4.671868710970997,338.20796732213284,109.56096581822628,1570.6814085830733,731.0493720528074,2972.431194273559,751.1646106183094,-12.876168048853465,
22 Elderly Healthy Control/VITO A/VO2VAILTFOO49M230320171033.wav,VITO A,0,106.35076187020243,110.61636239210561,102.1521385402716,0.007141154810454199,6.714952420019267e-05,0.004303320230146221,0.00378789350996479,0.012909960690438663,0.033857275547626,0.32587566134573986,0.018363190102614998,0.01919915819270322,0.025754431995377348,0.05508957030784499,9.022601417645916e-05,22.585325168350412,0.11978036728904576,0.07917230214003451,-4.088019235809042,0.004386307235771444,2.384211394276379,0.7448137566885896,9.546359350872574,-352.78399900200924,152.50574163116823,72.23178268361131,47.748500060849025,5.328348598673181,-26.743282256477663,-22.97518978956485,-15.505503479514408,-24.636243319486287,-24.857050069738307,-17.9959319328473,-21.61192409905806,-13.188783432517234,42.83793550166556,23.481338772295352,14.987867746922563,12.953182187954374,9.340910875298343,10.099064648619995,6.257473707718534,6.353860736983423,4.0822200609785995,5.238469115267117,4.160648003981564,8.284882498954582,3.5517488216546167,393.2585006614183,140.29835618511834,1461.8009174062365,1183.361086509489,2952.341397300215,546.2989100097943,-9.424326617609037,
22 Elderly Healthy Control/VITO A/D2VAILTFOO49M230320171031.wav,VITO A,0,107.41447431037263,125.73941004701823,90.89691419663646,0.01862174545491992,0.00017251132331451996,0.00658444443142439,0.007605071213722009,0.01975333329427317,0.13443828659658957,1.2077307454581363,0.06141276471601154,0.07748411894212527,0.150888041700549,0.18423829414803464,0.009783951037171211,7.015431012152689,0.109791453020283,0.11925442170137131,-2.776886431183092,0.05551519941397214,0.08576799914514223,0.464890221789721,0.6001460153855831,-436.6059850121349,82.83263605866067,-6.9229270653274035,1.2047473192171576,-24.71518909680529,-3.875214656048908,-12.033087590437452,-8.159643931180979,-4.9150756871942685,-11.762159393581102,-5.557006785493164,-4.098882787425318,-0.7381823022875094,161.48751282990358,60.04292453021704,23.22459179205486,20.844101661533234,24.866147035957916,11.613565832306367,12.979008029594636,9.806444936506427,6.198371784872754,11.677687929129608,6.3589656229091,7.225377751285909,4.48383997876634,838.9362080237742,475.66404412268787,1768.921068964907,737.3532337299871,2941.286907709748,746.3582033011573,-6.878347863976138,
22 Elderly Healthy Control/VITANTONIO D/VU2VDIET AS47M210320170945.wav,VITANTONIO D,0,167.8492488816154,189.49395130628068,162.72414756336596,0.0021764380260329403,1.2966118597029398e-05,0.0008083760838396198,0.0011593351300382801,0.0024251282515188595,0.017454221046989845,0.18759866666145925,0.007345463715572781,0.009237815433336781,0.01676503795932342,0.02203639114671834,4.101990752949241e-05,29.58102019563179,0.31267242181362565,0.06258245812586868,-4.186536905571173,0.005004145733697044,0.799521786208943,0.4266138357299454,17.43826010951356,-292.93876847850186,148.50095697668178,57.407410965620656,22.283501369791075,-51.53888060167817,-34.544020103842485,-43.100384417754654,4.216966367949486,-23.018893393185508,-21.023681705297044,7.793361012783267,-16.066647581329853,-9.811948557044246,26.08904477467873,9.897987248860398,8.41051972210696,9.651460267639955,9.437760224890042,9.421441383875164,8.856603136547688,12.364664827612525,4.6325606267335955,7.640417008018716,5.7894075412527455,3.927389928050628,6.738727808815012,395.8591593781823,192.73548403211737,684.314579030522,35.883320133751326,2896.4423836701194,446.8706189501617,-8.354567729486499,
22 Elderly Healthy Control/VITO A/VA2VAILTFOO49M230320171031.wav,VITO A,0,110.74674866140892,115.3951293178345,104.29785733054801,0.005456441874284249,4.9270193805988545e-05,0.003010101225360126,0.0032533468145940605,0.009030303676080377,0.05337739692432329,0.47266310443719933,0.02716379646641061,0.034913168081922547,0.04791331828792396,0.08149138939923183,0.0010233648608270903,19.257268646215522,0.28765694948713694,0.09938009191198159,-4.2051233666733365,0.004346046390527074,1.5078966775649305,0.6955345696921139,12.909603071680213,-258.281886830321,176.96271157833291,2.1047220061336755,6.987739833914219,-56.24084939950419,-15.113178688913749,-36.24100352836214,-6.1707211835451945,4.456374613627993,-46.2515252801573,-1.1212893186912714,-3.643178078633272,3.065437478673512,51.193785044265184,18.162441552869147,15.975296774429703,12.650103840280632,8.079212969221071,11.897742919142694,6.721127736226908,5.703281534152736,6.544461053099187,8.13353810807865,6.727657769212192,4.227351346070674,4.753156879490827,581.9382357414161,116.58619326807809,1012.7476789323551,410.7956980421809,2452.883182643469,416.3252677038001,-7.732794764164818,
22 Elderly Healthy Control/VITO A/VI1VAILTFOO49M230320171032.wav,VITO A,0,102.37089242395916,270.144470245196,97.15194638317448,0.005370534288605828,5.26426260812633e-05,0.0029399079223076906,0.003376192572602374,0.008819723766923072,0.04190299280821063,0.5241362589132946,0.020717176656049642,0.0243101500790869,0.04039879052717399,0.062151529968148926,0.00320832521026763,20.292334803666684,0.19094087385898448,0.055503869145974424,-2.9402626878509364,0.032712364720648514,3.1084936585065464,0.00826439476805343,9.526214191519284,-320.8124491434108,82.2658057416463,16.298600678529716,86.66737827889008,45.39765470552675,-21.75483658405743,-27.645305088823047,25.32663490356452,-31.14234612997506,-32.996413823554896,-4.82346763774712,-30.730219118354892,-10.76788707101231,55.91992299258606,16.59755295725063,7.987033685657431,17.4574409969737,7.708954868106365,6.685224322212276,19.522143232981794,8.60369330996191,6.622846278307489,7.528784358128457,4.622359953461469,6.222478335430477,5.6210304042807095,282.53671966407944,31.303922638736122,2184.5673780034754,557.7526539431352,2718.2899472590557,304.1988067610134,-5.722767028178841,
22 Elderly Healthy Control/VITANTONIO D/D1VDIET AS47M210320170946.wav,VITANTONIO D,0,152.64885698125752,170.98605715266436,143.55402835853215,0.010894959150395074,7.131701753921502e-05,0.005255302434082639,0.00506292151405632,0.015765907302247917,0.06652578410462533,0.6964716817168327,0.027616087468594345,0.039007653939543516,0.0650689542821318,0.08284826240578304,0.002340101734157881,16.66275288562189,0.2438720254433259,0.04509004176248447,-3.51039394615023,0.0168368169567408,0.6085091651036967,0.45991890601191976,8.913117678320408,-277.88419936082516,116.78940661468664,-8.90205410423327,-6.969041316301926,-80.90174080730546,3.2988774622223342,5.618980078374826,-7.834927364451757,-1.427517505599563,-13.08892997396772,-2.4150603011818252,0.5721744017583231,-6.449916605356292,127.81457969882463,29.973329896991178,29.419589604191703,17.098509941629448,37.483151545207285,13.586098918779186,10.135534165031428,12.750708923961668,6.3150236614764035,7.037284552151039,5.329627134580035,4.862369913605222,5.140768978347122,733.6693712677512,127.5887991599598,1213.650679417507,267.72855994035314,3209.8084931127305,986.464127132022,-4.223655736598929,
22 Elderly Healthy Control/VITANTONIO D/VA1VDIET AS47M210320170942.wav,VITANTONIO D,0,142.51119659226262,154.26356961397,137.84853562038032,0.006786441372035856,4.76387260611461e-05,0.0038168379126745956,0.003976990459379186,0.011450513738023787,0.13029358812249892,1.2667041998021913,0.07047529424255569,0.08317613760621516,0.10148853332081105,0.21142588272766707,0.012812937742954132,11.258375280712238,0.11743180834381123,0.2760895375267755,-4.189060526109451,0.0045167617757648475,0.00404103832699378,0.7306411048924892,14.576624486525507,-234.50180920420536,115.13868336983505,-6.96823898008766,13.461512582596571,-91.65112982123635,30.41437344694662,-8.879301558194088,-9.77939427503108,11.738212642177297,-8.229479139808824,1.125129581772336,7.026264119245962,5.557252832166327,44.3902949925184,15.487750435744417,11.649073492899682,5.173432521923156,11.78421234552738,13.123999562821425,6.584510619324533,7.225588740222203,8.92942841475657,6.420427677988131,6.35250258351662,9.464329608300188,4.758445404468364,747.8918297914976,223.7283597183271,1244.5104995043466,438.19061137366606,3666.801980587218,856.9323243194685,-3.315485476013804,
22 Elderly Healthy Control/VITANTONIO D/VE1VDIET AS47M210320170943.wav,VITANTONIO D,0,148.84944239127188,179.10382765449157,74.88556094797757,0.004718513863851383,3.171401810974298e-05,0.0026025516265331906,0.002357718393858606,0.007807654879599572,0.08929932059406634,0.8175940850377496,0.05042751230760646,0.04716814568453983,0.06399954082372955,0.1512825369228194,0.04939289745354275,16.677164655236556,0.24751807678375742,0.08916270431852201,-2.1053637575726634,0.032336093828696885,0.2218754766494872,0.10868986613379998,18.028873298086346,-211.9555073242371,128.811913785553,-48.34071883258884,13.447194560555317,-13.899445703777879,6.540069957709505,-46.85130897729878,-58.8267073311235,26.057929568052813,3.1033499704972427,-18.844880440826568,8.162904684421788,-7.008531788318154,45.264220088387006,18.646252780084524,9.90396286570702,10.348226851447441,9.637089365085131,6.566323559966516,11.386134594485775,11.663428138256899,7.559080235971237,7.358406371876062,6.183927271707504,5.192200238997961,6.369650147621904,597.4186965555604,51.358805195788314,1732.8244017713237,214.64005887853713,2163.115278264782,752.9726403031536,-3.1904790133776615,
22 Elderly Healthy Control/VITANTONIO D/VO1VDIET AS47M210320170945.wav,VITANTONIO D,0,158.3563596996959,174.17339146612443,154.31101951427843,0.0020591444357004945,1.3000960167108584e-05,0.0008691623501874972,0.0011711108996415958,0.0026074870505624916,0.033116789573412034,0.28522167548385,0.01370940776177892,0.019245215546715915,0.03550557127493419,0.04112822328533676,0.000498001094115778,25.232125069986434,0.22963737451173888,0.04661539259564751,-4.263407538688505,0.0037475686560200054,2.5647513209560837,0.38072597164656796,18.91613651132262,-299.9877748914402,112.72463353226844,18.90483037677459,0.8855929076238284,-100.85739225287446,-18.28606813916933,7.700309315005253,-19.442330643728877,13.207763573653198,-0.42143363966762376,-17.419227973304864,-8.354585325685102,-8.427555735699679,42.47109741313224,20.118301563552627,12.360947405643524,7.847572068715963,16.789092474185257,10.04197049880388,9.231001392417465,6.746113265411411,10.845280188989774,7.008792250661133,5.300600049406891,5.491954096974247,6.239406797304301,636.4482904016783,58.01289191362828,955.6705124595535,23.350290281379507,3585.0203341732217,318.35597371059396,-3.26307839222737,
22 Elderly Healthy Control/VITANTONIO D/VI2VDIET AS47M210320170944.wav,VITANTONIO D,0,164.10523697123404,182.94270317217266,151.9437127881266,0.003506937610632485,2.1370335923443722e-05,0.0015022043585617053,0.0020064571898283745,0.004506613075685116,0.025397998415343157,0.25080019697306455,0.00826198209286617,0.01309587409474759,0.03025642524980756,0.024785946278598512,0.012916817113011392,23.678340078086393,0.16254276169549925,0.14295031041437445,-3.976355052389922,0.005340836920983084,0.46038022525104405,0.5806565829823481,15.333649450153416,-228.0841406556206,61.8355026676563,12.00280314679926,107.640260123698,-12.150957905005965,16.39322018030326,-54.893403588978316,15.829971956048432,-2.848718756748617,-49.37640330344849,-6.223384989240204,-2.838223534274596,-15.956339830919006,33.28619715984278,11.044488653217664,10.65464047003765,15.389746630295685,9.731619336398598,9.227650125194925,13.528939870410651,11.255864307510379,7.723600620291593,7.297772050351009,5.502245281399675,6.409937485577491,7.03400920654985,318.90876370053115,14.466972395119846,2309.550486649665,95.07724568150603,2831.4253860327904,872.3575909944716,-0.7197996691242701,
22 Elderly Healthy Control/VITANTONIO D/D2VDIET AS47M210320170946.wav,VITANTONIO D,0,151.03032744838333,206.51865726223852,75.16108612867295,0.013251399929768091,8.762124481631046e-05,0.0067762047590673846,0.0069512313740929055,0.020328614277202152,0.08913886629635635,0.9077627603674674,0.03799233820327925,0.05419457289326179,0.09473906921382975,0.11397701460983775,0.0027904439708567375,13.833855145423955,0.21364807284021087,0.0600343978954465,-2.4313880210159,0.049845878617604984,0.5132596409450928,0.25382194587252316,6.080696020877337,-304.71393295863163,121.97321928986872,-11.089011079395862,-11.624434617110891,-62.99305916677291,4.242565238835993,-1.3708425185620958,-6.861577470280822,3.0668452579152126,-13.911691516924773,-3.4492636539319643,7.452920173749148,-9.013211162113665,142.4834344872881,36.809540973625545,35.75892118398119,18.067099633687803,35.997463683129155,12.574228221822763,17.20384605016811,15.232657056887422,7.151442945811633,9.374756918208117,8.3194731304573,9.236170812808576,5.924753961924909,764.8393715868199,173.18498399130218,1306.0932146769542,413.27727654770445,2791.070704923602,927.0729849020726,-4.805242837290016,
22 Elderly Healthy Control/VITANTONIO D/PR1VDIETAS47M210320170948.wav,VITANTONIO D,0,150.14435530478113,381.0459699570497,78.56599891271752,0.02171640128318066,0.00014499315863708686,0.008616376044242986,0.01022260814130566,0.02584912813272896,0.11452308424087342,1.1121171609425777,0.045798526928700095,0.07147213746459878,0.1269898804773818,0.13739558078610029,0.022021877326240277,12.98762113863239,0.1355640955348812,1.6014264243836454,-1.7526769106280806,0.08436199361476825,0.6507864699812665,0.3094945796868961,1.9316976107770714,-398.51451536195276,90.25040176039815,6.053086430307912,17.20921668110842,-12.413905033349073,4.768046027115512,-14.11709741629344,-8.62675149060453,-9.063650514400539,-16.512373272578994,-10.838800514385316,-9.062654614370233,-9.209338544390727,112.18714994130431,61.2194406297665,35.9343840766408,30.89528620183881,30.236644299039337,21.657979800139355,20.02116297252115,14.228247825853085,13.097559916695332,15.399886865102255,12.141026310945424,10.883859862381845,8.55187828105098,680.8630341653243,428.3818020868312,1707.4364941936221,511.9338347838437,2836.060336830687,624.5119594293276,-6.85186651932354,
22 Elderly Healthy Control/VITANTONIO D/VO2VDIET AS47M210320170945.wav,VITANTONIO D,0,150.8103764393027,159.71026889198768,145.88996443636293,0.002217020035011586,1.4698420710826342e-05,0.0008949557075601635,0.0012779791010083573,0.0026848671226804904,0.03456770542548652,0.30440323969898625,0.016628239340227977,0.020989547465066444,0.03263976971183507,0.049884718020683935,0.0011008847885429559,23.586669749984242,0.33410617982515844,0.05784894902468454,-4.508225062901299,0.0029441579037224807,0.7787681760383193,0.6919987334652695,18.948052250006455,-259.3857459599361,136.51530267839732,25.66099510996509,7.850988101723737,-124.69260220689152,-3.4975986395030687,11.789304051709749,-22.496871768600577,5.128403527042553,-12.163160170454685,-13.586206706842905,-7.255164229088438,-6.066556580567511,45.79974595221918,15.297196745380772,10.299952638637347,12.823193237343121,14.271776868766676,6.614115586251452,6.904032929643464,4.683756506367671,6.624159570576393,10.124917858917977,4.96467059427645,5.0529144905834515,5.303008135136639,608.6836363210666,49.524415453292825,944.4573302511161,54.426384882181324,3658.4650050569676,315.4561314963442,-2.6019691156427016,
22 Elderly Healthy Control/VITANTONIO D/VE2VDIET AS47M210320170944.wav,VITANTONIO D,0,148.6133137409806,164.6266565602659,142.10098908325628,0.0036068451325188427,2.4266705719191765e-05,0.0017714137615583556,0.002047179120262164,0.0053142412846750664,0.03819345550420249,0.37301482753605125,0.017985323912618898,0.023460838865245286,0.035260420076320395,0.0539559717378567,0.029949232306620582,18.515590339208504,0.2504279594707671,0.10499722119209043,-4.166933143205703,0.004359517507470369,0.07255475382251331,0.6140052322175705,15.121449731150395,-198.75130441445287,139.14395113558797,-48.162354724498464,12.34150150919137,-11.542203918175481,14.796409937293891,-68.45813670494006,-44.29530372993997,27.535660672761157,-12.422103424648737,-19.758799894213922,11.265975314385264,0.6616352259656529,44.908839411961125,11.958846913147992,10.806706755164047,5.311795086679144,12.8182451173586,6.566497689731409,8.472135342664041,12.159688220949143,8.284411004056855,10.372467891767142,8.208280066032248,6.158325248197642,6.901119834120715,583.8061938015619,32.76345613341477,1730.7875910166088,264.07913852469017,2141.2607777042363,294.7476788067738,-4.40210376677937,
22 Elderly Healthy Control/VITANTONIO D/VU1VDIET AS47M210320170945.wav,VITANTONIO D,0,175.64053529445997,389.273874348494,164.12451522823199,0.0028158572023671154,1.604334953969531e-05,0.0011228821424694325,0.0014973218442973651,0.0033686464274082974,0.024219243581868347,0.22829074368745028,0.009212803510862944,0.014313481925299439,0.027449592811489582,0.027638410532588833,0.00015825353906171943,28.95007230050162,0.2668643481703737,0.06146732371715336,-2.8760203324578604,0.027018122129327693,0.26511002124997907,0.054738368811526564,14.665495330569993,-293.83289496443757,126.34038554070416,53.014353374364205,23.70271125306909,-43.74664725857701,-30.878107020035642,-49.92994493081005,2.7910633609487805,-9.141840431589799,-18.10661932949395,0.9884278682045399,-21.625986708864705,-14.340093221291914,29.153881857696245,11.331389394885926,13.585975553163177,10.987553323058838,9.214456100234345,17.530721195156765,7.032420623620901,12.411953862101207,14.111044191185421,11.755393034828723,6.081187721707279,6.507488340828961,4.789275181764888,392.8894803345742,173.42054176725395,882.2813329395003,208.88569948304902,2605.7393927323374,439.6852571992701,-7.760976050766759,
22 Elderly Healthy Control/VITANTONIO D/VI1VDIET AS47M210320170944.wav,VITANTONIO D,0,173.63470143973592,295.72655218687436,154.93337200497726,0.006163261309750853,3.555892099178891e-05,0.0030902938854273335,0.0031331716175355523,0.009270881656282001,0.03262392617087679,0.3345742000063644,0.013599920634019639,0.017410184771653365,0.029617301229210705,0.04079976190205892,0.01747737771104426,23.170659470466834,0.16866283986831093,0.15238072494044894,-2.7966995263738945,0.011575006205652086,1.7525772416259922,0.3069694348284039,10.657787068589531,-241.5399682392965,66.42971821235164,1.017839440499978,95.0136677930654,-6.875179443036109,13.605088686508857,-49.14996699770553,5.711279918436339,-2.85105719168859,-42.26380009596583,-15.059722475425266,-6.74251487835349,-11.327458502333087,45.43056923697068,13.139621752692424,17.181143975117752,18.57226724271999,9.98182297017856,8.670465804577875,10.110208405142119,6.518319376418252,7.6695797673647705,7.5528755040574245,6.241891217690925,6.979063958223853,6.540069774989312,344.215160033041,51.449067534338994,2322.6666155512808,301.32571457186964,2857.0247517220882,1265.6470232238978,-1.600528054778286,
22 Elderly Healthy Control/VITANTONIO D/VA2VDIET AS47M210320170943.wav,VITANTONIO D,0,150.68797656801044,594.3884757028078,78.15261019364857,0.01781556609148069,0.00011864457503911977,0.01096061612189045,0.007741410076611826,0.03288184836567135,0.1546577265646372,1.3442851977780985,0.09183802641443327,0.0796498678376325,0.10217608278260294,0.2755140792432998,0.04814618039509806,8.597752622460892,0.17472378665385777,0.04878181473796146,-1.6002816258346124,0.11911656159268856,0.9327811122461133,0.04602138972745513,13.016682606250114,-231.42021284871936,130.87038700393794,-34.54810084230364,-0.2800660507436505,-88.82149824575039,28.09189627668087,5.994162075950463,-2.1239968989926443,-2.604971144565288,-17.554351736489775,-0.7788166091612512,5.7325518174527295,3.94430601675135,73.77765787613602,15.488505103924698,14.948714786684153,16.424791616041215,25.69670511132129,13.425593762808754,8.349337799920235,17.581441412478785,5.310714003958228,11.272747581985952,10.501189654206282,10.157196287876864,8.044633659316538,801.8233129292369,315.56362391766805,1208.3668411517508,212.53965004075374,3309.3005604391137,1003.609297893772,-3.083240125452125,
22 Elderly Healthy Control/ANGELA C/VO2ACNAGRER49F210320170923.wav,ANGELA C,0,175.27909691524385,200.11435649578317,164.47120293039742,0.005759010820607212,3.2847193793611935e-05,0.0029690576126273336,0.0033651393633139805,0.008907172837882001,0.05496670763504329,0.5092690738324045,0.028280719837824896,0.03463011440810445,0.05199997683382714,0.08484215951347468,0.004144177604738135,18.728906609720053,0.14537794866327367,0.36555280323227,-3.643398869928523,0.0069414216504416005,1.0099277208726687,0.6060744207335926,13.458520814781021,-300.8668237811119,166.53045627701533,-25.682139467589202,21.41457440160778,-35.625507036352374,-45.6379537142003,16.422966232916107,7.881228645967328,-10.268886980040307,-7.763651671233389,-9.557502679625951,-2.0835276790676724,-6.4571291656844885,52.839966787107876,21.511595217905924,17.48089772753472,11.412819532337272,10.910406673114066,10.92149361589979,7.490571329782582,8.600370234915022,6.657845945528206,6.481047006154933,4.277572552753508,4.76237416026814,5.181871761250057,551.4240222119797,330.908239050379,1033.967915293091,171.2093601302084,2603.7173620281974,141.87395189980904,-7.003550146566058,
22 Elderly Healthy Control/ANGELA C/VE2ACNAGRER49F210320170921.wav,ANGELA C,0,166.78569561350665,193.16958898524928,158.2537204508584,0.005936265260846421,3.558709069892382e-05,0.0030050406923839254,0.003254256810034407,0.009015122077151777,0.05435990806632241,0.4740968734174103,0.025202682840004566,0.033964657309374986,0.05318147100731503,0.0756080485200137,0.02139150272842056,19.73419067192619,0.07096164034535732,0.1940619262644098,-3.4563191334913412,0.006403052154872788,2.113136349553601,0.7157055241801122,15.692427736212203,-287.319718919338,137.04537722043463,-38.33214381748505,69.4378752074396,12.647148783356219,-43.158348116513196,-14.158433542539946,5.933086023584032,-4.621285056799777,-4.217233772449433,-25.016852092176016,-4.330983016758422,1.615108976593273,54.856644876567806,15.927197420788026,13.803104139899776,12.31941768297854,9.293810698190782,10.903309954225598,7.926367202783702,9.704114953541287,6.259266720798225,7.682435030956835,5.478180977215494,5.288652136817449,5.703779511951043,435.181064855552,215.02307383675642,2146.5341175284852,288.98294667440393,2870.6328966647525,524.4209302259311,-5.234291247035577,
22 Elderly Healthy Control/ANGELA C/VU1ACNAGRER49F210320170923.wav,ANGELA C,0,171.82679995339575,452.9954199311615,158.7919446194953,0.006538736114651147,3.8053640646773834e-05,0.002938105026531859,0.003789572740833631,0.008814315079595576,0.042639518334682144,0.3873458125373416,0.019596908376789738,0.02681821635776892,0.044989477447144585,0.05879072513036922,0.00012119359964479759,25.785344901955835,0.12652102993373224,0.14304186831922205,-3.0720379605255217,0.02364049310472423,2.947558666283244,0.20356064556121917,7.848130612758734,-386.50186454295505,115.31560569968876,47.74878270316098,22.53786719103455,-3.4604105573796264,-8.084421856836963,-3.048072548312215,-5.239669950048156,-9.655149013820107,-17.937951682583833,-20.84058657945462,-17.894782868004075,-25.460008620097767,45.74483315356722,20.65410633327369,12.396878249775785,12.854168226449943,7.485989639196114,6.942844597541489,5.119932940864926,6.809155478834798,4.847797514438072,4.630417727623668,6.3343140537451275,7.189951468396948,5.308393865509881,350.12355896114076,67.95280528492817,1022.075591639851,567.7824271916475,2683.2224722168294,334.0212453181907,-7.833247007856752,
22 Elderly Healthy Control/ANGELA C/VI1ACNAGRER49F210320170921.wav,ANGELA C,0,171.80585778058966,290.3054513358628,85.71359393997793,0.006186028843882876,3.6007967380615645e-05,0.0033733063246595783,0.003403041960180537,0.010119918973978735,0.039364961420709506,0.3708989197487847,0.019517082001562693,0.024933489185481387,0.034043185464677876,0.05855124600468808,0.008308480164768942,22.47135732874602,0.11970439050441636,0.10905743858404653,-2.8587102691199453,0.02820178903424959,1.263684224608326,0.027143927945066582,7.484371060579928,-328.69573425394475,79.47414620054724,5.497362466515192,86.3984158400507,11.787481990296397,-28.799753435068496,5.445715840968477,-11.04225373250646,-19.459489237341355,-21.471517392030936,-23.986574034258865,-3.1324355626673306,-21.398613424212044,34.917758149924374,10.658834734836585,10.923160947110942,18.125038818428113,6.6567017115829215,7.4964872274584575,8.323493679951582,4.986454469040867,8.086488625954098,7.024781108738904,5.920842438122711,4.3383717140482485,5.236152585997598,332.9473189719058,13.274577641581857,2407.305102082431,332.40928768071683,2912.5234586082893,637.81465001481,-1.0624720136374195,
22 Elderly Healthy Control/ANGELA C/VA2ACNAGRER49F210320170920.wav,ANGELA C,0,158.79591500161817,169.51767929318288,78.34486860939475,0.00960309188639316,6.040774353937523e-05,0.005138987929917511,0.006466176125410685,0.015416963789752533,0.08730774005433388,0.7761058689427625,0.04422604326408955,0.05606931534197269,0.07044080616769668,0.13267812979226865,0.006785198941002762,15.533250614150669,0.164466244865148,0.3736008280911528,-2.349940510437821,0.04478834724585033,1.7769829736218379,0.16221969076839474,15.337969928768143,-284.0351527891568,184.47224304505926,-51.647324535387526,-12.692760871810208,-15.03820845248873,-22.501357974353947,15.962909752958236,6.118930629928829,-7.0670532964476305,-5.175563675095971,-26.554452819904643,-3.5431485277686527,3.7736375291780333,54.10316738858421,32.99199297109587,18.182384286890812,14.463460927562071,12.336704841617662,6.728023761576289,6.317898757121242,6.431152331583965,6.881908272369162,7.330591831213193,6.261916064970412,6.970251903686455,4.367558003379214,681.7551035946412,591.1397816846147,1152.31108201356,268.4706224484849,2361.195903155033,452.22184363758976,-8.95195329054956,
22 Elderly Healthy Control/ANGELA C/D2ACNAGRER49F210320171135.wav,ANGELA C,0,157.4180056128451,189.96350586395835,77.14654370466292,0.023532575349431737,0.00014861967825059578,0.011992444040377855,0.012108610619885841,0.03597733212113356,0.12284559896871405,1.2573142698712756,0.04945663877416721,0.07828044025399124,0.150014250602954,0.14836991632250163,0.09807653981278332,7.089027747420865,0.11567445112228197,0.2580710599651892,-2.3153423086587304,0.08021353886341015,0.7297217747222196,0.12000096456648261,3.352918919143338,-366.7819510401853,144.08503165299268,-35.96176571830759,-0.1054318141370952,-8.127502038392274,2.059138606949188,3.582983012344525,-7.726797462638521,-14.186437488492597,-2.0476294040813836,-12.482024061871842,-9.368652633969608,-5.60726899605461,133.11507739862606,46.292072711616136,47.522225717171466,18.661039893910612,14.179288615131174,10.755743814793021,18.253116584029375,9.891204805226426,12.882733005033398,12.350707886972765,11.303651584419041,8.95751151596122,9.140056108657939,780.8405187993894,592.7309729758904,1643.3215496858234,521.5119188081553,2693.7412034229587,701.4503526161645,-7.539996727124821,
22 Elderly Healthy Control/ANGELA C/VU2ACNAGRER49F210320170923.wav,ANGELA C,0,170.61735368769064,183.28681318468514,84.21913745824448,0.006314224052990793,3.699761809333399e-05,0.0028823420211433375,0.0036521371682324043,0.008647026063430013,0.042621141371944615,0.4262271176487514,0.020467793890397754,0.02859583806786585,0.04031156920437361,0.06140338167119326,2.022840812599586e-05,25.272137175898276,0.1621275177480043,0.06871064841494741,-2.5433252627687724,0.04061539031266482,2.122153056872971,0.20253684814070363,9.000245326292571,-341.9413459809414,142.62898210105993,53.148015736560104,30.488742805125018,-2.600691061737664,-4.592701254612867,1.2612666625743436,-5.667358630416641,-9.031711446914056,-20.87961404405505,-26.052080633156553,-18.487193470154004,-21.947642410038522,47.91170420277363,26.154681815265732,7.181409281053528,13.398420698110304,8.562191405243642,6.6381752550843975,5.3736868789976615,5.222353562074941,5.029087091978416,5.07233581408782,4.835029782311027,4.562694939463287,4.707491260805002,339.45707512453095,43.0172185638834,1050.7223052408085,706.4164019607882,2747.921199808993,542.8514908379954,-9.39248334530871,
22 Elderly Healthy Control/ANGELA C/VE1ACNAGRER49F210320170921.wav,ANGELA C,0,168.30752716914006,236.5885867899384,84.23563743593705,0.004946542645399984,2.9360802112551208e-05,0.0024549726237198624,0.002917688881480636,0.0073649178711595875,0.05525234714268314,0.49359560460268515,0.026373219601846503,0.0357206469849066,0.05435945536137331,0.0791196588055395,0.15242122708155095,16.725678737211098,0.13712435673979456,0.29883823297246803,-2.1622101831374736,0.04164967238976653,0.10407048224301137,0.14893016426843697,12.821127351959547,-296.47906595758326,105.73856737882684,-58.216039966512824,75.79170641851263,12.272156142929713,-55.43700862159591,-13.869081670172676,6.496702126754068,-10.038946612885967,-1.9912585791390944,-26.75662544607564,7.414806907399366,-4.015846968792005,56.214301015244224,10.626233318705575,12.068857784002477,14.962094607942767,11.888278122625087,6.5382017439749305,7.625893250491581,6.569214867176462,4.849054713922427,5.926205421223752,5.690188830480971,7.446910756543451,5.327868316982243,494.5141365344049,182.97709319869895,2191.5428503104704,183.29842875928315,2717.1100535608252,350.3546657776276,-1.5073100763883394,
22 Elderly Healthy Control/ANGELA C/VO1ACNAGRER49F210320170922.wav,ANGELA C,0,173.26886999007618,187.94076924593142,160.2854556504362,0.005509702793627207,3.179074343477564e-05,0.0027588355330177964,0.003261134307688361,0.00827650659905339,0.05465651508344743,0.5234801825441806,0.02545443288497408,0.03357352154993876,0.05499387082454451,0.07636329865492224,0.0032449626496492455,19.380759588409074,0.10565919717597443,0.262637317192695,-3.887308932642058,0.007436733622418508,3.5080371864252125,0.49318548720759153,12.416676606577123,-352.7867889359041,137.89484075335378,-7.195996847950217,10.929164811061995,-27.97183249683184,-38.67549591287399,11.100757813622552,4.889057593425016,-6.027187928184362,-7.9672873887899005,-16.34053131118875,-2.832472790491174,-9.992582434215866,55.664437537872736,24.450863137814434,16.06635155238477,8.78629563912522,11.251678981910976,9.298816886215313,8.697826222358485,7.075981703511829,5.255803632529586,5.325080918977862,6.899996381004399,7.4192686098292215,6.370478676168337,536.4669520698357,500.6492794420221,1103.6217134689325,193.71592149885174,2650.720801802737,215.11802492137187,-7.172954471861415,
22 Elderly Healthy Control/ANGELA C/VA1ACNAGRER49F210320170920.wav,ANGELA C,0,157.78809811119936,176.41945742290937,77.90975758311082,0.007044748672455881,4.4573500670637864e-05,0.0034534924338384928,0.0041122313793859186,0.010360477301515479,0.08773673206876813,0.7590057618901164,0.039984710049316134,0.057905165464778245,0.08950980602000076,0.1199541301479484,0.008180946116195244,16.697156021649835,0.20805095689193912,0.2751807121806007,-1.8440973506061906,0.05310092238978099,3.1226202727393715,0.19484730435324063,10.837288497851617,-277.5538685612358,165.9842626555752,-61.67553693511176,-12.368697467484255,-18.22441702544325,-25.81122740233042,26.275059010577337,14.952118692739532,-16.17527642206679,-8.09932999457745,-20.654289205127398,-15.296795425503582,4.706017299813459,65.95238021544472,26.909987871465678,23.991340933237908,10.718314599001518,9.54018155671,8.378985308485928,7.423687440438544,7.2307555392939165,7.865778845423743,6.819763888853816,7.120551409067575,6.547298267654722,5.445780867815428,791.8870133018553,640.2246835439382,1240.365248730773,363.3191778280147,2580.9312326040663,664.1492359154478,-8.28255135920319,
22 Elderly Healthy Control/ANGELA C/B1ACNAGRER49F210320170916.wav,ANGELA C,0,172.25340825480575,459.4024482797985,74.99606539379269,0.026571158372031344,0.00015466083910208118,0.01186176178200032,0.013631274365978331,0.03558528534600096,0.11288078580625073,1.1033138916675127,0.04633734116213368,0.06328548477986823,0.11486276423796656,0.13901202348640104,0.03659712785498693,13.990196457551448,0.10109716312343446,0.06720034885141864,-1.5746785358839064,0.0890572512815779,0.49752096318154204,0.2496956219300535,2.746852088889053,-362.38608381150334,92.36256564391536,2.351118704967341,18.40659870638165,2.418178770829424,-9.250163517382253,-19.828096312153676,-12.950778201576641,-14.725855198537774,-19.128607301693293,-13.964415553410388,-8.180733095465373,-11.503405494406106,88.48366229985002,63.15588477952816,35.97544189474602,39.06144951668077,23.590009837973255,21.363877139292576,19.864536292649937,13.194507327090962,14.107901675036933,14.040838187029419,10.900529670905835,9.167822938359828,10.83749953111521,673.9631445052426,378.44241927588934,1852.3086370055773,526.05711858325,2844.175997739329,581.6623819744432,-6.222692241141314,
22 Elderly Healthy Control/ANGELA C/PR1ACNAGRER49F210320170925.wav,ANGELA C,0,151.5730647915838,303.4633083840962,75.39000294158322,0.030153233534027244,0.00019942211735529442,0.013674216502738243,0.014912277611602494,0.04102264950821473,0.13202778847107854,1.2291983752266158,0.05850308804256378,0.08127829975404958,0.12847664482593887,0.17550926412769136,0.03490590178883271,10.573330532012303,0.16517594927686177,1.5211900479831273,-1.9017784951769088,0.0804555339734901,0.7369038931498137,0.3607722756986146,3.903422191568751,-348.15597411439006,111.97281293973167,5.372461870210945,29.492629361864005,-4.313263656319979,-4.794037422384613,-12.280982007629412,-5.0926920403048515,-6.100055527295882,-9.33664659020319,-9.146550081140969,-6.030858170931266,-11.335193482736306,96.3441781358434,58.410479770879775,38.46647518086874,38.2754530919792,23.012804586679717,24.065020041334964,19.657431085728163,13.758405963271104,11.779455918651065,11.83759590197301,9.590565122304925,10.269861093729398,10.523898154019788,673.9354227613895,460.2468521729914,1875.42785043476,652.8339689801905,2934.2780429395016,659.6479071222609,-5.642511267008846,
22 Elderly Healthy Control/ANGELA C/FB1ACNAGRER49F210320170926.wav,ANGELA C,0,165.94789976881245,412.2427354577065,101.09618801824354,0.026827433188727094,0.00016241596666994402,0.012199632792531662,0.013710661672015232,0.03659889837759499,0.11850350981522782,1.1454269144120102,0.04682021524029302,0.06827661021257231,0.11841118142644996,0.14046064572087907,0.05877138736858354,12.478509141793724,0.11887819994431557,0.13226152728380847,-1.5942405258787928,0.08672976569812306,1.2068446317743167,0.2850777501253209,3.286784123537604,-338.56059498103264,121.34625820867906,1.5406887542184258,22.542335137391916,5.462750818242476,-13.605214015890063,-26.826876797521138,-3.870308248086917,-3.374000651937009,-16.884220049836124,-10.763975713305545,-5.769664441607671,-12.585047267292898,84.13349770317514,55.22067437120454,37.3809642765453,38.58523735399865,22.411620193140827,22.328882104783638,22.19254363477691,14.565007783332899,11.778917627772277,12.89708042812056,10.734828781651562,10.9629052261643,9.615958288230859,600.8323916025874,328.680087543352,1804.3728672410912,540.551739896678,2732.4859987430223,529.3469494671798,-7.14148529963967,
22 Elderly Healthy Control/ANGELA C/D1ACNAGRER49F210320171134.wav,ANGELA C,0,158.49234860305322,189.9937232768545,135.06254235963627,0.01860014398990304,0.00011728463911384487,0.00843153307627738,0.008703462312293254,0.02529459922883214,0.12893735240957796,1.3002204394566688,0.05983704486076636,0.08460052307329059,0.14063348439078127,0.1795111345822991,0.048149959350704125,8.92265683407002,0.10051405481077122,0.11977557798464784,-2.6138475670163177,0.019071259892586852,0.3841628795968192,0.5042943663643924,3.3142672189364184,-378.67695805681717,122.8075127108453,-20.156524759854683,-16.152462966497332,-7.501552773062473,-0.7246386003992697,12.161200531520574,2.5239656456835613,-9.232290922208941,-10.05891159252884,-15.355839876524964,-6.12499003477872,-6.900935693152454,111.48960154435373,49.7708174958496,42.4779655248002,17.476718357196454,13.205367992902074,12.438802198732994,12.258641760163512,9.402899152906063,6.27839102154021,5.920602987733314,10.636599605094045,6.006088547871234,5.788690184420323,879.8753584377466,579.6412318294861,1575.1405806422463,564.6793246431371,2726.964468344297,632.2828605369011,-7.306527051302549,
22 Elderly Healthy Control/ANGELA C/VI2ACNAGRER49F210320170922.wav,ANGELA C,0,170.0421855161638,181.14264276070097,86.26666623377606,0.00602922869537672,3.5402982008824644e-05,0.0031159460312693826,0.0033556619990602206,0.009347838093808148,0.03210735360851115,0.38125133155828206,0.014337822497164567,0.020522166172900567,0.031145165187666805,0.0430134674914937,0.005295071816684128,25.05558740477324,0.11170515420376782,0.17593369504261722,-2.2762128431691195,0.04088643357497443,2.435616517553085,0.06342354382521523,9.245919553930108,-318.32254905843223,93.76935254978498,17.589560778637995,88.46097194078904,12.360657640027922,-26.72390437330874,3.903188148154586,-7.774163589268992,-29.290656474115593,-21.49808664994955,-22.087786939981093,-5.9709657453754,-22.672566821236423,48.77904422118756,13.931437404920946,10.651602912417598,23.035545346403378,7.51703230936663,8.435962135564873,7.665706215502956,6.691069238188726,9.198289423876645,7.942390013168986,5.730850050973882,4.59584601691628,5.529996047832172,337.09127434053005,22.81397305898059,2517.902196898054,372.2159642607489,3098.5130195955976,637.4243703601522,-1.4412820312533996,
22 Elderly Healthy Control/GRAZIA G/VA1GGRIAUZL45F020420171821.wav,GRAZIA G,0,144.28452373271637,206.93434645760604,84.11710011022446,0.01382432467116054,9.556820850956269e-05,0.0071498620925225945,0.009517975792092563,0.021449586277567784,0.1286074816623187,0.9044951786871724,0.06618281831777473,0.08191814966613485,0.08303082425314107,0.19854845495332418,0.009025536366034443,6.217652139676902,0.15110243287360348,0.07629033303288864,-1.1331105550176277,0.0592657116379099,0.6825878787398656,0.11763004511170998,7.116885455281494,-258.65759890963744,145.5228535880309,-37.97437502093866,-23.642901866005925,-57.56355118948914,0.5302842899608396,-10.333609572872112,-3.9358489135662205,-40.95197929220192,17.208531974858207,-12.690721946879421,-24.586432680297737,-12.328059985839621,88.20390850661491,34.12738559320692,15.416104008220541,9.037304595865619,16.207214552975636,7.6195695069881575,10.262711330874492,5.982018689065683,11.440471709991726,10.367412896794182,6.65239281128247,8.464989698047368,5.521248195862789,776.9664043201672,289.1927086780928,1384.028050012947,430.1972538139916,2909.0704616903126,1055.6897387607823,-7.845617073487429,
22 Elderly Healthy Control/ANGELA C/B2ACNAGRER49F210320170919.wav,ANGELA C,0,170.7400538670285,591.615872947851,75.11718364389296,0.02672809446839757,0.00015703861987567772,0.012460936421868277,0.014226896215759413,0.03738280926560483,0.12510707890110928,1.1930712180450196,0.05336067784145131,0.07323494392470623,0.12649730528498432,0.1600820335243539,0.05477581525057575,12.77410291464228,0.09485639513307388,0.04751973072407146,-1.567315244964967,0.10646187023571815,0.8604650911556154,0.2604794524180544,2.7461257416563356,-358.39872624433673,110.86580978416626,-0.7694155914849315,30.06522820562264,9.048848549984886,-9.05791818826189,-16.24607711130182,-12.024210977578873,-16.101099183536117,-15.736092702592355,-12.061207753814436,-5.9415969017513754,-8.275686877458034,85.2299668168991,56.114318177805934,39.728142849263165,39.74910802053276,24.092634689095792,20.98787147661624,17.853370044769644,13.885910557345943,13.423437540642304,13.668887042515399,10.52637222283434,11.055688068718517,10.41440854465333,637.5824637130796,370.30411187509037,1878.2502764152264,494.0557814196091,2824.3769670134343,534.8213990336529,-6.339643193288118,
22 Elderly Healthy Control/GRAZIA G/FB1GGRIAUZL45F020420171827.wav,GRAZIA G,0,172.25143554977427,592.8518699600293,75.18853532532239,0.032319596185386386,0.0001877316426187689,0.016854765293859635,0.018576981383288615,0.0505642958815789,0.1665037607298232,1.5039788415662856,0.07922063050247763,0.10715135521135384,0.16814803642075438,0.2376618915074329,0.016599679236758372,9.127133861259825,0.2115940658460267,0.07511503746834748,-1.1022796929951766,0.17334093584899202,0.3322331208454255,0.18792019152862244,1.2534134715549072,-346.73584022366475,107.13027989689768,-0.17102767374086028,7.4679896656907,-8.357565895066951,-10.277379236847565,-23.779725551055456,-14.234478188249359,-14.467989665501367,-13.993537768701215,-9.41222395057794,-12.108654195234603,-13.32648099823831,112.62677467203766,74.7422033779092,31.173114635634363,38.30184224289752,25.29458962134324,22.96981583002576,23.225580651790622,13.677710496133457,13.513555960082252,13.340031175025308,10.884809995146133,10.572474661329721,12.539048671979705,712.2230483797537,403.8918011658141,1792.0187933673417,543.3775868848156,2897.2530806623317,683.8989658166049,-6.345280062631373,
22 Elderly Healthy Control/GRAZIA G/VI2GGRIAUZL45F020420171823.wav,GRAZIA G,0,166.38765636425185,182.42241142116947,84.053978103166,0.04337571816041388,0.0002589167174143685,0.023931024919741896,0.031108185692658236,0.0717930747592257,0.14466333524893088,1.4776221713307902,0.07486257326077962,0.10879125515060145,0.11642229891477894,0.22458771978233888,0.002548182328166556,13.367688098401965,0.14174709307602287,0.1732298638651215,-2.6220869885547513,0.031462977287094705,2.9515926520432036,0.30366451757273577,6.199655613783381,-312.48152330008026,100.30061497651208,27.975573301143825,92.52742663963757,2.0047662539495135,-28.86521057371705,-6.169700723193543,-9.929329450046575,-52.2259554635019,-20.462821490898865,-11.770212908360548,-31.908771355997676,-14.88072936482705,54.0895464680857,17.550972891228678,11.141797747768134,18.75042361649907,6.691089304635146,5.764306733410821,4.881014467413374,9.759562743700508,9.81013424271784,5.155660610247842,5.069952431797586,4.196238816878225,5.139516485494409,336.3461311671089,40.88878924546058,2731.565898879322,189.10702368184798,3250.335556953533,330.6701954688873,-4.066322181480146,
22 Elderly Healthy Control/GRAZIA G/VE1GGRIAUZL45F020420171822.wav,GRAZIA G,0,143.1207605802782,212.11140284453094,76.34186966433236,0.00848736716571552,5.926896828950542e-05,0.004799815904685377,0.004779937963244736,0.01439944771405613,0.10159376047623053,0.8887999969454331,0.053069973475960125,0.06202435659223686,0.08177333351389843,0.15920992042788037,0.06404856751234896,14.120490822176045,0.20891408072813414,0.1762691493607883,-1.3138985158422996,0.06718855778240962,2.9644691823481386,0.042851266749685,9.900414292495796,-255.64646422115268,156.03577728491584,-46.73114343740549,22.093235984951978,-2.163575754115033,-61.01612830224572,-55.17676992381942,1.2523234807569856,-0.09095557782412071,-11.942587316056086,-2.2486226105027245,-9.66888277309,-13.151080748588383,68.95027754456552,28.26534676891256,12.96156797562419,9.482619823037,7.652655486715358,9.694810909998731,11.020066678240793,5.715309237998625,5.983417698369532,5.534560054944209,3.9887349490289923,5.076966655072024,4.759610561725392,653.5755921355121,98.40979963798382,2026.5631275347546,313.6863430126554,2760.162212927443,199.4202572959123,-8.111994258390343,
22 Elderly Healthy Control/GRAZIA G/PR1GGRIAUZL45F020420171826.wav,GRAZIA G,0,157.53453409445672,579.8223349233551,74.91086675818924,0.028096275807637575,0.0001799620744714831,0.014314811709148934,0.01681360343508965,0.042944435127446806,0.1441345571239833,1.361040846655783,0.06715465783837535,0.0935496844803588,0.15821102531826925,0.20146397351512604,0.012425897438785883,10.543695197685642,0.08941493198374642,0.1612336275504482,-1.176047247559068,0.164621958290747,0.45170902720118666,0.17132250785858227,2.452053172422346,-399.95384205420095,83.86314060363392,9.43076217076871,15.648492614774419,-6.235387217934368,-8.028569716432642,-20.313941027517277,-10.91209760700909,-14.633472423530895,-11.966725516937295,-8.0737664862097,-11.043964517607831,-11.577755355173883,96.84059683487189,68.73519355044091,29.71200974610686,35.46017608573741,24.675971356058433,23.214873541393306,20.854903548438028,14.193157372001679,13.191792236581946,12.89115070525945,10.019469677812042,9.333277137179925,11.904045023465041,738.1414548188949,460.2131017238478,1862.4165005884881,641.0978713992911,2992.8627217870635,678.5806997354736,-5.736637718528996,
22 Elderly Healthy Control/GRAZIA G/B2GGRIAUZL45F020420171820.wav,GRAZIA G,0,169.65876920239614,576.4723919585213,74.91483185327819,0.02733984499423465,0.00016138680555795735,0.014418422881687907,0.015769257306096497,0.043255268645063724,0.15075076261908135,1.366022513941253,0.07117683648534746,0.09093333844075216,0.1493238898097603,0.2135305094560424,0.007580931623307288,12.019535355131213,0.12940411737063776,0.11372836699675333,-1.1431185567816526,0.14813431609638616,0.5671656282920612,0.25518281762919015,1.550488801029065,-416.5878971685591,117.4231720174888,15.008339571707905,5.333054954686716,-8.097694192584319,-13.742984434887392,-25.256197921570077,-16.23840585998776,-19.600015710144962,-14.138821913778967,-7.653285802948657,-11.525195728609832,-11.834865034529015,85.26739282131092,68.45559146688122,28.62217693602376,35.80914451146928,25.66816471938657,22.730003332209936,21.364607304889486,13.88341973625061,13.284543500034854,13.024031012755776,10.21712854655618,9.69658394729395,11.163413400001643,626.7072278279713,318.6193348011183,1707.0731784253019,540.9120946153695,2877.682434158204,662.476734479011,-8.062455017664087,
22 Elderly Healthy Control/GRAZIA G/B1GGRIAUZL45F020420171817.wav,GRAZIA G,0,168.6124619913274,562.5877103377702,75.1159519017806,0.027028798676013342,0.00016009200931005842,0.014087887652168422,0.01587341186064153,0.042263662956505264,0.16487839217892805,1.4895032918275075,0.07860621458689254,0.10597938071473355,0.1735967162213455,0.23581864376067763,0.007182721260019493,10.45312975826373,0.15032724916815565,0.09129164608296758,-1.3236768485546164,0.14321300224930952,0.6195935802051432,0.17026742067951722,1.0974496518643342,-363.8371087227218,113.9914514470151,9.24871317474161,11.619011222491496,-7.902215902790267,-15.051186972595374,-23.048213867583417,-19.340047892695157,-17.818179129215316,-14.20848314406336,-9.091446831056444,-10.58046415516405,-13.853534527430659,83.99439186867002,65.97438290658899,28.570157030533867,36.73872756129197,24.515488286009585,22.5434119147397,19.528541002895295,13.42550815694206,13.003175283530863,12.872196559403559,10.860717052036174,9.324237735655702,10.992577847669454,639.0610231263386,337.31338071504246,1740.6417854997183,554.5970177032489,2925.717104754159,682.8551429797338,-6.73046783625354,
22 Elderly Healthy Control/GRAZIA G/D1GGRIAUZL45F020420171820.wav,GRAZIA G,0,137.84362397476167,180.80923040644396,84.17786562264752,0.02657675013374323,0.0001893982053861362,0.014805045217177784,0.018119520825315552,0.04441513565153335,0.19098139070493506,1.5049343998865206,0.11277874457816654,0.14320695897365962,0.1763272542315535,0.3383362337344996,0.008695103711677761,3.041084876138077,0.06581406368139,0.09408558714009946,-1.7835441599284367,0.09034498245320091,0.4131809357498118,0.29203431450162004,3.0282170560669748,-393.35907174118324,124.95678424111308,-22.625545577158025,-16.482484730051524,-37.13284067238672,-7.132020454697037,0.184694193772682,0.3079055640057902,-22.493917400715226,-2.7607829233048635,-3.823340307458745,-13.596008720331056,-12.116069824124965,119.11057190261997,64.78618382830334,14.008534849816758,21.602689156615238,20.562169913461798,8.470241640537342,8.163489398979475,8.730699255395898,23.653073929196253,10.46503034440809,4.294993951921172,7.59148718168717,6.335814864569033,876.553341573978,379.60718819974994,1612.5467495916002,578.9315831960884,2988.4001692417037,566.4915135825299,-11.275342386519181,
22 Elderly Healthy Control/GRAZIA G/VU2GGRIAUZL45F020420171824.wav,GRAZIA G,0,164.5593850481916,174.54268979975637,80.2176154247566,0.014614209237726161,8.8727324529986e-05,0.007140368089398546,0.011188485383734731,0.02142110426819564,0.07277620172851444,0.7687086941237373,0.026503436138435765,0.047042187770804475,0.08319242092094924,0.07951030841530729,1.2766265768620235e-05,19.541014668927478,0.18342821409073726,0.1621499370010476,-2.344571569287468,0.031032227176980186,2.6764008492432705,0.23058988495225935,12.085767035995762,-333.7481068752425,153.822809693889,55.112362048175264,31.275530172955882,-19.103629531230354,-31.337144337113916,-26.767538904309546,-24.69074761135568,-19.68756498078543,-16.239997743157804,-14.244160446693058,-18.66660818288411,-17.196448692149485,44.74774127139882,21.932882302793566,7.2378283705940225,9.527079969805444,7.053287375090156,6.685587190151133,4.549496661948857,5.395483290872138,5.2183309275598475,4.907093231396901,5.318408184834611,5.732013717456065,5.322438649844815,401.022321411678,233.73085243596617,932.7769165914228,736.4431565886422,2957.7294447083427,625.7979311923608,-9.528204339228589,
22 Elderly Healthy Control/GRAZIA G/VO1GGRIAUZL45F020420171823.wav,GRAZIA G,0,144.2837524791285,172.88635768852075,80.36303608539482,0.021254468250966312,0.00014646312110170947,0.011659856175032198,0.014201362707290008,0.034979568525096594,0.14220063238748612,0.949087105107238,0.058505063501979246,0.07013967676460833,0.04609456789985349,0.17551519050593772,0.0009866743584293403,3.243411701164403,0.19580665014682927,0.1889909796735353,-1.2232462284080343,0.06304028857568468,3.0550829653221983,0.22532931325036104,9.694932842204157,-311.4414374847381,158.3137058254139,18.607186144363887,0.4730518888734366,-73.28974576683619,-30.955486136992825,-9.851276382783364,-8.541071514760045,-9.686984051516031,-7.3547047991377745,-18.074722485852536,-18.255290885365955,-1.6653435512109191,72.50195200809617,35.89568529025738,9.34102595991063,11.548095869853446,21.03514896538956,7.537841363951096,11.81484650492343,6.399141783153506,5.980413316536773,5.13923914503367,4.296887428211213,7.643129138303845,5.544295079598582,565.1895392666437,236.9509994487196,924.3750583465337,224.3087705762034,3118.5135929744406,1023.5270469235211,-8.550724227271022,
22 Elderly Healthy Control/GRAZIA G/VI1GGRIAUZL45F020420171822.wav,GRAZIA G,0,156.35417054399292,189.22910979580777,80.41369400610347,0.035610465731798525,0.00022677042965725427,0.01979426921786452,0.02611287192307487,0.059382807653593564,0.1597897132165938,1.4755294752967272,0.07572428022559675,0.10293591429616489,0.09197174218322467,0.22717284067679028,0.0038515348413255884,11.467937983752327,0.145028992020688,0.11903817818612206,-1.5158687311211854,0.05082196173761445,3.2388428476512012,0.2244695290412147,7.3459513285597,-353.99099175448623,89.9835433092995,32.86443788496838,77.9461648776318,12.805646800948104,-30.349389517126703,-6.184003040774785,-8.025313605420365,-50.589095582454064,-23.83249179360088,-10.29703859824633,-29.567458493981004,-19.564599493968235,60.824026652372936,18.824575133277232,8.201808558318488,21.662191003036668,6.841653359931374,7.482328272420934,5.165593545038612,7.08344798058477,9.663504067459337,4.364445139329229,4.35047890947779,5.020723683215453,4.700824325115047,334.82317935610547,41.17800779725461,2675.0692131953288,360.64635443753974,3175.7578799328926,327.4026692778312,-4.9355337523498655,
22 Elderly Healthy Control/GRAZIA G/VA2GGRIAUZL45F020420171821.wav,GRAZIA G,0,138.27347164104984,163.76320237337657,76.80814022856586,0.006475410672975733,4.6781807004440905e-05,0.003543937303984043,0.0036651924788116473,0.010631811911952128,0.1011277046933877,0.9058810193265658,0.05221719097614401,0.05690940536138904,0.0824287656901799,0.15665157292843201,0.014749983458457013,13.18527589779625,0.10311439344585029,0.1642381032667645,-1.2262887311410702,0.03220308722037381,3.2836454107633837,0.09418760884432958,12.159939596259626,-283.96499444152414,146.9912510690744,-41.808499792983454,-14.485764524403473,-38.156106440301755,-1.169889849101875,-11.001691859144904,-4.6152789409509065,-37.80200240701557,14.269254732792696,-0.3249354802655927,-27.651478987486314,-8.635885646614916,67.46606870181473,30.388383534776178,7.1650225465003,8.129526144995127,11.860307003727447,7.90537208789695,9.298488028354237,6.293858397402114,8.162689900135339,10.337124857766518,5.6068439993606995,5.798040553925847,4.553415439670786,680.5997779101579,289.6883091760223,1438.5885168219363,265.27114859742557,3077.745170716063,436.603145670595,-8.686289605940052,
22 Elderly Healthy Control/GRAZIA G/VO2GGRIAUZL45F020420171823.wav,GRAZIA G,0,153.42550301637644,169.8063061758283,79.93818755876539,0.018439500994522826,0.00011904314535895952,0.010305532289511077,0.012213432243829644,0.030916596868533232,0.13640126767378113,1.1947151298045933,0.06987806175574361,0.08667815596571955,0.08243496425783037,0.20963418526723082,0.0004059146458942821,10.685884370689145,0.2366131461262212,0.17143836617267696,-1.4569537954522205,0.08662784770571003,2.073749365828694,0.22226950340657636,11.355687035808081,-274.912373229367,170.68442884141902,25.265542843876155,1.5471918804399996,-71.89571963468994,-37.16653889313884,-10.002018262777005,-11.425693637363922,-18.95179919598232,-6.266476128714127,-17.51741310474813,-14.45999362383327,8.68815509882346,56.306191851253416,29.982165955922373,10.346495151265694,10.417393794137036,15.53527149009168,9.255789577024093,7.369865883998709,5.602905172029579,5.940676715207969,5.389309481508406,4.593624280084387,4.9133929352842305,9.023196400066418,559.9628678834333,141.5040063543693,893.3279228101876,328.59485054091317,3290.37351189394,522.362590021516,-9.444121407149222,
22 Elderly Healthy Control/GRAZIA G/D2GGRIAUZL45F020420171820.wav,GRAZIA G,0,128.45233314141007,178.85735549398828,74.94210154471972,0.031534189345637086,0.00024243126657789107,0.01613923937356979,0.016279312692169687,0.04841771812070937,0.18376759704943815,1.4476362012852269,0.12122202341628559,0.1502550851772893,0.21949189162046734,0.3636660702488568,0.04989293404069773,4.039443845152733,0.07750977248664635,0.06589644397641925,-1.196442943325826,0.17896718767716666,0.4519053246414035,0.288363086115385,2.545939755959253,-374.3480211848549,121.01631666783356,-27.117968739160226,-12.66427850209886,-30.173708321972256,-9.245068856056172,-11.676392474913971,-2.9269403390742594,-17.824965506516534,-2.2637168352104737,-0.02321380354878254,-18.104769891825143,-17.521062094333427,127.59273332285734,62.48843511616592,20.10608713609113,20.093826180616333,16.092038409435837,7.932968005235503,15.5772746388785,9.888145717261153,17.85574025384074,10.229156051658574,6.547249253216743,11.281872083874715,9.517390342350842,850.3396976233936,376.0058352084793,1685.523737985026,620.5310294288488,2893.210068075678,651.7468507403576,-9.519687670551354,
22 Elderly Healthy Control/GRAZIA G/VU1GGRIAUZL45F020420171824.wav,GRAZIA G,0,166.549935229204,176.7583197824146,82.06384661131352,0.02379550690994349,0.00014234353297143322,0.01206992468903062,0.016753022925126218,0.03620977406709186,0.08231901103378039,1.0266834085427785,0.03386667182485143,0.055013380246168586,0.09950166063120466,0.1016000154745543,1.2052255396451853e-05,19.36364660319425,0.15416987997701845,0.09153859428463475,-2.818905096975886,0.026228134686607826,2.919269097255791,0.3096552012103682,9.525213946692542,-358.1190994176582,141.90011274298575,59.291635591166816,25.241761360121856,-18.193206439834526,-34.00276934229847,-31.36096144025465,-28.287871644653254,-20.39773909933317,-14.660600314780474,-14.735578840084381,-17.234460506052795,-17.869921853042168,43.538124460576114,22.24534928783994,10.167502152877113,8.57810073485747,7.666934302664477,6.345636175227241,5.519579070299057,4.9045186380302495,4.949962276484057,4.151455992802724,4.914716804481487,4.354508286918207,3.7595816860332114,419.2696066861725,207.44159083252396,1280.7505036912737,797.5870661659775,3068.4001707754173,757.3731698087474,-9.334117313809259,
22 Elderly Healthy Control/GRAZIA G/VE2GGRIAUZL45F020420171822.wav,GRAZIA G,0,139.91467282512932,197.1416831275578,76.5623612979578,0.009572594985823121,6.83693337678356e-05,0.005292197677351092,0.005420938565474287,0.015876593032053278,0.11132523901231994,0.9776771980050711,0.05860072605958286,0.06979458267293918,0.09562200981163269,0.17580217817874857,0.05931580468026804,13.773939712146,0.22216832690838006,0.20892792747341227,-1.220192896930197,0.06126471579418502,1.995389199641846,0.12094610353691747,10.068507721457802,-250.22203992550234,154.17000054174704,-44.4812864763204,32.39803016325492,-8.57930075763408,-51.39452357986542,-53.94591298572064,3.205932419502632,-1.5065469274483851,-13.807446232000705,2.337015523921423,-9.708593546456184,-10.074026205186868,61.32834941533519,29.415171303212404,11.139596846974545,8.76994863147318,8.932777759863264,11.875473617940232,9.228210163804368,7.535863069020003,5.4956674999776345,6.220861578221716,4.744134023429562,5.433951624612932,4.54184793011022,624.2520248443145,126.11166284876623,2075.023449975622,344.42614782109746,2756.512136618432,193.3379694507483,-7.870460173028342,
22 Elderly Healthy Control/PORCELLI A/VI2APNOTROC49M230320170930.wav,PORCELLI A,0,131.1015214741646,134.76972304660367,128.71302133241,0.002354812847681757,1.7965855747708235e-05,0.0011689741331788062,0.0011604201120279294,0.0035069223995364187,0.01585175235488211,0.1373381463691781,0.0063751409055912605,0.008490884117650173,0.014746349129385912,0.019125422716773782,0.0023353848415054754,30.495960308202697,0.21441022976630003,0.02686318448877801,-4.773964193551922,0.0019989192806046433,1.827615857456606,0.7448812890106297,13.71608720519486,-301.28224224210516,118.23084920783315,7.573233559125966,62.184654451152376,25.388128454199663,-26.13782003561003,-41.9376779364886,-7.495539683229355,-23.478271346975582,-36.35913170411175,-28.792803358179057,-10.806066709511967,5.393507263149702,36.18065720034245,16.89094713557782,12.22920967904152,9.428770113820416,9.360522492728123,10.112717002705201,9.2205923036273,9.577423470802108,5.891223796605639,7.187074332219266,6.498185363767429,5.422881284252561,6.02452178344468,382.21634886029415,14.852600371681996,2185.884841695918,351.5272275729728,2821.8234503432286,851.220783668704,-5.180043227363561,
22 Elderly Healthy Control/PORCELLI A/FB1APNOTROC49M230320170934.wav,PORCELLI A,0,129.80746646963516,493.147201865532,78.68960199664718,0.024433846779370483,0.00019222704985499985,0.011240372930563612,0.011800743314324638,0.03372111879169084,0.11497193581371917,1.0942483927532178,0.046363325609604815,0.06527799839818489,0.11879271075885911,0.13908997682881444,0.014621613171640287,12.894998753999698,0.2390389477825862,0.029945274113417804,-1.2404648486930543,0.19389240872340718,0.6639333670309923,0.1252503593400385,1.0718610745980257,-334.5016033483092,126.37481188013682,5.315119795618468,18.28133841360711,10.700050130666591,-9.268547204456489,-27.944633248886696,-30.39603212573245,-28.008214605267277,-16.29090547180243,-15.137402322677591,-8.297577751052259,1.3656201945535893,94.35202898998838,57.83566485827454,35.18681837405911,27.760111183875097,25.473337678607756,16.2527553609124,17.174292482265606,15.35091853728817,15.440948289039143,12.494090680218171,12.08966782679566,10.211005920167647,9.662638592995538,532.6109210833835,193.21996789878557,1601.0737222446337,436.3082006400054,2631.1329395655625,600.143462555004,-6.865651856621957,
22 Elderly Healthy Control/PORCELLI A/D2APNOTROC49M230320170928.wav,PORCELLI A,0,122.58343748296969,158.87725027472175,101.28567538211654,0.01060493084037441,8.663196342394188e-05,0.004036575407586379,0.005733424731553984,0.012109726222759139,0.07274380474014701,0.7179459742503673,0.03004072033043495,0.04589576038805433,0.07185593879726714,0.09012216099130485,0.000652566569827089,15.747017631686552,0.15645486144865658,0.07600637256920058,-3.267225287266564,0.03216497259761063,0.4237846932986645,0.2693498153576881,5.280362731866536,-353.3168702084271,138.42949076142676,1.5553683179953832,1.0620565929914763,-31.142387192499907,3.9605389089014906,-30.13194672155776,-21.645785572124048,-32.011236223256624,-17.694565973058396,18.81878765477811,-5.39912360943535,-5.339471072514484,110.94479603018175,50.88370363722924,16.47250685981806,12.414789228440311,16.641701749300175,16.76189838518385,16.014779448452995,7.182630209358998,14.261713989873455,10.363387011534655,16.725407910901815,7.816569111668495,5.536487219824368,613.8466325053596,229.03396501823758,1475.5748130560291,470.8020958504902,2762.152923921332,790.1353618990198,-9.93597822226206,
22 Elderly Healthy Control/PORCELLI A/PR1APNOTROC49M230320170933.wav,PORCELLI A,0,146.78120804525238,591.7451707118593,81.90973670593195,0.027600207608990172,0.00019851558170476757,0.011797144075392984,0.014099983660711182,0.03539143222617895,0.1558202034268517,1.3911471612946726,0.06618060369203065,0.1009351186391306,0.19242177880753877,0.19854181107609192,0.019962485655966287,11.839446829972042,0.17387144208756883,0.03728827455211866,-0.7781959306906682,0.258536134861941,0.8026185843781634,0.2184404016000598,0.41934537069795397,-344.2375374610763,116.34320617862596,24.01646953015564,29.73404897227415,5.651058648575207,-11.221899041262878,-30.894929037440498,-22.169156400339272,-28.28947119877785,-27.301778189946745,-10.36239256185028,4.873718555565871,-0.02597945185025745,76.80728694927683,61.06144261921206,31.68144743848496,32.288207658200946,26.91222687812769,17.579805356408837,18.531405312094712,13.611654335664698,14.103817891936751,14.046026711218895,14.14240819417055,11.723806684958724,8.798299739862433,559.3991137252126,240.95327488935462,1690.7765865144388,655.181975181067,2748.8525305077264,550.1611320703666,-6.638493394158786,
22 Elderly Healthy Control/PORCELLI A/VA2APNOTROC49M230320170929.wav,PORCELLI A,0,123.71301516463791,129.02962902962096,116.24213198496896,0.0026639548602343157,2.1534432147052105e-05,0.001067962050182986,0.0013396149623832918,0.0032038861505489583,0.042254681300209596,0.39991496949548977,0.014565137925095121,0.02156606590292049,0.04803019043487847,0.043695413775285366,0.0004606936837419344,23.594882637938326,0.20388923232440015,0.059608449118031974,-4.334859257235157,0.0038221083258107406,2.107526794457979,0.6500875049165535,15.371340359683764,-266.5077213853628,156.31752903291235,-7.516559408116776,6.5251557262512225,-39.24129228259924,-8.831103448473364,-26.105947750268395,-12.512823886487942,-35.38721606793743,-28.686910980364292,12.847606183993083,-4.201306204132514,9.758836865224154,42.157171592871784,23.446924418029027,15.385225490804025,9.523226466183292,10.222052097704381,10.742114831113195,9.243127913830486,10.05889599133974,8.078788037212709,5.416839397613059,5.687784691627881,3.8075735621144733,4.263573038274893,542.3084402660993,59.944298660914825,1105.148739318085,201.84251005140774,2484.5656432845994,481.7708779879137,-8.63363278254705,
22 Elderly Healthy Control/PORCELLI A/VU2APNOTROC49M230320170932.wav,PORCELLI A,0,122.80103795257388,126.65335204017555,76.66976532972637,0.002757075728807542,2.245882729818946e-05,0.0013243339125516402,0.0015332115289326935,0.00397300173765492,0.022190239175960486,0.19280300016538782,0.009153609383271357,0.011536665170998847,0.022616082002423977,0.02746082814981407,1.937763067577606e-05,32.05305635041648,0.18323929465724337,0.03008013188625924,-3.5526553280398803,0.0173722341125126,1.873147219691617,0.07813887189642003,14.638459882873516,-353.60335234114973,136.99954398067283,68.33733953659761,33.408401124718175,-4.482558889220759,-25.56402577679449,-24.44283954319623,-19.930116911414014,-27.430867129867583,-26.001183421869815,-19.277428019799927,-22.000014395665282,-16.330187005053816,33.779471229185425,27.00127684543588,8.369402522887002,6.277605519925639,6.266433236088642,7.200801498515472,4.630669586002358,7.884338245941767,4.049883374215838,4.8104760607273995,4.34589232739473,3.936965310226067,3.656073198605559,375.1506981767015,36.38446296288303,688.3716745313819,557.2943793800757,2666.2335262568913,543.2361581006852,-9.039735855657463,
22 Elderly Healthy Control/PORCELLI A/B2APNOTROC49M230320170927.wav,PORCELLI A,0,129.752521086536,536.8704497314332,78.0588024866881,0.021303470145075783,0.00016672560613541316,0.009148017918250591,0.010823703291682146,0.027444053754751774,0.12192214775784681,1.172799038248998,0.04595724651477232,0.07191065350292442,0.1261035545379188,0.13787173954431697,0.014873636336945141,13.818465569833307,0.1952970096983939,0.05248405675669702,-1.2391833213516044,0.16568715145420182,0.640887170426552,0.10884916278680641,0.9072914279060669,-338.47626788975197,107.05869709431143,18.791993564509774,23.68975811547156,2.1137051116943164,-6.544522971656808,-31.145300852684414,-28.817951071959605,-27.36106107262327,-15.658821302879234,-12.737257783740295,-9.263178247332812,0.622043648968601,83.8251619651111,64.58294183207296,35.541764957252205,32.295383569177865,26.70717796867572,18.035832231415576,19.918477887106743,16.034755321683974,14.682102794968872,13.915249834108655,12.853387284477256,11.067370129531358,9.18292050206313,581.8159474977874,249.92057648055672,1650.669368507987,531.2808552290845,2766.473757171337,635.9891396632285,-6.004435395051994,
22 Elderly Healthy Control/PORCELLI A/VO1APNOTROC49M230320170931.wav,PORCELLI A,0,127.51695257321795,490.4702092273569,90.9052675445984,0.003570738768765175,2.8110258737302017e-05,0.0016318588708530688,0.0019303270319514776,0.004895576612559207,0.026403930851819735,0.3456997162633664,0.011744756833954744,0.014688520172944489,0.025646605325708394,0.03523427050186423,0.0001585770147925247,32.09038273423651,0.19451894305034398,0.021131937762187566,-1.6650706468219256,0.05568093365008844,3.0640581147586685,0.15890995255053905,16.219700908730108,-361.31113537883635,116.6409810398091,42.04523670622552,12.013688791672832,-18.95821372445721,-28.77074372707566,-17.224561141318908,-11.512140986784463,-32.270721950176,-33.492838677576835,-15.390371275707208,-13.54695781150275,2.6102964016542414,53.65978336061548,33.81927746322475,7.1559845690116095,4.795740845682587,8.88609711581437,7.01943361897885,5.235198424255279,6.678124235278642,8.108048190712678,8.730920263066297,5.764475356104531,3.7393748929695563,5.18998946261034,480.3612312228867,17.6062083249634,930.084435209294,537.998970222605,2630.8715205470494,362.9700610871567,-9.145762282319952,
22 Elderly Healthy Control/PORCELLI A/VI1APNOTROC49M230320170930.wav,PORCELLI A,0,122.53573420432025,141.22332438532308,115.72319042751286,0.0029315702234741434,2.3925606842707987e-05,0.001442528966887496,0.001696271754870806,0.004327586900662489,0.03426256352652271,0.3398336297641552,0.014116469432331535,0.019574689381864095,0.037958651650891025,0.0423494082969946,0.0016925438458858261,26.602310880951396,0.11073031675848685,0.03209458354360157,-4.111564576346851,0.003369134559629012,3.0878458455643645,0.39748492971320276,10.16210090669803,-363.6160252411732,87.45283727736611,19.075767569799744,58.83663783146289,40.53383736344899,-27.00062232610386,-47.26021557761263,-13.435832319071183,-17.908758249354374,-43.25364174059144,-34.722756562557045,-1.347327308120103,6.222337851525121,41.36837709984705,19.79382025071313,6.130356099669259,8.790321381770639,6.257942573447472,5.232829478023851,5.383317706356831,5.110745315945712,3.741922377581931,6.1482018175009605,4.250093195259107,4.105325082645817,6.110293050803373,397.41187985992485,18.53490644119625,2178.9818417474094,287.44983672542526,2508.556663268925,540.6840540418942,-5.981277688887483,
22 Elderly Healthy Control/PORCELLI A/D1APNOTROC49M230320170928.wav,PORCELLI A,0,121.52093314320604,131.501175672867,111.45305055495862,0.010989613341498292,9.065787222214693e-05,0.004985494697691556,0.005290237882882716,0.014956484093074667,0.07462088990788872,0.7224672256366267,0.03222007515545466,0.0456425470650073,0.06938134935785445,0.09666022546636396,0.000795365280777059,13.722657516182215,0.1409362720180787,0.07126140345000151,-3.6078201607612144,0.018934648991574887,0.3497541406468597,0.6052521327169205,4.821025220645662,-345.6586921184354,145.2310523943827,-1.2235476825923246,-3.991282158565104,-35.88658645337479,-1.0452286609696695,-17.843575801547484,-14.158072355441659,-24.69929473034691,-24.027333890871684,6.716071410722193,-5.570960398913201,-1.011365179251953,111.25421715941717,57.49047445357676,20.416035601919184,10.914093180672953,22.28528981515386,13.56298685156929,10.973491450835843,6.213588589534394,10.5161323505783,12.378160480797616,13.928900757695251,7.009695749507479,6.80327164703051,649.4806427375698,296.70876919450075,1450.7410595770687,555.8004198083953,2689.7023269832384,1001.9570127914809,-10.307696543980965,
22 Elderly Healthy Control/PORCELLI A/VO2APNOTROC49M230320170931.wav,PORCELLI A,0,122.11188254036853,524.318719823244,107.01950492446834,0.002498128356618256,2.0472994595066896e-05,0.000856000442365239,0.0011753513271774516,0.002568001327095717,0.024653730622727514,0.23250654545508448,0.007918032130273157,0.011628009337410974,0.0282159655938127,0.02375409639081947,2.1313323786847988e-05,32.10280130064433,0.41994667496145754,0.02091072559653393,-2.8052051823456745,0.06485751403281839,2.2241688862575577,0.00722688080849157,16.071977073225025,-345.2177255795282,133.7669696939794,57.018809669103135,14.83732658966753,-20.48541631967725,-32.42309444516705,-21.20524325392609,-18.465678370828865,-35.21205077402368,-34.0073883840417,-18.680309836261312,-10.460314579084447,4.920903434895781,35.201799772107826,29.03254082453388,14.833180544806691,6.77112552524928,8.789692018814302,10.021326005984436,7.621081332642046,8.137601048869955,5.360892033982874,5.881807235641203,4.758785492175682,3.5494128065650603,5.028246332045991,481.4289250652594,14.649086356503345,730.3852595291543,403.16076198659164,2620.062978825249,487.26398867375127,-9.64569690858493,
22 Elderly Healthy Control/PORCELLI A/VE1APNOTROC49M230320170929.wav,PORCELLI A,0,124.6282173828109,135.65483198867562,118.47049475994518,0.002169460032464866,1.7407681092411268e-05,0.0009376966420757115,0.001160562057032694,0.0028130899262271344,0.024494518808586822,0.2142463262626554,0.009005928260017233,0.01369615513204248,0.02808111070079778,0.0270177847800517,0.0053640356068996005,29.233705421580947,0.17827761939176717,0.030277412336481388,-4.188328391307986,0.002730740535874188,3.0064020014283113,0.561297907735356,14.159776109884536,-371.72189439793686,94.29801102956257,0.36601772162364854,30.556908065953383,37.018628210552805,-27.235712970725448,-56.59827837319628,-29.323951056025443,-10.14125267069533,-21.60492906042782,-30.994678423969344,-3.361644598737288,18.72622355154297,39.418588549346026,27.265870741774833,13.319252804499536,8.875265904540816,5.531370681881026,7.765037411294347,8.01720545177758,6.740077024249426,4.170796857619416,5.18486463936795,3.447544821861855,3.9849548018234793,4.310960099636841,488.90868491353694,14.171459243037555,1891.2221272566408,291.1288929526128,2351.9520269650934,322.85022793728314,-7.9384015303853355,
22 Elderly Healthy Control/PORCELLI A/B1APNOTROC49M230320170926.wav,PORCELLI A,0,135.06907048197664,572.647085732792,75.63749017942175,0.021754389289885705,0.00016423409022131344,0.009755659768791813,0.011428877750211699,0.029266979306375437,0.1240573788968279,1.1923897473607,0.048252580415817245,0.07556686029173539,0.13867957804858894,0.14475774124745172,0.015121919003483267,12.987008944938866,0.1940169513227813,0.02162542958045366,-1.1014526202590595,0.183799327015599,0.5116903979836409,0.11872275111908054,0.5485953317610921,-338.2097640861472,108.87432694493901,10.83761805864773,23.6956120154823,-1.3351043006673187,-7.785676627978522,-25.662766730265478,-22.817563085941025,-24.449754952969208,-19.757432788083847,-18.307174583492806,-9.552445245208608,2.592757908988617,92.18606971672244,62.20190260644754,32.52280402432818,32.27832650326787,25.60742495260497,16.23180789285723,19.095041733490334,13.938022090143464,13.640366812878495,13.726979500638164,13.203854017701465,10.32558030963519,9.447635009912954,603.141691184562,286.43681666006677,1680.3598572144667,552.4083738222871,2790.0672016260387,651.4707457291146,-5.629110532004502,
22 Elderly Healthy Control/PORCELLI A/VE2APNOTROC49M230320170930.wav,PORCELLI A,0,121.49953676162099,124.81916264795701,112.50634371956889,0.0021201026989577454,1.7457242389475176e-05,0.0006800778531392466,0.0009840735262415063,0.00204023355941774,0.02382064180949933,0.21187629412873077,0.008984769131852172,0.013559201797066522,0.02818466367495128,0.026954307395556515,0.001352721930704559,30.734162127637582,0.26383286970857145,0.024199852096354005,-4.495184655348586,0.0027565288173482653,1.2789363273870873,0.5609442427178993,15.3078885252174,-292.87402216265025,126.3555761707228,2.141671523444684,40.60151546985872,38.85064080586206,-26.978378696891934,-70.625610846576,-42.01853941233144,-11.214432009259456,-20.091445182217722,-30.69155405222356,-11.957908594306474,21.312204704354095,30.636228494226156,16.4333871635452,9.953034040835064,7.468531189245215,10.860571112890867,7.400363322825301,9.082015032684023,5.914186815800881,5.813172515257241,4.93485003174572,5.184994054631094,4.822594436928692,5.355433313953122,483.26600102842883,5.0102920153180435,1800.8170049842593,605.3662716003186,2236.8834605785396,390.9109279319994,-8.218615679681418,
22 Elderly Healthy Control/PORCELLI A/VA1APNOTROC49M230320170928.wav,PORCELLI A,0,121.0378794935882,128.90429801187216,115.73156000159942,0.0031914339111114285,2.6367455868769745e-05,0.0013334283933661764,0.0015633682127555756,0.004000285180098529,0.046164375816988255,0.3815839189709398,0.018337211840977443,0.026751099268877473,0.05270661233082501,0.055011635522932326,0.0006834426516064964,20.448673963561006,0.1686490854429097,0.0823491821201007,-4.096421059441335,0.00438670714624968,1.242257137604878,0.46884852164243734,13.596520303552428,-292.79011135716604,141.03272634813436,-19.132351910718743,4.568769525421201,-32.86309391487128,-2.708447906588563,-14.683738841294304,-18.72844974860178,-39.97923806675249,-23.652212981710772,13.780343211056682,-8.772434462925013,-3.629424501090554,59.4377575833817,34.816214947050106,14.26082991867192,11.643575281506656,14.231698340973615,8.838276443095124,8.402117321608793,9.59073200266168,7.924659327849345,5.905248039808504,6.406768974263038,5.197613975628649,5.3280535563651075,537.1636657493659,119.0868080097948,1276.7120728098732,167.42405349527763,2701.8374068780677,595.7786489132413,-6.853837599366979,
22 Elderly Healthy Control/BRIGIDA C/D2BCRAISGS48F210320171005.wav,BRIGIDA C,0,208.56601178059083,346.1952415380222,86.68803523648627,0.020774030206315568,0.00010004078902701993,0.009554998740432594,0.010882243909146784,0.028664996221297784,0.13914746738480446,1.291454861720724,0.06464835162262775,0.09147406832589565,0.1288109715182552,0.19394505486788324,0.010451915128312615,10.993519296251142,0.15700381289282192,0.04837223629662101,-2.144575177532354,0.09388337452476343,0.44703771701737105,0.2623168698728247,5.039013286999737,-316.8934062009342,127.92185598940462,-32.96612694639135,-23.8539093344372,-31.037833675140483,-7.819526879242474,-16.17272778556417,3.1758459783253086,-16.505241972014357,2.2507202170900755,7.428916225495464,-15.09980646804536,-14.641093150717658,134.49028902839035,33.090439216941256,38.449115179034834,24.747521847640247,26.457437711747385,12.825579693601576,16.792833279680654,12.446962494279754,11.200852047015093,7.760918845368241,7.557083394745435,9.600324791403814,8.277396530929872,789.2516172774101,296.54296822900596,1478.067279383656,346.23413879449305,2710.9325210565867,635.3396162592526,-6.233858505006038,
22 Elderly Healthy Control/BRIGIDA C/VE2BCRAISGS48F210320171006.wav,BRIGIDA C,0,216.94947027822616,236.8552841126818,213.30259439533643,0.0035387804552397093,1.63088907757232e-05,0.001916967116152852,0.0023225170879677282,0.005750901348458556,0.03989750554232026,0.4098360469722912,0.021186506610268174,0.0267338956736252,0.028899689046845495,0.06355951983080452,0.014997398713106513,21.232818689157344,0.27304298973086155,0.04100983053634568,-4.550881770744918,0.0035904727552242065,1.801128308571307,0.33153097788792885,19.373818823727916,-196.18202914921798,85.97415395266843,-35.3356144653262,55.374216583548225,-42.621289771745346,-47.61009151575631,-55.44123712883732,23.279909172629125,-15.41497242071167,-9.505235467161604,-0.11557649209394937,-4.145168781338886,14.849863156349535,54.90152145006183,12.745192085176244,16.357483980544487,12.942758157481018,12.078358494301908,11.191250663566514,5.430789337270021,9.828156480310822,5.744284709381011,5.5458914510641515,8.187759258365128,4.602556412438072,8.428093388946882,650.1998783243607,21.79650312057538,2343.3952405823043,485.1868810052437,2743.3735655627593,444.1770660832551,-0.5000803729967109,
22 Elderly Healthy Control/PORCELLI A/VU1APNOTROC49M230320170932.wav,PORCELLI A,0,120.04787478198192,444.37379603139715,115.2346514735299,0.002608456012990253,2.1736816254773083e-05,0.00134842911803948,0.0014283506061565242,0.00404528735411844,0.016270614426795334,0.17703437343415593,0.006757414154514153,0.009036492233404478,0.017048415674934234,0.020272242463542457,0.00023579381456580542,31.177576888016173,0.16696930099468923,0.022379781370417146,-2.866478334013579,0.03289476580706548,2.6841981859954647,0.004418729775537688,15.909580155685944,-398.96018544231714,113.94837565530152,63.97315909603215,35.11288642034145,-1.7739695083298095,-22.15775526423883,-25.326861919119853,-23.4233104484788,-29.46167056435854,-30.941063009210772,-24.186555183739195,-19.535764053128332,-13.033792046954165,44.49026851600466,31.72746079774542,14.222071906688187,12.459767349298836,6.1527986414609614,10.119065102401626,5.49140269448555,5.837888248659591,4.477719660656296,4.580551329551104,3.609060200453223,3.243464529934488,4.0675244273307,396.36837856209075,274.2141206325838,1489.289756374151,584.539502015702,3044.418671338198,465.562765449528,-3.599491608564712,
22 Elderly Healthy Control/BRIGIDA C/VI1BCRAISGS48F210320171007.wav,BRIGIDA C,0,233.1796072336771,245.8462208939756,83.12706393598017,0.003026200393410061,1.2974966720191185e-05,0.001772226916014432,0.0016435741482910525,0.005316680748043296,0.023907683894795827,0.235347339277022,0.01328464796772024,0.014750757688373441,0.01762900451343418,0.039853943903160716,0.168815093574217,22.394973351907833,0.23730637745974717,0.03373051465705004,-1.935137328340234,0.03518948844353096,1.652444716853703,0.18715921953123685,18.624407305879984,-287.34967375076945,63.44919665710418,-17.874028096691998,92.2113490639451,-9.81864508271606,-42.066849102717974,-42.800827903541254,35.87522872515265,-47.85978214855289,-28.99310954555308,3.0361687604601424,-21.19469444684696,4.5486346477178845,54.04733040638611,11.451454286432812,7.805762593740179,16.960452833713322,12.308075135364545,8.588562468468867,5.688372727848487,10.316423556108699,5.488781147672941,5.9423687998920744,7.357021701273967,7.1099842123401515,7.148813462631844,443.9799281124874,63.88478232698861,2396.6009249643903,46.14202968166658,2836.39141092874,383.0480661408752,0.07150692286599296,
22 Elderly Healthy Control/BRIGIDA C/VA2BCRAISGS48F210320171005.wav,BRIGIDA C,0,213.93401352963178,242.8548072571379,209.41614259288804,0.003647835912814691,1.7051242503582163e-05,0.002137350468419628,0.001989728202131666,0.006412051405258884,0.03292614120209254,0.29832566886609724,0.017148446312644377,0.01941067943564679,0.02760053353904295,0.05144533893793313,0.009716702567627895,21.022474094769123,0.17149404592430928,0.06036706882242168,-4.092931425617991,0.002079032377372747,1.2573741799135152,0.7469631071311823,18.015661637122847,-227.0998181448209,103.1743530047982,-35.980296974115014,15.611240778428442,-76.40631019932029,7.460763223442936,-8.228919675296412,9.120125623229812,-30.447398109277152,7.542126360792989,5.353206323605867,-24.921420157364835,7.232936053355461,53.363715666987616,14.847512197789142,13.680818784847581,9.046491842423048,10.704511157198034,14.218977695383604,8.992208833527004,7.298027653259171,4.864046624349845,6.7669430524411425,4.986526302833603,6.4427566667286404,8.509140204373063,684.0307623493572,104.74693541684455,1231.6771947651894,325.84611794140545,2978.911227907615,180.3955264124137,-3.042349853571903,
22 Elderly Healthy Control/BRIGIDA C/VE1BCRAISGS48F210320171006.wav,BRIGIDA C,0,218.60798927926803,237.2727361694753,209.396946530061,0.0020699003660022107,9.468862370290308e-06,0.0011239741696852897,0.0012698965348395968,0.003371922509055869,0.021957814649611825,0.28025516119038074,0.011743634031068546,0.013702129114723557,0.016212538643359385,0.03523090209320564,0.02145676612715994,23.990543909551278,0.23607590803114606,0.03732151936541113,-4.47721088195417,0.004194804677970427,2.9416717767051215,0.2300740027945846,18.482036289349956,-242.69125451594434,75.44314547117415,-35.99869374879317,48.304866816242104,-28.3220971782791,-37.97617687641033,-49.022391749038775,20.379742071745753,-14.702061835140903,-1.5095149862460495,-6.497597443352908,-11.268212914365805,16.86390515734691,64.98857246506712,10.83446077391606,16.340928385479224,17.888345688359408,8.051103684978898,7.159179513504442,9.675553760365492,6.028152901694191,6.383686168922017,4.845316882807304,6.4784249344326374,5.740611954683229,7.570665511307069,664.5904401654794,57.32424372494736,2025.39620485618,295.35377499877944,2774.687096089899,191.77110944922393,-0.8554011875824211,
22 Elderly Healthy Control/BRIGIDA C/VU2BCRAISGS48F210320171010.wav,BRIGIDA C,0,198.5284960226171,221.06171358505998,192.50049207413835,0.002824755950733089,1.4231277422253847e-05,0.0014990499497932641,0.0016729733799604016,0.004497149849379793,0.036233590687687105,0.3224663967473607,0.019011643793182174,0.02176852121515183,0.027388097952227332,0.05703493137954652,2.336554485182939e-05,26.82327634241531,0.21042608850530534,0.05068163952877222,-4.477140877575612,0.003228418718477123,1.6096630819921678,0.46858073848793796,16.130003144505565,-286.63252667284644,165.06329414921072,39.917686740865044,14.577370719792702,-30.539810917039613,-30.768971420870393,-16.86037495399299,-9.402842454694513,-13.826246645570427,-11.516971312313492,-11.542741908627368,-5.2945753008612435,-10.676326657488842,27.409216222655296,21.518566976820313,12.737043832721316,8.501191587425033,8.308689363174702,5.416125427886853,6.203320273447553,5.980102933730962,6.035211466909664,5.576772294354354,4.943141725372867,5.054955995358277,4.216195550065433,427.520220859602,87.364558344209,740.2423677313503,190.7259872092141,2643.156132747821,473.3454007194244,-9.238939278323597,
22 Elderly Healthy Control/BRIGIDA C/B1BCRAISGS48F210320171002.wav,BRIGIDA C,0,207.37545310043532,286.58315511179507,93.81041267038245,0.017381458219010236,8.405615191974024e-05,0.007848170972169013,0.00938112405357268,0.02354451291650704,0.10328659091549376,0.9740449576999132,0.03711731549305966,0.05731691144192076,0.10732884191344956,0.11135194647917898,0.035722463124242924,15.754713872443062,0.16494311471120812,0.0675217492356666,-2.0289177074043994,0.050419549862684744,0.6188210144525343,0.3023716904481538,1.607746242292727,-415.90101149516323,111.25040294238768,-0.7133635857135111,11.609095476876925,-6.217568495512985,-8.502487115043015,-30.069692079278052,-11.73392556273741,-13.117508995123387,-11.233911685328087,-8.931358415864565,-12.332986735520413,-13.451103442662566,90.06582205361717,54.100632797791114,32.44045210784634,34.02648657761127,24.552111642788294,20.69558883559994,24.178196119739784,14.312146702776984,13.535354834084613,14.194753638921423,11.220829575417254,9.569648101749577,11.436152588670135,626.3768222589002,327.07766714347264,1728.110271010907,437.49291393801764,2818.54111454145,527.5261641938736,-5.697644614364688,
22 Elderly Healthy Control/BRIGIDA C/VO1BCRAISGS48F210320171007.wav,BRIGIDA C,0,197.75194388815055,230.8459405898812,101.18882877398453,0.0018220767859513584,9.214152813379906e-06,0.0009223882518888994,0.0011364146767864718,0.0027671647556666984,0.027836898850016424,0.3582851546962922,0.014134175164680275,0.01733442624868465,0.02286194941424041,0.042402525494040826,0.00020200813393826342,30.645653023404904,0.2132616494056742,0.01654026195202062,-2.966625851464326,0.02112582723277133,2.7350504418117314,0.011564945637085164,17.497139342662784,-347.95218442419383,112.59703633568955,27.879491563240517,-14.713866336285118,-50.60269457214679,-41.26878085431835,-11.602907118530757,6.064657235007414,-13.834394119758375,-13.692743746702243,-6.28101313403011,0.6535776601152934,6.69252691819378,47.104091305885916,22.472826204344855,10.521110933413352,10.236730045044567,11.814807763925876,5.672793646655506,6.954036134492948,6.388394039980797,11.96175279291452,7.94255606999349,3.6533911857520223,4.949349265151984,8.437607825021557,587.8225748812418,21.758742771742433,956.6044304047032,110.63389435367935,2627.74298213091,234.08328311902272,-5.7846722817670715,
22 Elderly Healthy Control/BRIGIDA C/D1BCRAISGS48F210320171004.wav,BRIGIDA C,0,207.55895049341336,233.72677042714483,100.23198375803881,0.020742179765526985,0.00010023198252037047,0.01055984814689752,0.011200435614727625,0.03167954444069256,0.11682351050877723,1.178261524747203,0.05163852057883018,0.07208520863688697,0.10780133351123758,0.15491556173649054,0.0021335849500276755,11.675735105207414,0.2262128600269929,0.05230528794380658,-2.0591006986886518,0.045252968015746825,0.5740078906469113,0.2610828655846127,5.230199633676943,-287.2866129411481,138.1268518222902,-21.94622843193764,-27.778686314334273,-35.53553131187756,-11.007157967669013,-9.023798347167336,6.92395591986692,-19.599520530538136,-5.301214053875317,9.525790471280397,-6.988892321413449,-17.463272142327213,118.5432163910185,36.50066817726105,32.74210514301817,24.301720866977295,20.44811951922733,15.791573976255233,16.518176572937126,12.185518044765269,11.942556570502045,10.41518797053395,8.461893833538111,7.696292489318692,6.587225929891698,761.2980874770631,243.254498305024,1332.4426520049672,341.03564434482445,2669.4918470631806,532.9637911631928,-7.878269730138579,
22 Elderly Healthy Control/BRIGIDA C/VU1BCRAISGS48F210320171009.wav,BRIGIDA C,0,226.02985594272178,258.38302164670233,79.65900880075102,0.003900292324244076,1.725568732928698e-05,0.0023005214419750354,0.002097496398045965,0.006901564325925106,0.024569527099164296,0.26426462428581105,0.013312077156974049,0.013983921161011362,0.018367401062110485,0.039936231470922144,0.0001229801003908309,30.92995166052817,0.16586216993263464,0.03308744520020547,-2.1710741740814146,0.02527741676540979,2.2833363147017094,0.03219301229345561,13.844192744187765,-335.23536923495095,115.51765493998565,44.30754169009375,21.82441358947391,-36.79868068972046,-40.903774333790224,-23.74398146491618,-14.808394480599983,-14.56405076675844,-14.577333081833473,1.395671775063119,-8.59344647281792,-20.18605798018153,42.59994304833971,17.96893449220682,10.20152261873915,11.412607641844952,10.59688457054972,9.461563721983286,6.262097513528846,7.611333058583036,4.384609680801791,5.755356747126376,6.372571260445494,4.409740924141304,6.836857028227627,462.9702003759746,45.0288199554867,760.1906486288206,281.2645830440567,2837.266165619078,157.10028930421583,-6.233681378944315,
22 Elderly Healthy Control/BRIGIDA C/VA1BCRAISGS48F210320171005.wav,BRIGIDA C,0,208.84543870520113,244.5401025339451,101.54079186068012,0.004230601608652619,2.0253927854838806e-05,0.0023686989818271498,0.00242196767127218,0.007106096945481449,0.03678733964437189,0.43346814709334874,0.0201124703861896,0.022790500891874517,0.027449905570033697,0.060337411158568804,0.0075241333832390045,21.352907475951373,0.23050766357275804,0.03300748994942476,-2.3139740133146898,0.03264882639685025,3.3050741435805953,0.12326367928197891,19.565405132631867,-251.81423665272774,104.28081159988527,-29.991929758989993,1.2573611350106761,-70.15279087146565,-2.5356196340005117,-4.9273518119907465,10.06639684248532,-31.60537162493179,7.6513541021752856,2.577342699050632,-28.98892496547868,9.33907604984374,65.54928222608645,12.932885607972008,17.072620568294447,15.15637574945011,17.166229533915256,13.659787333311115,6.018370027006843,7.439593714651429,5.692228907060216,5.702016356181669,6.376740643587329,7.138196600557728,6.761331661155306,688.3144254356081,122.0970690776718,1194.9822997604501,376.4999636073148,3046.4264826421004,213.9350721462698,-1.9298312890071823,
22 Elderly Healthy Control/BRIGIDA C/VI2BCRAISGS48F210320171007.wav,BRIGIDA C,0,224.9755332453943,229.14155864537437,217.49350697968214,0.002721371066049528,1.20979095804349e-05,0.001598508536333267,0.0015558119252035913,0.004795525608999801,0.018583393481866082,0.1633418457551797,0.00997810719943214,0.011094213165736706,0.014078294835921755,0.02993432159829642,0.060328279497126755,25.00797250679563,0.3230660540581581,0.05191079941892711,-5.084179979694808,0.001886123709452931,0.8561062194591258,0.49067630812507046,22.29146878915587,-248.63429803733214,75.55315249305221,-6.542904811060557,84.68215632765674,-13.982503323154067,-41.76504035465481,-48.271599527624275,37.28216101271008,-43.63103668063066,-34.59017780115963,-4.882554517320702,0.1551955195958199,-1.8748139716832397,39.91936879994584,13.998877332869958,7.622934597518966,17.160942336030807,13.376897155584603,8.877780168513747,6.184916487881975,10.08883835879241,5.250403138651928,5.200478093065776,6.769886524806562,6.07383974017676,4.04535868972941,456.3036202409378,35.942760298058744,2382.839305502731,247.60281449261743,2742.920291017033,135.14289416303467,-1.0003200183630474,
22 Elderly Healthy Control/BRIGIDA C/FB1BCRAISGS48F210320171013.wav,BRIGIDA C,0,202.6926487968892,391.64530373179014,79.4777686557031,0.023504123970382203,0.00011646398534721055,0.011314209570780701,0.012957388419878514,0.033942628712342104,0.11856988207606371,1.132051802404063,0.04460261218926329,0.06867246829172605,0.11840700671593717,0.13380783656778988,0.006551889567540961,13.566134698774363,0.17712850581149348,0.014319449549431469,-1.9985682120794848,0.05506765676295378,0.680993189301031,0.3243574996755145,3.6160335350516917,-314.614343739502,108.65216884430849,-2.235887701599307,4.393989224938611,-18.21010634455935,-14.544957062268853,-26.158452196860672,-9.305188931979286,-10.837142849219143,-14.102000273080796,-5.392186539043512,-6.476249721579933,-5.368984468982275,88.3998300346025,51.37643254556177,28.6556905764961,30.63805664940022,25.364168133924366,19.403924059975335,20.619830661418845,13.63073009859908,12.852808808273139,14.591267692917352,10.961606064180836,9.454007504765626,9.584754634795377,650.6406185992992,277.922439347693,1692.9039871914065,479.0979139167493,2790.2800376605264,649.7612962565844,-6.71214503547346,
22 Elderly Healthy Control/BRIGIDA C/VO2BCRAISGS48F210320171008.wav,BRIGIDA C,0,195.83585382198763,221.52631191436362,192.4156393658785,0.0017907714681334162,9.144901705679326e-06,0.0009231461307755439,0.0010994374329248396,0.002769438392326632,0.027848870788600762,0.307436954444626,0.01455752131714543,0.016959365694045835,0.023718703924109352,0.04367256395143629,8.034726948452928e-05,29.483653193990538,0.4461304013825085,0.023973134266306217,-4.5860799503634535,0.0025852593156914807,1.6898404330287147,0.48389866910727186,20.600409879321205,-312.6795357369797,133.5731810029117,28.405929671905675,-17.255196410469363,-52.461514416729116,-34.5491873734029,-0.6467428193651091,-0.3971068092384301,-19.018227949144908,-13.39441281339665,-10.167683836111536,-2.7906785307392314,5.6489936472350335,40.47660837822122,22.052170487936113,11.158325429787864,8.55239738083174,7.93817120702496,6.973815189694311,6.977651961413783,5.681057389143971,14.207519287432225,6.317213057382971,5.877184496068183,5.8162074590040564,6.108883943067575,577.7916247726982,17.96094324306659,995.9849150291461,71.86993715160133,2811.745322288702,685.7928718620542,-7.357126254202448,
22 Elderly Healthy Control/ANTONIO C/VE2ACNUTCOC40M230320171126.wav,ANTONIO C,0,139.51560112759884,146.65863380474582,135.20499391301115,0.004355785489513593,3.1220990033269785e-05,0.0023920960417634337,0.002663886057067658,0.007176288125290301,0.05427142502094472,0.5506822364556494,0.02674589830752045,0.03205283210116356,0.0529335993567191,0.08023769492256136,0.023600874761949393,18.87256063303379,0.21218129016322443,0.0418994026501745,-4.078291145696971,0.0037131246605568943,1.9193813594031188,0.8180138045504596,12.21331460421506,-195.90792019572817,103.71513884524751,-46.40115272963145,47.63973972198618,-36.18171719738892,-19.99609314953374,-66.92924979924351,-8.842086426161368,6.817757930353478,-29.09609114148674,-21.355044173318138,-23.74890496098779,0.4819575258195047,62.640166460657326,12.133164281633997,14.815177860413106,13.059361636630985,9.667876283916332,12.01349276647184,9.009650666306163,7.604083654695236,5.755115812247465,3.9610971780952204,6.211428368252089,6.411681010511672,5.629533663649393,514.4487640972278,152.76636583132753,2124.0428115473096,357.17663975259234,2915.7226530272164,777.1244022423205,-2.021909806415589,
22 Elderly Healthy Control/ANTONIO C/VO2ACNUTCOC40M230320171127.wav,ANTONIO C,0,125.95421986124819,132.44850597271446,121.16881739030941,0.010145123473207089,8.053805635520804e-05,0.006059666397743454,0.0056839996551564945,0.01817899919323036,0.10802575472857363,1.0553203493665322,0.0555920442580326,0.07048291462308201,0.09214361605806723,0.1667761327740978,0.0019230429806315647,13.677909707678998,0.2023169796359702,0.03524351056379797,-4.074806234133298,0.005751116540783883,1.6126124027734638,0.7437611839859122,12.961211266803868,-279.5894184809717,146.40787999992926,16.825997237813755,1.9132839711785081,-96.90813399197332,-37.58034274525378,-10.822051650734984,0.6328339695939574,-4.926503434558408,-6.11811172200771,-17.64058901163951,-34.91146023799557,-3.131686439810979,59.63233073991472,14.609627137050131,10.584485218706394,14.09398919168785,21.71554591920921,8.742732470466802,6.140964712852743,6.602547166468773,6.485112724265254,5.148441328118629,4.738762622446873,5.354610885977933,5.7491463076076625,570.2904797510696,142.7931380683989,904.9390427389374,54.61229677168942,3037.5062297042955,425.919952592063,-4.957455039179427,
22 Elderly Healthy Control/BRIGIDA C/PR1BCRAISGS48F210320171012.wav,BRIGIDA C,0,198.13215793883262,260.21144669852464,83.90344957269838,0.01597184389041176,8.088389815353815e-05,0.007406278662516335,0.007918361380817456,0.022218835987549004,0.11267923266891557,1.060828631822515,0.044299278453846534,0.06518820971067503,0.11246678369325945,0.1328978353615396,0.03408180263760162,15.062312156865142,0.1012671972452641,0.07383231036373077,-2.062015435843954,0.05831437394746284,1.0135010580652504,0.25934844087951797,3.0626704075107973,-401.505565881136,95.37642333070303,3.119253074618271,12.908732838744891,-17.348234067648747,-16.825744663472594,-26.361711548095297,-3.2074789014067444,-11.25562836419305,-10.772147735402344,-6.829754261285256,-6.250427591109978,-5.147142289575349,81.97860842032914,51.826594255331706,32.56389489083716,30.555521114647124,25.195076042243258,23.077809063431395,20.332874089315194,11.642206551935796,13.194624770438532,14.530772780825226,9.715311812066249,10.459729948945512,9.869458566956432,662.8990647830623,312.260930685053,1770.9410225359088,494.7016598265602,2867.6665534884432,596.4430901927641,-5.291520631040442,
22 Elderly Healthy Control/BRIGIDA C/B2BCRAISGS48F210320171004.wav,BRIGIDA C,0,203.75978239039878,583.9013091011984,82.70381518133499,0.022995993450985245,0.00011345038080008667,0.011003605114427495,0.013048585158562897,0.033010815343282485,0.11999639509893649,1.1551359160654544,0.04604113573992435,0.06824572288882656,0.12216129560678365,0.13812340721977304,0.013448675459239138,14.070728757714134,0.14423277830402184,0.08094624571089923,-1.9548982187652741,0.06459782900313758,0.8887369608621487,0.1940074102789917,5.294336285513957,-317.6032517167274,108.23425561450156,2.2199165804697856,4.817064731377761,-14.855292954331851,-16.35073925666772,-24.8530688225274,-8.191593191662049,-18.73146564775544,-11.223940100172957,-3.974531686399862,-8.29167947811727,-9.315069937476347,76.74806556312221,52.406754183485724,29.5415817300018,31.9120431407002,24.298311334292364,21.007494465764207,20.199793804377123,14.025403321292726,14.097002568792513,15.407892076758124,10.951019571800511,9.427159837465815,10.015045701136911,630.5751549558441,281.0359453615178,1702.361671852178,407.8495569998146,2843.528863399388,533.7295186395955,-6.842079718401399,
22 Elderly Healthy Control/ANTONIO C/D2ACNUTCOC40M230320171124.wav,ANTONIO C,0,138.88736063790142,409.1456262231207,120.70989253907696,0.012579298304295888,9.018796373751934e-05,0.004135871764419049,0.005069125404313966,0.012407615293257148,0.12601892936036158,1.1597598053064948,0.05889908612402537,0.07584505631597631,0.10289958591212514,0.17669725837207612,0.026868690963832327,10.49988383138504,0.1709771532057978,0.0006967530459912305,-1.882105667134267,0.1411003711738143,0.1909447082715194,0.08022201555163874,0.1531794852095416,-414.81776984726963,61.07390353650636,-21.81545505293903,-11.348498535909771,-34.239305378849764,-3.0919655608783003,-0.8009908226337151,0.15929645104605428,-6.827878993588726,-4.870163270806591,-5.054723836929501,-12.353673507527226,-7.361256808592372,168.99709017915066,57.934105092139085,33.444861000115836,19.576908344301557,37.14831351537293,5.587656813106524,12.666300813130777,6.82041386341262,9.514817033334277,5.146372655039295,5.125125786224556,12.135602096478687,7.049112019608808,920.069873733682,271.2383538243544,1632.3745118384916,529.8373766765822,2946.1675042785837,636.3478399838084,-4.476960692757982,
22 Elderly Healthy Control/ANTONIO C/VU2ACNUTCOC40M230320171128.wav,ANTONIO C,0,122.79229765420962,130.09899688300877,118.16101883205971,0.01910374581447136,0.00015556339724209285,0.012171610611833236,0.008548476974158135,0.03651483183549971,0.07508073581441396,0.7222537174314941,0.03913733614565521,0.04166840454962522,0.0671180085169669,0.11741200843696564,4.89491480273053e-05,16.93914132840419,0.10802997839468406,0.05131676658475248,-4.02694202107976,0.006224506111754623,2.63512265808811,0.7214287338158264,8.881823074060016,-330.94925912106004,148.41180949121514,61.60286696267931,26.946086740940824,-28.807504001358843,-35.026599537597974,-29.343732957151822,-24.13244084864566,-16.273301812884423,-11.843937278084946,-18.690782221099663,-22.03764729714398,-13.046628306840343,54.969174078917455,26.676830690868282,14.204133783275594,8.589533804630753,11.004325456336257,6.772202428718581,5.30490078308678,10.160539739216846,7.53977935064058,6.784719699406057,5.896540351097551,5.888533181424894,3.715722485795851,403.9707305146703,96.93160419023968,775.5124197582893,627.7905467955976,2797.2525027253987,591.2407146284039,-9.587963124457179,
22 Elderly Healthy Control/ANTONIO C/VA2ACNUTCOC40M230320171125.wav,ANTONIO C,0,126.77050189634888,138.6310258711737,114.2222812155236,0.009296428436508684,7.345851235317666e-05,0.005086084869194488,0.0053439824221635755,0.015258254607583465,0.07521309462007834,0.7481811125065194,0.03521062572581961,0.04628862093802897,0.07231394545066444,0.10563187717745882,0.006793443373247206,15.660616200659454,0.19514774997576131,0.04060992089968497,-3.9481253896543,0.009373391466002896,2.0187524734274973,0.3904708360038581,15.040610545854047,-219.37702611621785,118.77628301349012,-37.80437124067908,-19.367292092153974,-100.71139558651367,-4.082844580594564,2.4012905720160633,8.450160633556028,-21.855289124425852,-8.797219723234015,7.303013171433983,-29.526956633569036,-9.774991297705427,73.02223725093522,11.514888045938974,19.974375688868754,18.23410715280618,14.418129813812856,12.329713435414027,8.944454706376312,5.827083514861672,5.248308480103554,4.38716513307652,6.900112389639533,5.13737290365571,4.0109786618337155,802.4138412373284,95.31291022422242,1125.401031040144,178.0152798098111,2950.522114629918,112.13700134353351,-2.304128519018769,
22 Elderly Healthy Control/ANTONIO C/PR1ACNUTCOC40M230320171129.wav,ANTONIO C,0,139.0510991330573,499.08473309866673,84.65905083719971,0.01480987815273648,0.00010672062244580304,0.0062235606940573875,0.007851337120821289,0.018670682082172162,0.09979106813330052,0.9750373594064708,0.03495781093911043,0.055400812822538836,0.10899618730211554,0.10487343281733127,0.027979297983079684,13.691864224594216,0.1962735147215217,0.0954252886833416,-2.0054443951728436,0.07381971202070296,0.7414520500891062,0.24995342545432064,2.543874486448644,-339.81850077356285,82.04009155916549,-17.160440882103227,11.631361303195137,-18.34591728458226,-5.176303077745848,-12.611150843726747,-9.501746059586457,-25.446647833838426,-19.668144629259192,-13.992204805752687,-14.45578835543164,0.8953766239660167,117.53917898140904,58.5199545548228,38.67099365057805,32.77427841565295,27.938965261447205,19.211881310742918,17.131998570796355,11.93587871280584,16.369671992169405,13.469342508329426,12.862229746554478,12.307460741662211,8.631681508774058,731.2712083955024,344.5453603586544,1656.733606012111,395.59783725109713,2876.8158954949204,501.9792912600484,-5.257902514661482,
22 Elderly Healthy Control/ANTONIO C/B1ACNUTCOC40M230320171121.wav,ANTONIO C,0,153.36991399169284,525.1446358578423,76.54956870858193,0.020607145567495225,0.00013483180763208767,0.008566712704062623,0.010483707145447777,0.025700138112187867,0.11477616807114527,1.101866626964179,0.044557282140880575,0.06605089799149277,0.11864743974984167,0.13367184642264174,0.06609516136539716,11.193955346879113,0.16910512483052745,0.12663431079502213,-1.4594559972595829,0.10071548369416719,1.0724690736593563,0.16830502756816265,2.034808796122185,-305.25908801413226,95.1692997726791,-30.530337361543946,17.483566777858226,-24.848444518778653,-5.582825260758032,-21.058350812081606,-1.5266332888768523,-15.813064173066158,-17.579825072889015,-18.85193359989971,-24.61301814957287,-11.20400968715598,112.74435041707571,58.57402826548472,36.684784037364246,35.19200210425072,30.81858983583805,16.747798687539536,20.277287821317408,14.710703681527276,14.942167838604028,12.538093310859889,12.659462716334517,11.900134370215914,9.402276004669861,743.5080434916748,380.4101151450818,1715.771559574419,346.55628660893285,2855.5245219226904,487.7446326216359,-5.259448369707836,
22 Elderly Healthy Control/ANTONIO C/VI1ACNUTCOC40M230320171126.wav,ANTONIO C,0,134.80750291834377,209.2900082655391,85.8414303411533,0.024668572669184048,0.00018308027827845498,0.015734904012900158,0.010714340420824751,0.04720471203870047,0.05422468856444467,0.9482974103311669,0.028613497042205848,0.024698152214642704,0.044424365056344395,0.08584049112661754,0.032517106055650516,18.78169604242344,0.1740189223230007,0.059420340472115085,-2.5412099370412746,0.02821578504740938,2.4694170070812644,0.23141440338433536,8.160996868514513,-250.18892465400785,91.90107405641959,-23.79714066360096,73.09113347265814,-14.222324673047362,-5.446418228667093,-27.407001949044748,-4.1339929580125085,-7.73862262279611,-41.00072738069077,-26.062882526738925,-18.571641381171883,-10.400029690472415,58.594993571890754,12.05800274432443,14.241286636192553,18.741689340499295,11.160088627426035,8.314241565543508,12.53693217599173,5.81526592901092,8.801792217256095,6.149255648030681,5.3152577982708635,6.571032746197465,6.068611695758404,371.4858586431567,69.74810225119792,2256.291947434477,112.17620946352433,2854.9326793831897,1105.5108126815437,-1.212101869721068,
22 Elderly Healthy Control/ANTONIO C/D1ACNUTCOC40M230320171124.wav,ANTONIO C,0,127.85827876156986,154.88759909978185,117.07076575111009,0.013648706916445085,0.00010656789236287478,0.0052004909095413705,0.005550814223362401,0.01560147272862411,0.12860038240354293,1.200038474839113,0.05738299160090461,0.09214960466822647,0.14534090750561873,0.17214897480271385,0.014200610890011584,9.617132671448163,0.17233853545086406,0.04259758714005847,-2.9640638236599304,0.01763101198445804,0.2137545599863739,0.5974274311557485,1.0752548177442662,-388.96735358803767,72.02871534477059,-19.335265091889287,-9.438879465276125,-44.78961760676393,-2.7654469051290755,2.6482974084996176,1.7727838106215852,-12.244155646306876,-6.712238273561287,-4.392607633287076,-13.84623386910896,-4.999383534927991,176.59286727086533,59.01829991726104,31.85091403745456,19.98269099419215,44.70925023092547,6.251796056254108,9.465008728770451,6.630814179508651,12.083081523332531,6.223626886430227,5.241041066031843,13.085848336883291,4.721818476580108,935.1918204366102,326.38757943876317,1606.6799331879154,587.3556857238569,3052.479220521729,563.0985556376824,-4.21642974021354,
22 Elderly Healthy Control/ANTONIO C/VO1ACNUTCOC40M230320171127.wav,ANTONIO C,0,132.59916306351656,450.8291469871116,121.215794334422,0.01000708271883865,7.592406836503642e-05,0.005682404242541973,0.005336504399394973,0.017047212727625917,0.07985894008352488,1.0156581237726938,0.04055747391054016,0.04659532640315544,0.07491932938644197,0.12167242173162049,0.0017182369079079387,17.184703624491995,0.20849764625535774,0.02542061335994637,-1.897063390709776,0.06359302910172723,3.722050086105916,0.014158144307904304,11.336093803837326,-304.821084299591,133.72356528586997,16.0457414087895,7.213667795754323,-88.40628189455975,-36.36240411669113,-7.510445356431833,-7.469269069550964,-2.187610299313388,-2.3744485588411517,-20.13271538797091,-30.157036223309802,-4.184083309258099,63.64107406858972,13.632135176661416,11.720639295913967,13.18640002382961,24.081037673295167,7.9153450729688055,5.927047159750368,6.276401261496901,7.603622295966684,5.993815699954561,6.1157160491933915,5.269659489637755,7.561981541847109,580.0473639880561,200.09138659530151,904.7266945733354,105.48950799778434,3111.9778963530007,233.05006637107965,-4.226121772058504,
22 Elderly Healthy Control/ANTONIO C/VE1ACNUTCOC40M230320171126.wav,ANTONIO C,0,135.5590763489245,144.64930834142928,130.39058831497096,0.0036720877843161217,2.7086805245128103e-05,0.0017592901026512303,0.0020117553558829313,0.005277870307953691,0.06352290230645889,0.6014293729662609,0.025826014329579046,0.03361876666155617,0.07022470841165848,0.07747804298873714,0.04588732196712575,18.341705308635103,0.23257136597428274,0.04094096200140331,-4.0642656142604965,0.004188656734411304,2.860922974513687,0.7055008434191157,13.436939702168857,-244.58067537252364,112.69847331003994,-47.598067382898314,29.187473762556,-27.103407498748137,-18.1910608009043,-63.32366284886928,-6.337736701843037,-0.5699662287886147,-22.129920681129303,-13.002238598585992,-26.84832234952067,4.32501505903413,78.2542166156907,17.770369785218517,20.356270361277794,9.811636446910645,12.153973730873904,10.779887605567291,11.71191223559812,7.2515984181085065,9.146412152421098,7.457292529160518,5.447496088120776,6.228493607221951,4.847230550992276,559.1739049091678,177.73107968176723,1890.2754174962813,816.1305909586653,2575.899119188726,722.1738459691113,-3.4562200635708127,
22 Elderly Healthy Control/ANTONIO C/VI2ACNUTCOC40M230320171126.wav,ANTONIO C,0,133.51610110483466,141.39436974384827,129.8854551928881,0.0035674255783591166,2.6720741854238682e-05,0.0018614575378920468,0.0019757187165475912,0.00558437261367614,0.028315238916376276,0.3192116733235515,0.009968725740741442,0.014100479286626808,0.035553470198068246,0.029906177222224325,0.03902404092901312,23.645926182515772,0.18609930254401327,0.036660050382862554,-4.165561128473289,0.003246536665992349,2.877593864463326,0.6849521084667191,11.99768571077827,-265.07015866974245,80.9976352011994,-20.935042570598007,77.91022296600357,-5.930060042335218,-14.99631379617823,-29.470128259365744,-0.40161961161015614,-4.729438814424809,-41.33422435433905,-24.10433497030683,-17.097131773832807,-11.0025765156129,62.9365411271914,15.670564855142421,9.76287851147556,20.305258851528492,11.47847025100322,5.76704583067098,16.270165871880195,7.460481337067144,8.644503167024997,4.785736180364302,6.005283135064833,6.294151261948028,5.272167078471763,365.7719044664963,47.470162229832106,2243.0084317218266,207.13917255277673,2728.909856731549,850.7660563365891,-0.532717329062643,
22 Elderly Healthy Control/ANTONIO C/VU1ACNUTCOC40M230320171128.wav,ANTONIO C,0,131.46720642930975,398.79457042335633,81.0343533352398,0.0107367206655477,8.173497116464797e-05,0.0058277434355270595,0.0052317996216282945,0.01748323030658118,0.06900938775903662,0.8301607629588338,0.030978238053480933,0.03519145299872418,0.0696173878226666,0.0929347141604428,8.863382084824458e-05,21.244924841154457,0.16918448393255453,0.0304345899190044,-2.0548502605412775,0.07384731817865678,2.7552526327309965,0.024413012344321052,8.893912778018581,-330.58294949927205,142.27449821502213,46.92074459013781,21.247653378986413,-27.522455591877062,-32.295946823241906,-24.98465327792443,-19.525403912527374,-15.336476020766696,-12.030718378688512,-20.169592613815347,-20.430271581307064,-13.937000359560768,43.92026017621102,22.564032187301166,10.59508239066271,8.035778724592058,8.223980180769423,6.51118633327657,5.376912446133947,6.5198646821831945,6.191243348308699,5.998904432628232,5.379894243485425,4.3095665345539445,4.68241193359719,399.3708638395167,142.8682827407939,827.1751378733072,455.1777724399257,2651.529774585043,422.7900179894069,-9.093949091989481,
22 Elderly Healthy Control/ANTONIO C/VA1ACNUTCOC40M230320171125.wav,ANTONIO C,0,125.61894790187277,137.63558791302108,112.0457944902771,0.006508208662209339,5.18095144094396e-05,0.003582164451192939,0.0037263674338070805,0.010746493353578817,0.0824845872836559,0.9043863584066019,0.04250240428823691,0.05001827588369549,0.07200750216207935,0.12750721286471073,0.00903533763688507,14.253008702147186,0.15978046929938525,0.050249727148044536,-3.588030952765753,0.008226273710455522,3.618960886125664,0.3851920133468326,8.038735296777187,-254.93337152897223,115.83158228015293,-22.966415284484455,-19.507657026478277,-92.80060807391527,5.8101968024331105,-3.6266188223193905,5.113729219127594,-14.802918178438397,-14.642865541735715,-1.142256225099671,-24.21167175764927,-6.769471336312432,73.71646188438207,13.028031174863937,16.12712593253861,12.69162686236656,21.144376086524076,11.410117743553274,6.829305209238621,4.731557459292371,5.550565487077258,4.020694675408024,4.300745172093509,4.584500493045188,3.9668490330114667,802.6721957871014,146.1344425701436,1120.47614630233,196.0229694145647,3002.973454602945,225.44881987403053,-3.812136534931274,
22 Elderly Healthy Control/ANTONIO C/FB1ACNUTCOC40M230320171130.wav,ANTONIO C,0,145.683634987306,529.9822059466337,76.62565961878164,0.020073885905919155,0.00013833080215700202,0.008580831011633174,0.010118059857470975,0.025742493034899522,0.1204589381967298,1.139138009425206,0.04678717854629508,0.07383126160260799,0.14601656159910842,0.14036153563888523,0.07373511059547232,10.781968036052783,0.17012660732554483,0.08176979038878604,-1.6364200356908767,0.11412971088705609,0.74608700308603,0.11608428747712315,2.918227365574168,-295.6777533114694,94.38265267748343,-25.48078705374718,9.9879273740483,-18.729818189112166,-2.9915360899101797,-17.23724988461762,-5.30711952382781,-16.162389953960226,-18.73273974209934,-19.237513601836447,-20.031707228823947,-6.763339512421924,115.00148975199926,53.12268173615201,33.74422496679403,31.08574405560938,27.91476915532078,16.15057480848426,18.118648977877356,13.196092790426011,14.393222280983606,12.8897053335344,12.620650039824113,11.949985236717843,8.758559801589069,747.517475232374,393.3712603592975,1697.2995028195319,363.84841551884927,2795.029730191436,577.6438256187407,-5.776577459846915,
22 Elderly Healthy Control/SUMMO L/VA1LSUUIMGM48F230320171053.wav,SUMMO L,0,157.5053356913426,164.83960877078616,153.42771442083549,0.0027570596554481693,1.7502329855147556e-05,0.00147451715014995,0.0016283891889525572,0.0044235514504498506,0.04314376078109591,0.38813608700222113,0.020358976468657232,0.025535750028354565,0.042563427713444756,0.061076929405971696,0.004360601410742972,21.020110060469417,0.15554947395943788,0.036889502096061996,-4.51237387372882,0.0034281594907154558,2.9722682804585694,0.5010153170261158,17.66448918188976,-322.4783464377647,131.49392026443394,-16.601149883000755,-27.74545737441276,-44.221161991255514,-0.759227776285677,-13.422106714888812,-27.42533730270214,-22.512959389843886,1.9709713576623131,8.748049596109873,-7.1309987614649195,-13.062143353186853,91.3518371656564,21.03751446049406,19.757787524843557,10.292497637261949,17.395358965640792,11.883116548207921,7.562605718402769,5.861655415225659,4.919584833797006,5.5547339283224995,8.076087326943767,5.021419467423755,5.560214720231257,680.9202467709167,139.09111815523318,1398.348816374809,289.1548937312487,3113.584659691477,532.9331633933125,-5.149394567134619,
22 Elderly Healthy Control/SUMMO L/VI2LSUUIMGM48F230320171055.wav,SUMMO L,0,176.82621616767037,184.13591217416442,173.58601446606727,0.0013795987239940274,7.802007616383778e-06,0.0007154316317255244,0.0007644441147706221,0.0021462948951765735,0.01641431078987385,0.13427336000160853,0.006591084861410946,0.008371098616451416,0.014591808225670593,0.019773254584232836,0.001950989368424059,31.218229399801203,0.24570560185335016,0.0457604594418649,-4.641845256967702,0.0020602887964299584,1.6107186219653826,0.44544239132244173,13.344680388423967,-262.5600697851998,90.7527898810227,-3.129966804609795,52.66240502969557,-14.331772526860847,-4.481429804423183,-8.855944215152347,-3.511399512944184,-25.905946276792086,-30.425829927110854,-1.0117610893398565,-15.722323148793677,-27.939809039003535,50.35934590777535,14.86384427663039,9.226293142650102,15.283996157363768,6.829418284342939,12.762436863872939,8.64484682413418,6.70067516334263,8.452606498577518,5.598053042243457,6.208836693018722,8.57745257892534,5.5973853108040394,354.9395196739051,26.584761925811723,2251.904155255799,1530.0612187152663,2831.216975392386,473.4305711601865,-2.191633132507388,
22 Elderly Healthy Control/ANTONIO C/B2ACNUTCOC40M230320171123.wav,ANTONIO C,0,153.49335226226088,569.2527369236058,77.17814307544974,0.02142403118239194,0.00014042406611389794,0.009055555461696974,0.011018444642936095,0.027166666385090923,0.11727742036574045,1.1374968036686006,0.044824583048181176,0.06737492397446428,0.12593130463410984,0.13447374914454352,0.0633978095923998,11.006896978615522,0.1573090387470222,0.09672739838782973,-1.4291226321524884,0.1119380411974707,1.1916957757746918,0.2383865881830345,2.5331309743066655,-294.06032925132945,99.6352349000672,-31.483802265659353,14.249147699790393,-25.768533491703725,-7.072685813896956,-19.790670467768084,-2.0641532461509824,-14.31290717990488,-17.1088301366193,-17.87375159245384,-25.918120611984612,-11.142903357177483,110.86605204586583,58.623619161831726,36.44445440182379,34.65723411027254,30.821132076090247,16.454509116238654,20.305168129924564,14.460633539134637,14.112324892277242,12.767833519874058,12.228920546442422,12.250898467586932,9.605636177785794,735.1474042626312,374.5252176476017,1686.1182604174976,343.0747411055283,2828.083786467116,483.58867997597514,-5.621474747986395,
22 Elderly Healthy Control/SUMMO L/VU2LSUUIMGM48F230320171057.wav,SUMMO L,0,187.5047413039008,191.94291940347208,79.78523428264256,0.0034073225114342213,1.8158246135516975e-05,0.001948659861207084,0.001921658141307922,0.005845979583621252,0.02950558823313089,0.23837530425614425,0.014396095171889263,0.017113176829177353,0.025195904521542863,0.043188285515667786,0.00016878915263133886,24.361924024687287,0.1739194683315559,0.06313180821454513,-2.3691448849386822,0.028738840204426946,2.1095505768737945,0.024706753028147514,15.070857217157208,-300.1925522842393,135.53303064451913,6.405951861238483,2.362390406073336,-31.873368044273356,-18.9193613875672,-8.839694689449106,-11.31356330288917,-3.430807631645796,-3.1232875812368386,-10.80952325988382,-16.449582373815424,-15.238864771919088,54.714326265797666,28.47620841731733,6.816395115697306,10.408306345518765,9.272865945038602,7.157121312075991,5.87557449365437,4.569961871780895,3.8790470024256343,4.246221925151525,4.971281296783778,4.212237871499815,3.9853159753073477,516.5048340309985,437.9374043449394,1028.1995510033616,736.3054525097558,2872.0818885883828,773.2536039163974,-8.169294702931298,
22 Elderly Healthy Control/SUMMO L/B2LSUUIMGM48F230320171050.wav,SUMMO L,0,160.53124653659998,594.9237768736352,78.33124939195213,0.021991222529399623,0.0001381450253860262,0.009552198315865254,0.011454116900727724,0.02865659494759576,0.1303071189106409,1.1995089715898735,0.05116936794650786,0.0745750856326067,0.12245894300181487,0.15350810383952357,0.012114407436710701,12.503876593549299,0.1491834858729129,0.04573408029958326,-1.3980438333033565,0.12271977312911359,0.5089732167448505,0.12404480568733688,1.254306596163019,-343.90933990288227,99.85400204455264,10.07557321637748,7.7758370092214255,-21.07118375824226,-9.566349671370395,-31.917610409744224,-31.711016102393092,-19.217950042922876,-12.455433237385039,-9.916697365368975,-9.247233654162534,1.65060817866829,92.25109522205383,57.141741617815164,31.26441703108694,35.93600954598946,24.185700179243234,17.199869853438056,22.583178583217325,17.91278134923478,13.991968947517279,13.755594977247988,10.731660380222312,9.9968098083345,10.168136411045408,601.8225263126623,223.7260418945621,1709.0982448325065,485.3870186128374,2897.296327280275,850.7549549615954,-6.584195210361783,
22 Elderly Healthy Control/SUMMO L/VO1LSUUIMGM48F230320171056.wav,SUMMO L,0,172.39911574181184,568.695225282477,85.69360972797548,0.005105391157056459,2.9625303779456544e-05,0.003101012394840454,0.0025368489029621915,0.009303037184521362,0.0333649637573316,0.2870868140882502,0.015402397689062371,0.01899199463022205,0.03167092146037751,0.04620719306718711,0.0004066831072719781,25.624165225817805,0.14195894610494467,0.030278003677733197,-1.824593858165098,0.033974765204019465,3.344442097309077,0.0077615398010774505,17.602301913057566,-354.4386774968276,121.8754760787919,13.034818516844123,-8.328173932934122,-45.05682049064767,-24.589993548404525,-6.952389550022507,-19.971464321114315,-10.263986582578143,-10.168853519146877,-18.573452834247387,-11.065199209206462,-6.8377460052911285,59.08908706608186,19.790339374047246,15.807647906072605,6.661096858062895,12.849433211630037,7.9032331566546485,7.629907430158629,6.183031298609338,5.0432340418771355,3.768018881683491,3.8885335408595054,4.8862102616530265,4.165827557038413,529.4960629520116,284.4662254996869,938.0540586379806,305.4421779582593,3069.0589388765993,805.4167624652512,-5.99676546869913,
22 Elderly Healthy Control/SUMMO L/D1LSUUIMGM48F230320171051.wav,SUMMO L,0,156.9698979996026,240.6939800602763,100.48692847878061,0.020862893622733296,0.00013261758913010721,0.008535124893611624,0.007799564145702934,0.02560537468083487,0.12130744152439017,1.1369469841353173,0.05816460837092227,0.07680228750765868,0.10736095611313705,0.17449382511276681,0.047959243117981575,9.103202313933709,0.16336110667292814,-0.009922325715577468,-1.8783681650366717,0.07042935609907743,0.20741607375275545,0.4274171946908355,4.1414046003489915,-377.46827350649073,116.60674642568566,-22.964396047086783,-25.73939107114981,-31.663944533325974,2.1020361479109737,-13.313722771530376,-18.661872660676778,-11.376464455135281,-6.657929704779044,-2.2204196628912265,-4.638234885634364,-6.200307791661257,156.6825766131947,65.69249206995282,34.77179976932861,21.49471804459436,26.151528424659293,13.80165775647887,17.75718667114936,13.25559467762736,12.467329243120686,10.541995534234703,5.191966830091965,9.612775688413937,8.552884515373941,847.7796072832691,381.13309812819284,1585.7172210107155,512.546463857699,2681.504675943115,963.2983794585945,-6.917514627712476,
22 Elderly Healthy Control/SUMMO L/VA2LSUUIMGM48F230320171053.wav,SUMMO L,0,165.71589345731107,169.96794487589742,78.75546862722601,0.0032587130857830464,1.9657067405246368e-05,0.0019282110093594093,0.0017357382775128798,0.005784633028078228,0.05092910775897477,0.4533397881647369,0.018462903017279975,0.02499240272733944,0.06001638828880512,0.05538870905183993,0.006261030107196423,22.447740560215454,0.26318987744264855,0.06316489920415237,-2.8957559940229793,0.029823705678022686,2.5130598359593086,0.003925671029201491,19.956041770210348,-308.25840467822854,129.76244185682395,-38.4820950557466,-38.85335527544026,-46.68999671168451,10.967402500007188,3.016523396508708,-16.235864518012914,-24.802259751064636,4.743084641761679,4.41013359799138,-11.152277076956988,-3.813381282053143,63.49884139116345,14.322850989572942,19.994249288355288,8.794722819478608,8.660264119504458,7.865201935252291,5.533128809939882,5.902257997994632,6.670671424427736,10.242362486009677,4.925040432543888,7.536107675204288,5.101349391734111,721.0133197582725,124.91968714454123,1318.5598334882673,108.02158382001016,1960.8951363811238,1702.3496370940481,-4.927788074959821,
22 Elderly Healthy Control/SUMMO L/VE1LSUUIMGM48F230320171054.wav,SUMMO L,0,178.0567900748898,183.34783796415806,156.201244779521,0.0021889878306193085,1.229427612337408e-05,0.0011289908140299186,0.0011320864403646963,0.0033869724420897557,0.024111298308049207,0.24940699395613253,0.00943881965668026,0.01310146342243099,0.026785756789254468,0.02831645897004078,0.037151374352332546,26.04440805830204,0.14736200989730547,0.040418901809631605,-4.433814319624754,0.002720910919669103,3.333043629949892,0.47926740961487335,19.095289075895153,-348.4012240677663,90.49734680068552,-22.303161374314612,15.238814755852902,-7.621779754119939,-30.259144235811103,-39.20507331013966,-14.389220746867883,-9.775023694913672,-16.905087876939387,-3.92625970985369,-7.742981424388469,-6.590399705310916,77.85940116045808,13.034553295667676,14.672009469424355,17.255139264236366,17.486513567724874,9.196366358952107,12.32213446747018,6.3065960183312235,6.826657729041256,8.545476855886228,5.452730331872917,6.84545985141432,4.239100103623283,559.0947296281238,116.67044537274799,1985.0544066412435,326.43042540706006,2903.934787571545,189.0303878279847,-0.5276598059095116,
22 Elderly Healthy Control/SUMMO L/VI1LSUUIMGM48F230320171055.wav,SUMMO L,0,172.6336317452411,177.0886898913497,84.48558959268466,0.00456881876918153,2.6460073622631253e-05,0.0028303619917974727,0.0023160286160755447,0.008491085975392419,0.041914711230671205,0.29328597716443777,0.020657632134256088,0.02534029131537651,0.03498390440502952,0.06197289640276826,0.0024730865546376862,25.023117061753133,0.13902070545188272,0.06063919605071884,-3.4565291626356682,0.016875797681730847,2.914377982821422,0.07981311882603916,13.239936059502465,-308.5228083110112,79.37092407447084,-3.12112105082516,47.518848451914856,-9.601302687277876,-7.596027636097805,-11.133766361616669,3.164576254334907,-22.128824153409884,-31.99768411341438,4.431532469210878,-19.161590016489917,-33.665139520611504,56.23378828952299,16.999321467924638,7.855639229016808,11.206841976511603,10.431309795073128,14.113211737540038,7.24882789990185,7.550964896249801,6.762476423331928,6.639737108616381,5.084824881171932,5.653064624219927,4.580209217638828,355.71561275619626,42.50347224697655,2301.6232466889537,675.415808870393,2881.9656043451014,230.23489926625197,-2.7586529451175656,
22 Elderly Healthy Control/SUMMO L/D2LSUUIMGM48F230320171051.wav,SUMMO L,0,167.47186959953225,255.63250874752987,142.13869191595174,0.02166696919070458,0.0001290641341316592,0.008634165925299303,0.008559479271140646,0.025902497775897912,0.11324194233041991,1.1070342370345436,0.04981326304217867,0.07400227171357043,0.09852323289282272,0.149439789126536,0.04787128019097613,8.912767994356164,0.17977237588142836,0.02616578715357698,-1.9061998206932687,0.06697982011543424,0.30883001281786104,0.5392648416862833,4.99998401131413,-336.07220591227343,136.53983715000885,-37.05410352726625,-22.127510878717526,-32.94835985289355,-1.5802096623840867,-11.642709857807198,-22.92846892315677,-18.522404885043862,2.2473279084856244,-7.508167754562618,-10.644404505422123,-0.5191449268314026,141.15311345303644,53.299941086045536,31.892821922820488,21.603827482375983,22.27241746066002,15.088461403524512,15.494123840600304,11.975815773696791,12.90952207528542,15.89188767430528,8.120744399637928,10.6869594079979,12.938215263770884,817.4343896433256,351.4401952031364,1527.6675503204226,491.36091867351604,2586.0120982857393,1001.1466386146961,-6.752871628553206,
22 Elderly Healthy Control/SUMMO L/B1LSUUIMGM48F230320171049.wav,SUMMO L,0,161.09035403646578,542.6350442666028,78.54317914283747,0.018826136408960983,0.00011714719769089592,0.007462212770722294,0.009399171461893303,0.022386638312166883,0.1150578837045477,1.066281208734758,0.04392826375672405,0.06474736782192692,0.11212526717940231,0.13178479127017215,0.02003552776106495,13.594461062514691,0.12383538829836131,0.03753177473966006,-1.4136428045938456,0.07899871122478855,0.4465555951710041,0.2728243640628001,3.0633789694372524,-364.8172774085965,95.29419258172675,1.0860184439057163,12.141526843964686,-12.819634519490124,-13.233341299731222,-31.10888362057539,-19.033520708457374,-22.896330722215335,-19.931895985204537,-3.0934794055932335,-8.346240776092548,-9.490730116106583,98.50984669949447,59.32592150340653,34.629597120571034,36.920210898457874,23.996082474113443,18.510544073722723,23.385593985596977,15.139461168718045,14.785386101213543,15.005165406044457,10.607845726284822,10.181318117080888,11.262878139480305,634.5071940759241,271.5961046303519,1734.990544042143,478.13481715065006,2831.7069350194006,617.884473516038,-6.337935761184257,
22 Elderly Healthy Control/SUMMO L/VE2LSUUIMGM48F230320171054.wav,SUMMO L,0,170.74022602740945,175.0487925080025,168.04729081159948,0.0034783748942016717,2.0371256095371704e-05,0.0020802399566078114,0.001835259210053052,0.006240719869823434,0.024247030755169506,0.2100516001203069,0.0106463236599738,0.013175736258131853,0.02328536034484087,0.031938970979921405,0.009808245429076759,24.476283282743296,0.21557789425174517,0.07293307470450246,-4.801135611008942,0.0018397827250300708,2.236217434616016,0.6381279636994232,19.503818324332094,-245.10510486879573,123.4735629454216,-33.09207389290676,18.467164029195718,-32.78265812441,-18.355735153771164,-46.33317451618009,-17.772475816029893,-4.743036969168054,-20.92030889198928,-3.229016311559786,1.304263084485364,-14.119280438342413,70.97599250579593,15.751846666982269,13.842967029351344,9.98123442711082,11.555286149281757,6.956414703473767,10.567727353101926,8.464960821733527,5.643841130785193,7.304899819286143,5.401100434567866,4.300305217550716,5.140927099851646,644.7579069183303,103.12914156064801,1899.3698336365217,602.8087521375704,2826.347035885316,353.2366743922182,-3.583967443162432,
22 Elderly Healthy Control/SUMMO L/VU1LSUUIMGM48F230320171057.wav,SUMMO L,0,182.44451130939422,190.6854627014067,175.66111455465133,0.00372271064212155,2.0402981808235663e-05,0.0022146942275520533,0.002115407736217897,0.00664408268265616,0.02011239950896259,0.24572501430046806,0.008711600737763453,0.010845458431458814,0.018187231938438863,0.026134802213290356,6.22408559603831e-05,30.396470250128452,0.1188857840766639,0.030274912496105404,-4.493261464815086,0.0023089408807521116,2.868953094268137,0.40720153157087546,14.568501058231515,-363.15880724292737,114.93194861276871,24.882295399132694,-5.700188890711877,-22.78323597785103,-15.719468586400346,-8.002661893210936,-12.610908977862776,-10.168982098089618,-8.638027478727656,-13.611933643791273,-14.035033188779792,-13.425097632256103,44.60111054406555,22.54824035351456,5.7053931016965125,6.7417493053311786,10.997143485431158,4.522108308667703,4.331723596274716,4.745226071859709,5.054735883280633,5.161364263624408,3.615032254705662,4.141585125578061,4.358903122361703,491.73552640562383,310.3513151195556,1055.3588793986262,693.8782324479647,2932.2416718948202,887.5305809008732,-7.005341824941819,
22 Elderly Healthy Control/SUMMO L/VO2LSUUIMGM48F230320171056.wav,SUMMO L,0,174.4794314672477,179.69929197612606,164.11158812470532,0.0027503087479678274,1.5761903635070396e-05,0.0016005355587073464,0.0013880476706744527,0.004801606676122039,0.03368346119038015,0.2943364280665265,0.014416066791170079,0.017848261041052204,0.03296126941466599,0.04324820037351024,0.0006331721395711163,25.426669595791264,0.31739899946812816,0.03632817050836787,-4.356320896252494,0.0019007077468636475,2.361409780264368,0.714314363197309,16.872746810595846,-298.72188381718297,150.3328264735462,9.010853280247673,-8.336548005007385,-63.5429079085579,-21.484499329918513,3.8001094827769926,-14.751151952533672,-8.439867794346789,-8.037115765449462,-15.659951429167076,-4.705364529541135,-7.818975364393495,68.03907809070847,19.084444251647795,12.382973359776543,10.441614944086618,16.160495117117787,10.956271300337413,11.212296395237965,5.1676524945284825,7.41784610718799,5.80581210844324,4.887501287637074,8.40290806950039,4.018335235309575,631.3986205518961,187.0166059583317,987.3411510773958,121.04214349594852,3256.0762231612757,602.0507735518846,-5.659972099649372,
22 Elderly Healthy Control/SUMMO L/FB1LSUUIMGM48F230320171059.wav,SUMMO L,0,177.1523288546526,277.3555211392373,92.68126400060706,0.01923546253396742,0.00010864807394773199,0.008699749613533323,0.010576486566421489,0.02609924884059997,0.1202915733376245,1.1568887038352542,0.04767159759002885,0.07522857702074705,0.13634719327609976,0.14301479277008655,0.1115736485430163,11.492486665639543,0.2164855104708246,0.06290938759002163,-1.6858519025862193,0.045178758734699766,0.4450563561814172,0.36723933317290886,2.2830444750673493,-312.0502486083622,107.21743625643688,-24.97225385049655,9.452258626703875,-25.295721357482265,4.8496105912733265,-24.38333943440728,-28.072272082181218,-16.114813668563308,-14.136311882793416,-17.327654587284737,-14.301805765400305,-5.731967473150509,125.65215571435338,51.491115927366295,37.14212730215829,35.4812171819791,27.38166059044071,15.487946946530991,23.271218477241465,16.796694545953,12.962214850393986,15.812153215513009,12.927795270427836,10.535863921007339,10.31717835125804,687.1810117292167,337.25472973228165,1708.800586358154,426.91112472739843,2824.5526482129007,784.1799835885035,-5.051715416281662,
22 Elderly Healthy Control/SUMMO L/PR1LSUUIMGM48F230320171058.wav,SUMMO L,0,164.8525036881811,583.1094272757034,79.61464560432344,0.017211227601089507,0.00010480543087554086,0.008400463960874436,0.009581572506311793,0.025201391882623308,0.1034406623730559,1.0561055118376532,0.03803840943555673,0.06020100448229184,0.10977464621663593,0.1141152283066702,0.014598650613429161,13.861534328899944,0.26656090116481845,0.040097876288852,-1.9565369102599675,0.09122398046970025,0.8821048929258852,0.08728795978390477,2.7841476323454337,-273.4075896900279,110.80903528262503,-10.974469293381537,18.15164224852882,-15.652195347280205,-5.563999472942932,-26.388479139609494,-32.534485908743264,-21.586895026126935,-25.723693220382255,-15.863814013978923,1.8684964341426484,2.7052655986765615,89.82121472398103,52.62243226069244,36.081378193199136,40.704614944264215,27.127831981341533,17.540584966491224,21.9911894741716,14.806581970636104,14.972971278621928,17.264870450629534,10.548176602216763,9.07996969393146,11.062148091098125,587.7697574085073,202.29777547523716,1666.8821320948882,385.57832106870796,2690.211242958216,854.5147694314718,-5.1895147150303185,
