MDVP:Fo(Hz),MDVP:Fhi(Hz),MDVP:Flo(Hz),MDVP:Jitter(%),MDVP:Jitter(Abs),MDVP:RAP,MDVP:PPQ,MDVP:Shimmer,MDVP:Shimmer(dB),Shimmer:APQ3,Shimmer:APQ5,MDVP:APQ,NHR,HNR,RPDE,DFA,spread1,spread2,D2,PPE,CPP,MFCC_1_mean,MFCC_2_mean,MFCC_3_mean,MFCC_4_mean,MFCC_5_mean,MFCC_6_mean,MFCC_7_mean,MFCC_8_mean,MFCC_9_mean,MFCC_10_mean,MFCC_11_mean,MFCC_12_mean,MFCC_13_mean,MFCC_1_std,MFCC_2_std,MFCC_3_std,MFCC_4_std,MFCC_5_std,MFCC_6_std,MFCC_7_std,MFCC_8_std,MFCC_9_std,MFCC_10_std,MFCC_11_std,MFCC_12_std,MFCC_13_std,F1_mean,F1_bw,F2_mean,F2_bw,F3_mean,F3_bw,spectral_tilt,status
-0.21679384,-0.009525075,0.00456466,0.0010383058,0.01934782,0.0049310904,-0.0571006,-0.0821201,-0.10403334,-1.1184955,-1.069095,-0.39322817,-0.3007403,-1.2235785,0.1399146,0.72378266,0.015183821,0.08932809,0.18314362,-0.0062052803,0.09128787,0.061706867,-0.04545669,-0.1807417,-0.03559918,-0.29986402,0.08811684,-0.58346975,0.09763662,0.20383926,0.15654376,0.24999595,-0.069595255,0.0237894,-0.61824,-0.25559118,-0.00015088043,-0.14276227,-0.011557629,-0.045420654,-0.0029137796,-0.08332812,0.0024258893,-0.015171681,-0.031047156,-0.011088541,-0.046596505,-0.00650691,-0.069327265,-0.002735693,-0.055759914,-0.006386299,0.0010396999,-0.4667026,0
-0.20207359,-0.0010791654,-0.008978347,-0.0028740894,-0.0016775327,0.001007806,-0.038194105,-0.068989985,-0.084626205,-0.6099181,-0.80732566,-0.2897832,-0.3397595,-1.0139611,-0.124060616,0.7317246,0.05364337,0.061895058,-0.8225259,-0.011088479,-0.19990414,0.040045097,-0.0065579913,0.13904718,-0.006828902,0.2400674,0.1274584,0.9909287,0.08669614,0.7193573,0.18201764,0.40879336,0.17822576,0.018758934,-0.69869256,-0.27290034,0.056027878,-0.12597337,-0.014987279,-0.049201682,-0.0049344217,-0.06382384,0.0020746326,-0.019416302,-0.021209113,-0.021212917,-0.05205586,7.555913e-05,-0.06519573,-0.006027525,-0.04415956,-0.016032811,-0.0054661636,-0.51394725,0
0.32954982,-0.0011117659,-0.00076957874,0.0011267689,-0.0010498881,0.004702585,-0.060714915,-0.08083022,-0.09363152,-1.0955399,-1.1186923,-0.3265887,-0.34326768,-1.1768594,-0.12810862,0.38827088,0.06665519,0.0635312,0.19343178,0.021142311,-0.21398364,0.015229562,-0.022192763,0.09215399,-0.015674917,-0.122513585,0.08067784,0.05774076,0.0896471,0.8075582,0.15730579,0.41638398,0.15986004,0.019957114,-0.6125157,-0.27425966,-0.066119164,-0.14734009,-0.007999789,-0.05404089,-0.0032464066,-0.04614014,0.0015626948,-0.017542867,-0.033966687,-0.023199104,-0.13975154,0.008664725,-0.06617275,-0.0010586471,-0.046219237,-0.0057867724,-0.004558575,-0.51074064,0
-0.20627008,-0.004949413,-0.00038973137,0.0005574151,0.011281892,0.0015748236,-0.054064684,-0.07979979,-0.097508855,-0.9963466,-1.0256252,-0.3089328,-0.32650813,-1.151048,-0.12560865,0.75649726,0.06039607,0.053678006,0.20795077,-0.0062887864,-0.23449568,-0.1024869,-0.016827226,0.1521256,-0.011052821,0.12232478,0.10211006,0.62984526,0.094219685,0.76159227,0.19930905,0.4342883,0.112774014,0.01861869,-0.6753216,-0.27240318,-0.044945903,-0.1403086,-0.012997095,-0.056609828,-0.009676592,-0.07143681,0.0013230488,-0.020900551,-0.020990772,-0.015900139,-0.14551573,0.0014098398,-0.0616345,-0.005889975,-0.044437386,-0.013106939,-0.0051830444,-0.49858224,0
-0.20760086,0.012241874,0.015425876,0.005166278,0.019985415,0.0014570674,-0.05341573,-0.072856404,-0.09775261,-0.97808796,-1.004413,-0.38767502,-0.28659332,-1.1491712,0.11562045,0.810375,-0.03774386,-0.010058659,0.18229869,0.017606288,0.28834352,0.06928253,-0.046529274,-0.18105838,-0.027466659,-0.29251215,0.09234583,-0.58803105,0.10317017,0.010943522,0.16884708,0.277026,-0.06575297,0.023568014,-0.6314697,-0.24701686,0.03280355,-0.13304946,-0.011759367,-0.042216513,-0.004392835,-0.080258474,-0.0014177791,-0.01554032,-0.015214175,0.01014835,0.10192001,0.0017196424,-0.06653202,-0.0077744434,-0.048321642,-0.004466539,0.0047761183,-0.4677008,0
-0.20349133,0.006815802,0.0030993712,0.0010383058,0.019808944,0.005044943,-0.051862404,-0.08131034,-0.08697857,-1.0579739,-1.0157615,-0.3785465,-0.29583907,-1.1551148,0.011245722,0.833873,-0.036612734,0.0391351,0.19124365,0.017625231,0.39072445,0.014227735,-0.046774715,-0.16923437,-0.033701003,-0.29848552,0.08552769,-0.6152828,0.10022333,0.24494274,0.16700311,0.3948985,-0.069514304,0.024008034,-0.6118512,-0.26853198,-0.06234219,-0.13077733,-0.016075019,-0.04917114,-0.004671826,-0.07954992,0.0055676084,-0.016591636,-0.032235663,-0.021888541,-0.09653658,-0.010325683,-0.06235669,-0.0056861946,-0.04862869,-0.0057764566,-0.0019865185,-0.499594,0
0.32690266,-0.0042858426,0.004313391,0.001239228,0.0026256186,0.00607308,-0.0464644,-0.09118449,-0.11384767,-1.1592596,-1.1689469,-0.3609091,-0.2855961,-1.2104081,-0.070915274,0.31016424,0.09481494,0.078393035,0.18470164,0.00225973,-0.162715,0.045339435,-0.047758903,-0.16305181,-0.032762934,-0.043889765,0.08278945,-0.43159524,0.08456111,0.28353798,0.16998997,0.4512096,0.20387551,0.023072382,-0.59901935,-0.27732155,-0.060076736,-0.14918698,0.0037544759,-0.047049962,0.0022629213,-0.069327876,0.0009301358,-0.012950408,0.0530795,-0.020902056,-0.11794451,-0.007237496,-0.06850742,0.01359558,-0.051567025,-0.008883337,0.0019253019,-0.3191467,0
0.31316453,0.002450396,0.010672374,0.001239228,-0.001190413,0.0064002303,-0.055494513,-0.08195638,-0.10943285,-1.1675332,-1.1624273,-0.32815275,-0.2754419,-1.1981689,-0.13521856,0.3449088,0.08075027,0.07020102,0.2029865,-0.005995389,-0.20939331,0.03760349,-0.04884224,0.028381743,-0.008578927,0.16381097,0.095614284,0.0065411134,0.0889107,0.4456264,0.16948202,0.46008155,0.2099241,0.023329252,-0.58318883,-0.26223424,-0.002913203,-0.14940043,0.0024663152,-0.03571625,-0.002530438,-0.064435944,0.0033515103,-0.015373056,0.008002705,-0.022381926,-0.13426018,-0.0065884762,-0.043426808,0.01791959,-0.051567025,-0.0105649745,0.0026880237,-0.23558484,0
0.31578484,-0.0069434443,-0.0696348,0.001239228,0.004124388,0.0014364258,-0.03744166,-0.06650374,-0.0997387,-1.046656,-1.0059626,-0.35822606,-0.31607097,-1.1392802,-0.13276348,0.44745252,-0.00012444938,0.04787615,0.0510001,0.002545088,0.2983174,0.008167742,-0.026424507,-0.21269764,-0.030489394,-0.2905925,0.08257139,-0.46537217,0.048311166,0.38903883,0.1521991,0.3872491,0.12783186,0.01949641,-0.6265931,-0.29069737,0.06279712,-0.13355938,-0.010983342,-0.050631065,0.0043486077,-0.07325176,0.0051446976,-0.01226977,-0.034500476,-0.022715311,-0.062244765,-0.0037171415,-0.06840896,3.0612457e-05,-0.042533413,-0.010500531,0.0080403695,-0.53379756,0
0.3292355,-0.005603655,0.0015352895,0.001239228,0.0019402527,0.006088934,-0.044236388,-0.087320864,-0.09886899,-1.1524405,-1.1370537,-0.3382725,-0.34594083,-1.1533738,-0.061019342,0.359138,0.07764903,0.076681435,0.17685385,-0.011725463,-0.18793847,0.040546488,-0.04650533,-0.16668184,-0.022539089,-0.14915565,0.07575975,-0.37146223,0.08701436,0.87490815,0.15784809,0.44334978,0.1910964,0.01985592,-0.57068247,-0.2807705,-0.074916035,-0.138323,0.0037681663,-0.047584284,-0.013312785,-0.05150837,0.0003119532,-0.014810628,-0.028276049,0.010492876,-0.12491788,0.0048973593,-0.071340546,0.009126872,-0.049406275,-0.0105050225,-0.0017210426,-0.2989369,0
0.37544602,-0.00077332114,0.008902984,0.001239228,0.0040213475,0.0046509085,-0.020787371,-0.06253881,-0.09438361,-0.8427861,-0.9079618,-0.37424147,-0.2856311,-1.1024289,-0.07373107,0.12117047,0.10108097,0.060756616,-0.668179,0.014947271,0.2942381,0.056573685,-0.024860857,-0.19645454,-0.03099631,-0.25271118,0.09533301,-0.5749342,0.044668123,0.24611445,0.15252164,0.29943696,-0.019865774,0.02102829,-0.654652,-0.27793282,0.062178236,-0.12207092,-0.0005842439,-0.0359552,-0.0017317361,-0.07304766,0.005181284,-0.009122445,-0.013576696,-0.015957685,0.12747356,-0.0059803724,-0.07152766,0.005971915,-0.048402153,-0.0137444865,0.0038960315,-0.48666006,0
0.3867629,-0.001444356,0.04486624,0.010662668,0.0040213475,0.004809004,0.00830369,-0.06259261,-0.09414692,-0.81126857,-0.87931675,-0.37904167,-0.2935179,-1.0817614,-0.14112781,0.056899585,0.09853023,0.052993167,-0.67284876,-0.004841703,0.3085557,0.051019575,-0.0231667,-0.22044207,-0.03046283,-0.2751044,0.09226431,-0.5354391,0.044953957,0.34207872,0.15528351,0.2647484,0.029127315,0.015015734,-0.63571244,-0.27800474,0.05776276,-0.105202116,-0.01774504,-0.03375775,-0.0017317361,-0.07280146,0.005181284,-0.0056164963,-0.007369377,-0.018592754,0.21948165,-0.0059803724,-0.06556025,0.00414721,-0.04290482,-0.015157786,0.006537458,-0.513742,0
-0.20534252,-0.00982595,0.0064699166,0.0065270765,0.0029888747,0.0015038289,-0.06454963,-0.07005277,-0.115112424,-1.0662693,-1.0954167,-0.39283207,-0.24457571,-1.1791339,0.12141556,0.7704304,0.010833232,0.08591066,0.17712353,-0.005126496,0.40137026,0.10079978,-0.02628663,-0.12939307,-0.031804547,-0.20172828,0.103219345,-0.63993734,0.049846705,-0.08263484,0.16984922,0.22652896,-0.069898784,0.02974499,-0.5597571,-0.24192262,0.036006536,-0.11494403,-0.008806657,-0.036598187,-0.0034485827,-0.07701729,0.0054625063,-0.015773999,-0.013568403,-0.015764246,0.22697952,0.017341051,-0.06806234,0.012628402,-0.053092137,-0.008904763,-0.0012143946,-0.34526014,0
-0.2119357,-0.004120547,0.004616354,-0.0023931987,-0.00069779874,0.0013450356,-0.0702126,-0.077044845,-0.09798979,-1.1589167,-1.1501242,-0.3542062,-0.2974587,-1.1954521,0.018217646,0.723384,0.07899891,0.08531889,0.17356491,-0.004987878,0.3940648,0.038170025,-0.0480285,0.022138441,-0.03964314,-0.08984091,0.10794843,-0.5495815,0.056805123,0.30091152,0.14885035,0.40296358,-0.044505835,0.024738418,-0.5762228,-0.26330274,0.030324588,-0.10712209,-0.016848225,-0.04331858,-0.0030617095,-0.05519105,0.0026302242,-0.016931014,-0.011775626,0.013201311,0.22985402,-0.009014441,-0.06600424,0.00013289822,-0.052075863,-0.012622874,-0.0029596468,-0.49368027,0
-0.21955298,-0.003060222,0.0140437735,0.0048443996,0.0034385445,0.0021436315,-0.029923465,-0.029210968,-0.066937655,0.014768316,0.035060693,-0.37538415,-0.16966076,-1.1030376,0.12902732,0.9459059,0.019932827,0.100925185,-1.1044627,-0.0047223456,0.3861879,0.10211018,-0.023759054,-0.24899544,-0.042973086,-0.20634006,0.119122274,-0.3600217,0.07657546,0.2786275,0.18947151,0.20658495,-0.035655107,0.02815389,-0.672332,-0.25755906,0.057731666,-0.13391533,-0.013081236,-0.047106814,-0.015081592,-0.08471492,-0.0019809084,-0.014931656,0.10935185,0.015578549,0.13420656,0.0031490198,-0.07657656,0.0050131027,-0.056326058,-0.012409171,0.006016543,-0.25837547,0
-0.20676707,-0.009520779,0.00525344,0.00543987,0.0028701592,0.0013450356,-0.052659623,-0.082146764,-0.11328436,-1.0666137,-1.1028295,-0.388378,-0.26063496,-1.1947848,0.015589347,0.7316176,0.08016881,0.08740164,0.17917979,-0.012135178,0.4632472,0.092836834,-0.03216755,-0.17019704,-0.031647515,-0.20211005,0.106900126,-0.63240343,0.049509212,-0.074181795,0.1433253,0.31743607,-0.07209048,0.025038058,-0.5778804,-0.24044816,0.03743039,-0.112477146,-0.0026431652,-0.036942866,-0.0034485827,-0.071452096,0.0054965997,-0.01599211,-0.013876475,-0.00954744,0.22874004,0.0045281337,-0.06924678,0.015833894,-0.05262474,-0.00863372,9.176228e-05,-0.3884207,0
-0.23896672,-0.0030116457,0.015771642,0.0003256899,0.0053214715,0.0055169077,-0.028385451,-0.036228746,-0.07772814,-0.0034870042,0.020173678,-0.3970344,-0.2691217,-1.1345096,0.13366352,0.5893245,0.018422434,0.12778397,-1.087548,-0.0067696488,0.39942172,0.108885944,-0.02231722,-0.26500383,-0.03913366,-0.23131485,0.13924283,-0.37517494,0.06581881,0.2609014,0.18941557,0.20412667,-0.018206526,0.028145162,-0.710761,-0.27903354,0.056894902,-0.14343265,-0.009962436,-0.048391882,-0.017090077,-0.09046402,-0.0019809084,-0.0166351,0.104934536,-0.01912037,-0.052738063,0.007971545,-0.085835055,0.01840951,-0.05376758,-0.012409171,0.0055959322,-0.3552338,0
-0.23817675,0.0022162832,0.015955469,0.0048443996,0.0045857774,0.0059842076,-0.025852485,-0.02936767,-0.067567065,0.019495444,0.15212657,-0.37459165,-0.24481925,-1.0512319,0.077217974,0.6516149,-0.057194047,0.011970531,-1.1205506,0.012548443,0.28333247,0.1001333,-0.042045653,-0.1829502,-0.039713234,-0.19124846,0.11429481,-0.33670202,0.12102023,0.4236766,0.20341422,0.28540164,-0.041007273,0.027188582,-0.7023569,-0.27363083,0.060122114,-0.14723396,-0.0137917325,-0.053795375,-0.020593788,-0.08338662,0.004882619,-0.016850993,0.107278466,-0.021348333,-0.06966373,-0.0015265446,-0.07794365,-0.00075539085,-0.04832439,-0.014066682,0.004610123,-0.44334853,0
-0.21405819,-0.0061833435,0.004562058,0.0017309719,-0.001190413,0.0042006145,-0.058266252,-0.082534015,-0.104962684,-1.1460665,-1.115964,-0.34563607,-0.16008998,-1.1824323,-0.061322413,0.7735936,0.07889363,0.0593724,0.18697752,-0.00815906,-0.19898495,0.04027425,-0.044131357,0.12359686,-0.02954677,-0.07179498,0.093166485,0.13336553,0.09703759,0.40453786,0.18423608,0.43827954,-0.045646086,0.027597072,-0.6249534,-0.25837907,0.00202583,-0.15453902,-0.0071293735,-0.058323756,-0.0065818196,-0.07419884,0.0012108115,-0.022105664,0.027729671,-0.012205124,-0.141355,-0.009061886,-0.065115176,0.018969199,-0.052438736,-0.012622874,0.002335431,0.00324839,0
0.31935537,-0.0016566669,0.0050302017,0.0026873602,-0.0012063177,0.00607308,-0.04530188,-0.08669967,-0.100569546,-1.1614238,-1.1523839,-0.33375144,-0.007943586,-1.1633095,0.11533845,0.42815197,0.07183947,0.07463455,0.1692133,-0.010598287,-0.19949855,0.04859173,-0.044793863,-0.004921862,-0.023117146,-0.17126928,0.08140661,-0.30302575,0.09234056,0.920191,0.17184345,0.4400246,0.003475839,0.027474748,-0.6008117,-0.27528125,-0.07547147,-0.15608028,0.006275554,-0.05917989,-0.013180965,-0.07103786,0.0005912572,-0.013688915,0.03906641,-0.021168716,-0.12619509,0.004747615,-0.060990583,0.0045065074,-0.057305645,-0.011063555,-0.0018418607,-0.07708374,0
-0.21496937,-0.006765259,0.007407155,0.0021255119,-0.00052095175,0.00557111,-0.057195187,-0.09243218,-0.113334574,-1.1578737,-1.1575727,-0.36166742,-0.16789624,-1.1934443,0.13868345,0.76617914,0.0808184,0.06986132,0.16898805,-0.00815906,-0.18998203,0.04394047,-0.045499433,0.09579342,-0.031399935,-0.18175584,0.08331428,-0.32877928,0.100778736,0.31977698,0.19224979,0.42684177,-0.049269147,0.02736873,-0.6234715,-0.25767827,0.00018723716,-0.15493241,-0.0011852364,-0.06467146,-0.0065818196,-0.093792565,0.0012108115,-0.017327067,0.07911734,-0.010498922,-0.122922644,-0.009176001,-0.05568328,0.01767543,-0.06069311,-0.012622874,0.0022103568,-0.0051060533,0
-0.20084839,-0.0010791654,-0.005306091,-0.0029634936,-0.0016775327,0.001007806,-0.021846754,-0.06977803,-0.07848179,-0.5796551,-0.75750947,-0.28674704,-0.32674882,-0.9798408,-0.12568812,0.79531544,0.055822305,0.06380868,-0.8223389,-0.004625974,-0.23667748,0.060117967,-0.0063800025,0.13655452,-0.0062541235,0.24056254,0.14953148,0.96360844,0.08885512,0.7113719,0.18385594,0.42127436,0.2597203,0.01871948,-0.662339,-0.050880034,0.053286586,-0.12906682,-0.014502086,-0.03991585,-0.011795647,-0.06001678,0.00083661464,-0.021263491,-0.022384742,-0.0129347155,-0.14586984,0.004444058,-0.061791975,-0.006027525,-0.043893155,-0.015807524,-0.0054661636,-0.49579087,0
-0.20779862,-0.004472813,-0.008279429,-0.0029634936,-0.001990649,0.001007806,-0.033902533,-0.06103053,-0.07275756,-0.77122647,-0.86746544,-0.30952108,-0.32343352,-1.0543958,-0.1318481,0.7334171,0.07643099,0.070872985,-0.80244917,-0.0032610733,-0.17591465,0.04329183,-0.04416463,0.13635895,-0.009902934,0.15170665,0.10876068,0.21298026,0.09159265,0.7342432,0.1725974,0.40227282,0.21958575,0.01901797,-0.59920627,-0.09356544,0.05503358,-0.11966604,-0.016446276,-0.043469932,-0.009285785,-0.067633644,0.00083661464,-0.021263491,0.0053265668,0.018860763,-0.0858628,-0.0057071075,-0.062713,-0.0049454183,-0.044791788,-0.015596276,0.0052246065,-0.51161045,0
-0.2122617,-0.0039654933,0.002851172,0.0005879755,-0.00097516,6.011466e-05,-0.05557835,-0.09069144,-0.11028888,-1.129688,-1.1217145,-0.3553324,-0.316167,-1.1444014,-0.07368788,0.7535457,0.076340124,0.065919004,-0.01704214,-0.0032578285,0.0976263,-0.012042729,-0.05004066,0.09157809,-0.029719401,-0.07966556,0.09244711,-0.43503553,0.0951451,0.40448093,0.17942567,0.40854895,0.18362585,0.021128414,-0.5125715,0.072347194,0.058574382,-0.1234171,-0.020212583,-0.055740766,-0.006964752,-0.071823396,0.00080775376,-0.02047558,0.023425352,0.017750017,-0.028978761,-0.009065539,-0.05175281,0.0042508915,-0.04731998,-0.012753273,0.0046898667,-0.4958173,0
-0.11307315,-0.010941224,0.07072577,0.0010383058,0.0026374473,0.0024852045,-0.05081339,-0.09134705,-0.1053751,-1.1702319,-1.1396482,-0.3800471,-0.30021954,-1.2373774,0.122648224,0.62172276,0.09125613,0.07742635,0.17961363,0.0020886897,-0.17110753,0.060008097,-0.051495597,-0.17519635,-0.031659424,-0.18032956,0.083162144,-0.45560792,0.08887398,0.24301012,0.18060976,0.39378786,-0.0027758894,0.026861375,-0.6035451,-0.27877155,0.03812619,-0.15777507,0.0042678653,-0.04968167,-0.00039248494,-0.09181824,0.0010387949,-0.016428938,-0.015446359,-0.016122596,-0.12709148,-0.009466661,-0.076110944,0.0034998902,-0.058046635,-0.010378095,0.0010938474,-0.43188754,0
0.3314949,-0.0064526084,0.076540396,0.001239228,0.0021832392,0.00607308,-0.05072259,-0.08857456,-0.09902833,-1.1511743,-1.1134334,-0.35010794,-0.35085756,-1.2210267,-0.07346649,0.332778,0.07824005,0.07544149,0.17921685,-0.00603424,-0.1929223,0.035115715,-0.047344267,-0.17055315,-0.022339588,-0.17682435,0.07265171,-0.3635119,0.086661965,0.74534994,0.1542694,0.4088861,0.1546892,0.019183716,-0.62956697,-0.28310007,0.06471508,-0.1476477,9.446859e-05,-0.046292257,-0.012616118,-0.07013906,0.0003119532,-0.0126972785,-0.028542291,-0.02243189,-0.12589543,0.007945554,-0.07653174,-0.001874142,-0.046838656,-0.010532104,-0.0046836496,-0.50112444,0
-0.15980431,-0.01187231,0.07072577,0.0010383058,0.0026374473,0.0024852045,-0.051224396,-0.09141596,-0.11452709,-1.1504172,-1.1125337,-0.37896165,-0.30520964,-1.2480835,0.08544884,0.6609508,0.09053405,0.078370355,0.17978555,-0.008695333,-0.1580439,0.056603123,-0.051495597,-0.19743772,-0.028229598,-0.18428668,0.08012885,-0.4772159,0.088353366,0.22713876,0.180282,0.39284268,0.09995347,0.024658138,-0.62708604,-0.27168852,0.066577256,-0.15321217,0.0040288954,-0.047996685,-0.0046925317,-0.088011146,0.0010387949,-0.016428938,-0.013006289,-0.01638224,-0.12709148,-0.009626383,-0.069882676,-0.00093942194,-0.057687644,-0.010461954,0.0010938474,-0.44988158,0
-0.21757099,-0.0084891,0.0036595208,0.00067737966,0.0021714105,0.0024852045,-0.05472938,-0.08892627,-0.110850886,-1.1760648,-1.126356,-0.37837434,-0.32384926,-1.2215669,-0.07937446,0.6523514,0.08454484,0.08395764,0.19771014,-0.004976702,-0.10215617,0.040074416,-0.05119728,-0.17016461,-0.03829753,-0.19998956,0.073988706,-0.5403129,0.09077535,0.34430313,0.18257937,0.4058881,0.20262256,0.022857564,-0.5318823,-0.27534544,0.060778268,-0.13094684,-0.0175892,-0.05275287,-0.005996614,-0.07756814,0.0010387949,-0.019476108,-0.013969634,0.020324845,-0.071649835,-0.0007025022,-0.0669372,-0.00086806295,-0.050492525,-0.008833019,0.0048048664,-0.46943223,0
-0.21750987,-0.010598591,0.072752625,0.0010383058,0.0021714105,0.0024852045,-0.056669444,-0.088963196,-0.11061383,-1.1806818,-1.1272823,-0.37976822,-0.3264979,-1.2239945,0.02625971,0.6614866,0.08083214,0.06970386,0.19938989,-0.004976702,-0.13270815,0.039163023,-0.051602703,-0.16262963,-0.035102405,-0.18609804,0.077702366,-0.5023937,0.08951154,0.34640777,0.18726419,0.4017374,0.19878817,0.022857564,-0.59800524,-0.2752737,0.060778268,-0.13859703,-0.016297217,-0.052647196,-0.0008848333,-0.086607166,0.0010387949,-0.019411737,-0.013939636,0.020324845,-0.07391071,0.0014412198,-0.06755088,-0.00086806295,-0.057513017,-0.011339107,-0.0019015855,-0.46438447,0
-0.21240348,-0.006171261,0.0030600023,0.0010383058,0.0018218481,0.0008409978,-0.033364356,-0.060780957,-0.0915119,-0.81264526,-0.9129874,-0.38276687,-0.28100204,-1.1116409,0.016679954,0.6238182,0.08710876,0.08621579,-0.65689665,-0.004041006,0.46900782,0.05649706,-0.043112073,-0.18463963,-0.039314006,-0.1925568,0.09401933,-0.6137673,0.07304524,0.241926,0.12094886,0.26275188,-0.099578284,0.02191664,-0.52164096,-0.19378369,0.05816935,-0.12900174,-0.019307738,-0.042246815,-0.0061899065,-0.081407085,-0.001259333,-0.015836569,-0.01644293,0.015710449,-0.033440206,-0.010380875,-0.06747296,0.0025119649,-0.05265893,-0.012886384,0.0008984926,-0.48941574,0
0.28994122,-0.005603655,0.07627051,0.0016001541,0.0023001067,0.0024852045,-0.051094078,-0.08496855,-0.09232649,-1.1240655,-1.1094614,-0.33907506,-0.35329646,-1.221169,0.013333627,0.34804103,0.07546784,0.074729994,0.17654343,0.00225973,-0.18453382,0.031156018,-0.023319561,-0.15428472,-0.021156691,-0.17441064,0.074486285,-0.35599488,0.08796253,0.8181362,0.1605539,0.43495554,0.22120348,0.018492926,-0.61524206,-0.28027952,0.010036547,-0.14512996,-0.013317345,-0.04658596,-0.0017008008,-0.07755658,0.0003119532,-0.013022994,-0.028377116,0.010317509,-0.12418011,0.011029359,-0.07310811,-0.003057654,-0.05430018,-0.006051473,-0.0046836496,-0.49027145,0
-0.21548882,-0.027653644,0.01070231,0.0008636367,0.0030153494,0.0015521687,-0.029358018,-0.06721677,-0.075774044,-0.3191003,-0.007570696,-0.39096108,-0.30263376,-1.1279631,-0.08099425,0.859247,0.01865195,0.04762544,-0.9870712,0.0148083065,0.39053684,0.06638691,-0.03852146,-0.19337185,-0.032938447,-0.20430274,0.10486054,-0.529418,0.10700481,0.41905335,0.16156794,0.28058946,-0.090580225,0.02705062,-0.6216465,-0.19153243,0.054884296,-0.13715822,-0.023481736,-0.052052792,-0.017740395,-0.082164854,0.004882619,-0.015243093,-0.008052025,0.015271446,0.0049412707,-0.0072940546,-0.07859592,-0.014184706,-0.04110151,-0.015479712,0.008213492,-0.4906027,0
0.3476656,-6.61884e-05,0.001591899,0.011023594,0.0040213475,0.0038745943,-0.019384444,-0.063934185,-0.0738871,-0.8302919,-0.26223838,-0.40133065,-0.28289285,-1.1038986,0.12167314,0.08234773,-0.011987551,0.13500962,-0.70071954,-0.0056774765,0.07812546,0.072098106,-0.050230574,-0.2168806,-0.03418294,-0.27550307,0.10902232,-0.49235097,0.038282838,0.3001865,0.1805959,0.20474823,-0.002903329,0.025954945,-0.7208273,-0.27720246,0.061114844,-0.13070595,-0.0067495606,-0.03859308,-0.008369649,-0.09024038,0.00059407233,-0.0058280476,-0.029808272,-0.019530665,0.1437091,-0.0009879761,-0.03655888,0.0010819689,-0.059016306,-0.0137444865,0.0004554678,-0.453284,0
0.073092975,-0.008164667,0.0059980694,0.009029606,0.004898532,0.0010568327,0.022330392,-0.028869802,-0.0563028,0.052290358,0.101916224,-0.34808552,-0.32163668,-0.99067414,0.013792998,0.81901467,-0.0047598197,0.107497536,-1.1602458,-0.005377899,-0.17269006,0.05654561,-0.03925759,-0.27825427,-0.022249352,-0.30172044,0.13467866,0.09377863,0.06224457,0.47634846,0.19116004,0.23649448,0.11268674,0.02653796,-0.74060506,-0.28097564,0.060444973,-0.14986975,-0.019663,-0.046358835,-0.011634676,-0.07756454,0.0011541334,-0.016730048,-0.016684659,-0.01958627,-0.036344487,-0.0041847145,-0.08631731,-0.0031214184,-0.058485966,-0.013109475,-0.0015897368,-0.4553481,0
-0.21348658,-0.006171261,0.0025855214,0.0010383058,0.0018218481,0.0012682481,-0.027632108,-0.06090742,-0.084824614,-0.8232444,-0.9269852,-0.37610367,-0.2907779,-1.1104423,0.025685498,0.66579753,0.08839561,0.086977415,-0.6684881,-0.002008223,0.46196,0.040299118,-0.044572443,-0.14871235,-0.035867047,-0.15407869,0.09942304,-0.58743435,0.06624053,0.2054538,0.018151542,0.39614782,-0.05113437,0.02191664,-0.5915259,-0.2607783,0.06061433,-0.13443527,-0.016224066,-0.05385635,-0.0066162045,-0.0760406,-0.001259333,-0.015829485,-0.022393104,0.009902422,-0.06067738,-0.010025358,-0.067197375,0.00024534157,-0.052607283,-0.015117911,0.00082828786,-0.49014157,0
0.31216672,-0.0072038514,-0.05642175,0.009854681,0.004092027,0.002980445,-0.028905617,-0.06830505,-0.065700695,-0.58776927,-0.026120545,-0.39805815,-0.30398262,-1.1124256,0.09391398,0.5847303,-0.01632596,-0.038378436,-0.53045374,-0.0054478263,-0.13065836,0.08257624,-0.044988334,-0.25431573,-0.036379494,-0.27469626,0.10855177,-0.42071354,0.037899442,0.47561127,0.1835751,0.2137851,0.0084024845,0.028932491,-0.7303664,-0.30735555,0.062064294,-0.13248244,-0.018044231,-0.044137795,-0.010818308,-0.0867756,0.00012139272,-0.011543409,-0.025730059,0.0043875747,0.19991374,-0.0008774521,-0.022256587,0.0062424215,-0.05618107,-0.014071219,0.004109554,-0.45312485,0
-0.2074967,-0.007895775,0.0042213653,0.0010383058,0.01864709,0.0015038289,-0.0523564,-0.08392589,-0.10245009,-1.1319786,-1.0946658,-0.37559155,-0.28837064,-1.1671697,0.08795591,0.71961945,-9.5021445e-05,0.08390638,0.16513678,0.00492547,0.42198566,0.063748345,-0.047332797,-0.16990831,-0.030181376,-0.26857784,0.08227256,-0.61172783,0.10093678,0.36912796,0.16985089,0.38226715,-0.05721379,0.02544807,-0.5034847,-0.27005106,-0.06167589,-0.13321835,-0.00234449,-0.061319105,-0.004671826,-0.07986946,-0.0012137289,-0.019589806,-0.02090516,-0.003180162,-0.0636809,-0.0049890326,-0.0606744,-0.015085757,-0.051792476,-0.0054936223,-0.0031432654,-0.5010091,0
-0.21419865,-0.00717432,0.0042213653,0.0010383058,0.0019949407,0.0015038289,-0.03691297,-0.07734848,-0.09462035,-1.1420069,-1.0937803,-0.37198013,-0.27188468,-1.1753155,0.12506661,0.70999736,0.01604457,0.08871434,0.1493049,-0.008695333,0.38562053,0.06298961,-0.047162592,-0.17282319,-0.032882683,-0.29318622,0.082066074,-0.63292915,0.097863205,0.3162564,0.1395291,0.38329792,-0.05039317,0.025834965,-0.5442111,-0.2653318,-0.06513871,-0.12535825,-0.01119737,-0.05773901,-0.0030617095,-0.08091095,0.005289943,-0.018896963,-0.016328273,-0.003180162,0.113806576,-0.01019536,-0.06300769,-0.004560398,-0.052233506,-0.0054936223,-0.004265804,-0.5012691,0
0.32666263,-0.006717277,0.0048781023,0.0016001541,0.0041453545,0.0024852045,-0.058995605,-0.09149923,-0.11395121,-1.1951444,-1.1381706,-0.36366892,-0.3008472,-1.2428864,0.114587456,0.3155256,0.0930458,0.07522846,0.1721481,-0.011725463,-0.18608713,0.034510903,-0.05002038,-0.15687314,-0.031597715,-0.17230842,0.07843425,-0.40089327,0.08725111,0.3737283,0.16163613,0.3865139,0.11324145,0.02298004,-0.633237,-0.28716162,0.033495583,-0.14482175,0.0016113588,-0.050724234,-0.0017498778,-0.08313531,0.0009301358,-0.013382767,0.103972115,-0.022015378,-0.062367447,-0.0076129097,-0.023978367,0.018865248,-0.059488576,-0.010532104,-0.0021618418,-0.4607242,0
-0.21368578,-0.0071943603,0.0030563702,0.0021255119,0.001924889,0.0016948767,-0.048333365,-0.077801056,-0.09620407,-1.1307678,-1.0928457,-0.37075377,-0.24420653,-1.1770242,0.12474157,0.7611942,0.010907885,0.07812287,0.14992172,-0.008745361,0.42075425,0.063050546,-0.046626374,-0.15543804,-0.03526804,-0.29054016,0.0819727,-0.62471056,0.09306132,0.32950336,0.047371984,0.3816795,-0.028696496,0.023903674,-0.5492149,-0.26722848,-0.063427545,-0.12690105,-0.008331918,-0.0618886,-0.0030617095,-0.08127616,0.0027375112,-0.018896963,-0.019682992,-0.008253289,0.1062496,-0.010150708,-0.060129505,-0.0036779959,-0.052312367,-0.010230008,-0.003325128,-0.49700484,0
0.33132824,-0.008331006,0.0051369537,0.0016001541,0.0041453545,0.0024852045,-0.05025182,-0.09114252,-0.113510445,-1.1830896,-1.1301932,-0.36057457,-0.30509436,-1.2470071,0.1186461,0.3097164,0.0930458,0.07168939,0.17278214,-0.008186081,-0.18665218,0.03398091,-0.046264213,-0.16916338,-0.030313725,-0.17454734,0.07584024,-0.37567285,0.086946204,0.41039547,0.15867312,0.38618526,0.105324306,0.023902582,-0.63920593,-0.28529152,0.033495583,-0.14729156,0.0012219282,-0.047183026,-0.0017498778,-0.085198514,0.0009301358,-0.013382767,0.103972115,-0.020902056,-0.069692105,-0.005469187,-0.07606257,0.0024259675,-0.05904754,-0.010532104,-0.0017755156,-0.48141855,0
-0.20793536,-0.0040115174,0.0011265562,0.0010383058,0.0016084025,0.0010772003,-0.035055235,-0.073443726,-0.10160247,-0.79680324,-0.8910175,-0.35581902,-0.2933119,-1.1049052,0.05854993,0.6120993,0.07487796,0.08422901,-0.6492333,-0.0046555037,0.5065582,0.047463633,-0.042881608,-0.20711802,-0.030703401,-0.19748288,0.08580342,-0.35839072,0.055929538,0.23259315,0.1302786,0.14219403,0.104160175,0.020985294,-0.54266155,-0.28784558,0.055289306,-0.100483514,-0.013776941,-0.02547095,0.0018165687,-0.0800585,-0.001259333,-0.014542954,0.100762375,0.025079105,0.24966969,0.011662317,-0.07158591,-0.009113901,-0.05224829,-0.009739099,0.001495674,-0.48178026,0
0.3354101,-0.0006442438,-0.00020279258,0.0011267689,0.005012829,0.0011305632,-0.06833213,-0.08074306,-0.08969054,-1.1124368,-1.1256195,-0.32540867,-0.34824905,-1.1862173,-0.06987784,0.38380715,0.0743586,0.06382652,0.2129242,0.004066532,-0.20552713,-0.0013559295,-0.019124174,-0.033020306,-0.019303529,-0.12442572,0.08569217,0.061699655,0.08542743,0.8010316,0.16082434,0.3951861,0.1829192,0.018545076,-0.62279695,-0.27439997,0.06290501,-0.14827172,0.00070795335,-0.039322373,0.0016787734,-0.06857054,0.00055467087,-0.01542952,0.036975544,0.005271118,-0.14087583,0.0048617306,-0.07436111,-0.0006312778,-0.046219237,-0.010267403,-0.004558575,-0.5239102,0
-0.26344866,-0.0019643374,-0.004277235,0.003244312,0.0027690833,0.0044132792,-0.01342559,-0.05999773,-0.059041664,-0.006419001,0.022796774,-0.3427145,-0.33187208,-1.0785167,-0.13781586,0.46143287,-0.005992401,0.07458126,-1.0945952,-0.004186511,0.44213575,-0.0178571,-0.037328407,-0.25525963,-0.030628415,-0.20956673,0.13271122,0.1629993,0.08212531,0.7554403,0.20621562,0.24236639,-0.030942267,0.02271858,-0.51849604,-0.2794357,0.0524376,-0.10884073,-0.016530445,-0.0247961,-0.007129643,-0.071159974,-0.0005089137,-0.017037032,0.120495625,0.029771531,0.35763454,0.0037498241,-0.06819299,-0.030024597,-0.039662205,-0.0053325538,-0.0026206993,-0.50924325,0
-0.20711955,-0.0040294784,0.011496529,0.0015922863,0.009187401,0.010001101,-0.020771971,-0.022952309,-0.041075457,-0.21373875,0.15651718,-0.23744106,-0.24879938,-0.7660075,-0.14212319,1.3204249,0.10509956,0.10997512,0.23195809,0.01500852,0.35784003,-0.069676004,-0.03209765,-0.16629197,0.031895358,0.36547166,0.24377057,-0.5067592,0.097434975,1.1614559,0.29510555,0.5686491,0.3155769,0.019709392,-0.20312722,0.3052243,0.07931953,-0.08865972,-0.015131876,-0.04732586,-0.0060685812,-0.041443042,0.0062513184,-0.008750441,0.0932771,0.0062592383,0.2046506,0.00048140343,0.06666381,0.02332021,0.00481187,-0.00018769759,0.00870661,0.6432477,1
-0.116259545,0.0073409597,-0.0663955,-0.010594972,0.01960803,0.008677756,-0.0020807525,0.1944321,0.1996891,0.3330767,0.38283575,1.0024253,0.0735651,0.34334013,0.12093578,1.3112217,-0.033831697,-0.052689917,0.022544784,8.2990155e-06,-0.07967359,0.14133635,-0.008814203,-0.109744176,0.009258564,0.15101528,-0.038346283,0.6303513,0.11257284,-0.70096385,0.18075904,-0.3121492,-0.114575766,-0.04541984,1.3287405,0.17454702,-0.016137829,0.20282109,0.030193536,0.0115536535,0.0146174,0.070279785,0.009389504,0.049027417,-0.0050035883,0.009144885,-0.084750496,-0.008701854,-0.07874069,-0.016053071,-0.083545275,0.0068707787,0.01121018,-0.19776063,1
-0.2322396,0.008070095,0.028810477,0.009177288,0.009280679,0.007871051,0.03604449,-0.022201978,-0.038447347,0.2818095,0.19469863,-0.22731811,0.091557525,-0.02187065,-0.04236835,1.3554835,0.12659091,0.13644315,0.29593062,-0.002293872,0.36555776,-0.061586037,-0.035429876,0.14612892,0.011210438,0.33780625,0.18652917,0.8214263,0.103302404,0.8062854,0.3340907,0.5930087,0.26404312,0.033796564,-0.301799,0.14729425,0.07562883,-0.09265819,-0.005781231,-0.035866026,-0.0026780337,-0.05488722,0.0005132877,-0.012908906,0.0986102,-7.557811e-05,0.3046745,-0.0026686492,0.06531967,0.023681402,-0.00148365,0.010883536,0.009772426,0.19947636,1
-0.22990195,-0.0017808017,-0.00043990358,0.0010383058,0.0016084025,0.0044504763,-0.025433905,-0.07328054,-0.096288145,-0.7961197,-0.87045825,-0.37930673,-0.28176567,-1.0970317,0.07677935,0.36331093,0.080837294,0.10805923,-0.6367373,-0.0029528488,0.50964963,0.047899287,-0.047542825,-0.20656617,-0.025956046,-0.2342483,0.095795095,-0.42640522,0.065551616,0.22604051,0.1588025,0.13830781,-0.0174789,0.026730223,-0.49679,-0.28227985,0.055289306,-0.09818831,-0.013140358,-0.029641576,0.0009722074,-0.07983746,-0.001259333,-0.015029024,0.11380536,0.031967394,0.27072215,0.0021587787,-0.06949643,-0.0020590592,-0.052607283,-0.007764464,0.0014493365,-0.47956374,0
-0.18853922,0.006476888,0.037050493,0.007015542,0.01001684,0.0047244937,0.030178113,0.04969406,0.19288856,0.44498444,0.41252634,0.08004637,-0.051010948,0.4537348,0.16103736,1.3234977,0.09642482,0.08970343,0.20248866,0.0040542567,-0.09899907,0.2099456,0.09014913,-0.18708627,0.008877477,-0.13458052,0.20399283,-0.34225336,0.16328157,-0.31667238,0.245042,0.55541825,-0.053620826,0.047212474,1.2688612,0.04639715,-0.043185584,-0.027241446,-0.04311643,0.07879189,0.0035893556,0.095563024,0.0002995726,0.03904811,-0.013299972,-0.016560527,-0.07032505,0.026486006,0.090834744,0.010162391,0.05338806,-0.0016534819,0.011558159,0.04002229,1
-0.24220867,-0.031812847,-0.056390766,-0.021481164,-0.030031612,-0.01950704,-0.022384463,0.22099756,0.18775792,0.33348894,0.6240984,1.0792143,0.088674255,0.2534819,0.14031804,0.09861667,-0.0527199,-0.07060194,-0.009150297,-0.0016586201,-0.08532288,-0.16651992,0.074333906,0.07617548,0.00363347,0.1876272,-0.3320612,-0.0793605,0.13141683,-0.61860716,-0.026761217,0.42820704,-0.0041922918,-0.032229174,1.4823742,0.21301621,-0.035676334,0.21337636,0.050855104,-0.01875737,0.013463436,0.09588043,-0.012242229,0.045802727,-0.0050074416,-0.016431399,-0.06378461,-0.0070455065,0.029034415,-0.005939454,0.04360661,0.0075251907,-0.03553636,0.22240266,1
-0.20650506,0.0043961583,0.034128428,0.016259922,0.009893178,0.0076150084,0.039147757,-0.012912322,-0.039619748,0.3104005,0.22436295,-0.21170269,0.10332809,0.34021974,-0.13048905,1.6198084,0.1285531,0.1478686,0.30636117,-0.0010208888,0.30321702,-0.06497412,-0.013296086,0.15861973,0.015974214,0.3047424,0.14541698,0.8085718,0.1151291,0.7725152,0.33368134,0.58335245,0.18441579,0.037364334,-0.30583808,0.13652551,0.08972889,-0.09857032,0.00043298677,-0.039369937,-0.009431795,-0.056513622,0.0007990841,-0.013343582,0.099654615,0.031587243,0.26552844,-0.0021914765,0.06836679,0.021383565,-0.0395603,-5.458959e-05,0.010018731,0.23494297,1
-0.18604954,-0.0017025801,0.035445396,-0.0024417583,0.02306597,0.0061351284,0.027055327,0.18415034,0.17559116,0.36548668,0.57739395,0.9489058,0.12550049,0.38165897,0.13377133,0.71575,-0.047504768,-0.018904619,0.055985246,0.0061183134,-0.08680842,0.16061221,0.061985444,0.11536828,0.0022355656,-0.17783934,-0.32691264,0.5355484,0.12757128,-0.04443885,0.28638205,0.24383314,-0.13249968,-0.019603612,1.327763,0.134922,-0.035696995,0.18901259,0.028673407,0.030022219,0.015109288,0.07529848,0.00036049623,-0.0016695756,-0.007076146,-0.0011531927,-0.080666244,0.023003828,0.052006345,-0.0012103303,0.045160875,0.006703757,0.0115210945,0.008122402,1
-0.15993443,-0.0033317744,0.03186591,0.0038717398,0.027313752,0.006474307,0.03532456,0.16603296,0.2152223,0.43512478,0.5772443,1.0612855,-0.17915322,0.4237185,0.039070074,0.88672954,-0.03897868,-0.032941736,0.08898445,-0.02345625,-0.08265916,0.22241987,-0.01572925,-0.17197776,0.00018120627,0.22018577,0.035472035,-0.35401598,0.06406029,-0.4053714,0.2556123,0.3920431,-0.069947444,0.034927323,1.375064,0.081629604,-0.035265476,0.18037465,0.0413645,0.098201126,0.011269225,0.09286782,0.0069407728,0.0070781773,-0.0073307958,0.003555083,-0.056022648,0.017149895,0.08661943,0.01216071,0.048345122,0.0029414776,-0.012646496,-0.17268443,1
-0.17785516,0.009160451,-0.050900612,-0.017512402,0.018014181,-0.0030831923,-0.017883547,0.097586095,0.19194159,0.4473599,0.41200233,0.8664089,0.11657687,0.44076547,0.15229478,1.5371895,-0.048400458,-0.06518943,0.057911627,-0.00079532736,-0.07868613,0.25587243,0.07345353,-0.16220614,0.009086801,-0.1929923,0.20535289,-0.28504723,0.14375894,0.08003433,-0.03489441,0.38165948,-0.03826768,-0.05765178,1.264788,0.14367142,-0.029744318,0.22007069,0.019608773,0.11565877,0.012186062,0.10479617,0.005011813,0.03875985,-0.007239608,-0.011058925,-0.060325306,0.020569045,0.08197107,0.01321026,0.042025268,0.005840036,0.010255126,-0.16931838,1
-0.20799042,-0.00959568,0.074524045,0.008810192,0.009206909,0.009600237,0.0277792,-0.0146346195,-0.04079055,0.33194715,0.24857178,-0.20984253,-0.12178248,-0.3496475,-0.14271808,1.5979193,-0.04778721,0.11040906,0.27948642,0.012848018,-0.119812526,-0.054775134,-0.03168997,0.07407771,0.02075762,0.31638306,0.23350115,0.29430684,0.11375243,1.0927048,0.29932532,0.5722168,0.29782665,0.02865156,-0.3037271,0.18567961,0.089560546,-0.10769728,-0.007688946,-0.04697224,-0.008349145,0.022376442,0.0029705784,-0.013564076,0.094529204,-0.01235206,0.23330732,0.001553596,0.060316738,0.020509806,0.0008960408,0.0005035236,0.009917347,0.6238947,1
-0.20368174,0.0057612173,0.034128428,0.014749929,0.009034158,0.0085968515,0.03616266,-0.012639904,-0.034207296,0.27569342,0.19253784,-0.20890434,0.11622267,0.3266507,-0.079199046,1.6051196,0.05742858,0.15474677,0.29881752,-0.0010644896,0.4710947,-0.06630607,-0.01400782,0.16867325,0.01566432,0.30570558,0.15966593,0.79825824,0.11776422,0.826346,0.32799187,0.59936595,0.23830333,0.03149585,-0.28454486,0.11858087,0.091506615,-0.09522619,0.0002624318,-0.036813963,-0.002460227,-0.05471233,0.00050341757,-0.012823714,0.09003927,-0.0040867035,0.292221,0.00044883974,0.07035217,0.023681402,-0.042895824,0.011826113,0.01016407,0.38919884,1
-0.22905517,-0.038631104,0.020206453,-0.016431365,-0.020373963,-0.0053135576,-0.010986736,0.23410523,0.22687945,0.32756922,0.62769055,1.2333301,-0.12677059,0.27622625,0.008767666,-0.06637047,-0.027330266,-0.03446433,-0.0005072367,0.0048395502,-0.081103496,0.18171105,-0.0063257194,-0.10186905,0.013581723,0.15574288,-0.31361112,0.7468287,0.12346194,-0.62567955,0.05190914,-0.3120459,-0.110455826,-0.022262618,1.5339967,0.1940861,-0.022169659,0.21423306,0.04915051,0.08757428,0.017316474,0.080940224,0.007985366,0.057175413,-0.0068984674,0.011039201,-0.07668605,-0.011136249,-0.103491195,-0.014313724,0.036856927,0.00548952,0.007051286,-0.19520934,1
-0.15679829,-0.0006741088,-0.0837928,-0.0013634199,0.021578144,0.00627312,0.031178681,0.14839377,0.17635435,0.3493571,0.36524543,0.7054063,0.12528706,0.35741794,0.1299617,1.2747549,-0.039531942,-0.060957015,0.044777706,0.00029321574,-0.08872545,0.19380775,0.06974949,0.11731278,-0.00088095246,-0.17390768,-0.3898733,0.5676635,0.058416512,-0.2716223,0.26709315,0.41950837,-0.14227821,-0.021648834,1.2870502,0.14134304,-0.025961194,0.20415644,0.044476606,0.06824286,0.014521001,0.07363079,0.005915934,0.0085423,-0.011650691,-0.0128337275,-0.07966112,0.019094888,0.06575291,-0.0016097336,0.047495157,0.0037308242,0.009411544,0.0047074175,1
-0.13794057,-0.0026465016,-0.08589381,-0.01456652,0.01959074,-0.0025450974,-0.01459864,0.1692938,0.20458832,0.46107525,0.6352754,1.0174487,-0.12203658,0.40941447,0.10687062,1.2765925,-0.040334575,-0.06298243,0.03912372,0.00038926955,-0.08364234,0.21623312,0.008851333,-0.15545918,0.0027147809,0.21362536,0.07060357,-0.33616358,0.0781915,-0.23640302,0.18848768,0.3549815,-0.03230369,0.05021815,1.3418581,0.14582102,-0.019719906,-0.038713302,0.040254112,0.07911647,-0.0053582108,0.103509635,-0.0062976824,-0.026926737,-0.013898761,-0.00044759555,-0.065886706,0.01704932,0.07741457,0.008337778,0.013902081,0.0049798423,0.0060267434,-0.17122643,1
-0.20788363,-0.018165924,0.027177837,-0.01696351,-0.024706328,-0.013281906,-0.022740638,0.17983012,0.17954406,0.2851208,0.27688783,0.9581296,0.092966534,0.2677332,0.12315808,0.26788893,-0.05127776,-0.063606784,0.016343126,-0.023462556,-0.09404751,-0.1482991,0.06278066,0.08996885,0.011582764,0.17001663,-0.21094427,0.7147462,0.12592037,-0.63057387,0.33759952,0.4578107,-0.038022403,-0.026145048,1.4907753,0.1674953,-0.03604172,0.1898782,0.046085503,0.044341594,0.017113583,0.063374825,0.009148558,0.055126134,-0.0004540282,-0.004836276,-0.082120486,-0.0068077473,0.04048855,-0.003316942,0.04418393,0.0051977844,-0.0053938255,0.24969426,1
0.64938754,0.018797074,-0.08658719,0.024124425,0.026296986,0.01576523,0.047059834,-0.0045386534,0.15952073,0.21215741,0.18012536,0.9344254,0.08717556,0.28884706,0.11112806,-0.9073598,-0.08324017,-0.08586633,-0.20815057,-0.008165069,-0.06155448,-0.15561338,0.022172272,0.04800972,0.005009321,-0.10263044,-0.0037550218,0.69734704,-0.10049169,0.8087732,0.037530888,-0.5476059,-0.08053951,-0.049554225,1.4723864,0.19574624,-0.03425203,0.20519103,0.09571119,0.03773967,0.009689764,0.07517269,0.004727179,0.04942232,-0.015635056,0.005495794,-0.10419128,-0.024727006,0.0022709793,-0.010590475,0.06408254,0.008187015,0.017923107,-0.14842449,1
0.57568747,0.014170273,0.015800033,-0.015348724,-0.010076638,0.007638211,-0.021963406,0.26924828,0.19369279,0.27033412,0.6414369,1.2417212,0.08967897,0.3047805,0.108421646,-0.6761636,-0.030961366,-0.06443147,0.16260913,0.001348107,-0.08290692,0.23617958,-0.0035614176,-0.075125076,0.0067631784,-0.1434174,0.023227332,0.74064165,0.018619098,0.26291466,-0.2294502,-0.49758956,0.29106513,-0.011509745,1.5139477,-0.023013188,-0.026050024,0.2068893,-0.0028048197,0.057213664,0.009285967,0.08213194,-0.007212909,-0.0069589945,-0.014219417,0.005050143,-0.06456345,0.012292311,0.034209587,-0.0136924805,0.048284426,4.0552928e-05,-0.00695169,-0.12916255,1
0.26730016,-0.008512165,-0.13969575,0.012042393,0.008240373,0.008603074,0.033039205,-0.018319445,-0.031616937,0.30482388,0.23575526,-0.21198851,-0.022380728,0.00033934833,-0.11005066,1.2707602,-0.06013765,-0.08941038,0.28506216,0.009113681,0.3549867,-0.06395834,-0.0055903844,-0.028780516,0.021972295,0.26051846,0.20615806,0.85178953,0.103718325,1.073487,0.3118854,0.5344208,0.24254464,0.029402401,-0.27284616,0.12525906,0.07089318,0.114456676,-0.016028479,0.032312807,-0.0137768425,-0.049051426,-0.0027003074,-0.002111856,-0.007790523,0.016573628,0.3095639,0.007008781,-0.03953835,0.019293414,-0.040216062,-0.0026137372,-0.0036629774,-0.09201157,1
0.48034135,0.027198497,-0.09585533,-0.01362701,-0.01532612,-0.016558912,-0.024476508,0.25642225,0.23035793,0.31965443,0.72053576,1.2965784,-0.089155875,0.25261042,0.104808226,-0.73589426,-0.06128758,-0.07423512,-0.1653182,-0.004543493,-0.06732678,0.15165639,-0.004320498,-0.041725915,0.009934227,-0.017486224,0.076395825,0.7192215,-0.06327673,-0.6324227,0.21745938,-0.44997245,0.12931307,-0.04196733,1.6752284,0.20047915,-0.029847417,0.18299283,0.05502227,0.056391925,0.012552125,0.07465342,0.009134081,0.050307456,-0.015422055,0.00028028362,-0.087547965,-0.015946418,0.034908704,-0.0009103607,-0.07720442,-0.0015351605,-0.013414451,-0.15658134,1
0.58961403,0.018249776,0.020042585,-0.0095134685,-0.00537956,-0.007950464,-0.023407586,0.2830091,0.1939455,0.36256477,0.7286855,1.3584208,-0.095844276,0.33419356,0.12516028,-0.71044755,0.056527,-0.04375462,0.16061485,0.0013103642,-0.06642884,0.2247425,-0.02274747,-0.08484931,-0.0026239567,0.07620357,-0.22092766,-0.38555875,0.021757316,0.5444945,0.13113968,-0.5126308,0.28684524,0.023138598,1.357403,-0.14049749,-0.03176458,-0.052608427,-0.0012457573,0.07854935,0.0065593584,0.052017152,0.0043564346,0.032959353,-0.019888548,0.0058641946,-0.08164728,0.015393056,0.06201739,0.0008774607,0.045141116,0.00047362642,0.00894379,-0.15339576,1
0.58839536,0.013832568,0.018754836,0.01618442,0.019481054,0.010634253,0.030470546,0.20821217,0.15553315,0.27211064,0.5386469,1.1549531,0.09341541,0.33725005,0.10384693,-0.7426528,0.040009573,0.095646344,0.17556494,-0.0024490333,-0.079049304,0.15560476,0.03662993,-0.097553,0.008503892,-0.1678531,0.1960495,0.67888683,-0.005770673,0.5323435,0.22722788,-0.43987942,0.3004729,-0.05767865,1.3888477,0.03379596,-0.038579565,0.16530423,0.017845837,0.0021244,0.0088169575,0.066372514,0.0026278368,-0.0018692584,-0.016574085,-0.0118287355,-0.09951766,0.027033571,0.066148885,0.009710171,0.021197695,0.003996007,0.020869588,-0.14820586,1
-0.20337082,0.0058815144,0.03336087,0.014408302,0.009034158,0.0060710856,0.035559095,-0.017050302,-0.035145644,0.10496681,0.1744856,-0.21432306,0.122320525,0.31140888,-0.13602778,1.5991244,0.11959429,0.15207426,0.29973358,-0.0013666591,0.4921486,-0.06670013,-0.013058592,0.17050381,0.014834475,0.2972906,0.16690472,0.8127535,0.113845915,0.8031412,0.3238942,0.5974846,0.23143041,0.032931983,-0.33400384,0.1258801,0.0891466,-0.098407306,-0.0033767016,-0.031539936,-0.0024986041,-0.054121885,0.0028554124,-0.01388778,0.09334115,-0.009726481,0.26720795,-0.0016948832,0.06711509,0.020835627,-0.0011534644,0.011826113,0.010146729,0.44136474,1
0.3641973,0.009707633,0.023129076,0.020981409,0.008037264,0.009039418,0.03324146,-0.010277063,-0.04400604,0.32313073,0.2281164,-0.24615826,-0.17310409,0.31281185,-0.055552397,0.7804148,0.15742937,0.1818445,0.28236666,-0.00065336376,0.41004613,-0.08831314,-0.0022334275,0.09490164,0.009864253,0.2761572,0.2148528,0.8073084,0.05664342,1.145209,0.3214243,-0.034021318,0.30737543,0.01616991,-0.287086,0.11133299,0.08645207,-0.08575294,0.0063083908,-0.014331316,0.0012273628,-0.05612482,0.0027798165,-0.005224666,0.123123065,0.037453216,0.3987582,0.012634151,0.049383257,0.024097553,-0.0038039465,0.010826182,0.0052147703,0.07336807,1
0.28065264,-0.003267211,-0.13034992,0.015976412,0.0080498215,0.008387848,0.035836235,-0.018120611,-0.035422586,0.29588366,0.23158227,-0.22521262,-0.22911194,-0.103303924,-0.11649929,1.2695855,-0.06397251,-0.09011978,0.28331873,0.008912852,0.37425143,-0.061683968,-0.01033413,-0.024899542,0.014766218,0.29392448,0.22312157,0.858493,0.090469405,1.065507,0.30722764,0.43449402,0.24390754,0.0328562,-0.27178666,0.15353745,0.06939604,-0.03326805,-0.0048459186,0.023551084,-0.00091997045,-0.039701156,-0.0026468942,-0.010075393,-0.03679307,-0.016826494,0.32915565,0.0069562024,-0.05158658,0.003552984,-0.03940139,-0.0026629507,0.0025835994,-0.170597,1
-0.017751541,0.01874693,0.014566537,0.014215942,0.027618203,0.008352747,0.021592256,0.09808937,0.17702456,0.25158352,0.2084586,1.0016644,0.07923859,0.2929062,0.12677212,-1.2073874,0.14529595,-0.054361854,0.019378908,0.009498594,-0.08209161,0.06315127,0.03798212,0.06545068,0.0054976274,-0.14440446,-0.16315666,0.85271543,-0.11316853,0.4809814,0.30272555,-0.5877192,-0.04979264,-0.043529112,1.5095314,-0.10213064,-0.037540834,0.2057524,0.058152407,-0.05061026,0.013742873,0.076486565,0.0025523345,0.05170323,-0.022731807,-0.002170335,-0.1023709,-0.024936065,0.037496448,-0.011248502,0.05039598,0.008967781,0.004953508,0.02562258,1
0.34737793,0.010834282,0.026492774,0.021342333,0.007335366,0.0075467564,0.034043465,-0.014029758,-0.046365272,0.34334025,0.22564621,-0.28857127,-0.17079507,0.31877398,0.07531933,0.85319585,0.15778457,0.18608926,0.28229132,-0.011003485,0.41241297,-0.09480424,-0.024608834,-0.14029412,0.0099146785,0.00120658,0.20889874,0.8773819,0.06253687,0.8589589,0.30622745,-0.29264998,0.32848725,0.012313955,-0.32187483,0.083335176,0.084486604,-0.09565671,-0.0013406388,-0.01190047,0.0025867769,-0.05799412,0.005704575,-0.005974045,0.13465306,0.038435172,0.41058406,0.011894011,0.074360624,0.019008214,-0.0041434676,0.009628924,0.00910617,0.03345227,1
0.5716929,0.020060811,-0.09243735,-0.014347807,-0.009947898,0.0076271985,-0.022347014,0.2671345,0.18147713,0.37907788,0.72257715,1.3391391,-0.12631136,0.32506242,0.12354218,-0.75802135,-0.06928158,-0.076639295,0.058610152,-0.0058640745,-0.058208827,0.21861553,-0.01087085,-0.07869474,-0.002604704,-0.12624067,0.039861664,-0.34278744,0.013352346,0.71421725,0.06680226,-0.43514067,0.27231434,-0.04491927,1.3637035,0.15653153,-0.03411776,0.20080237,0.06148521,0.074481666,0.0067571825,0.09630848,0.0045479676,0.03373937,-0.009805193,0.005323413,-0.07606613,0.019414525,0.075180985,-0.003093849,-0.015905753,-0.0019451751,0.009876983,-0.1989816,1
0.499296,0.0121338945,-0.10094126,-0.015094637,-0.01498352,0.007992122,-0.019701809,0.26505932,0.23740616,0.31165692,0.70989037,1.3388492,0.08350544,0.25518692,0.11291126,-0.7070109,-0.05984368,-0.076657616,0.045363307,-0.0058778576,-0.072748765,0.25026262,0.03854265,-0.07839994,0.0006948861,-0.13280573,-0.016264305,0.6923447,-0.09445468,-0.28710583,-0.030576497,-0.49628368,0.28811035,-0.010193828,1.6606206,0.17788608,-0.030499715,0.19943908,0.068634294,0.07373341,0.012915144,0.08150315,-0.007929874,0.042871047,-0.013308335,0.007299342,-0.10628861,0.01519798,0.033969093,-0.005934505,0.058516376,0.0066977544,0.005286706,-0.1251788,1
0.5570546,0.016286157,-0.107725695,0.016150769,0.019469377,0.011031365,0.03473523,0.2383636,0.1983319,0.26701564,0.61124647,1.2576674,0.041586075,0.3043905,0.10952634,-0.76538706,-0.0693059,-0.082649745,0.15206444,-0.004884432,-0.07052271,0.16454965,0.04152612,-0.109918736,0.00088400656,-0.16721442,0.17652917,0.56269497,-0.011163863,0.28744587,0.22124587,-0.3717335,0.29882863,-0.053889807,1.5068353,0.11957493,-0.034021907,0.18998869,0.047443647,0.06065993,0.015568225,0.06791328,0.004762846,0.039363414,-0.0133625,-0.013440121,-0.097454935,0.025293954,0.0650662,0.009499019,-0.0076388195,0.00416774,0.019357612,-0.15362206,1
0.27058566,0.012872279,0.029220728,0.018565705,0.009072351,0.009809844,0.04294952,-0.012075688,-0.039455276,0.32751113,0.22887857,-0.227088,0.024370164,0.41971606,0.026251016,1.3259486,0.050504323,0.15495099,0.281584,-0.0013054442,0.31746534,-0.07246737,-0.006258868,0.1351494,0.01341005,0.26419136,0.22711514,0.8716178,0.08584274,0.87938756,0.3179342,-0.14577658,0.27149028,0.03191093,-0.31538516,0.08698615,0.08502363,-0.09870293,-0.0027416013,-0.022788553,0.0014290726,-0.058661163,0.0056805876,-0.009054176,0.123245195,-0.007010299,0.37723467,0.01070503,0.0559943,0.021264173,-0.053545285,0.002691335,0.0031874543,0.030052664,1
0.48810592,0.022816096,-0.10323148,-0.01467197,-0.01532612,-0.0133242775,-0.025952665,0.2563735,0.22197835,0.31984934,0.7163596,1.2703829,-0.13684751,0.26918104,0.069155514,-0.7851027,-0.05750115,-0.07262862,0.14970826,0.0029876274,-0.07008819,0.14630656,-0.008813048,-0.051056575,0.0102646435,-0.05562586,0.055469163,0.77903837,-0.07925581,-0.6257855,0.1907019,-0.3917361,0.17347221,-0.041265737,1.6781471,0.1834429,-0.030045254,0.19273238,0.05079672,0.066473655,0.012636425,0.072747484,0.009134081,0.04874381,-0.015969386,0.00031792163,-0.0862898,-0.019423272,0.04259963,-0.001168193,-0.00681283,0.004342106,-0.0058801193,-0.15136819,1
0.34737793,0.010834282,0.026492774,0.021342333,0.007335366,0.0075467564,0.034043465,-0.014029758,-0.046365272,0.34334025,0.22074048,-0.28857127,-0.17079507,0.31877398,0.07786741,0.84959376,0.15778457,0.18608926,0.2695853,-0.011003485,0.41241297,-0.09480424,-0.024608834,-0.14587232,0.0099146785,0.00120658,0.20889874,0.8773819,0.06253687,0.8584077,0.30622745,-0.29264998,0.32848725,0.012313955,-0.32187483,0.083335176,0.084486604,-0.09565671,-0.0013406388,-0.01190047,0.0025867769,-0.05799412,0.005704575,-0.005974045,0.13465306,0.038435172,0.41058406,0.011894011,0.074360624,0.019008214,-0.0041434676,0.009628924,0.00910617,0.03345227,1
0.2660653,-0.0057246527,-0.07477819,-0.015684694,-0.02498867,-0.004665127,-0.012560852,0.24786302,0.25298172,0.35142183,0.65442955,1.251364,0.08480439,0.29710516,0.13494632,0.24477793,-0.0454568,-0.064574905,-0.015739148,0.0052713603,-0.08351712,-0.18739945,-0.009805452,0.08516399,0.011835212,0.15268482,0.03673754,0.18054616,0.11342862,-0.7011366,0.13032961,-0.4991655,-0.13408442,-0.018208047,1.5255102,0.117925845,-0.025028868,0.20170413,0.03829742,0.083955385,0.0068294746,0.09019427,0.0011475371,0.049497392,-0.01136675,0.003483381,-0.067988425,-0.017470364,-0.07841862,-0.016968055,0.050866768,0.0017191749,0.007804338,-0.13834172,1
0.5945625,0.005601378,0.09109406,0.0004354734,0.02679785,0.006238756,0.008900253,-0.0016836917,-0.10192141,0.2919924,0.25425342,0.6744095,-0.029804926,0.3131072,0.14179361,-1.0899782,0.16149513,-0.04405465,0.010862906,0.0029552754,-0.09731949,0.21627589,0.040974777,-0.10119222,-0.01009302,-0.07541038,0.2568641,-0.37623066,0.22008675,-0.4271415,0.25993004,0.6809079,-0.18498632,-0.04550846,1.5647887,-0.12649255,-0.050142672,-0.14651139,0.0030236493,0.095076144,-0.005168931,0.08637039,0.010190457,0.04558818,-0.018311081,-0.0033680268,-0.08045893,0.04294394,0.06777621,0.0037213822,0.071237855,0.0010991856,0.020983228,0.007910805,1
0.32160234,0.0067957756,0.08923995,0.020454882,0.0044048633,0.0077488828,0.046981633,-0.058068674,-0.08237965,-0.74826753,-0.795809,-0.2740766,0.18937318,0.33057988,0.08415224,0.70276964,0.114769265,0.08671766,0.27342162,-0.017167218,-0.22094388,-0.033165652,0.06495901,0.1785997,0.005971805,0.09148687,0.14259322,1.010292,0.0897465,0.97251207,0.23308562,0.58520705,-0.025083778,-0.018303012,-0.52794635,-0.19059716,0.058912605,0.17004204,-0.015239962,0.03030786,0.004619315,0.05042213,-0.003278445,0.026230104,-0.020775352,-0.021053536,-0.1301356,0.0073957373,0.06224461,-0.004702609,0.042021036,0.013451586,0.00048939313,0.73754585,1
0.31387594,0.0055903774,0.034571946,0.01847072,0.009671026,0.008677415,0.045454375,-0.010131411,-0.039555408,0.35128385,0.22179468,-0.23817852,0.13012242,0.37173066,0.031983443,1.2403538,0.14610283,0.1705435,0.30700263,0.0051486753,0.43637928,-0.082696475,-0.017338114,0.17115511,0.011452264,0.3359605,0.27913436,0.28905252,0.12206056,0.822584,0.33088106,0.6108145,-0.053734727,0.048079014,-0.25489837,0.087550186,0.10082422,-0.12101575,0.01231103,-0.042913195,-0.0018036827,-0.05878617,0.005705293,-0.010634369,-0.023308977,0.035457037,0.048314244,0.0057794503,0.058596227,0.011231404,-0.054400466,0.002081938,0.009875519,0.17536081,1
0.24547249,0.0040556733,0.028847918,0.018023444,0.008838613,0.0063033863,0.033571646,-0.007536509,-0.037387524,0.26373398,0.2002535,-0.21776456,0.1473216,0.33822238,-0.12564127,1.2543825,0.12976117,0.16455112,0.3060004,-0.003548095,0.46335718,-0.070051566,-0.014898414,0.16765884,0.011982924,0.2879272,0.2421491,0.67909855,0.11265326,1.1502597,0.3159709,0.603653,0.06015082,0.039491456,-0.3275059,0.11305414,0.097791836,-0.12657493,0.013554933,-0.03520113,-0.0026912836,-0.05502299,-0.0007596276,-0.01379566,-0.04312041,-0.0105898855,-0.06142609,0.00657645,-0.019200806,0.00476108,-0.040239934,0.0011863419,0.0034021204,0.3068411,1
0.31234846,0.011091034,0.029751373,0.031085735,0.0063329185,0.006982475,0.047343217,-0.039683595,-0.066026665,0.20426516,0.19458626,0.17361675,0.0880284,0.32790545,0.12681162,-1.230593,0.16543499,0.10356305,0.19913894,-0.0012164414,-0.08081771,0.15635036,0.06426153,0.07890524,-0.016330695,-0.16089982,0.016330544,0.90954554,0.18814813,-0.10119014,0.316323,-0.2965411,-0.1732387,0.06971515,1.4528873,-0.058352947,-0.04041394,0.18275146,-0.02217846,0.020568144,-0.024073346,0.039317127,0.010876964,0.062242262,-0.036967903,-0.015312876,-0.12940575,0.029620834,0.06145941,-0.0076269303,0.088789664,0.0061403643,0.02545429,0.39033267,1
-0.10925912,-0.014138203,-0.08981122,0.01685046,0.009296652,0.011995187,0.03752292,-0.008558881,-0.036792252,0.30763704,0.21429363,-0.19637243,-0.008700133,0.25032872,-0.12929864,1.6774492,-0.06738325,-0.093406714,0.3103597,0.00053961296,-0.1594136,-0.07955385,-0.014565654,0.056564122,0.019784762,0.3064169,0.22657682,0.65019715,0.16438702,1.0934488,0.33444878,0.5920347,-0.09885898,0.04116773,-0.33197147,0.123944774,0.099147156,-0.071642935,-0.00018917886,-0.062188365,-0.012763506,-0.05542929,-0.0015545727,0.0005021243,-0.04701273,0.030624388,-0.078093275,0.007130207,-0.021212619,0.020621466,-0.0444221,-0.0021279817,0.009949662,0.41950786,1
0.5671952,0.0025226898,0.04527113,0.0015803606,0.032148674,0.0057734977,0.03580217,-0.04640989,-0.035892226,0.2694335,0.18425196,0.8737846,0.102070585,0.33260146,0.08594222,-1.1854064,-0.0972155,-0.10611365,0.03318981,0.004425673,-0.087657124,0.2589499,-0.027521754,-0.08633702,0.007899263,-0.09327385,-0.12338746,-0.43572134,0.21732473,-0.78547424,0.31638676,0.46091384,0.037684854,0.039331317,1.6570654,-0.14902808,-0.030205792,-0.098493844,0.0048735137,0.114679664,0.0023630299,0.091007404,0.010833825,0.05772577,-0.019006196,-0.015658135,-0.074107714,0.039433982,0.08269696,0.019412218,-0.04604643,0.005821551,0.009936129,-0.1655093,1
0.4841097,0.008082787,-0.12572157,-0.020383561,-0.02322721,-0.011480549,-0.03352966,0.2549802,0.21933138,0.36859617,0.84129286,1.4076036,-0.16971944,0.33601135,0.13697854,-0.33416495,-0.077837296,-0.08284102,0.13902856,-0.0056757564,-0.078182526,0.21793498,-0.01277333,-0.103300124,-0.004842664,-0.084651984,0.23328672,-0.31204927,0.09545697,0.004990518,0.2816773,0.16306002,-0.15390077,-0.031557605,1.5643387,-0.023284484,-0.030785222,0.059392925,-0.046442714,-0.051158637,0.005254434,0.093377,0.0051412894,0.049518738,-0.0114156045,-0.0047022677,-0.0705674,0.03350187,0.08313377,0.005443159,0.06375148,-0.006492077,0.013086034,-0.18707418,1
0.31181526,0.006172294,0.03342908,0.018109795,0.009671026,0.008677415,0.041167744,-0.009931877,-0.043980237,0.35762277,0.23906188,-0.23306733,0.13327605,0.38022807,-0.06768218,1.2263811,0.14008145,0.1697574,0.30086616,-0.023723684,0.44647494,-0.078942165,-0.016359856,0.17295147,0.0131710665,0.33748624,0.27860576,0.30934206,0.1171435,0.84126115,0.32540414,0.5963312,-0.040248886,0.046363357,-0.24324122,0.095114216,0.106565624,-0.11333714,0.01313195,-0.03742547,0.0013945869,-0.05633758,0.005705293,-0.01109196,-0.02075894,0.03365123,0.15070169,0.011252265,0.043174405,0.01074248,-0.046938945,0.002081938,0.008877701,0.29260418,1
0.51849455,-0.0010077308,0.080274805,0.028664568,0.03176231,0.014686096,0.054163784,0.010805459,0.16243911,0.24181774,0.21454276,1.0768286,0.07366477,0.29307094,0.09277415,-1.123766,0.013656279,-0.08208912,-0.008867017,0.011119601,-0.06529273,-0.17973952,-0.007448532,0.06115664,0.006780762,0.1713813,0.12457914,-0.065092556,0.24334222,-0.7592623,0.119865306,-0.5462282,-0.15990238,-0.023287365,1.7506934,0.07252654,-0.033680018,0.20059149,-0.035295736,0.05929213,0.0048173848,0.07814293,0.004884614,0.0583089,-0.013814164,-0.0129227955,-0.060468253,-0.025561329,-0.10744681,0.0033018703,0.08415607,0.009458061,0.0028354838,-0.11739107,1
0.40952665,0.011352867,0.09110722,-0.019090448,-0.022570977,-0.012680579,-0.032800134,0.21357143,0.20191588,0.39117584,0.7676104,1.2328043,0.115032434,0.321645,0.1458043,-0.57608354,0.11217086,-0.024603896,0.030446827,-0.00015274435,-0.084445566,0.24022616,-0.026284358,-0.084869325,0.007849112,-0.0071360227,-0.23871613,-0.4039376,0.15357491,-0.47301024,0.30221453,0.42496428,0.022615697,0.03741207,1.6581581,0.09843951,-0.028631298,-0.030403543,-0.03778995,-0.046454296,0.008038307,0.100360125,0.0027226037,0.04755324,-0.008148752,-0.0012381246,-0.06972229,0.037264045,0.0799765,0.0020317738,0.031038186,0.00919618,0.014239617,-0.16214247,1
-0.3424422,-0.003001819,0.078254215,0.009202776,0.012302362,0.004239128,0.011245989,-0.046064913,-0.13466705,0.20589358,0.084709026,-0.22601852,0.10160468,0.30838886,0.08742071,-1.234895,0.14224319,-0.061065827,0.19771549,-0.0040696296,-0.10151385,0.16652939,0.067796364,0.087558016,-0.010293036,-0.17238273,0.03508009,0.94028455,0.23287198,0.025971845,0.2983264,-0.26633903,-0.16708155,0.0620253,1.3490871,0.06288434,-0.034010828,0.18836999,0.03902313,0.046342693,0.01400128,0.066703774,0.004534535,0.064130284,-0.029637072,0.001709386,-0.116080135,0.022781134,0.06615033,-0.009116791,0.057993136,0.008798428,0.013430813,0.44700885,1
-0.07761017,-0.0022217147,-0.11232989,0.009914862,0.011683512,0.0057164654,0.029192064,-0.013705771,-0.039013065,0.27170098,0.21002983,-0.19130634,-0.098088294,-0.024808727,-0.12564464,1.5809507,-0.063308336,-0.0844097,0.2789164,0.00987944,0.44103488,-0.05709835,-0.014674004,0.08890055,0.019636376,0.32397228,0.22261876,0.75931096,0.116431214,1.0870694,0.3304325,0.56674534,-0.030594297,0.030859249,-0.25178522,0.13705982,0.08420413,-0.105306014,-0.01689389,-0.05046804,-0.010604331,-0.038812373,-0.0016367126,-0.012902605,-0.03187657,0.030516846,0.34629852,0.005005607,-0.033159062,0.011153553,-0.038868476,-0.005436101,0.0063452115,0.5134195,1
0.68259746,0.008717504,0.067674495,0.023100717,0.0067276885,0.0101308245,0.039969154,-0.041454725,-0.09375475,-0.6197305,-0.32892376,-0.48523694,0.12181534,0.3042612,0.13196994,-0.7075033,-0.07537062,-0.10686031,-0.063607015,0.0054007336,-0.13911311,-0.054476764,0.00031252066,0.086239934,0.007601895,0.21656911,0.19195998,0.69398797,0.08922183,0.9617872,0.27622837,0.68364096,0.020084739,-0.021786066,1.1244487,-0.058613002,-0.047579225,0.15149076,0.020539705,0.064395055,0.006803381,0.051872563,0.00076596416,0.041322995,-0.02032995,-0.01755853,-0.13582282,-0.015908688,0.04769103,-0.010189239,0.07312584,0.004115086,0.005572461,0.57093114,1
0.3112704,0.0035089378,0.03191483,0.018023444,0.006041715,0.008677415,0.037274666,-0.008401097,-0.03620042,0.31361264,0.15658082,-0.2262298,0.14343253,0.35734862,-0.12898654,1.2232841,0.14449772,0.16163665,0.30683702,0.003939339,0.34698734,-0.07288851,-0.009263067,0.1568871,0.010680408,0.3017345,0.25080702,0.60037506,0.110554814,1.1404959,0.3234524,0.59372795,0.05187142,0.043344,-0.30252323,0.107783474,0.08937225,-0.1280242,0.01518709,-0.038510308,0.0011976263,-0.05526994,0.0028651138,-0.010512476,-0.02313726,-0.0020469367,0.0086781755,0.0026701363,0.026707385,0.0035026553,-0.04029509,0.0010610836,0.010335909,0.1500386,1
-0.19604668,-0.003552132,0.015286779,0.0062132683,0.003278175,0.0058046374,-0.024392758,-0.017989215,-0.04269007,0.07314751,0.19641827,-0.2232161,0.15402262,-0.7897379,-0.11673227,1.4908785,0.023645816,0.107016854,0.27646664,0.015753139,0.42165104,-0.0512347,-0.011669999,0.108962476,0.04019769,0.14080314,0.198915,0.85438776,0.11999558,1.0565238,0.29585448,0.55596006,0.32760918,0.036860004,-0.22148524,0.22817156,0.059461635,-0.03166875,-0.011992816,-0.023816254,-0.0075156097,0.049874686,0.0046404945,-0.013937902,-0.02601365,-0.010998094,0.016891494,0.0070974207,-0.036079187,0.019011281,-0.039361786,0.0078192055,0.0019158322,0.24316025,1
-0.20360431,-0.016352778,0.035216648,0.019418389,0.012246978,0.007614494,0.054456614,0.0056295665,-0.012042969,0.3766318,0.35293797,0.22122832,-0.033193547,0.40993923,0.11916732,1.2394017,0.12414102,-0.084183425,0.18817925,0.003288644,-0.08168079,0.28897798,-0.023724435,0.11352565,0.0070516244,0.24296653,0.05382254,-0.24031185,0.10906849,-0.63206995,-0.3001756,0.31283033,-0.013354671,-0.06774737,1.3846918,-0.0808205,-0.027731402,-0.15290666,-0.041330792,0.12028256,-0.0047532376,0.09273414,-0.0067198724,0.041101128,-0.050803974,-0.009324208,-0.08285804,-0.005542452,-0.03350287,-0.022080975,0.06062593,0.00011758169,0.010147757,-0.20490986,1
-0.18400559,0.010011969,0.07109081,0.008826633,0.014894915,0.012621667,-0.03451729,-0.017230554,-0.06623902,-1.0058945,0.13334575,-0.40265515,-0.12779664,-0.97343975,0.1464871,1.4299641,-0.040082805,-0.03271319,0.17764555,0.01400386,-0.1119503,0.0947399,0.09536323,-0.15098043,-0.023758342,0.30911705,0.19133548,-0.4991354,0.03228113,0.9115477,0.10845775,0.5345839,-0.006868325,0.038293682,0.617227,0.024597721,-0.037186224,0.069356635,-0.008185682,0.078391045,0.007869398,0.08724183,-0.0018395066,0.034952328,-0.016287366,0.01794558,-0.09110625,0.029794589,0.08381104,0.012540771,-0.008731764,0.019566733,0.0064602597,0.10013743,1
-0.18233985,0.0018461437,0.032138273,0.014263714,0.0096341,0.016327664,0.0355498,-0.022923095,-0.04215124,0.31832856,0.21049146,-0.25371677,-0.020048197,-0.07737633,-0.048210982,1.1865795,0.14867274,0.15926203,0.25817528,0.012028767,0.41094896,-0.07451247,-0.030511709,0.1427062,0.00787857,0.36935413,0.26597586,-0.38945672,0.114002876,1.2237015,0.081375204,0.6005928,0.25210345,0.02355142,-0.26737693,0.15896684,0.09834659,-0.09271035,-0.007133409,-0.040769424,-0.0138253085,-0.05715674,0.0057944967,-0.011004779,0.047028217,0.026772255,0.33479622,0.0057522035,0.03744777,0.02072595,-0.038470026,-0.0016610591,0.008404301,0.44878083,1
-0.16490428,-0.025495471,0.022427991,0.023851853,0.009827448,0.00746578,0.04662905,-0.011125554,0.015815254,0.38636637,0.26804462,0.036955286,0.1460306,0.40809512,0.011537971,1.6113021,0.11031394,-0.07515911,0.20022975,-0.022377755,-0.08596798,0.21079215,0.07344175,0.10706555,0.010208174,-0.23341642,0.047969103,-0.21709874,0.10893808,0.8362777,-0.18292297,0.5194228,-0.08503491,0.032783285,1.0184269,0.13625786,-0.045126554,0.21362163,0.04684145,0.06617012,0.008053644,0.07576821,0.0028998153,-0.020383803,-0.03956255,-0.008728707,-0.08011186,-0.0030880389,0.0784831,-0.00075473427,0.050758556,0.005271993,0.0038042283,0.3517164,1
-0.21614416,2.7244387e-05,0.0249889,0.0093165515,0.006336985,0.007447684,0.033609815,-0.02325617,-0.04456905,0.14538805,0.14328633,-0.24609989,0.099704385,-0.04289197,0.028436087,1.6908057,0.13467135,0.13571538,0.264698,0.0044225976,0.4196795,-0.06636585,-0.03389158,0.14959921,0.009603024,0.34668583,0.27242664,-0.25647557,0.109096505,1.2113695,0.041132778,0.57759535,0.23483208,0.02670205,-0.25577283,0.16199224,0.0830493,-0.09729224,-0.011889598,-0.03803369,-0.0061113886,-0.055842347,0.0057026097,-0.01279152,0.08995707,0.024104768,0.25083357,0.010940929,0.06717885,0.018383587,-0.038961668,-0.0013568002,0.009365584,0.46958822,1
-0.15120219,-0.027663538,0.032718495,-0.00044969842,0.027369063,0.0064155767,0.030601542,0.061440572,0.0615295,0.3658596,0.34325612,0.6994923,0.107618615,0.39101672,0.069850855,1.7623767,0.10999712,-0.06799222,0.051080093,0.005399892,-0.097358644,-0.1649891,0.09839273,0.10421399,0.0012855595,-0.03404288,0.06259829,-0.24355115,0.04189262,0.013196353,0.35699868,0.4834404,-0.0006631026,-0.0122468285,0.8856972,0.09013938,-0.060360014,-0.048815854,0.027435258,-0.10250176,0.0022625732,-0.1356374,-0.0005604295,-0.0005909086,-0.019581702,-0.0032747495,-0.09611878,-0.00314944,0.063346766,0.002721595,0.037271284,-0.0013331037,0.013541433,0.39826304,1
-0.19469541,0.0059917034,0.011312175,0.011939936,0.0050555114,0.009919473,-0.033532113,-0.01492555,-0.05373971,0.24527329,0.2379856,-0.21517871,0.15426172,-0.8167156,0.08042562,1.6041653,-0.04362587,-0.05837715,0.21679501,0.016578496,-0.102987036,0.178073,0.07313796,0.114638045,0.017114008,-0.23027906,0.15456481,0.83000976,0.12668249,0.80768293,-0.22473596,0.57810223,0.27950034,-0.019284068,0.52440274,-0.08784238,0.026125807,0.19423032,0.025034018,0.07906302,0.010873672,0.08013311,0.0014056474,0.00075800857,-0.027051628,0.005562819,-0.10751283,0.023631718,0.05442542,-0.0052751456,0.043300606,0.012302662,0.006066859,0.48012686,1
-0.21062925,-0.0017847163,0.02583363,0.009658178,0.0035452202,0.015488284,0.02861561,-0.019366536,-0.038693566,0.303648,0.24384472,-0.23137923,0.020173028,-0.04887304,0.027776439,1.6785413,0.13737607,0.13967052,0.269223,0.0124371,0.45276532,-0.065311775,-0.013800463,0.1496407,0.008527029,0.35217977,0.27806476,-0.124926396,0.10426816,1.1872844,0.14432456,0.59930736,0.21988282,0.027941978,-0.2250831,0.14856437,0.094035715,-0.10105641,-0.007801716,-0.047065746,-0.0142895,-0.058281682,0.0028917554,-0.011727454,0.030070677,-0.0058132047,0.25808343,0.00022800639,0.03344888,0.018383587,-0.04600724,-0.0070794467,0.009137421,0.45000678,1
-0.18101674,0.0060142665,0.07399277,0.013076514,0.0085394615,0.006083578,0.03395849,-0.017478453,-0.094143055,0.40109244,0.29089907,-0.40220797,0.1415015,-1.0079747,-0.088658184,1.615961,-0.038796462,-0.053285807,0.22321531,0.015099894,-0.09419073,0.1430187,0.06919111,0.06457302,-0.017066536,0.24618977,0.17513192,-0.44622344,0.04703472,0.93253744,0.22076565,-0.14569515,0.06428177,0.03724116,0.81256163,-0.16219503,0.058708034,0.16840926,0.038584992,0.04723601,0.009062411,0.073835045,-0.00065744395,0.029140366,-0.018864363,0.016550174,-0.0874434,0.0006567709,0.08000392,0.00072967156,-0.06628267,0.008463263,-0.00967282,-0.017461684,1
-0.16964902,-0.008820523,0.06619667,0.0053213434,-0.0010112049,0.0042250007,-0.013225469,-0.054150745,-0.07412325,-0.6658862,-0.75642896,-0.21366343,0.11566526,-0.7035093,-0.11289808,1.2960222,-0.028580766,0.01643766,0.23470558,0.01601828,0.52636933,0.07254176,-0.0078050545,0.044791043,0.03728603,0.16711165,0.14537284,1.091231,0.06557618,1.0612817,0.2186342,0.49875546,0.37925726,0.028048677,-0.17634861,0.30538368,0.054296423,-0.055894997,-0.0055845715,-0.041111607,-0.0043051094,0.048118748,0.002808875,-0.0127859935,-0.0026376974,-0.00038051128,0.27488643,0.01171121,-0.046999577,0.016794309,-0.03812849,0.007228669,0.002063651,0.35775688,1
-0.1665798,-0.004686964,-0.09673246,-0.012754965,0.02575842,0.00028251065,-0.00536701,0.11241633,0.22110134,0.3841959,0.35599926,0.96252626,0.10492243,0.3889909,0.13482417,1.2658972,-0.046559114,-0.059532214,0.05460284,-0.0008661223,-0.073597394,0.28931805,-0.015829222,0.100117266,0.002504376,0.09906823,0.10050119,-0.12015886,0.11093337,-0.4260657,-0.22955109,-0.112349525,0.15840973,-0.05013605,1.3412277,0.17366003,-0.022645025,0.2511476,-0.027624972,0.03974802,0.012026424,0.099153146,0.008587567,0.04945758,-0.047907747,0.0063443705,-0.07783857,-0.0075482093,-0.042432666,-0.014509767,0.043729007,-0.00021617021,-0.0028612546,-0.20857382,1
-0.18338753,0.001454534,0.07325503,0.008935909,0.009846325,0.01010239,-0.029620487,-0.103092834,-0.14242835,-0.76367503,-0.8551044,-0.38077587,0.20666243,-0.81460214,0.11885455,1.1641014,-0.030065995,-0.045085497,0.1649793,0.019469358,-0.11322208,0.08189231,0.07790167,0.08532669,0.034217067,-0.22150394,0.07414808,1.0458157,0.07767328,0.75520325,-0.111334436,0.48197678,0.35154894,-0.027924325,0.8504954,-0.045906246,-0.034939766,0.17742941,0.02843634,0.07276885,0.008671204,0.06459342,0.0008212045,0.03746733,-0.011650729,0.015406232,-0.10861768,0.023837779,0.039483048,-0.002954509,0.04677839,0.016665822,-0.0075032758,0.6402305,1
-0.13346945,-0.02811609,-0.14905299,5.211914e-05,0.0039124163,0.005954502,0.026076196,-0.024949787,-0.017786684,0.39265934,0.25894153,-0.06871454,0.10868629,0.37552312,0.13914339,1.7206392,-0.051815443,-0.07806821,-0.1990863,0.00055385195,-0.10701549,-0.109750986,0.07702802,0.11850365,0.0018203505,-0.081035435,0.05291316,-0.12268772,0.09032023,0.4010848,0.2663117,0.5562344,0.0050835675,-0.056442477,1.1095754,0.1564739,-0.04378243,0.21111749,0.06650191,0.046717606,0.009943195,0.089385875,0.0015572795,0.03225134,-0.011101786,-0.008638464,-0.094179854,-0.00017276546,0.08484468,-0.0019838477,0.047181286,0.0006902346,0.009686611,0.38076967,1
-0.22268063,0.0015725954,0.032698575,0.014849024,0.009573242,0.016327664,0.038103364,-0.02684568,-0.044403788,0.2913944,0.17601377,-0.26208898,0.11284543,-0.0016628848,0.031260297,1.221978,0.15592408,0.16765451,0.2706369,-0.0027494284,0.4297485,-0.08044266,-0.033719067,0.1535456,0.009113385,0.3534301,0.27945665,-0.24368817,0.11290881,1.2198542,0.042291246,0.6009254,0.22889358,0.026846247,-0.27144137,0.15121014,0.09432551,-0.093817405,-0.0055128476,-0.038793128,-0.0061113886,-0.057128496,0.005819202,-0.011465838,0.08718039,0.02879968,0.26212186,0.012125851,0.06526107,0.01862811,-0.03018559,-0.0013150877,0.008823456,0.4603889,1
-0.19851173,-0.00818746,0.026017766,0.02306176,0.00891152,0.005314487,0.05325646,-0.016119856,-0.072587565,0.3500281,0.26315153,-0.32424685,0.14067978,0.3861681,0.14574526,1.7474912,0.101718575,-0.032636546,0.20070352,-0.020228118,-0.07441955,0.20026346,0.07441672,0.11041967,0.01078535,-0.2200231,-0.00052369596,-0.36503688,0.17328484,0.8497604,-0.3123064,0.60359615,-0.14930297,0.031547993,0.8636871,0.026944041,0.03952262,0.21454474,-0.029611424,0.0839059,0.0075681936,0.08268296,0.0024888162,0.03199453,-0.030558418,-0.011661667,-0.07937607,0.00025947718,0.06038478,-0.005228065,0.05113346,-0.011964693,0.007952355,0.44783568,1
-0.14493345,-0.00049649185,-0.0049544685,0.016429223,0.009866286,0.017732857,0.04070306,-0.015917718,-0.06802309,0.35659787,0.24172324,-0.25054798,0.15758726,0.3642471,-0.140865,1.6471292,-0.012103209,0.15385339,0.138987,0.007444664,0.2759835,-0.099341296,-0.037070196,0.16098021,0.0052488535,0.33004734,0.21486071,-0.41804877,0.13115169,1.2051657,0.33099592,0.63071334,0.14396463,0.009611849,-0.32215124,-0.11815826,0.059125744,0.12689565,-0.0016179287,-0.029097907,-0.01462535,-0.040667973,0.005363785,-0.01071134,-0.017470842,-0.0051254197,0.2116804,0.01022912,-0.030370655,0.022399018,-0.0032853954,-0.001674941,0.009373358,0.4325446,1
-0.1251902,-0.02410085,-0.13020541,-0.005561818,0.02477803,0.004727626,0.02612968,0.09037053,0.19550774,0.35064828,0.3098562,0.77907795,0.12312343,0.33902386,0.14557835,0.83222187,-0.04591918,-0.07197701,-0.608352,-0.0017056086,-0.07715476,0.2975918,0.04175874,0.093369044,0.0054950034,-0.09050928,0.24813749,-0.31992927,0.16289575,-0.68804526,-0.2778626,0.43457344,0.032871313,0.030826693,1.3752213,0.20606141,-0.033629477,0.20902866,0.05805131,0.13573945,0.009949967,0.10468584,0.0056787673,0.038681656,0.0018776455,0.0009939992,-0.051920515,-0.0067507206,0.05913066,-0.009742156,0.034779605,0.00424736,-0.03557903,0.058886983,1
-0.14488813,0.0090921465,-0.050231528,0.026782833,0.0119571835,0.0060996506,0.06091006,-0.02261111,-0.039570425,0.4436217,0.29481933,-0.19226035,0.12790011,0.3386684,0.010809859,1.7898264,-0.049091946,-0.0704113,0.20271043,0.00085846893,-0.07042796,0.21316467,0.0054548956,-0.15124494,0.005568103,-0.11012342,0.15487105,-0.41156772,0.1471556,-0.2871714,0.22215544,0.63034993,-0.096430555,-0.020940257,1.0986654,0.13101804,-0.03653269,0.19582437,0.05142056,0.097648926,0.009153703,0.07604344,0.0013872206,0.04499492,-0.007636903,-0.019708125,-0.06325335,-0.0038821264,0.08229183,0.01005176,0.057796165,0.0048300033,0.012881817,0.0639319,1
-0.12340474,-0.023428755,-0.05487364,0.019130284,0.0047148024,0.009250134,0.045507476,-0.09083206,-0.080025636,-0.7267433,-0.77906257,-0.3860146,0.16188148,0.35571226,0.08831064,1.4223237,-0.039038483,-0.06233689,0.20623338,0.0008963407,-0.14535436,-0.1442626,0.059017573,0.14944473,0.008732269,0.20606562,0.19362259,0.96801054,0.12971972,0.89885455,-0.14518948,-0.12152414,-0.09775676,-0.014731728,0.84820276,0.05825498,-0.043716554,0.17764395,0.030005617,0.053293273,0.008351099,0.034391478,-0.004552342,-0.0030768216,-0.017359525,-4.456262e-06,-0.12646,0.0037824167,0.04932953,-0.0048292456,0.04408341,0.019228531,-0.004855863,0.60713255,1
-0.13851623,-0.02604934,-0.069950685,0.00913893,0.0031720353,0.0077625955,0.04434941,0.00093884836,0.02462681,0.4482848,0.37521458,-0.054942638,0.13050972,0.45431057,-0.1131577,1.8193868,-0.047177278,-0.06833656,0.121313035,-0.0007986997,-0.07340209,0.21895453,-0.028009888,0.029314974,-0.0075293346,0.12509389,0.15912728,-0.38686156,-0.12420267,0.78665656,0.007761587,0.33926183,-0.04742824,-0.020009244,1.0284675,0.1564919,-0.044687513,0.18666795,0.090553954,0.090955324,0.010026,0.08104947,0.003391502,0.035751786,-0.008064736,-0.011396732,-0.078257546,-0.005828443,0.089094736,0.018339695,-0.060604066,0.0067434404,-0.004403631,-0.23492147,1
-0.1462372,-0.0044545964,-0.0036217347,0.012646447,0.009637513,0.013084211,0.037532493,-0.05938967,-0.055981528,0.3380066,0.22098185,-0.25481007,0.14931355,0.31624064,-0.1364567,1.5971208,0.047017347,0.15372212,0.14746465,0.007444664,-0.17178638,-0.09902725,-0.015017619,0.1665547,0.012169405,0.30714327,0.21175334,0.23228835,0.14462392,1.0871665,0.32811886,0.59515476,0.30545783,-0.00957143,-0.33298928,0.06825676,0.034974486,-0.029805833,0.007677329,-0.047665793,-0.0146713,-0.04826985,-0.0021688687,-0.014215082,0.09174897,0.028775577,0.3335918,0.0056149713,-0.032601945,0.01977104,-0.007979507,0.0048571276,0.009753171,0.45207548,1
-0.122564524,-0.007427433,-0.12089237,0.0068947207,0.024284672,0.009478848,0.04131201,0.10242202,0.054790784,0.4106814,0.33516252,0.7975648,0.12040608,0.40912566,-0.15346669,1.6353353,-0.04256908,-0.05801557,0.045747004,-0.000778564,-0.06477919,-0.20305116,-0.01567604,0.09547045,-0.004954061,0.21417777,0.244907,-0.35702407,0.16472247,0.7783497,-0.26254997,-0.21522789,-0.14340167,-0.023477463,1.0553533,0.12001984,-0.037505448,0.17216644,0.05978246,0.08540312,0.010749908,0.08005765,-0.0074371826,0.032912165,-0.006323453,-0.0154198725,-0.08408788,-0.0064239865,-0.034459844,-0.02633446,-0.039892618,-0.004566552,0.012208691,-0.13010485,1
-0.11907944,-0.01887613,-0.10705081,0.02306176,0.009504043,0.007681197,0.03916826,-0.029390525,-0.06556545,0.41102314,0.2603895,-0.40451255,0.13695623,0.45207155,0.12890206,1.8444579,-0.050552808,-0.06781198,0.15570053,-0.00022268016,-0.07827814,0.19131558,-0.017625095,0.10179307,-0.008770707,0.23664388,0.2071308,-0.39253765,0.15602306,0.93662924,-0.194854,-0.12344425,-0.13224804,-0.04772086,0.9192692,0.13007529,-0.04560147,0.20549016,-0.012070568,0.037232794,0.009516852,0.0840645,-0.009683636,-0.0070932084,-0.010692326,-0.016125325,-0.082369015,-0.0070854584,-0.06503312,-0.034393407,-0.014517022,0.00087497476,0.012007157,-0.22725078,1
-0.12239935,0.003984392,-0.119407035,-0.00398006,0.004455787,0.00505971,0.00876875,-0.010686751,-0.0062145586,0.33619115,0.21841817,0.03705476,0.09407093,0.34705737,0.13139603,1.7818894,-0.045463223,-0.06747674,-0.24864404,-0.000778564,-0.09709057,-0.1703955,0.06323934,0.091085464,0.004713449,0.14234914,0.2179048,-0.19383016,0.16907214,0.9061067,-0.28326082,-0.10994929,-0.1407894,-0.025987076,0.9948156,0.17273222,-0.041806463,0.22205156,0.0663487,0.083700344,0.006609426,0.08516119,0.0054183616,0.00043173577,-0.012219387,0.0018640357,-0.084256664,-0.005440072,-0.039634608,-0.0007154157,0.04490015,0.016466137,-0.039464988,0.37749615,1
0.17169912,0.003903686,0.025289675,0.019279756,0.0056023574,0.0053343447,0.034288824,-0.014827743,-0.035204384,0.07455504,0.14260228,-0.21561292,0.17240599,0.43079922,-0.07741298,1.2142617,0.13168956,0.15189207,0.3038377,-0.00075986143,0.45816943,-0.061369006,-0.014113981,0.16909268,0.011676802,0.27345154,0.23107596,0.74519074,0.10281722,1.0837065,0.3087419,0.5892665,0.22797206,0.04074096,-0.42027825,0.0049608075,0.01600228,-0.10464707,-0.020138424,-0.044951167,0.005546595,-0.051736474,0.0017928039,-0.011204003,-0.015954033,-0.005133796,0.25623477,0.00050397683,0.013955548,0.0026275136,-0.04215087,-0.0010694432,0.008248613,-0.014677942,1
-0.16163507,-0.016587194,-0.046864085,0.014916935,0.008642343,0.007948787,0.04796022,-0.035298243,-0.098743044,0.17245513,0.24754305,-0.39975762,0.14972825,-0.042856894,-0.1612916,1.650956,-0.03562964,-0.07131906,0.21013603,0.012618211,-0.09035584,0.14625451,0.07255144,-0.17943808,0.011251358,-0.15438193,0.11897718,-0.3874275,0.086949214,0.36043802,0.19862095,0.61436605,0.2419271,-0.056565557,0.97745204,0.07402497,-0.039190877,0.19065681,0.05281859,0.086635396,0.006377737,0.040599898,-0.00091967755,0.03422138,-0.020778617,-0.0055218474,-0.08593178,-0.0049776756,0.049968384,0.012371118,0.040441312,0.0072020753,0.01667772,0.102960795,1
-0.10418655,0.0034632497,0.02932438,0.017403519,0.008624109,0.010724254,0.040041856,-0.008998235,-0.032168668,0.25702122,0.21378815,-0.22630793,0.1705899,0.43733925,-0.11917463,1.521923,0.13057478,0.15687059,0.30442894,0.0056410474,0.44869748,-0.06939976,-0.012498343,0.17639413,0.010963018,0.26179388,0.24438429,0.7268736,0.10592801,1.0355968,0.32573888,0.5898367,0.2755016,0.042237636,-0.54193246,-0.17248613,-0.082722925,-0.12986176,-0.008698227,-0.011548572,-0.0067809536,-0.048368044,-0.0039022947,-0.015402833,-0.029855313,-0.012571417,-0.03135039,0.0051787565,-0.019263653,-0.00023459131,-0.039125334,-0.0032421127,0.006397752,0.14269194,1
-0.14514424,0.0033044554,-0.075570196,0.024691999,0.014092876,0.010132634,0.06587608,-0.01668199,0.0031363699,0.46383145,0.32231542,-0.029530548,0.1198398,0.4566187,0.14114393,1.8582019,-0.048659474,-0.07493366,0.20818862,-0.00038168533,-0.086939804,0.20856728,-0.035062034,0.055515863,-0.010586127,0.24574707,0.1926549,-0.41300946,0.06613893,0.36666232,0.024604255,0.5063805,-0.1436441,0.036461323,1.0152172,0.13329859,-0.04357302,0.19043294,0.059622154,0.09764178,0.008593971,0.08976869,0.0028021154,0.033830978,-0.006428112,-0.0022619162,-0.075697765,-0.0052670906,0.05823434,0.014840186,-0.017919086,0.005377089,0.012142913,-0.1510101,1
-0.141874,-0.027919663,-0.09324401,0.007190381,0.011396779,0.005914855,0.030726157,0.008958291,0.0596443,0.3503314,0.24015342,0.044450533,0.1341985,0.369669,0.026102036,1.8141756,-0.041633286,-0.07307025,0.17663226,-0.0005969466,-0.08232474,0.2761895,0.106281914,0.103983596,0.0107651055,-0.090813205,0.24385698,-0.35570464,0.14451009,-0.81574345,-0.334695,0.56056964,0.16101278,0.033588514,1.1321639,0.15240963,-0.04051958,0.22111468,0.041540354,-0.041297898,-0.02332802,-0.16324551,-0.0062807146,-0.030091241,-0.044457283,-0.020230059,-0.074438006,-0.005506571,0.07167154,-0.0005326031,0.04444476,-0.000711504,-0.015027455,0.36311772,1
0.6899379,0.023511898,0.05049728,0.025313266,0.03951693,0.007116211,0.037940055,0.042682093,0.11308691,0.26634946,0.24619249,0.6994651,0.09432709,0.34178978,0.069672704,-1.2523375,0.1943509,0.2083853,0.15772122,0.009638744,-0.065011054,0.22451843,-0.019301083,0.056944888,0.015373278,0.24588843,0.20645007,-0.47919476,0.25340888,-0.9034561,-0.3343668,0.6904055,-0.17568463,0.043120116,0.7130847,-0.17232065,-0.034342185,-0.030470472,0.02701815,0.05596418,-0.011244156,-0.1437704,-0.005415047,-0.015766539,-0.021856224,-0.0140715055,-0.07666453,-0.019863144,-0.075720124,0.030696115,0.03251785,0.012477585,0.011337501,0.029380161,1
-0.13848563,0.004250551,0.015938655,0.0089682285,0.009623655,0.015136622,-0.02369022,-0.010083645,-0.043524187,0.30324662,0.2556064,-0.20007408,-0.19503455,-0.791351,-0.14431915,1.4693207,0.12077132,0.10185636,0.2610389,0.015633767,0.31614074,-0.06531919,-0.023647325,0.117121406,0.036750752,0.3571487,0.2591542,-0.45615554,0.10020992,1.1851859,0.29929328,0.59744036,0.1444104,-0.0019216699,-0.1840197,0.22207823,0.09798942,-0.087571636,0.0061115315,0.035719004,-0.014495736,-0.0597006,0.0015564216,-0.010231701,-0.029645935,-0.015217796,0.3085778,0.0032283328,0.028949562,-0.002320785,-0.031837307,-0.0014657798,0.0011496575,0.6787017,1
0.6132224,0.0052664997,-0.12110858,0.00556772,0.02087105,0.006035218,-0.0346336,0.08270172,0.21498923,0.2452122,0.27176365,1.0989939,0.103601985,0.274417,0.12357343,-1.1542388,-0.083016485,-0.09725246,0.037585814,-0.0116556315,-0.08300897,0.303295,0.060380172,0.053261098,-0.013579795,-0.19239615,0.18997908,-0.35774344,0.030838683,-0.7627977,-0.17808937,0.51379037,0.3490246,0.04239171,1.655044,0.1004023,-0.035914097,-0.07574252,-0.04160853,0.0749412,-0.017864106,0.042163275,-0.006511585,0.04531602,-0.0077663735,-0.019284198,-0.073467165,0.030843753,-0.05347604,0.0025597345,0.044551402,-0.00036359322,0.010814967,0.20352536,1
0.52414614,0.02617806,0.08357047,-0.022202758,-0.02094791,-0.014553819,-0.029498892,0.2622941,0.20577362,0.30988315,0.69065994,1.3308113,0.06724502,0.24639796,0.11605275,-0.9235666,-0.049762793,-0.07286333,0.051237438,0.0032947953,-0.07115256,-0.2093784,0.00021394726,0.06450276,-0.01963117,-0.14189024,0.30087185,0.22696672,0.07140361,-0.36434796,-0.4023385,-0.1275774,0.023261242,0.046656825,1.5536159,0.12042724,-0.038786516,-0.047082268,-0.034656473,-0.09840859,0.00701384,0.09260554,0.00047400116,0.0048449077,-0.016021635,-0.0015297192,-0.09482272,-0.020624626,-0.053527277,-0.004550839,0.055091217,-0.0027658353,0.01159005,0.36063117,1
0.68220717,0.02794635,0.024269227,0.016643187,0.0049197124,0.0159488,0.02825333,-0.015651392,-0.057651658,0.24521248,0.16122213,-0.2750249,-0.09132451,-0.4237481,0.100748084,-1.0466568,0.21865956,0.19579011,0.21586873,0.006753088,0.30605224,-0.078917116,-0.034496218,-0.07145565,0.021039875,0.3095545,0.3087451,-0.48356655,0.22483847,1.4515513,0.35646334,0.7082672,-0.18273516,-0.011121012,-0.24578898,0.13757594,0.10126282,-0.09366478,0.025054758,0.0033798462,0.001099583,-0.053507768,0.010035753,-0.004531132,-0.015705375,0.05218843,0.22777103,0.010765472,0.031164136,0.018466227,-0.05028655,0.0048264377,0.012046708,0.6968149,1
0.56890255,0.018470522,0.081047855,-0.00042482163,0.019594487,-0.011938807,-0.038699515,0.076817125,0.18450531,0.34483638,0.7204288,0.7730505,0.093980625,0.29416206,0.115565486,-1.0613247,-0.078784436,-0.07401661,0.015244898,0.0012960951,-0.065934435,0.05117456,-0.01652106,0.052330475,0.004835543,0.04516583,0.2835499,-0.46415582,0.20199415,-0.8106515,-0.353721,0.51653636,-0.17690441,-0.022256346,1.5585188,0.008252611,-0.041250784,0.21650247,0.03699628,-0.122669645,0.0034109894,0.0478013,0.003639767,-0.01504405,-0.008544117,0.0030422043,-0.07080373,-0.025339242,-0.07496104,0.0072778286,0.037620775,0.0030244226,-0.007534749,-0.013877546,1
0.74471825,0.027164143,0.028590905,0.030696139,0.0047572567,0.016688978,0.014235683,-0.016102785,-0.047734935,0.27033398,0.1536691,-0.2631423,0.124001555,0.26332384,-0.13927196,-0.77465963,0.21562594,0.21951944,0.24411266,0.0053259647,0.4621639,-0.08557507,-0.016042877,0.08464575,0.016188782,0.32983896,0.32875055,-0.3259517,0.108632796,1.4600191,0.40788713,0.73997307,0.011332018,0.035708822,-0.29105163,0.09646799,0.110760376,-0.098560646,-0.020080954,-0.047412407,0.00044301362,-0.05197219,0.010062893,-0.008788235,0.005897675,0.016351042,0.27654755,0.017483616,0.039598648,0.020344274,-0.042504553,0.000820374,0.00030633283,0.64602727,1
0.68313414,0.033135485,0.035854787,0.029674472,0.0049176402,0.009759318,0.0553151,-0.023582807,-0.08934402,0.23050298,0.15786915,-0.35797417,0.12179562,0.26581526,0.017920181,-1.208313,0.2839918,0.26430705,0.21681318,0.0018527679,-0.11131215,0.35661498,-0.0024934919,0.08788376,0.005486948,-0.040814754,-0.034866627,-0.43621826,0.28264982,0.46822667,-0.2867742,0.81250584,-0.14893147,0.03897146,-0.5750388,-0.122355394,0.103185914,0.2687558,0.022401463,0.05497177,0.00948716,0.031103386,-0.00020315929,-0.0065610637,-0.027769865,-0.015739895,-0.095841244,0.029302265,0.036073014,0.02886096,0.037798986,0.016187899,0.012156074,0.32657644,1
0.7439275,0.013833457,0.028855722,0.016571574,0.038367588,0.0069663967,0.025514787,0.084952265,0.14299773,0.34235197,0.31655675,0.67252445,-0.14020316,0.32835078,0.14598918,-1.0600231,0.22066037,0.23550114,-0.01187909,0.0075702993,-0.0886766,0.28242514,-0.029419238,0.026860083,0.005071699,-0.01596134,0.01141695,-0.35025123,0.25344536,0.8560591,-0.31191027,0.5597492,-0.03458613,0.046226703,-0.6987805,-0.1259737,-0.082516104,0.1911382,0.012760961,0.074903525,0.0002780998,0.081321664,-0.010220907,-0.011158503,-0.046900466,-0.01486357,-0.08476441,0.031925395,0.04283656,0.023162652,0.048760705,8.984422e-05,0.013339454,0.31335995,1
0.3662072,0.0039490713,0.03264322,0.016021488,0.009559261,0.017221384,-0.023204194,-0.014743185,-0.0418727,0.29387897,0.20567858,-0.23703665,0.14779423,0.35597956,-0.07032668,0.8282952,0.16281681,0.17723593,0.28570244,0.0036055376,0.44363877,-0.07563262,-0.013202257,0.15248176,0.016339706,0.32828417,0.28772074,-0.0041690595,0.110320106,1.1786153,0.31556177,0.6449233,0.010856288,0.034556158,-0.24275115,0.1414697,0.10440251,-0.09879832,-0.02257839,-0.04669557,-0.009765001,-0.053297993,0.0027732265,-0.013114291,-0.013479911,0.033059046,0.2458242,0.009156955,-0.025918515,0.0084579,-0.04090933,9.6029486e-05,0.005444703,0.5594531,1
0.30785215,0.004415227,0.027510507,0.013255827,0.009101021,0.0060710856,-0.021051643,-0.009383658,-0.03437971,0.10833872,0.21524732,-0.21143124,0.15160602,0.3184365,-0.060680717,1.1438695,0.12389614,0.13731968,0.29113764,0.005213693,0.4497932,-0.067699455,-0.016878814,0.15124986,0.017772675,0.3203217,0.28499925,0.1980396,0.10421336,1.15623,0.29833063,0.6094386,0.062142093,0.039090768,-0.22251531,0.15296568,0.098032355,-0.10230615,-0.018871253,-0.043506037,-0.009765001,-0.049342565,0.0028651138,-0.013748691,-0.022371484,-0.0011531367,0.24116929,0.008705186,-0.034052093,0.0084579,-0.041457396,-0.00066033204,0.003331015,0.57231927,1
-0.29307976,0.009097443,0.030283546,0.025434947,0.011685882,0.015280494,0.044758543,-0.029583605,-0.069298945,0.32214895,0.16402371,-0.30461556,-0.16467065,0.29342166,0.1398054,-0.51198643,0.18523435,0.19077165,0.25560015,0.005787584,0.34720498,0.18898736,0.10016951,-0.10820261,0.018953856,0.3434603,0.2805533,-0.4413016,0.21732934,0.08866445,0.41841722,0.7180423,-0.148084,-0.015258977,-0.42575026,-0.15813527,0.11496947,-0.1428154,-0.01958086,-0.051177457,-0.0027962434,-0.082721576,0.0036931871,-0.002271059,-0.02883052,-0.005840901,-0.118398935,0.024190005,0.06915127,0.011627909,0.004219104,0.0013326256,0.007947603,0.65591466,1
0.5048178,0.020898,-0.09796442,-0.020515941,-0.02094791,-0.01440634,-0.027986597,0.24608125,0.19209795,0.2719504,0.5962419,1.3127561,0.06656307,0.2414745,0.1220465,-0.95072037,-0.074514076,-0.07304723,0.013729795,-0.007934029,-0.074316576,-0.19658741,0.057216473,0.06443263,-0.013102489,-0.08336163,0.26662454,0.40791208,0.079824686,-0.12421467,-0.37071273,-0.2305236,0.011480092,0.04383892,1.5118908,0.18671249,-0.033911202,0.20033729,-0.04773493,-0.07355517,0.011226178,0.08619099,-0.0044622514,0.049509328,-0.011743612,0.0011850483,-0.08957868,-0.013849242,-0.054270975,-0.005821884,0.06002646,0.009389084,-0.017751364,0.3495274,1
-0.139597,0.00078128785,0.02495222,0.015535576,0.010123748,0.019514827,0.035627026,-0.013294879,-0.038899835,0.37495753,0.26884672,-0.19894736,-0.23213184,-0.09234666,-0.154736,1.6131616,0.11795215,0.12439512,0.2694941,-0.0011691737,-0.14785708,-0.07452008,-0.02690565,0.13154458,0.0193254,0.3465957,0.22236641,-0.3813853,0.12254795,1.1589521,0.3315486,0.5993363,0.044644095,-0.02457964,-0.28736907,0.16479483,0.1129331,-0.10748574,-0.0013443937,-0.03461969,-0.0059372825,-0.02232991,-0.0034083375,-0.012989171,0.10174995,0.0227511,0.32179233,-0.00013885926,0.07208086,0.019931283,-0.008535476,-0.0060920827,0.007566398,0.5593807,1
0.6409499,-0.0002943587,0.09035668,0.034545634,0.006680515,0.014204979,0.065257154,-0.03744991,-0.09844377,0.18760513,0.07032295,-0.39873064,0.126199,0.31766725,0.15629621,-0.99483347,0.030254573,0.20816253,0.14485538,0.005348491,-0.08585678,0.264824,0.1203159,0.100500695,-0.010353996,-0.21402617,0.28494185,-0.4064411,-0.15231065,-0.8645992,-0.26832005,0.8719123,0.4507138,-0.043645967,0.6011507,-0.15822563,-0.05581464,-0.0419618,-0.033631418,0.11778218,-0.0061598076,0.07505295,0.005187602,-0.009574074,-0.044384684,-0.016629986,-0.10767792,0.03413242,0.035911784,-0.003050841,0.081041485,-0.0011996734,0.029948646,0.48781884,1
-0.139363,0.015223071,0.07830606,0.023628017,0.011766067,0.005760676,0.059503876,-0.030128665,-0.029517408,0.43169338,0.2734702,-0.38749054,-0.14378594,0.4193933,0.15496051,1.8021104,-0.038363893,-0.07414522,0.20385107,0.00036521768,-0.0840347,0.21530041,0.09848674,-0.18418254,-0.0022127556,0.23401804,-0.01131006,-0.36700755,0.02526698,-0.6944332,0.2566394,0.59786636,-0.13395575,0.060323454,1.1549798,0.13741218,-0.031028677,0.20077214,0.03570792,0.10698747,0.008868502,0.08628647,0.007010068,0.03829147,-0.0135856075,-0.00012242794,-0.072263405,0.020494994,0.0733811,0.012935734,0.057452384,-0.00021596649,0.0128558185,-0.028704867,1
0.68755835,0.030292327,0.02949885,0.031057065,0.0047572567,0.016688978,0.014235683,-0.015642608,-0.049536597,0.26424512,0.15085989,-0.2710671,0.12718885,0.29033795,0.01913484,-0.76024705,0.22783476,0.21470456,0.24485411,-0.0016347468,0.4791238,-0.0833661,-0.014623357,0.09536246,0.016154468,0.32373524,0.35065654,-0.17075513,0.118043534,1.4297631,0.4049776,0.73612076,0.021721587,0.037477657,-0.27249148,0.102266505,0.10471018,-0.09930274,-0.021267243,-0.047440585,0.00034268596,-0.055131413,0.010062893,-0.008842407,0.0050407615,0.029277852,0.25049773,0.017025707,0.040947083,0.020344274,-0.047603283,0.000820374,0.0005016901,0.59471047,1
-0.1604065,0.0055727116,0.02503914,0.0109630395,0.010560257,0.015874133,0.042873304,-0.020979902,-0.08430715,0.3834726,0.26412758,-0.27059734,-0.090793654,-0.09407566,-0.08962674,1.791502,-0.060742304,0.093753055,0.2709928,0.009354407,0.11346172,-0.12188531,0.061001215,-0.1307268,0.0057031335,0.33268833,0.28051564,-0.3320472,0.077249736,-0.46538576,0.38900158,0.6896103,0.20942625,0.034332834,-0.42674592,0.1326165,0.09031311,-0.033361193,-0.023380544,0.0618186,-0.007847504,-0.024912495,-0.0024633128,-0.01834115,-0.016815806,0.03442756,-0.08149594,0.012849231,0.057743587,0.011222861,0.031889334,-0.0009769407,0.009085644,0.47717655,1
-0.14603645,0.0056215697,0.08829691,-0.0017332584,0.022662923,0.0068024574,0.032192163,0.049485743,0.14457712,0.3160628,0.303423,0.5223281,0.108840294,0.3240059,0.094063744,1.5722356,-0.037154086,-0.060989458,0.17122157,0.00033420883,-0.092795275,-0.12819895,0.07715229,0.10841216,0.0042591086,-0.08792385,-0.24290562,0.7386167,0.13860498,-0.6485049,0.32185325,0.45235214,-0.16462821,-0.04658592,1.2822875,0.15998769,-0.035726804,0.20149985,0.031972457,-0.030508056,0.017941253,0.07712372,-0.012422271,0.00059706275,-0.037312206,-0.013600536,-0.08474384,-0.005248495,0.052014448,-0.00048931804,0.047520097,0.002772218,-0.051370036,0.22869502,1
-0.15625949,0.007888455,0.08669173,-0.0016536769,0.015197601,0.0064051845,0.029660491,0.07404577,0.16881791,0.3289618,0.32266995,0.4930036,0.116340764,0.34502605,0.123819105,1.3902601,-0.035626713,-0.06226781,0.1887794,0.00087149907,-0.09235041,0.21225612,0.06560524,0.11195106,0.0093878675,-0.17984642,-0.16266042,0.6987699,0.14590299,-0.70551074,0.23391858,0.33343214,-0.13099262,0.039972022,1.2642802,0.15137435,-0.03345333,0.20352404,0.04220127,0.099609286,0.01543056,0.08021709,0.008070622,0.004986693,-0.014157278,-0.0009864671,-0.06977878,0.0019364383,0.0679539,-0.0018526979,0.052204613,0.0048982846,-0.01827598,0.177848,1
-0.13013805,0.011768202,0.0787514,0.009831825,0.011714339,0.0060797264,0.051327795,-0.027907956,-0.01116205,0.43434396,0.32513636,-0.4547103,-0.08472529,0.41862136,0.15553924,1.8613874,-0.03827262,-0.066761695,0.20558053,0.0007250528,-0.07300199,0.21533741,0.08927656,-0.17017964,-0.0014361271,0.20639874,-0.0021631536,-0.38756528,-0.022360908,-0.5490616,0.26455542,-0.29818806,-0.07369108,0.06528586,1.1918261,0.15258831,-0.024147876,0.20176984,0.03524165,0.077686824,0.009228148,0.09155281,-0.00791247,0.01432391,-0.013729975,0.004051109,-0.06515138,0.0072586164,0.06705758,0.014014716,0.0499207,-0.0017938876,-0.011615401,-0.13860743,1
-0.1495852,0.008860372,0.0853566,0.017074287,0.011505039,0.0077198995,0.054402426,0.013959075,0.17934054,0.40118435,0.39078403,-0.25372007,-0.105376735,0.38648218,0.14359376,1.7570003,-0.039216816,-0.0708141,0.19230604,0.0005660476,-0.079929404,0.19144365,0.09501621,-0.18157785,-0.005228037,0.22574915,0.086253196,-0.2194567,0.030492533,-0.67101896,0.2643401,0.58315754,0.26723257,0.04261712,1.2367022,0.1423869,-0.026130574,0.1995591,-0.044254012,0.05762417,0.007905554,0.07938203,0.0035228021,0.0031999548,-0.0087538175,-0.003076578,-0.085912436,0.023502402,0.06935959,0.009616947,0.059008647,0.0038118027,0.015689788,0.096978106,1
-0.21102296,0.0026874333,0.02950622,0.01736582,0.008838613,0.0111775985,0.03351245,-0.0108985305,-0.029716847,0.29558754,0.19784717,-0.21529013,0.13641633,0.33116356,0.058365047,1.5960506,0.044688147,0.16013515,0.28147858,-0.011230156,0.45497277,-0.0638997,-0.02860133,0.14960735,0.0075187865,0.30200312,0.22719054,0.71505016,0.112770684,1.0590516,0.3277189,0.5727423,0.19996843,0.037135273,-0.25878307,0.13765787,0.08940253,-0.09476316,0.007840655,-0.034469914,-0.0009643689,-0.054061826,-0.0023367617,-0.012647413,0.08794382,0.021405479,0.26070938,0.0006276006,0.0017406861,0.014282048,-0.046195243,-0.00013282162,0.0078085465,0.2935974,1
-0.20187879,0.0055135004,0.032274924,0.01620572,0.009081599,0.0083413515,0.037124507,-0.012712058,-0.034579214,0.28824878,0.19984157,-0.23290822,0.13470037,0.3154885,-0.05372436,1.5706904,0.13078311,0.15940236,0.3079865,-0.0037191352,0.4601585,-0.06421866,-0.03079164,0.16631062,0.0122554405,0.3075563,0.23457241,0.8089858,0.10893073,0.824387,0.34577426,0.5888491,0.23149687,0.03721794,-0.24454436,0.1314118,0.08917536,-0.107842594,0.009549707,-0.031074444,-0.003629397,-0.054794226,0.00050341757,-0.012624336,0.043883212,-0.0035090283,0.18901114,0.002006447,0.028776366,0.006361156,-0.04321468,-5.9848768e-05,0.008050205,0.2957749,1
-0.13654943,0.008615548,0.075907476,0.00019288529,0.010490816,0.007332498,0.02827454,0.11278109,0.23729248,0.41198334,0.39105195,0.21934703,0.09951549,0.40079618,0.0061104954,1.7123389,-0.03541136,-0.054802906,0.021287473,8.245325e-05,-0.08357366,0.21481796,-0.028540283,0.027787764,0.0017478748,0.1813143,0.031852387,-0.15859216,0.14626752,-0.59995836,0.23494478,-0.5275243,-0.13206036,0.056811653,1.3195257,0.20278458,-0.028028559,0.16646732,0.04693705,0.10051509,0.0035864033,0.09373993,0.004216345,0.045082174,-0.049458727,0.0037468148,-0.05480343,-0.010036236,-0.04516891,-0.021348476,0.060625214,-0.0029208935,0.012462974,-0.14466646,1
-0.15087412,0.011981423,0.08528911,0.02108674,0.012198834,0.0061556594,0.05524618,0.01824793,0.16494873,0.4101731,0.38268736,-0.03156029,0.10969409,0.38224646,0.1473847,1.7126453,-0.037557673,-0.06601515,0.19232078,0.0008206866,-0.06574469,0.20896593,0.0969381,-0.17424345,-0.0009593284,0.10105752,0.16180037,-0.22537291,0.10522628,-0.6844799,0.2524152,0.5622905,0.05843318,0.045586288,1.2479136,0.14766634,-0.03164758,0.2007515,0.029316993,0.10643619,0.007905554,0.088108115,0.005467669,0.04201603,-0.0058274977,-0.004356209,-0.061299916,0.023520246,0.08268488,0.01025233,0.064304054,0.0006191983,0.005782285,0.25274488,1
-0.151713,0.0056822607,0.080192976,-0.0013634199,0.022662923,0.006600906,0.033932492,0.0797154,0.16128826,0.32734683,0.3192847,0.64473957,0.12190981,0.33842212,0.019224357,1.5682957,-0.036424298,-0.06306521,0.035476256,-0.0013195879,-0.084710225,0.15384063,0.07007497,0.110106654,0.005143109,-0.16659315,-0.015561701,0.68694794,0.14568314,-0.2545509,0.101002544,0.44870022,-0.15941933,-0.04697432,1.2969263,0.15052557,-0.032002337,0.20589721,0.027887756,0.09917776,0.015281359,0.075450376,0.0091821505,0.0457132,-0.006224432,0.0015056606,-0.07886505,-0.0052784397,0.055168707,-0.002816939,0.049890555,0.007869305,-0.053761777,0.24642521,1
-0.14060946,0.0066528562,0.07959691,0.02174902,0.012716509,0.007648814,0.053672373,0.0019574072,0.19571371,0.4101721,0.38923785,-0.36233515,0.07585024,0.41669944,0.11328721,1.8702537,-0.040128637,-0.061858613,0.19480322,0.006713042,-0.064527124,0.2536651,-0.030276563,0.06274748,0.005654035,0.20218977,0.0027919486,-0.30991447,0.1532593,-0.5837748,0.049020104,-0.43913475,-0.13783701,0.055757888,1.2268199,0.19650882,-0.031896997,-0.106270105,0.038205422,0.101036415,0.009352844,0.09377876,0.0033679442,0.040483102,-0.014855739,-0.00024932297,-0.059217982,-0.006398528,-0.054180432,-0.03133181,0.06019076,-0.0026628776,0.0052514533,-0.14082202,1
-0.20779237,0.002213207,0.028550925,0.014749929,0.002810592,0.008074903,0.034297563,-0.016857749,-0.03305204,0.2565795,0.18660109,-0.22613776,0.13601281,0.3141288,-0.11372119,1.5749178,0.047259476,0.16029151,0.28568432,-0.0036929483,0.46650454,-0.064309634,-0.007668398,0.16131188,0.010692718,0.2992009,0.24455453,0.7426212,0.11187612,1.0584807,0.34303764,0.5783902,0.24458995,0.0377586,-0.25653335,0.12928686,0.087827265,-0.12138707,0.0003916882,-0.04269287,-0.0055935704,-0.057833325,0.0029737726,-0.014077589,-0.019076051,-0.010086025,-0.03686707,0.0061890814,-0.01939665,-0.010954957,-0.038733725,0.004750397,0.00616959,0.3011153,1
-0.18472205,0.0044955756,0.026016602,0.009500965,0.009718878,0.0070907283,0.036507294,-0.02068028,-0.04228842,0.2646888,0.20724057,-0.21638338,0.09851581,-0.15097684,-0.13811618,1.6676749,-0.06350212,-0.0056735827,0.29480234,0.012830602,-0.15906188,-0.06404091,0.009697356,0.11879962,0.0093354685,0.286439,0.24032654,0.84112114,0.11145915,0.6062838,0.33332843,0.6105624,0.32027698,0.050978288,-0.3465882,0.1439439,0.08768127,-0.027050707,-0.003134732,-0.050160263,-0.014326317,0.03746062,0.00035126088,-0.007277496,-0.008837456,0.02844074,0.2634893,-0.0031383694,0.05532052,0.018945953,0.0006893198,0.0019839574,0.005858961,0.5234374,1
-0.2102053,0.0021987017,0.029480493,0.016566647,0.008838613,0.0091625815,0.0347332,-0.011765425,-0.029960314,0.29122722,0.1934554,-0.22969839,0.13953434,0.3225732,0.05837859,1.5924782,0.044688147,0.16066426,0.28568217,0.0049776356,0.44545934,-0.06398536,-0.030230895,0.16251831,0.010314025,0.3018997,0.2361962,0.7195132,0.10961298,1.0519302,0.33018377,0.57631016,0.19023636,0.037135273,-0.26261508,0.13739121,0.08966726,-0.09208103,-0.0010109609,-0.034469914,-0.0057401685,-0.0543571,-0.0023367617,-0.013137849,0.086268626,0.021443337,0.2721524,0.00060795154,0.01062604,0.0024436212,-0.046195243,-0.00013282162,0.0078085465,0.30919912,1
-0.13336653,0.0025197947,-0.08496779,-0.010545802,0.02144837,-0.0067753084,-0.013119098,0.11997618,0.20406958,0.43053168,0.42228192,0.8203098,0.117219344,0.4183836,0.094525665,1.6164207,-0.033688087,-0.056236744,0.0019924038,0.000504076,-0.08099379,0.2281737,-0.018740946,0.08321371,0.009441217,0.110695735,0.20177282,-0.31112272,-0.11938146,-0.6240324,0.25887248,0.39431292,-0.14325476,-0.021333247,1.2402904,0.18601027,-0.025833536,0.18095349,-0.023923345,0.11901589,0.01242402,0.048261005,0.005778254,-0.0016245361,-0.0031346555,-0.0041909986,-0.07919728,-0.0077659423,0.07046909,0.011466955,-0.0835686,-0.0014123798,0.00073132105,-0.16097,1
-0.14946088,0.009646103,0.088298686,-0.0031791371,0.012219202,0.003901785,0.026772112,-0.01338471,0.022064473,0.3081315,0.28588772,-0.29215407,0.11806426,0.33704308,0.123158254,1.7025285,-0.038788565,-0.068978496,0.19875486,0.00087149907,-0.09241735,0.20355171,0.07984521,0.120474905,0.00078518665,-0.18036385,-0.19364586,0.81043863,0.13538834,-0.7693203,0.20294824,0.5877229,-0.1484907,0.050814115,1.1843437,0.12155519,-0.035837837,0.21139133,0.0047540697,0.104904674,0.015581839,0.06440553,0.005216473,-0.032371443,-0.047452573,-0.014113386,-0.118325174,0.009189002,0.05598088,-1.9850908e-05,0.054884974,0.0044854833,-0.028387954,0.26111138,1
-0.21095009,0.0007310287,0.02400101,0.0013989935,0.020013662,0.0065561635,0.025157865,0.014297753,0.021727376,0.32021058,0.27700382,0.71679324,0.1166578,0.36865333,0.036442652,1.2748473,0.13076605,-0.015366047,0.07049069,0.0015340035,-0.08425823,-0.14106779,0.05237832,0.104129195,0.0025997893,-0.043315165,0.044335928,0.74771583,0.14299673,0.83892345,-0.12939979,-0.35121673,-0.13918765,-0.05770968,0.73262846,-0.07045288,-0.050617013,0.212645,-0.033023804,0.044739306,0.00070503855,0.07221814,0.013225305,0.008557664,-0.02041369,0.0012093795,-0.013884949,-0.009471638,0.07443492,-0.0037314256,-0.052810796,0.0099222325,0.012538403,0.068859465,1
-0.18511508,-0.0013206208,0.052235365,0.011036428,0.009497172,0.0045416895,0.029819507,-0.054679044,-0.0648505,0.11180667,0.18095581,-0.24766485,0.17532997,-0.025790285,-0.114399984,1.6702582,-0.058057502,-0.046227846,0.28093603,0.009797983,0.44395232,-0.062315494,-0.012284821,0.16423051,0.01436188,-0.106544934,0.22610122,0.8551325,0.117488556,1.0284605,0.33188578,0.6009225,0.22899428,0.043759663,-0.31283942,0.12632589,-0.068036355,-0.12623587,-0.018722352,0.03737455,-0.016045084,0.049035788,0.0024972493,0.025104329,-0.042381015,0.02815738,-0.12247604,0.004950646,-0.027185645,0.024542693,-0.03807394,0.00399277,0.008103261,0.14891337,1
-0.1391364,0.0011595124,-0.07121641,-0.012388332,0.017414603,0.0085406415,-0.01761291,0.10474785,0.17339584,0.42504716,0.363321,0.8694629,0.11790146,0.41109952,-0.15087196,1.5851609,-0.053283263,-0.0647223,-0.17131023,0.0007128576,-0.09378227,0.040566504,-0.0021713448,0.12057768,0.008939408,-0.16263135,0.07210382,0.07676128,0.073960885,0.35379496,0.2980954,-0.17032297,-0.14895304,-0.01496495,1.2223142,0.17108576,-0.0386747,-0.052255254,-0.04912654,-0.036379397,-0.0015101614,0.055765722,-0.006494034,0.0079752505,-0.04334072,-0.0010251794,-0.0894157,-0.004389956,0.07012612,-0.0020196892,0.03263109,-0.0039734803,-0.0132707525,-0.02997509,1
-0.054904617,-0.02029109,-0.1542896,-0.010261773,0.010755923,0.007365135,-0.013679223,-0.022889603,0.09098517,0.32075465,0.33321667,0.3946941,0.13178033,0.3873163,0.013094811,1.7867267,-0.0393896,-0.055729933,0.07888253,0.00056909584,-0.100929186,0.22883207,-0.0040200558,0.08912254,0.0068647508,-0.19797716,0.23100816,0.7835655,-0.18454127,-0.6218351,0.2387367,-0.11254576,-0.08717136,0.047047257,0.7421125,0.17352372,-0.027701441,0.16222425,-0.014538711,0.09043922,0.015471397,0.06737415,-0.006885847,0.0009662565,-0.04963186,-0.013442468,-0.113802336,-0.008531906,0.051601224,0.0015572226,0.044000916,-0.0036470366,-0.0011468686,-0.17709212,1
-0.1712253,-0.026485864,0.033088773,0.0008484436,0.0085828295,0.0034144178,0.017084602,-0.018585248,-0.029471101,0.32692775,0.2887036,0.017398864,0.13400786,0.42424354,-0.15499353,1.8440158,0.037457086,0.09356559,0.29310542,-0.023381095,-0.16017428,-0.11289464,-0.012303672,0.15242131,0.011679237,-0.27912295,0.24181093,0.81381565,0.06725581,-0.16443884,0.3568325,0.43428078,-0.08403204,0.049973786,-0.6451204,-0.032164533,-0.06257917,0.14446639,0.0050251237,0.07408648,-0.016189374,-0.06890027,-0.0027992087,0.03564963,-0.047277827,-0.00635082,-0.11430633,0.0039256252,0.057220157,0.007810588,0.022677079,0.0042124214,0.014096995,0.056399822,1
-0.14089239,0.004133995,0.032989234,0.001138093,0.012687345,0.009217519,0.03500611,-0.0349856,-0.02666174,0.43714622,0.29604167,0.49894074,0.12553744,0.46232072,0.11111249,1.7882682,-0.04685307,-0.036084067,0.1097517,0.004877284,-0.080089174,0.14323194,-0.019575989,0.10109447,-0.008326729,0.2276568,0.20968315,-0.34521055,0.13660985,0.47377485,0.13716407,-0.10613693,-0.13161875,-0.016898623,1.0348186,0.12329385,-0.0268269,-0.1393516,-0.051989634,0.08170752,-0.007000729,0.09078811,0.0026461696,-0.0126878675,-0.023088021,-0.007829709,-0.083421014,-0.007912146,-0.07544078,-0.05102218,-0.077468276,-0.0013595636,0.010438867,-0.23199852,1
-0.20273328,-0.009859387,0.0818545,0.011602439,0.010138784,0.0063352496,0.03413849,-0.021918274,-0.045902066,0.25457996,0.18957597,-0.24013925,0.14928125,-0.009002982,-0.122467056,1.7273427,-0.057351418,0.04666174,0.2946931,0.010090716,0.3728895,-0.074933305,-0.031605188,0.17003413,0.01775549,-0.026598504,0.21454203,0.9265708,0.1002832,0.6170151,0.35774943,0.62772083,0.23558673,0.041546397,-0.33458126,0.13613544,0.03954728,-0.073100075,-0.017291252,-0.054782074,-0.008507945,-0.05886462,0.0020632464,0.00031609647,-0.045913287,0.034339536,-0.13041039,-0.0028839868,-0.026608733,0.017898358,-0.0029663895,-0.00081686105,0.006540426,0.33575606,1
-0.16691399,0.0019877143,0.03326331,0.0020848801,0.018709408,0.0037925665,0.028315019,0.0028959224,0.021306263,0.37973982,0.31632325,0.6044477,0.1713169,0.4531531,-0.088005275,1.217384,0.1468995,-0.036292966,-0.5482709,-0.017474286,-0.1339883,-0.11836985,0.0072817905,0.13350873,0.0018729127,-0.25926125,0.24211016,-0.15212655,0.072695635,1.0404913,0.3084739,0.45059857,-0.1270638,0.049417987,-0.68322647,-0.1159486,-0.07672736,0.15406987,-0.013130069,-0.088140205,0.014303361,-0.08348771,6.5272907e-06,-0.008148538,-0.016476931,0.019256461,-0.088775806,0.008214219,0.052556653,0.016149882,-0.04099558,-0.00022664014,0.013609076,0.08780494,1
-0.13173239,0.002292389,-0.07616332,0.00064970297,0.0027552051,0.00546223,0.022712383,-0.029098824,-0.08127695,0.27373713,0.22966594,-0.07594844,0.12889288,0.37775987,0.12318387,1.8067765,-0.054967593,-0.06991552,-0.0061732978,-0.000507175,-0.09982665,0.1777239,0.05697269,0.11869812,0.0004483639,-0.15373972,0.050936367,0.77493095,0.12585862,0.8295018,-0.17150131,-0.28421292,-0.16881686,-0.023582889,1.1010872,0.0876795,-0.03174451,0.21830828,-0.04888936,0.06786294,0.013895605,0.07038543,0.008604839,0.035065763,-0.018259568,0.006286823,-0.059010707,-0.0078498935,0.082076974,-0.0039045538,-0.015504163,-0.0059685893,0.011206655,0.060970187,1
-0.1968972,0.0027961344,0.027280461,0.018452551,0.008838613,0.0058032507,0.038457,-0.015139665,-0.041417483,0.110315315,0.19380274,-0.23008566,0.17754145,0.34480092,-0.12350494,1.5569586,0.12807389,0.15187904,0.15736088,0.0011189941,0.4849849,-0.06797924,-0.012498343,0.17405443,0.01622388,0.26019222,0.2561603,0.7399893,0.104226835,1.0262653,0.31917784,0.60712427,0.23479044,0.040147517,-0.55477935,-0.18878669,-0.0792499,-0.102713965,-0.022590756,0.015339118,-0.010601405,-0.045143727,0.0019014627,-0.014400946,-0.04143038,-0.012746957,-0.12688123,0.0008570207,-0.022228207,0.025031643,-0.039019685,-0.0071960436,0.0050915945,0.37336412,1
-0.13636172,0.0026201708,-0.06646001,-0.0057264655,0.026167262,0.008912887,-0.01701073,0.10120952,0.20086974,0.41896242,0.40673393,0.8898357,0.114997864,0.40412048,-0.17048329,1.4786909,-0.03120112,-0.05753306,-0.32488972,0.00026779855,-0.07570812,0.22103988,-0.013695902,0.08790421,-0.0061959038,0.21185368,0.22301094,-0.27718097,-0.10623922,-0.6700228,0.23947199,0.39107287,-0.0909855,-0.020538285,1.2561431,0.19756928,-0.02731725,0.16237685,0.064219736,0.11674405,0.010682654,0.07632086,0.005778254,0.04044346,-0.0032730773,-0.012414776,-0.0791787,-0.0053988886,0.06854774,0.012083171,-0.028657556,-0.003004516,0.0040629236,-0.03787454,1
-0.1339724,0.0006911996,-0.0727745,-0.005170429,0.02524716,0.009557776,0.036852524,0.110291585,0.1858253,0.4426415,0.36646935,0.9108665,0.12285748,0.44827318,0.1386246,1.5477557,-0.043314524,-0.054120023,-0.27243853,0.0005470598,-0.07483172,0.1680528,-0.015897194,0.09336657,-0.009013726,0.19546002,0.20253962,-0.2809472,0.1305661,0.3362354,0.12706912,-0.07998904,-0.12618364,-0.026920395,1.0824068,0.15999494,-0.030116763,0.19563201,0.071007654,0.093387365,0.012911638,0.09669006,0.0022468711,0.035093613,-0.00628421,0.0048995973,-0.06404165,-0.0071543837,-0.05252679,-0.019754924,-0.073183924,-0.0052207434,0.009038234,-0.16969751,1
-0.20342362,-0.011855801,0.027849166,0.019347806,0.008838613,0.010690516,0.035891905,-0.010866724,-0.031489998,0.24619286,0.19334884,-0.22338398,0.15978146,0.3588378,-0.118337944,1.5916597,0.12538016,0.1620644,0.30214182,-0.0010383036,0.46356788,-0.068195395,-0.014502257,0.16025421,0.016403485,0.2783875,0.2563231,0.74847776,0.088195495,1.0510399,0.33924502,0.6032381,0.24092525,0.034001652,-0.36000812,0.11124456,-0.004944963,-0.124469265,-0.025850572,-0.053959344,-0.01239888,-0.059703793,0.0023034052,-0.015368115,-0.022920813,-0.0140564935,-0.13231471,0.0020270683,-0.01761026,0.013441034,-0.038543012,-0.00016203162,0.0050915945,0.2973979,1
-0.14340921,0.00024041993,-0.026895776,-0.01464419,0.019738294,-0.011684798,-0.005927023,0.24184601,0.24936269,0.4559944,0.6483944,1.1904616,-0.14653371,0.3915124,0.016347483,1.1954195,-0.04068119,-0.05175311,0.041757233,-0.00014206814,-0.07837126,0.21589005,-0.021368904,-0.14722368,-0.005993822,0.17671143,0.04676698,-0.30232042,0.093601614,-0.0057346215,0.20101696,-0.5688124,0.0025727528,0.033397328,1.2518982,0.17110673,-0.02121742,0.21018106,-0.011277255,0.07985903,-0.0177381,0.081152305,0.005555328,0.03758014,-0.020276427,0.010136075,-0.060506836,-0.008233709,-0.04171901,-0.011380945,0.04637994,0.007749296,0.004931363,-0.14944196,1
-0.19399144,0.0071209413,0.08663457,0.0037319837,0.007040556,0.009264516,0.026288906,0.0101458635,0.090374656,0.33661252,0.31803545,0.04024067,0.14391825,0.42077765,0.10137218,1.7085762,-0.04838129,-0.08341025,0.20707947,-0.00020618038,-0.09622884,0.20567526,0.064433984,-0.16842762,0.014038141,-0.21241663,0.08085822,0.5561653,0.11329069,0.6859245,-0.24140269,0.45740238,0.26735425,0.03939154,1.153659,0.11032068,-0.03080163,0.21149975,0.016706,-0.046068884,-0.025090246,0.069424115,-0.006877529,-0.0046760957,-0.030183576,0.0008074471,-0.105098456,0.020831965,0.075630166,-0.0019520584,-0.010325063,0.0061226087,-0.00580089,-0.02840139,1
-0.2000658,-0.021148235,0.028128998,0.016950695,0.009859007,0.011042118,0.03887172,-0.017523477,-0.045430824,0.31404293,0.20207542,-0.25639513,0.10638908,0.33996525,-0.12474601,1.7378191,0.045912508,0.1251214,0.3102595,0.007929856,0.4459903,-0.06919176,-0.007869048,0.17042701,0.015346329,0.33607626,0.2321183,0.72527295,0.10484656,0.78847265,0.34059957,0.35830098,0.04874941,0.04740014,-0.27904293,0.116988406,0.08721828,-0.12074309,0.0006624791,-0.031347,-0.008527206,-0.060309097,0.0011656545,-0.01531145,0.11167798,0.027863083,-0.151583,-0.0017145323,0.013294734,0.0072442363,-0.04382399,-0.00024313212,0.007061803,0.13785562,1
-0.19426595,0.0073900935,0.07009762,-0.011564414,0.0041444446,0.0018455697,0.036792316,-0.024213944,-0.04895727,0.4075676,0.26156786,-0.19702329,0.14254057,0.4305217,0.14831653,1.5441002,-0.063757494,-0.10686778,-0.22515808,-0.0004726667,-0.14767876,0.13055825,0.09053509,0.14758964,-0.0015181687,-0.08203874,-0.29273587,-0.14975215,0.1657021,0.60811925,0.059341338,0.58484596,-0.11994383,0.041988857,-0.61975265,0.14792936,-0.02130931,0.19826405,0.031222127,0.09671261,0.01070555,0.09335242,-0.004499129,-0.005711963,-0.010155782,-0.0074890787,-0.07977873,0.012595438,0.0787654,0.00034384406,-0.006224418,0.013056078,0.0042921817,-0.12738344,1
-0.18952544,0.004910233,0.087709665,0.005206083,0.023784228,0.009509066,0.014815008,0.07882354,0.15249126,0.41672555,0.39567885,0.7694157,0.004136594,0.4497969,0.13588731,1.6386185,-0.049612626,-0.06967964,0.12272118,-0.0008778337,-0.08397744,0.24855676,0.041864116,-0.15306115,0.0012181583,0.23681802,0.17484057,-0.30532107,-0.17186832,0.66959536,-0.14482658,0.38593897,-0.03199176,0.03623104,1.1195447,0.13667217,-0.027140958,-0.043100342,0.06563743,0.09366949,-0.014593591,0.07545072,3.8586673e-05,-0.023995757,-0.04374148,-0.0076593235,-0.08211251,0.022874348,0.06976417,0.015787367,-0.057563234,-0.005430137,0.006407479,-0.2019056,1
-0.20405169,0.0049129566,0.03215645,0.015678164,0.009277278,0.009931127,0.037736207,-0.016000204,-0.0384524,0.3069666,0.20398206,-0.25623268,0.07010891,0.20641668,0.10013112,1.6790985,0.14266592,0.15264435,0.2974552,-0.005825324,0.43063208,-0.06634845,-0.030415168,0.16262251,-0.01814267,0.31577587,0.13059762,0.8518887,0.10387738,0.62446123,0.32389244,0.39018205,0.18670502,0.038969837,-0.28241238,0.1281421,0.08641826,-0.11178039,-0.007847996,-0.033034805,-0.0017901871,-0.06307362,-0.0019888582,-0.014906997,0.11218327,0.03663131,0.07955935,0.007360781,0.06430821,0.020723334,-0.051117234,0.0101375785,0.009368861,0.11973742,1
-0.20962116,0.011618955,0.09225151,0.013744947,0.009061773,0.0020978681,0.03147988,-0.01363028,-0.052400075,0.38018966,0.2606454,-0.21436922,0.062335942,0.28310916,0.032798745,1.7898778,-0.070132755,-0.055680793,0.28499475,0.00835667,-0.1503363,-0.019782813,0.033561766,-0.26386526,0.0054467,-0.10297392,0.12253623,0.23880833,0.09677479,1.128736,0.32217357,0.60241085,0.33579,0.041665666,-0.39350426,0.13627075,0.09719286,-0.06165219,-0.0012200428,-0.0077255135,-0.013307281,-0.03302065,-0.004710651,-0.016887141,-0.026396094,0.01890382,0.22877613,0.0051012146,0.06198925,0.017867384,-0.049718127,-0.001306031,0.008060689,0.18864006,1
-0.14240406,0.002824306,-0.08643567,0.0020165527,0.02643899,0.006020435,0.032225333,0.09878869,0.20738259,0.38494423,0.33985883,0.7535007,0.11049742,0.3318106,0.14456847,1.4161677,-0.04056613,-0.062182643,0.020834737,-0.0005312981,-0.094121285,0.14511178,0.07156523,0.10627174,-0.0032014076,0.19547065,-0.42867655,-0.101468116,0.16399059,-0.32092154,0.2512049,0.20269272,-0.13301942,-0.027881037,1.1262782,0.08983233,-0.03172246,0.20448709,0.04398437,0.08999457,0.012730768,0.09465427,0.009557001,0.038700417,-0.0068733348,-0.004686107,-0.059610296,0.020163607,0.08314169,-0.020468382,-0.06890588,0.004544585,-0.0036597885,0.25386867,1
-0.19562651,0.004059022,-0.0016698055,-0.013558173,0.009507087,0.010528877,-0.014379328,0.07319559,0.11222453,0.3404498,0.32239512,0.5847587,0.14892952,0.41742703,0.11430192,1.5775701,-0.0452958,-0.07053657,0.1093729,-0.00062319497,-0.08115266,0.20708348,0.05473843,-0.18909448,0.01206655,-0.20610031,0.15721367,0.5014383,0.07321578,0.6033672,-0.22249115,0.3727157,0.24179555,0.03233262,1.1684471,0.10979094,-0.043336663,0.19764966,0.046432424,0.072090395,-0.013023427,0.071827404,0.002642136,0.0005894969,-0.034740947,0.0020649568,-0.051433407,0.016289279,0.06928218,-0.00270486,-0.007884216,0.008761927,-0.005581419,-0.20766947,1
-0.16160141,0.0047236225,0.078894556,0.0036870206,0.03244257,0.0056902017,0.033200145,0.104588166,0.182691,0.3658233,0.30664977,0.7712006,0.10267392,0.32202762,0.14277598,1.4571328,-0.054206967,-0.071577646,0.04595636,-0.0034643947,-0.09575074,-0.14543661,0.09142538,0.10384244,-0.0049105757,0.19228148,-0.4434018,-0.08617747,0.17730069,-0.09578729,-0.034802724,0.23282033,-0.13751039,-0.05184711,0.8039571,-0.037292264,-0.045688443,0.22955024,0.034268923,0.035783574,0.013862913,0.102942176,0.013917579,0.042165983,-0.016619677,-0.0101450365,-0.078093655,-0.006342874,0.07254688,0.0016303738,-0.05754059,0.007691021,-0.04763077,0.38641143,1
-0.13917157,0.0040027304,-0.028939134,-0.011597793,0.02162899,-0.0047108424,-0.0031858855,0.2578501,0.24809554,0.43872517,0.6348197,1.148214,-0.15779328,0.37181813,-0.1649352,1.3614532,-0.036338817,-0.055384334,0.042710174,0.003180005,-0.07425249,0.17973277,-0.013780255,-0.16045588,0.0017457798,0.18189107,0.024806684,-0.30802137,0.12269359,-0.25707385,0.12152949,-0.5249037,0.0021842965,0.0337763,0.35015127,0.19185537,-0.044352893,0.2496792,0.03473965,-0.09771324,-0.019285878,0.047120925,-0.008202566,0.040128212,-0.01683927,0.013356309,-0.08530514,-0.0074099433,-0.049947027,-0.018457323,0.041124478,0.0077914204,0.0042872834,-0.20169073,1
-0.20307155,0.0061105117,0.029090388,0.014933191,0.0089819515,0.00791611,0.035970733,-0.020133741,-0.04505402,0.2803439,0.17863694,-0.2562194,0.07160342,0.08126045,0.091950975,1.6361909,0.12922396,0.14009506,0.3003573,-0.001028457,0.46881244,-0.062453635,-0.029746808,0.15930538,0.0029684044,0.33092397,0.1798032,0.85054743,0.106974944,0.684394,0.33005255,0.37401885,0.2007713,0.035046812,-0.25609073,0.13905318,0.08722529,-0.11442962,-0.0071845553,-0.034607146,-0.0030029071,-0.06506629,0.0005132877,-0.014628014,0.11038664,0.035087068,-0.023528809,-0.0028624341,0.040623527,0.020946013,-0.051117234,0.009221609,0.009368861,0.2750756,1
-0.19561279,0.0070644803,0.091655806,0.011962482,0.009847594,0.0013345703,0.02623622,-0.012559075,-0.050413452,0.40294445,0.26850823,-0.22592473,-0.12868626,-0.066616975,0.09608532,1.826414,-0.068689495,-0.047344875,0.27505946,0.012976592,-0.13500066,0.08481432,0.053911347,-0.23566332,0.0012341305,0.29611814,0.14241087,-0.36721408,0.107883304,1.1330813,0.32902765,0.6061468,0.14269254,0.033473007,-0.32393438,0.13205066,0.10102151,-0.091547705,-0.01633281,-0.062269304,-0.015826078,-0.07469894,-0.0043730484,-0.014970111,0.023708113,-0.0028098617,-0.07609305,0.0035955654,0.07065717,0.016020682,-0.049926575,0.0012123773,0.009851873,0.3912711,1
-0.17777641,0.0066732904,0.0013871063,-0.008401669,0.019378189,-0.002876231,-0.018139811,0.09663533,0.14413571,0.43125898,0.41940305,0.84065676,-0.2338948,0.43291867,0.14100757,1.4946756,-0.04206949,-0.06820788,0.047477864,-0.0010613713,-0.07940631,0.20757435,0.042729728,-0.1486966,-0.009556865,0.22299992,0.20510428,-0.316107,-0.1715851,0.58557177,0.074032255,0.34653333,-0.11293513,0.031423435,1.1131061,0.14578661,-0.031101083,0.17881717,0.08156979,-0.099249795,0.011223178,0.08919665,0.0041007483,-0.0012907517,-0.00835645,0.004144116,-0.07485905,0.019613571,0.073797636,0.017360866,-0.006871056,-0.0039704787,-0.030398298,-0.22218952,1
-0.1919485,0.009905097,0.0039496794,-0.011099825,0.009553457,0.0023480547,-0.022463746,-0.0018876855,0.114916466,0.42185622,0.28117678,0.38987744,0.13380389,0.40647772,0.032754615,1.6732388,-0.05661854,-0.08299898,0.043016277,-0.0009975701,-0.101890504,0.15310049,0.07955005,0.12197304,-0.0038054546,-0.08852568,-0.3197186,-0.21139516,0.15727946,0.60976374,0.050188392,0.49531618,-0.07898381,0.03493727,0.12205711,0.16411003,0.046869654,0.203036,0.06252121,-0.011535578,0.008204157,0.10146418,0.012095108,-0.0050736973,-0.005625644,-0.0052343206,-0.05655655,0.024065748,0.086820565,0.00059663085,-0.0024378272,0.010018008,0.01159178,0.065808885,1
-0.18641543,0.0045079594,0.082063355,0.0048546586,0.023345735,0.01093852,0.008887768,0.062268917,0.13879074,0.40619147,0.37988302,0.7086814,0.044293888,0.42981353,0.14186777,1.6309956,-0.0456262,-0.06487917,-0.0002768964,-0.0008778337,-0.07793695,0.25577545,0.05363285,-0.15694724,-0.009476069,0.21973881,0.187742,-0.31346354,-0.10074779,0.6434663,-0.25234693,0.39069968,0.13409139,0.008003598,1.1358802,0.15063657,-0.032245435,0.19271396,0.055779483,0.10078688,0.009999466,0.09629038,0.004261425,0.0017703499,-0.00830256,0.0034281905,-0.067570284,-0.0023628394,0.037681777,0.0031411806,-0.005504782,0.007902338,0.013261887,-0.19469057,1
-0.20147873,0.005220308,0.022183936,0.01065238,0.00603818,0.0062115733,0.032790005,-0.055163197,-0.04764808,0.13481948,0.05330706,-0.2522814,0.12694612,-0.029014338,0.06328171,1.5840659,0.12444195,0.12917447,0.28220358,-0.008654437,0.50115025,-0.04991197,-0.03158032,0.16624428,0.010373789,0.3366136,0.23298496,0.5253004,0.09851002,0.7894139,0.30779982,0.47385293,0.22374663,0.036508873,-0.23202817,0.17282702,0.07308481,-0.117218636,-0.010871941,-0.033897184,-0.0044479584,-0.06422481,0.0058485274,-0.016172394,0.10168563,0.0044751223,-0.05254554,0.0025401325,0.03630476,0.023715202,-0.051947393,0.009828016,0.00644557,0.43057394,1
-0.17732564,0.0009385198,0.075997,-0.010630725,0.021944575,0.009714996,-0.011851134,0.011785979,0.14961846,0.39088947,0.33817226,0.7945809,0.09046469,0.43558004,0.09269934,1.6022146,-0.042017594,-0.055815242,-0.17129758,-0.00092094974,-0.06988265,0.23046294,-0.021298567,0.064450026,-0.0065165325,0.18941332,0.2236315,-0.3010501,0.1250906,0.65503013,-0.28986242,-0.27285767,0.22932802,-0.041301455,1.0697535,0.16046755,-0.030918894,0.23361151,0.06470594,0.086596705,0.011965534,0.0905287,0.0064728456,0.033941686,-0.011386845,0.01002736,-0.064570375,-0.010191843,-0.044528175,-0.02372853,0.03527698,0.00013207272,0.01543732,-0.18849503,1
-0.20854428,0.006314417,0.025483754,0.014539201,0.0067361086,0.0071080117,0.04715541,-0.01821654,-0.03739801,0.14089991,0.14395486,-0.20706081,-0.006663339,0.28682017,-0.12863532,1.6977026,-0.052722543,0.113127805,0.2816462,0.007627687,-0.10998322,-0.06947027,-0.034902077,0.072117195,0.0023374804,0.32228932,0.23810107,-0.31325805,0.091684915,1.1787302,0.35029155,0.62465876,0.34080258,-0.021691341,-0.31266016,0.15134315,0.09960906,-0.112313,-0.024913296,-0.03913331,-0.014074672,-0.057192445,0.0032978102,-0.014960114,-0.020743618,0.022810915,0.3211026,0.005670843,-0.0065667704,0.01672868,-0.045736946,-0.0025767754,0.00899385,0.4256063,1
-0.20966145,-0.0016406334,0.031789415,0.01668661,0.0039258474,0.018018862,0.042140365,-0.014297241,-0.039287217,0.31659672,0.2228548,-0.23144758,0.1118447,0.30321512,0.10560707,1.7479063,0.047445524,0.116071105,0.2639331,0.007879828,0.39051488,-0.074041486,-0.020529361,0.14672692,0.002607006,0.30986664,0.24271998,-0.17233689,0.117465176,1.1678097,0.1707727,0.5988594,0.2562369,0.0354457,-0.25438127,0.12656803,0.105738804,-0.09946414,-0.006024274,-0.042104553,-0.006762683,-0.06464256,0.0061865696,-0.006538745,0.079856284,0.021215647,0.2509527,0.019915454,0.06878097,0.019057795,-0.030261284,0.0013944221,0.010035909,0.5742887,1
-0.21044838,-0.002476503,0.027872708,0.009148524,0.0100002205,0.018092344,0.037599444,-0.021431273,-0.042667627,0.3163239,0.19820511,-0.25117487,0.10547016,-0.03684427,0.115393765,1.764855,0.036161322,0.092191026,0.25710735,0.012754388,0.28905395,-0.0666709,-0.009231729,0.12578751,0.0053298636,0.32063252,0.23918465,-0.36679083,0.094739795,1.1829565,0.17866196,0.5877116,0.28645468,0.025614005,-0.273333,0.14100346,0.09565759,-0.09808856,-0.009523376,-0.04373909,-0.005992317,-0.06518036,0.0061667385,-0.006874927,0.08493728,0.025123974,0.31186783,0.009533243,0.05777402,0.018746525,-0.0043016956,0.0028882972,0.009585822,0.58030283,1
-0.16798712,0.0044362834,0.08149534,-0.017440002,0.012325857,-0.01175181,-0.020343978,0.07683977,0.12421653,0.3785418,0.33609644,0.78656214,0.11165136,0.35802147,0.1390187,1.4048791,-0.041986417,-0.06545684,-0.3699696,0.00026647747,-0.07437534,0.017154278,0.057920966,0.09425154,-0.011900722,0.17673369,-0.18319383,-0.22595622,0.08435938,0.65518564,0.22670448,0.41054916,-0.114149354,0.027866505,1.0061972,0.14763476,-0.037234027,0.18519689,0.05149589,0.081536725,0.0085907085,0.08181255,0.007132423,0.03089298,-0.008907798,0.00060678576,-0.06777309,0.0008949812,0.0808206,-0.001834824,0.036156952,0.0097533,0.013746139,0.35442927,1
-0.17335473,0.012672271,0.07931378,0.0038455871,0.012859914,0.004993043,0.030250104,-0.029367683,-0.07936767,0.3581562,0.25002822,0.029200472,0.13154185,0.37833723,0.14071432,1.8663186,-0.05642156,-0.085598335,0.20406266,-0.00018377136,-0.091876194,0.23752761,0.090147436,0.1279079,-0.0049038404,-0.17978954,-0.25050727,-0.18889399,0.16345254,0.16089216,-0.18551998,0.28369966,-0.13971546,0.06806675,1.0610373,0.14699249,-0.04177457,0.15749183,-0.052977536,0.051961116,0.008585656,0.09624802,0.0040123807,0.0119342115,-0.013297147,-0.006542066,-0.092964515,0.02070931,0.07372284,0.01731745,-0.06556629,0.0033228672,0.011820647,0.25501835,1
-0.19332424,0.005371617,0.08496813,-0.012521654,0.016092021,-0.004369751,-0.021267567,0.09037095,0.13176541,0.41490975,0.39593533,0.7531792,0.14985631,0.44823605,0.13598602,1.5274122,-0.048868872,-0.063757844,-0.011205393,-0.0009572366,-0.08162529,0.1738321,0.060412176,-0.16911063,0.0024992188,-0.19401275,0.18978888,-0.26631898,0.060916767,0.6345229,0.12520798,0.3777185,0.26212284,-0.08220366,1.1661041,-0.04723716,-0.02753809,-0.09887335,0.04712667,0.09665506,0.012170531,0.092851505,0.004689922,0.032762446,-0.0076413387,-0.0018487463,-0.07642884,0.016885718,0.08811922,0.015140539,0.0009148107,0.0036011324,0.014484678,-0.19559251,1
-0.208705,-0.0044607697,0.028642634,0.014239391,0.009753592,0.019460518,0.04070276,-0.014266299,-0.044186033,0.3051445,0.23295787,-0.20064911,0.07650981,0.30433217,-0.12746236,1.6274704,0.008810369,0.12192788,0.2847764,0.007946368,0.3376893,-0.07333735,-0.029948866,0.100074425,0.014261019,0.31330007,0.256886,-0.11961537,0.10481908,1.1315687,0.32587922,0.62530607,0.31613576,0.006012817,-0.22611964,0.12941404,0.09914268,-0.020465635,-0.02698598,0.050747216,-0.014959538,-0.043442145,-3.4201366e-05,-0.012300145,-0.011241861,0.021022752,0.29282418,0.0040284162,-0.02940473,0.022178823,-0.039870426,0.0072224103,0.0096889995,0.53797764,1
-0.18005389,4.4631714e-05,0.07569528,-0.018630642,0.002206711,-0.010907862,-0.006808913,0.19768727,0.14769672,0.41043502,0.558582,1.0211024,0.13453116,0.4120677,-0.14217019,1.2349894,-0.043231227,-0.055189714,0.047693048,-0.0010315052,-0.07419055,0.23805007,-0.013112739,-0.09464771,-0.0047351723,0.19070275,0.21782802,-0.2855866,0.033030313,0.6589714,-0.2543248,-0.5388297,0.10316468,-0.04156375,1.0484273,0.15770163,-0.033403557,0.22876479,0.072529584,-0.08591633,0.011876885,-0.14643723,0.0027833295,0.03818509,-0.021099066,0.006689342,-0.07640993,-0.010696581,-0.078538425,-0.017061448,0.020532861,0.006553808,0.012890475,-0.18873847,1
-0.18251604,0.0037762453,0.08531708,0.004326759,0.020190252,0.010768771,0.0369498,0.06037646,0.13432735,0.4153264,0.38704908,0.7313853,-0.020217419,0.44661006,0.13436146,1.600039,-0.04896737,-0.065457955,0.19090666,0.004546641,-0.082305625,0.20138852,0.05446383,-0.15304679,-0.011398882,0.21878473,0.083895594,-0.32644454,-0.11110805,0.67283994,0.043870494,0.41925243,0.15221056,0.04181286,1.1329906,0.106211625,-0.030049,-0.05908152,0.073127314,0.08544772,0.0066334126,0.082858995,-0.006388239,0.033943955,-0.006759058,-0.011976011,-0.07641699,0.0030987943,0.06271859,0.019623177,-0.050749335,0.0031455972,0.0065128286,-0.060554568,1
-0.17353496,0.00949727,0.08640887,-0.00062652584,0.011623354,0.0048509594,-0.018267304,-0.019813998,-0.044258904,0.34601143,0.27997354,0.4062321,0.13129644,0.3741763,0.029019723,1.6997937,-0.05639983,-0.07624105,0.011106654,0.00036156923,-0.10169191,0.17795335,0.07190487,0.123861976,-0.012353378,-0.18135892,-0.36425215,-0.34564427,0.14158028,0.49412525,0.27813902,0.3354915,-0.13714425,0.050840713,1.0699551,0.13718137,-0.038107827,-0.10216158,-0.045979217,-0.096466,0.009741031,0.084055915,0.0048040515,0.034315325,-0.022692496,-0.0055606114,-0.08539017,0.0023768635,0.09560058,0.00021223328,0.036790214,0.0039090416,0.009544101,0.34880027,1
-0.21701324,0.002900022,0.030348388,0.014496779,0.009186158,0.018563887,0.039284617,-0.01468198,-0.038878456,0.31713155,0.19989802,-0.2529381,0.10210935,0.27644446,0.11289436,1.7396085,0.040802274,0.14086352,0.25352502,0.0024664626,0.34412315,-0.08760715,-0.025426192,0.12587261,0.0047659962,0.3115906,0.2439941,-0.38349566,0.10931636,1.1606474,0.07403845,0.59242016,0.29361522,0.020745512,-0.28211066,0.12222245,0.10853928,-0.09620364,-0.010071152,-0.041858915,-0.0059158853,-0.06564963,-0.00459195,-0.0069194078,0.08610734,0.025338827,0.31675372,0.014265197,0.0673052,0.018762756,-0.03018559,0.0012632216,0.0094249565,0.572425,1
-0.16422236,0.0029978976,0.0817352,-0.0141352685,0.019922186,-0.0072019,-0.01880313,0.093385845,0.14267859,0.382928,0.3420653,0.8969068,0.09479039,0.3551578,0.015442718,1.493633,-0.050011255,-0.065863185,-0.015184549,-0.0024575861,-0.08791678,-0.1492162,0.064939246,0.10150021,-0.008452859,0.1997891,-0.002207829,-0.17334832,0.12371786,0.450648,0.118142106,0.4293303,0.00512461,-0.012356116,1.0864112,-0.028098272,-0.03735624,0.18967229,0.034455,0.0876918,0.009514393,0.071936704,-0.0061418493,0.029090986,-0.007718037,-0.0036700815,-0.07595611,-0.0012966753,0.08372083,-0.002677745,0.0016396838,0.0104606375,0.01611386,0.3777111,1
-0.21573304,0.002900022,0.025251146,0.010297798,0.0058890423,0.016496735,0.034234148,-0.019780753,-0.04357825,0.30636692,0.1360167,-0.24880666,0.11757936,-0.05471991,0.11567292,1.730282,0.037534025,0.13281853,0.23821352,-0.003179095,0.35154757,-0.09904317,-0.02112619,0.11656599,0.009706703,0.32156214,0.24768816,-0.44321892,0.10784774,1.1765847,0.04102719,0.58366174,0.29131207,0.025679717,-0.2636778,0.13861571,0.08748396,-0.09763514,-0.01619698,-0.040885586,-0.005628454,-0.065324076,0.0043199663,-0.006863002,0.07826172,0.025794482,0.3010587,0.014265197,0.044315387,0.018762756,0.0031391964,0.0029300093,0.008629853,0.59106976,1
-0.19703753,0.005001207,0.089718744,0.004220374,0.0175585,0.010840349,0.0407964,0.010755445,0.1253489,0.42542872,0.37857112,0.65583193,0.13648301,0.4644711,0.13175672,1.6217612,-0.050246038,-0.066402346,0.18504229,0.000997087,-0.07783677,0.17732288,0.057156116,-0.16619697,0.00653696,-0.17886232,0.17580283,-0.2816843,0.056677483,0.6397285,0.09404506,0.40469393,0.27028129,-0.06911417,1.0947837,0.052923933,-0.032264173,0.13558362,-0.054987524,0.099567614,0.012820309,0.08661355,0.0038453317,0.0008824102,-0.036666885,0.0020519854,-0.07198792,0.026700217,0.058847327,0.015718745,-0.036215972,-0.0026388504,0.0072190803,-0.21290323,1
-0.089645356,-0.0065952973,0.027222913,0.016950695,0.009043315,0.011513662,0.033205546,-0.013113869,-0.030380942,0.2375729,0.18011546,-0.21370709,0.14078495,0.30057764,-0.11996095,1.5120142,-0.044977404,0.15288974,0.29392916,0.0047244453,0.34060666,-0.071512066,-0.028497487,0.16019766,0.013938548,0.29113665,0.25981617,0.79969376,0.14495882,1.0897918,0.33231574,0.6265909,0.041023545,0.036032703,-0.2804735,0.12835397,0.091837764,-0.10278554,0.0046687685,-0.050871033,-0.008455327,-0.032856256,-0.0028203502,-0.0016833408,-0.034178577,-0.0046723597,0.28363815,0.012783225,-0.022673514,0.020387325,-0.039782654,0.008058483,0.0051887846,0.55651873,1
0.68128765,0.016478363,-0.119679056,-0.016835116,-0.007065393,-0.004825923,-0.03085967,0.08678113,0.13517721,0.34540012,0.57792675,0.76469773,0.11673912,0.3499855,0.030100644,-0.56290734,-0.083452165,-0.09654283,0.1520906,-0.0077999947,-0.077245444,0.22933638,-0.01476739,-0.097282015,0.0009482726,0.11918912,-0.30490467,-0.3763602,0.1718934,0.8322042,0.07678034,0.43909323,0.05959312,0.032490805,1.325783,0.050506398,-0.04594084,0.22045656,0.022494512,0.06353465,-0.008552295,0.0798488,0.005529877,0.03880092,-0.0043182876,-0.012382193,-0.073070176,0.0408997,0.05440672,0.008199624,0.05226987,-0.0012547089,0.01684396,-0.2162516,1
0.2628636,-0.008597917,-0.16804355,-0.01720751,-0.015608737,-0.011647256,-0.020756243,0.113775745,0.15785623,0.3386477,0.49784207,0.68701774,0.10955494,0.3320877,0.023512645,0.66565144,-0.055515718,-0.07925802,0.1976106,0.00023561297,-0.093945205,-0.13559823,0.03551964,0.11758428,0.012680569,-0.18960682,-0.26119792,0.7346241,0.085613534,0.21772367,0.3201063,0.23174396,-0.15262471,0.035154466,1.2132467,0.11697324,-0.0358131,0.18593042,0.045438755,0.06548797,0.010578197,0.06041869,0.0012214056,-0.0038969885,-0.014844421,-0.001866427,-0.0909661,0.015116925,0.076331295,-0.0052113123,0.039597332,-0.0062681665,-0.008441186,0.13648689,1
0.19188489,-0.018352559,0.095920384,0.019382505,0.007618778,0.00755541,0.05048491,-0.007595604,0.0011486481,0.34271926,0.34839088,0.050653145,0.13674852,0.40696225,0.123762935,1.495932,0.0010891829,-0.042673852,0.28257817,-0.020114888,-0.17672078,0.21605103,0.080071755,-0.24044442,-0.035645682,-0.06677743,0.02415167,0.7202781,0.15829512,-0.46486065,0.21974356,0.61030483,-0.1069612,-0.065065,-0.7190613,-0.09181034,0.03989981,0.26779696,-0.009994827,-0.013199795,-0.024605114,0.05668477,0.0034174472,-0.018144067,-0.037650578,-0.018539581,-0.12045786,0.015794747,-0.054419395,-0.0026227857,-0.006445745,0.00014416,0.009166182,0.07891438,1
0.49247172,0.017382517,-0.13508473,-0.01782676,-0.017950835,-0.013262156,-0.03113215,0.26201957,0.23553173,0.32799762,0.71211034,1.2289826,0.06252633,0.25991234,0.11424363,-0.85377914,-0.06394105,-0.08154225,0.14835675,-0.00493663,-0.08978043,-0.20700414,-0.0003198915,0.05364778,0.0035084027,0.11574541,-0.03671746,-0.3809076,-0.20514755,-0.36529398,0.33523527,0.24131809,0.17099632,0.038231105,1.4532076,0.15845373,-0.04213765,0.15769516,0.06347156,0.08835607,0.009801894,0.081686035,0.005909095,-0.02922705,-0.009684702,-0.0045734495,-0.07699124,-0.019555423,0.029363085,-0.005855143,0.056810938,0.006361536,-0.009131075,0.3036009,1
0.46354893,0.009795356,-0.11238893,-0.014918921,-0.0106180385,0.006551538,-0.02486152,0.26657367,0.24170436,0.35167667,0.7494516,1.3658371,0.09400232,0.28919226,0.12908806,-0.28355387,-0.059422188,-0.07838626,-0.5132562,-0.0058466215,-0.070890725,0.23894224,-0.017080424,0.06179282,0.0073994976,0.1627738,0.10156977,-0.01547787,0.09417209,-0.5677968,-0.14841788,0.06733004,-0.15651062,-0.04487471,1.6703833,0.2041312,-0.033070374,0.17638998,0.044309482,0.11510603,0.009754481,0.050980315,0.012173031,0.04005907,-0.005424003,-0.014208143,-0.063185826,-0.012504638,0.03340396,0.0075251097,0.043182276,-0.0012802035,0.014972625,-0.18858457,1
0.37325573,-0.009965999,0.08305667,-0.013465225,0.015776891,0.0034559187,-0.022728669,0.055294093,0.14593798,0.27679098,0.28710577,0.43568584,0.09111168,0.3026128,0.13641138,-0.13901886,-0.039362457,-0.049054615,0.16914178,0.0063641197,-0.10240235,-0.15466022,0.07096399,0.09048156,0.006195143,-0.1873107,-0.28854215,0.67572165,0.15672883,-0.2673409,0.37655234,0.3508361,-0.16149165,0.02959885,1.4354233,0.12876265,-0.042357627,0.18904835,0.030191315,0.074787825,0.011121972,0.0774928,0.0015478447,0.050258514,-0.015050162,-0.0060377484,-0.09045187,0.021779858,0.065190636,-0.004235047,0.054812007,-0.002161384,-0.03154943,0.4078633,1
0.4887587,-0.009534312,-0.11737224,0.0025136643,0.018072888,0.007580878,-0.031228563,0.07757059,0.15428212,0.34488827,0.6032721,0.8633896,0.11888966,0.33277994,0.053836,-0.6803717,-0.077545434,-0.09395664,0.07558684,-0.0062194825,-0.083761156,0.22413898,0.026136182,-0.090106614,0.002185556,0.19898883,-0.23140734,-0.34836486,0.086447746,0.8274074,-0.035692405,0.33515722,0.25985554,-0.027434912,1.3804618,0.07304836,-0.044778176,0.17786582,0.063343905,0.08099026,0.0029538856,0.08464678,0.0038835653,0.038400847,-0.0053553423,-0.0003176605,-0.081875175,0.04108556,0.061441045,0.007835772,0.051808357,0.0040515554,0.01506043,-0.1949273,1
0.19946171,0.001367439,-0.07430094,0.01727847,0.009152623,0.009498645,0.029717728,-0.010964451,-0.03720314,0.24364123,0.19471906,-0.2157081,0.14491497,0.30726275,-0.13132092,1.2299395,0.04559396,0.15739697,0.30323258,0.0054198964,0.16057447,-0.07495617,-0.011548683,0.15510559,0.01118268,0.2901081,0.2343359,0.7850176,0.125607,1.1584384,0.32487434,0.607994,-0.023080306,0.041020766,-0.3217368,0.121815816,0.092193544,-0.104608335,0.0118382145,-0.052691747,0.0018911064,-0.01332184,-0.0017359172,-0.010973348,-0.034103066,0.031477466,0.2529669,0.008690821,-0.02009662,-0.00093129417,-0.044006806,0.004804522,0.0075067338,0.42889947,1
0.20186844,-0.0085929055,-0.15643814,-0.015456213,-0.021335352,0.00906224,-0.012081703,0.16710404,0.17416036,0.3778128,0.53251433,0.86130977,0.10435789,0.35266402,0.1140176,0.9726134,-0.042721316,-0.06519955,0.021083703,-0.0012043717,-0.08792738,0.013234494,-0.011926323,0.11059972,0.009264361,0.16794173,0.006155486,0.5023853,0.06030913,-0.69273126,-0.2609944,0.18233116,-0.15699221,-0.063294716,1.4243908,0.13928026,-0.02987264,-0.06290835,0.04437195,0.056817316,0.009856305,0.07336897,0.0057557235,-0.0109499,-0.009237123,-0.013301168,-0.09713056,-0.005764083,0.03199964,-0.018869974,0.054249227,-0.0036713232,0.010781867,-0.19100335,1
-0.057878003,0.0024094824,0.030480899,0.016566647,0.008955187,0.0077756215,0.031955402,-0.008726661,-0.03126377,0.24256122,0.19585596,-0.21394658,0.1477093,0.3377357,0.027279116,1.4504687,0.12894353,0.15415919,0.2970944,-0.010771382,0.43321505,-0.07587726,-0.008770816,0.15797086,0.011956184,0.29081398,0.2504111,0.73125005,0.116935,1.071952,0.3333297,0.59820247,0.03671384,0.03891996,-0.2662116,0.12635668,0.094133355,-0.122601286,0.01020719,-0.045052126,-0.006233332,-0.053128485,-0.0023367617,-0.013146573,-0.030544369,0.029357966,-0.03400585,0.0011108536,-0.022808995,0.0036135172,-0.04716848,0.003771374,0.0098958425,0.44077528,1
0.49064112,0.004449974,0.095140696,-0.010876889,0.014314879,-0.0045983503,-0.034321032,0.07043898,0.14162065,0.30339298,0.70025104,0.86665785,0.09503657,0.33338073,0.111623965,-0.63737935,0.015821742,0.11907527,0.17782874,-0.0002471665,-0.09833862,0.21265522,0.057725504,-0.1204926,0.0042347736,-0.15558478,0.07313326,0.7790339,0.10720998,-0.0894979,0.29215205,0.4899615,-0.07182398,-0.069274016,1.5170573,-0.09711516,-0.04958099,0.18077752,-0.0045263167,-0.08042276,0.008092402,-0.1382946,-0.009509262,-0.007725233,-0.015874883,-0.00097616215,-0.10036499,0.031091455,0.045700952,0.0017869123,-0.07061092,-0.0036976077,-0.017729405,-0.0027321642,1
0.5531728,0.010734926,-0.12449917,-0.019978236,-0.002429992,-0.0100813415,-0.04080805,0.061684363,0.20728981,0.2710233,0.20466141,0.057716016,0.057793703,0.271923,0.14795154,-1.2774751,-0.09019845,-0.11367334,0.072126746,-0.010103548,-0.101173274,-0.18098982,0.077932365,0.05667531,-0.0013052546,0.16543508,-0.013167907,-0.19222088,-0.13418733,-0.12804821,0.41824389,0.6387992,0.047374148,0.04329925,1.4700488,0.1490389,-0.0472227,0.18043232,0.04339012,0.07438232,0.005851006,0.09181334,0.0052152453,-0.012339433,-0.0147115365,-0.01821854,-0.101125136,-0.019795328,0.05358236,-0.010440299,0.06683621,0.009897691,-0.0013189585,0.37277576,1
-0.13862021,0.004965931,0.021476986,0.011845556,0.0047077406,0.004518635,-0.0062820297,-0.012641845,-0.030853506,-0.5607141,0.114668116,-0.20367166,0.1715847,0.3009136,-0.121649146,1.3789278,0.120211646,0.13845922,0.24322039,0.0042652073,0.5248203,-0.011487085,-0.011012066,0.14676237,0.011263586,0.27876222,0.20046708,1.0386189,0.10063912,1.0880322,0.2848568,0.5722173,0.18236884,0.03390766,-0.25513902,0.20086738,0.08352675,-0.115287185,0.01228517,-0.0372802,-0.0034744206,-0.05242349,-0.0021376465,-0.010602483,-0.029781753,0.027532643,-0.013720604,0.0072326898,-0.02621152,-0.0026532514,-0.03958122,0.0008598332,0.00791349,0.589885,1
-0.1531846,-0.002196895,0.022963334,0.010570247,0.009281703,0.0054096417,-0.0071606142,-0.020325439,-0.039800633,0.12774251,0.21879223,-0.24914837,0.00018230244,-0.17822899,0.02432963,1.5755383,0.12548888,0.12816475,0.27083302,-0.0012561046,0.45221338,-0.059532933,-0.03426495,0.13596573,0.026495531,0.1833942,0.24872279,0.5516237,0.10452173,0.80179685,0.325382,0.6040679,-0.12449512,0.035948016,-0.23809974,0.15362242,0.08506627,-0.11514677,-0.014424096,-0.05536862,-0.006784895,-0.044184793,0.0048525888,-0.01883167,-0.015455816,0.034852445,-0.13925329,-0.0012998814,0.0584991,0.019151095,0.0040325825,-0.005217219,0.005966587,0.6003765,1
0.651522,0.03549301,0.08774687,0.020406691,0.027413178,0.006938136,0.0314597,0.09888922,0.10206617,0.38052344,0.6514293,0.7845607,0.10797153,0.36307514,0.020872928,-1.0672647,0.18426651,0.2198419,0.2204948,0.0004166807,-0.09008055,0.2825672,-0.014751526,0.060693864,0.016534176,0.12492632,0.23530172,-0.40229234,0.10189108,-0.49741295,-0.3302416,0.21017326,-0.08639444,-0.012036122,-0.71541214,-0.16040935,0.07585667,-0.1372118,0.021647623,-0.06573373,-0.0016684488,-0.08903625,-0.0040442892,0.0052045938,0.10059795,0.026782367,0.34469062,0.0037219194,0.054066602,0.021602103,-0.014963163,0.01357183,0.008984637,-0.1970194,1
-0.17360087,-0.0044385395,0.02127666,0.012454015,0.008542097,0.0072045936,0.03096182,-0.018440502,-0.04447554,0.3260289,0.21251597,-0.26324975,-0.20819753,-0.10359817,0.025382439,1.3419477,0.12002501,0.14662576,0.28235564,-0.0012916357,0.34038088,-0.08027109,-0.013338612,-0.17679757,0.022459554,-0.07922684,0.22221442,0.21546024,0.10477678,1.1290394,0.32275492,0.587937,-0.116044514,0.035240762,-0.23663346,0.1718793,0.08789085,-0.051731844,-0.01022101,-0.058330435,-0.016297985,-0.056018826,0.0020632935,-0.017451048,-0.014257681,0.031415198,-0.13602157,0.006398832,-0.00539428,0.011808138,0.0021914751,0.012367654,0.00966402,0.4387467,1
0.6428866,0.032733403,-0.12223132,-0.009851758,-0.019171316,-0.005869138,-0.029687872,0.20463578,0.13120851,0.32451138,0.57861423,0.8913286,0.090563044,0.2682531,-0.13919584,-1.0858448,-0.09273475,-0.103568524,-0.029206472,-0.006846751,-0.088560626,-0.15224515,-0.015938634,0.059901137,0.008987676,-0.08342318,0.05334951,-0.14965598,0.063715436,0.999279,0.37120867,0.19444732,-0.12114019,-0.04849684,0.6373394,-0.14550208,-0.051091447,0.20685446,0.012176048,-0.08069594,-0.028777283,-0.038700815,0.017011406,0.004039388,-0.026226146,-0.02060867,-0.09724684,-0.02514131,-0.06349134,-0.010754075,0.052193664,0.00014912407,-0.01590907,0.3090749,1
-0.16012393,0.018050171,0.02320403,0.015821503,0.008079431,0.006366394,0.028724419,-0.021972246,-0.04864564,0.27098954,0.1797372,-0.26996663,0.08298096,-0.76205003,0.124661855,0.40609112,0.14689697,0.15229274,0.25174966,0.013688343,0.47657552,0.114507385,0.04867942,-0.13593288,-0.01723943,-0.3461984,0.20604186,0.95464355,0.08211244,0.7169067,0.31363493,0.58896,-0.16891235,-0.0119483685,-0.36651734,0.005955573,0.07876396,-0.055599302,-0.015036978,-0.0535102,-0.005348708,-0.04999117,0.009054015,-0.020709684,-0.043775216,0.04365605,0.30238527,0.0051490045,0.062280256,0.011122685,0.008820115,0.0019126943,0.007370265,0.54293936,1
-0.19759312,0.0012255977,0.031342924,0.014508686,0.008942811,0.008755489,0.034236155,-0.021560464,-0.042752136,0.34685466,0.20426461,-0.2454709,0.119989865,-0.03524707,-0.049569063,1.151196,0.15435012,0.16125022,0.28413138,-0.001405406,0.4839659,-0.06695693,-0.009411555,0.15430005,0.011075812,0.37734538,0.24365936,0.23653357,0.09617186,1.1700974,0.36750135,0.5212866,0.0056743748,0.03494588,-0.22126241,0.14926726,0.09239721,-0.08990769,0.00036977604,-0.025209224,-0.0064752516,-0.054716002,-0.0023021863,-0.012631686,0.098866865,0.040208876,0.28768453,0.00047991518,0.059664693,0.014408579,-0.039030463,0.00027673307,0.005529789,0.3809309,1
0.71154773,0.028341984,0.07822219,0.026387962,0.015951343,0.0035441415,0.045294568,-0.019706277,-0.06246135,0.23492783,0.114027955,-0.2969908,0.09413433,0.2362064,0.09404182,-1.2164717,0.24123958,0.22998601,0.24160907,0.0041161706,0.3549511,-0.0239345,-0.016076837,0.087258905,0.0130367745,-0.26658854,-0.024337178,0.94737065,0.097406484,0.9512658,0.4703608,-0.18397622,-0.19205147,0.07190033,-0.3914602,0.028743878,0.09402845,-0.066134006,-0.0045224493,-0.014794444,-0.014440214,-0.047102273,0.0022882235,-0.0060643507,0.14423388,0.05476718,0.10013123,0.02054929,0.059849817,0.0024773811,0.054855056,0.018542057,0.013983711,0.41220215,1
0.19646475,0.002838383,0.030468531,0.018565705,0.008955187,0.011026579,0.035827212,-0.00627272,-0.035613563,0.27462322,0.20775294,-0.2059049,0.1455253,0.37120667,0.07275837,1.2222853,0.1368355,0.156401,0.2814701,-0.025622021,0.4175351,-0.06865321,-0.00879794,0.14824349,0.010675925,0.28934819,0.25084823,0.77806664,0.11799167,1.1028372,0.32842737,0.5833984,0.044644937,0.039506607,-0.27370596,0.11822638,0.09275149,-0.12347394,0.008931687,-0.044216942,0.0021421206,-0.058163177,-0.0024454205,-0.014012438,-0.018678008,0.02958864,-0.013208786,0.0021328498,0.0016551255,0.003555426,-0.047701456,0.004464064,0.00802045,0.343016,1
0.74305004,0.030031256,0.045600995,0.015110026,-0.00072073616,0.006044963,0.032898493,-0.07846092,-0.06589535,-0.2748855,-0.15657108,-0.38268727,0.16160084,-0.1801389,0.16846809,-0.61810833,0.1878164,0.19477035,0.034205943,0.004434319,0.16185571,0.17725563,0.002842967,-0.12915488,0.006427861,-0.23728688,-0.018277049,-0.47416076,-0.12556915,1.415527,0.37326068,0.65279484,0.20494953,0.050383866,-0.5747072,-0.1476991,-0.025251312,-0.06705105,0.0023483553,-0.05143683,0.004759023,-0.06393057,-0.00776018,-0.014819399,-0.019629478,-0.016177561,0.1503085,0.024204083,0.066904835,0.025973799,-0.0062376335,-0.004785911,-0.010946494,0.04068801,1
-0.1496849,0.0025149588,0.028548082,0.0148041295,0.009404512,0.0083413515,0.036912404,-0.011132148,-0.035638515,0.3399755,0.22881332,-0.2115121,0.14237265,0.32927305,-0.057295684,1.5354201,0.14027546,0.13898525,0.2938364,0.004604688,0.45324847,-0.06849874,-0.009571787,0.1431294,0.009876349,0.31701738,0.23872317,0.3440164,0.105144046,1.1148736,0.34332588,0.5826815,0.20475227,0.036636464,-0.24511212,0.13419545,0.10164328,-0.09300122,0.0123619335,-0.030253088,-0.016888466,-0.053454902,-0.0023367617,-0.013137849,0.072875336,0.03347022,0.24234883,0.0072323787,-0.029779663,0.0026275136,-0.040309303,0.0018013472,0.005572362,0.37818044,1
-0.16563392,-0.0050066565,0.078670196,-0.017146546,-0.011335127,-0.012505403,-0.010644747,0.2432448,0.26030663,0.43170333,0.61945313,1.2227714,0.100063875,0.38571396,-0.17171417,0.83006954,-0.033888724,-0.05321344,0.05141441,-0.0007055206,-0.076600306,0.20720722,-0.0113762,0.06950945,0.00067662564,0.17512326,0.097010344,-0.33850187,0.13679421,-0.24455905,0.1448273,-0.5772716,-0.0593274,0.038034476,1.2701213,0.1723975,-0.022740267,0.19852231,0.048838146,0.08215048,0.011576461,0.0936628,0.0052893395,0.04458526,-0.0053671626,0.005981249,-0.05383044,-0.008655089,-0.103479706,-0.013532054,0.046969585,0.0056246063,-0.0021893382,-0.12652707,1
-0.20518264,0.004612174,0.022787133,0.009263638,0.0063181953,0.007900567,0.028350884,-0.05330972,-0.06076071,0.3199339,0.09448816,-0.26018196,0.074038774,-0.03110144,-0.13270926,1.5911405,0.12856074,0.13595009,0.24369326,-0.006479824,0.50092083,-0.056550905,-0.03071471,0.17478453,0.015144424,0.36986548,0.25205117,0.26508972,0.10270172,0.79698265,0.3017292,0.5116237,0.21797857,0.034894638,-0.20031632,0.15968919,0.079255156,-0.10771591,-0.012266214,-0.022551127,-0.00022922293,-0.054357793,0.0005132877,-0.014544174,0.110720955,0.030845251,0.14416651,0.017625403,0.058112074,0.01884947,-0.043443304,0.00046247605,0.007592774,0.52156204,1
-0.19931385,0.007764245,0.08120214,-0.018078065,0.0072968584,0.007088058,-0.024125764,-0.020333942,-0.06274235,0.2704091,0.23261324,-0.28111944,0.1549964,0.40326723,0.022582438,1.6636893,-0.047073003,-0.08101428,0.18639289,0.007097682,-0.09905946,0.19186789,0.0599948,-0.19147314,-0.018847339,-0.20781592,0.19212434,0.7467095,0.0702107,0.7098288,-0.25803763,0.5187542,0.2819015,0.017594105,1.1096411,0.086698905,-0.03580823,0.19568026,0.052576486,0.07588332,0.017073624,0.02246172,0.0008140489,0.020732187,-0.012078638,0.00088288425,-0.1064654,0.020523038,0.075264886,-0.0024268024,0.038870342,-0.0052222367,0.010546541,-0.2433827,1
-0.18550059,-0.0025595564,0.071893506,0.0062132683,-0.00022513751,0.006370677,0.026782483,-0.056287557,-0.07590238,0.06783381,0.009264328,-0.25239807,0.16990624,-0.71368283,-0.124136314,1.4353483,-0.037243463,0.09903234,0.27339923,0.013810603,0.46973738,-0.032466564,-0.0115311425,0.15428998,0.0342784,0.2903511,0.21811283,0.87337554,0.11494642,1.0597786,0.28179935,0.5581715,0.30268946,0.037983052,-0.1895775,0.23584786,0.04948791,-0.037477955,-0.0064546587,-0.049335647,0.01006938,0.043428294,-0.0017996723,-0.016078545,-0.024558498,0.002270808,-0.03948211,0.004765661,-0.033433184,0.00064039696,-0.039584417,-0.0042906636,0.0018186421,0.73149246,1
-0.203144,0.004123442,0.023675317,0.011080357,0.006061229,0.00791611,0.030630419,-0.056636706,-0.049275633,0.33165509,0.11166516,-0.24749258,0.08682812,-0.043168213,0.032190613,1.6339691,0.13420385,0.13709542,0.26814514,-0.006546364,0.49079618,-0.05572414,-0.03075989,0.16795702,0.02026973,0.36545473,0.2446028,0.31370685,0.101701416,0.8034072,0.28410363,0.42782646,0.20767435,0.034270845,-0.19532473,0.15147476,0.079255156,-0.094959,-0.014928543,-0.026813673,-0.00665615,-0.05478896,0.0005132877,-0.013391871,0.11146443,0.030258875,0.24080087,0.017937277,0.06235831,0.018499654,-0.002375058,0.001982248,0.0100197755,0.554686,1
-0.1386662,0.00136186,0.08411795,-0.014030627,0.018429603,-0.0010911995,-0.019341271,0.17048079,0.18276025,0.38070446,0.5198798,0.8722073,0.100657694,0.33516032,0.13924316,1.3515593,-0.03275957,-0.062396627,0.04171113,0.0064362483,-0.07974551,-0.19101651,0.027991476,0.094374165,0.006699872,0.1892787,-0.0996713,-0.36633027,0.08619384,-0.645111,0.10741363,0.4186078,-0.11980327,0.026862431,1.2686843,0.19227754,-0.03869173,0.19191651,0.038807947,0.10667756,0.011840425,0.038437963,-0.007255884,0.034793742,0.0019669244,-0.0012657531,-0.078459375,-0.0033061127,0.080113515,0.00034779054,0.04898616,0.0024325345,-0.0014868272,0.3334796,1
-0.32254285,0.013131399,0.029889299,0.02080462,0.008512472,0.0172302,0.03581913,-0.019292388,-0.046412494,0.3376903,0.15955204,-0.27128166,0.113599606,0.2631717,0.032867856,-0.24625854,0.19003186,0.19458224,0.26984206,0.0036746836,0.51987016,-0.080358215,-0.014315685,0.1167171,0.0113936,0.35104737,0.27453923,0.1624532,0.10150594,1.2067972,0.475409,0.6422927,0.070655234,0.034619655,-0.24371225,0.13120855,0.10503928,-0.090368874,0.016218813,-0.026666468,-0.0024142931,-0.05208775,0.002290228,-0.0128002,0.09945996,0.051181134,0.2932323,0.012613995,0.07193028,0.036354896,-0.021593055,0.0014117974,0.003684599,0.42984915,1
-0.19499904,0.008996986,0.08143258,-0.006272044,0.00906127,0.0043451344,0.02536565,-0.009189895,0.036492106,0.4414331,0.2997275,0.06125424,0.123479046,0.42038965,0.15917449,1.375695,-0.05419345,-0.08618861,0.2041153,0.0049223546,-0.09149903,0.16813597,0.087166995,-0.10221062,0.010407629,-0.11795997,-0.3653995,-0.25598162,0.14674073,0.34809524,0.25591025,0.5406389,-0.13326128,0.06435187,1.1624388,0.05232873,-0.03311275,0.19928178,0.025524272,0.094862245,0.008475509,0.08820531,0.0010307942,0.035396703,-0.011900813,-0.016270533,-0.029897735,0.014135412,0.09955342,-0.003828863,0.044219613,0.0027929633,-0.026173623,0.06704739,1
-0.16068317,-0.009049678,0.0873443,-0.017068876,-0.023348635,-0.013133455,-0.01717907,0.17944229,0.18430987,0.3891799,0.53997403,0.94360876,0.10541959,0.32930058,-0.0800001,0.91202635,-0.040537395,-0.06125219,0.058182806,-0.00025387667,-0.08705498,-0.1806656,0.028109841,0.100960426,0.0027549684,0.20201202,-0.2233352,-0.37203845,0.08597308,-0.33673087,0.20366777,0.4448801,-0.14346221,0.04417768,1.2651867,0.15959986,-0.04068248,0.14347382,0.024208836,0.0693149,0.01231591,0.07140861,-0.004207225,0.038578752,0.000113933405,-0.002247974,-0.068975486,-0.00333818,0.07424635,0.00051036524,-0.011056112,0.0055332333,0.012734146,0.3499825,1
-0.18579538,0.007810727,0.07928901,0.0045501385,-2.41737e-05,0.008452024,0.031177575,-0.021456942,-0.057070788,0.39504522,0.28059942,-0.2483453,-0.24010982,0.4451442,0.01018327,1.7281506,-0.04540579,-0.076263525,0.18613447,0.005425568,-0.095536016,0.18048802,-0.029257588,-0.13155855,-0.014230765,0.24399197,0.060328197,-0.39931554,-0.2043905,0.80241275,0.21878058,0.24225448,0.26065192,0.040636234,1.003354,0.11225861,-0.034965552,0.17966637,0.071962334,0.07387655,0.008296965,0.07240289,0.00065746915,0.031332467,-0.022146422,0.00074966694,-0.08567387,0.019928653,0.06972708,0.016241197,0.040196992,-0.010031893,0.0105805015,-0.14127935,1
-0.19868389,0.007009229,0.083073795,-0.017744334,0.0013389513,0.007762454,-0.026927805,-0.008849053,0.01123815,0.32624406,0.25699106,0.13003781,0.1516395,0.4248889,0.108367905,1.685189,-0.05020584,-0.0810182,0.20370238,0.0067902403,-0.0950333,0.1953073,0.061335076,-0.11311555,-0.020050695,-0.19939215,0.18528596,0.5862349,0.0863616,0.6734069,-0.32010034,0.45137295,0.26498887,0.034318373,1.1283536,0.09814152,-0.035546407,0.20418766,-0.04714872,-0.08314236,0.017126076,0.042388342,-0.004971017,0.010682644,-0.010026752,-0.010322161,-0.10004869,0.023695208,0.07314437,-0.006909429,0.03839781,-0.007077519,0.014985609,-0.23393324,1
-0.14014144,-0.0014594514,0.07961149,-0.018453026,-0.013814054,-0.008860391,-0.010215437,0.21165097,0.24440102,0.4243764,0.59821194,1.0959388,0.10765736,0.3749971,-0.16449448,1.2533218,-0.027137563,-0.0521699,0.048709426,0.0063849846,-0.07618252,0.27158037,-0.018475762,0.07555292,0.0042945878,0.17447087,0.05771688,-0.3300258,0.12780592,-0.51255727,-0.007992802,-0.52464265,-0.055823155,0.036588527,1.2718341,0.21259046,-0.022619208,0.1692629,0.053932823,0.0990456,0.011427263,0.09994675,0.0034814286,0.04150396,-0.0022742902,0.0067807576,-0.049754854,-0.008659311,-0.10775602,-0.020800767,0.04925691,0.0030383389,0.0019088574,-0.18468246,1
-0.172547,0.0034295875,0.082230985,-0.01202061,0.015711818,0.010067914,-0.018353196,0.0052580787,0.14792159,0.4273132,0.35966548,0.74603564,-0.11351363,0.43549588,0.13898456,1.631278,-0.04058158,-0.056533325,0.18685225,0.008385325,-0.077860795,0.18065286,-0.020240959,-0.11945572,0.010654343,0.20860042,0.20972556,-0.32592025,-0.17710216,0.65357417,0.22603875,-0.24699354,0.23469572,0.0303196,1.0664871,0.1322368,-0.026325533,0.16925819,0.08322092,0.076086976,0.012820309,0.082577914,-0.0043818224,-0.004455732,-0.011008358,-0.004083241,-0.07076656,0.015428303,0.056232832,0.018232984,0.029106406,-0.010378587,0.008625889,-0.16354844,1
-0.21326461,0.001133786,0.023486106,0.011304742,0.006061229,0.007900567,0.029757654,-0.05133528,-0.052817974,0.31696528,0.14704026,-0.24171816,0.107715316,-0.026301086,0.028160527,1.6138152,0.13598214,0.12607315,0.2702359,2.2539054e-05,0.48018876,-0.05316806,-0.013867918,0.1587651,0.01228054,0.3552562,0.23527604,0.28647184,0.107095174,1.088319,0.29578033,0.48506767,0.20000401,0.035569414,-0.18177913,0.14729191,0.082511395,-0.110705175,-0.009766108,-0.023155404,-0.0064752516,-0.053664673,0.0029836427,-0.015255006,0.10268906,-0.00086713093,0.14421353,0.014734716,0.06514976,0.020296378,-0.038852196,0.00046247605,0.0084047895,0.5764484,1
-0.20349753,0.0068254704,0.08623011,-0.014999773,0.006033612,0.0040328754,-0.028795488,-0.011984602,-0.019280767,0.41150197,0.2925694,0.042959098,0.14644358,0.4121059,0.14537092,1.5634842,-0.04887422,-0.07952284,0.20336775,-0.0014954363,-0.09228807,0.17684723,0.07052003,0.08835454,0.010050598,-0.10719084,-0.350495,-0.28100705,0.14896917,0.8329475,0.2588532,0.5157526,-0.032690175,0.044785753,1.0292802,0.05854793,-0.05361298,0.20770171,0.0459476,0.0596857,0.0067027537,0.08699539,-0.009821862,-0.022323094,-0.0071115177,-0.0071543,-0.07828529,0.015299513,0.06704004,-0.00023396523,0.040993758,0.003637229,-0.01579746,0.079704,1
-0.18033046,-0.0038334175,0.012444517,0.0070283078,0.005828819,0.008274184,0.028455952,-0.0529477,-0.08015319,0.061603095,0.08349788,-0.21458676,0.14872265,-0.6790385,-0.119151205,1.5202491,-0.03951393,0.1000982,0.27794906,0.01665822,0.4576495,-0.0453148,-0.011086563,0.14787145,0.033901893,0.28458124,0.24295947,0.8633126,0.11078372,1.0566037,0.27513158,0.5774692,0.3127215,0.036180593,-0.1978748,0.2326609,-0.059231337,-0.050473068,-0.006388724,0.030597009,0.01006938,0.025517615,-0.0027857749,-0.016295964,-0.029474376,0.0017806786,-0.12288265,0.0044696564,-0.028579338,0.022752529,-0.039948475,-0.0051403306,0.0019158322,0.66218585,1
-0.21077994,0.00029383454,0.030046953,0.01739797,0.009344008,0.011722465,0.038191877,-0.017904699,-0.051467434,0.32590944,0.20548905,-0.25045723,0.13287571,0.31276593,0.026553791,1.6163609,0.05551814,0.15543632,0.1425336,-0.0025440007,0.46324793,-0.07430781,-0.029394487,0.1639149,0.009955593,0.34407407,0.24871117,0.28655723,0.112099364,1.0832152,0.32333368,0.4836563,0.14493346,0.039005138,-0.2173366,0.120474614,0.10260126,-0.113707535,-0.008611725,-0.031092294,-0.004619394,-0.055789437,0.0029737726,-0.015204169,0.09782093,0.032949608,0.045404408,0.020403132,0.06979934,0.020073699,-0.04782211,-0.0052473173,0.0079908315,0.5492357,1
0.47058088,0.021172095,0.057007365,0.007372004,0.014054861,0.0048833936,0.00063518836,-0.07455702,-0.09274681,-0.5731736,-0.6423797,-0.28316808,-0.16715705,-0.6168801,-0.08157117,-0.077811964,0.14146744,0.13562888,0.046747647,0.013523189,0.54271704,0.009120523,-0.01118951,-0.12601833,0.0077124485,0.1451888,0.21819384,1.3977909,0.06342136,0.8559317,0.25698498,-0.3455915,-0.18241945,-0.011364567,-0.2575017,0.17898409,0.07177317,-0.088102594,-0.009575403,-0.002531541,0.00026877713,0.039504953,0.010372996,-0.009941284,0.012317568,0.047468618,0.43288818,0.030660978,0.036134236,0.0099018365,-0.00029670727,0.0065084193,-0.012745057,0.8885968,1
0.6403752,0.022343054,0.07710454,0.021757074,0.006770911,0.0075801644,0.061626665,-0.07158384,-0.10302351,-0.388576,-0.22818936,-0.48032424,0.123534024,0.273684,0.06667712,-0.63094836,0.14417733,0.19843751,-0.0416095,0.0037901357,-0.11275305,0.011355628,-0.030253598,-0.103996776,-0.014026051,-0.18972954,-0.024363589,1.3231831,-0.13488607,-0.7256817,0.2859007,0.69656444,0.50191796,0.035023626,1.4117438,-0.1367951,-0.03743586,-0.08706636,0.0086719785,-0.06231275,-0.015751159,-0.067036904,-0.0016534096,-0.014930412,0.11992741,0.048526958,0.45097432,0.024426883,0.06428313,-0.013517807,0.07597107,0.010110704,-0.024796091,-0.2045078,1
0.7026847,0.02474382,0.08391902,-0.015606173,-0.0015973117,0.00492986,0.014358886,-0.01723029,-0.061407723,0.09830148,0.03148225,-0.2900914,-0.12166324,0.26661342,-0.055870887,-0.80384415,0.21875072,0.06057115,-0.4620082,0.018265828,-0.10711028,-0.12596883,-0.018244166,-0.05138471,0.018909357,-0.07804747,-0.24057426,0.90719384,-0.0554481,-0.8288231,-0.31658426,0.73248196,0.489229,-0.035786327,0.9293425,-0.14313293,0.011708479,-0.09911222,0.019740652,-0.039715882,-0.00027332967,-0.06724718,-0.009222945,-0.013660807,0.12223487,0.05890482,0.4849737,0.030564032,0.07458888,0.02346372,-0.048619132,0.011764953,0.025276331,-0.20540199,1
0.64450073,0.038742773,0.065011576,0.010613626,0.009546058,0.010134641,0.037684217,-0.091830544,-0.089590475,-0.5270467,-0.70041496,-0.35496843,-0.18049352,-0.2074165,-0.12806344,-0.5027896,-0.04272107,0.18477875,-0.044835392,0.0066791605,-0.16098529,-0.059460726,-0.021137502,-0.12412381,0.0004659631,-0.015930794,0.25494373,1.4871079,0.037038267,0.67587084,0.2122063,0.3809685,0.013983479,-0.039358947,0.5440396,-0.151912,0.068408765,-0.10411468,-0.012248559,-0.01413801,-2.4587149e-05,-0.05365854,0.003350991,-0.010300267,0.06944197,0.048893694,0.48851913,0.0568773,0.06261117,0.005936114,0.03191054,0.022367748,0.0012315867,0.36377108,1
-0.21505536,0.014736365,0.027940596,0.022705214,0.008482741,0.013291778,0.040263385,-0.019990575,-0.034986462,0.31046775,0.18505284,-0.28140283,-0.24136789,0.29042584,-0.08968562,0.5195106,0.05464497,0.17831233,0.28582817,0.0044829664,0.53405344,-0.078844294,-0.002798718,0.13603511,0.010287533,0.3177099,0.11473095,0.39358872,0.089538425,1.1202617,0.39641958,0.33609676,0.20230761,0.03389027,-0.254924,0.13559167,0.09589299,-0.09382381,-0.0011425326,-0.020339511,-0.0022725204,-0.06113191,0.007660138,-0.011731241,-0.0047284276,0.008581332,0.32093164,0.0057668197,0.03367721,0.01834746,-0.03491738,0.0014971847,0.0041876254,0.124272995,1
0.78015643,0.025741974,-0.043086115,0.028370678,0.010972632,0.011088983,0.056490242,-0.032816283,-0.07603488,0.16071182,0.04375333,-0.42550623,0.08264506,0.30399138,0.0700678,-0.70590717,-0.07933304,0.07696601,-0.55197453,0.011653338,-0.090159096,-0.11234269,-0.023509296,-0.09842809,-0.011644853,-0.18098831,0.28010124,1.184697,0.10693867,0.78152835,-0.11824686,-0.720128,0.0059681395,0.043506764,0.6940024,-0.12790143,0.05874227,-0.11567267,0.005482253,-0.04708487,0.0008017586,-0.06456837,0.007650155,-0.01159929,0.14659108,0.045968447,0.34892115,0.05288081,0.06513714,0.002925542,0.052786097,0.007667221,-0.024382984,-0.07403904,1
0.6074513,0.042989638,-0.021782046,-0.014663975,-0.020879885,-0.014399521,-0.026449177,0.28236485,0.20270856,0.37865132,0.81999063,1.3691357,0.08713804,0.3256702,0.06250752,-1.0373219,-0.06894675,-0.05954063,0.011690526,0.0059316736,-0.06333205,0.31673598,-0.012120295,0.038431454,0.0046154014,-0.012091424,0.023747656,-0.3309766,-0.21687607,0.71674025,-0.030422378,-0.39423108,-0.17878096,-0.058755208,0.22289245,-0.14979547,-0.04357543,0.22796807,0.06109591,0.023694942,0.003083947,0.04581818,-0.011254227,-0.015474977,-0.042871527,-0.019469513,-0.08761377,0.04594375,0.024982091,0.008520545,-0.051114287,0.0065643527,0.0073898174,-0.16843866,1
-0.30743134,0.02423272,0.006366374,0.0074806474,0.011932935,0.0054873126,-0.0019928971,-0.06167758,-0.07451876,-0.5022648,-0.5862147,-0.34288108,-0.16060421,-0.5915962,-0.044457406,-0.7070853,0.13132061,0.13367818,0.17461996,0.010182742,0.57433623,-0.012945664,-0.0108864615,-0.13115022,0.008863818,0.12495182,0.29471985,1.4252297,0.08190777,0.61736435,-0.010979078,0.10028213,0.19621316,-0.008072379,-0.29284143,0.16137883,0.079552405,-0.09732766,-0.005286723,-0.018987954,-0.0014762572,-0.03204497,-0.0005854546,-0.014299033,-0.028668195,-0.0036908612,0.29905462,0.019344164,0.029732734,0.0074190767,-0.0025673942,0.015098627,-0.009064465,0.89657515,1
0.82072884,0.0036925748,0.08593582,-0.013582576,-0.0023914077,0.004494876,0.019625241,-0.014491795,-0.05944173,0.22204266,0.12991486,-0.3038843,0.1317299,0.38405827,0.13576086,-0.73706895,0.062265642,0.16346595,-0.5334,0.002063742,-0.12670733,-0.118309885,-0.009768313,-0.08881859,0.00781266,-0.0729775,-0.2094422,-0.42648068,-0.20789665,1.4303526,0.33998168,0.37595883,0.4708585,0.02820844,-0.54015857,-0.1628625,0.11166164,-0.10284176,0.009301269,-0.03059578,0.00023337663,-0.06864722,0.003955245,-0.0009988627,0.14909214,0.063773915,0.37763816,0.022981687,0.03806971,0.0056768176,-0.03203626,0.011325966,0.015039415,-0.2513734,1
0.6657991,0.023708992,0.056758918,0.023446037,0.01220631,0.009488517,0.058646604,-0.08330943,-0.1358004,-0.15226632,-0.08888155,-0.4643448,-0.11115492,0.23426959,-0.056418404,-0.66110504,0.13969773,0.20608445,-0.07819971,0.015117424,-0.11681462,-0.13305128,-0.029312707,-0.104560025,-0.011196089,0.26122507,0.25326902,1.2775618,-0.16715153,-0.83599436,-0.20640044,0.7551941,0.051474594,0.038279533,1.4241452,-0.13364133,0.027585406,-0.096683174,-0.028738681,-0.061634857,-0.0034320753,-0.06827587,-0.00082232314,-0.012855044,0.018168714,0.006032286,0.32718328,0.053218164,0.049903005,-0.00047782867,0.068189114,0.016604459,0.009959064,0.073572345,1
0.5868207,0.037213296,-0.10406138,-0.013728322,-0.024480468,-0.009366807,-0.0239482,0.30983526,0.22495726,0.344151,0.838376,1.4313693,0.0945457,0.30410206,0.17757438,-0.80568534,-0.09019737,-0.10190395,-0.016082242,0.0023474356,-0.103181705,0.41531932,-0.013237143,0.06833552,0.0050551197,-0.106142014,-0.031251423,-0.24736641,-0.2060679,0.16617075,-0.22401409,-0.31605032,-0.13706163,-0.037546825,-0.8284539,-0.1336291,0.08442154,0.2805761,-0.027107814,-0.08294311,-0.009376174,0.048922595,-0.0049653626,-0.008599088,-0.012934337,-0.01485364,-0.090514384,0.031204324,0.049524643,0.008360565,-0.04382929,0.011660807,0.002618554,-0.16979009,1
0.69505215,0.040193032,0.009748526,-0.00033977092,0.0039615543,0.004079429,0.011318198,-0.03087481,-0.062397074,-0.34149888,0.022502717,-0.36311984,-0.13536544,0.21287605,-0.07351727,-0.6578012,0.25221658,0.2251867,0.21794619,0.00083150156,-0.13404715,0.03330052,-0.0043211584,-0.09707791,0.010976306,-0.057352234,-0.019207915,1.3435011,-0.09771823,0.45928743,-0.23118815,-0.6970749,0.29107597,-0.049812738,0.07761996,-0.11586953,0.029003024,-0.12749983,0.018332336,-0.0019816083,0.0035977417,-0.063144766,0.003385284,-0.01046783,0.13353649,0.03724399,0.49050295,0.040679563,0.072731234,0.01212614,-0.0408354,0.010056218,0.02190909,-0.21432674,1
-0.15612677,0.00087465905,0.015021909,0.0037403083,0.00512936,0.00626169,-0.021086201,-0.061929055,-0.083988935,-0.7189328,-0.79173696,-0.31603768,-0.16979848,-0.76317185,0.07255904,0.9755966,0.097773746,0.11839599,0.08283682,0.0006006723,0.5172339,0.0037454679,0.12548259,0.10071216,0.00983783,0.2811716,0.07222267,0.16277353,0.012676985,-0.10535969,-0.0017480786,0.31994125,-0.12183978,-0.016313825,-0.34971038,0.26372433,0.07357675,-0.0853736,-0.0037984566,-0.020207208,-0.0025335834,-0.057030696,0.0005344893,-0.002182916,0.123718485,0.03812504,0.43182766,0.022418913,0.06352507,0.00818525,-0.005820211,0.026062397,0.00055615033,0.9212325,1
0.84268385,0.033120587,0.0871133,-0.0024035145,-0.0035810652,0.009457955,-0.00021971576,-0.013395725,-0.05411445,0.21404186,0.1354343,-0.34047753,0.032920912,0.37657025,0.015360334,-0.83836347,0.2095696,0.23755187,-0.045852683,0.0044965143,-0.14706251,-0.092352346,-0.011463849,-0.1164714,-0.00257966,-0.09069413,-0.24004354,-0.3988842,0.02212878,1.4660327,0.3751277,0.4529206,0.4704744,-0.031534962,-0.6496821,-0.18652594,0.11406988,-0.12847313,0.025291605,-0.03271659,0.0029966454,-0.06475323,0.002411112,-0.008312348,0.14518975,0.06431025,-0.03716293,0.012769425,0.0700297,0.008118806,-0.030603822,0.011588962,0.017708672,-0.3151614,1
-0.13519448,-0.006929074,0.005161591,0.0058403537,0.0046393326,0.009018683,0.024739591,-0.045842495,-0.05815117,-0.60008115,-0.74137974,-0.2518644,0.206825,-0.8240839,-0.121128574,1.2475619,0.056799244,0.059683207,0.24157715,-0.00051841396,0.535766,0.054766238,-0.006272077,0.16461757,0.030351004,-0.110522635,0.05193628,1.1933019,0.074043386,1.0341195,0.21727146,0.47892863,0.23056325,0.030601632,-0.23180793,0.26784366,-0.061928127,-0.047595832,-0.011529621,-0.035984844,-0.00894451,0.051838625,0.0022407544,-0.015999284,-0.02687747,0.008189315,-0.14144464,0.011200113,-0.04033538,0.020673675,-0.038669,-0.0022415053,0.00027551083,-0.1154813,1
-0.18451431,7.905619e-05,0.08423257,0.004361853,0.019882038,0.008035395,0.033411592,0.088808835,0.13130546,0.3986095,0.35456628,0.6559095,0.12914298,0.3992094,-0.06840678,1.6306506,-0.042927805,-0.06550059,0.07699754,0.008004208,-0.07836644,0.10957407,0.034524366,0.100735195,0.0030954417,0.10204845,0.034120284,-0.12174343,0.080118984,0.7056081,0.25778124,0.2554843,0.25291762,-0.00906101,1.0766758,0.00978346,-0.039496858,0.13791744,0.04491954,0.08275321,0.010505324,0.07271718,0.0061891116,0.02956245,-0.009178856,-0.0019643675,-0.07406753,-0.0077959253,0.078852266,-0.002306855,0.022197276,0.006821412,0.007453292,0.1576069,1
-0.13596518,0.0057424526,0.003536847,0.0071119694,0.004332679,0.0027477746,-0.026563635,-0.067848,-0.08532333,-0.80427134,-0.7989024,-0.29206353,-0.18397428,-0.81014127,-0.0039536436,1.2528996,0.08639939,0.09767496,0.017802378,-0.0041397456,0.32451263,0.03933785,0.043019954,0.15776637,0.014374449,0.3657582,0.08709762,0.2429273,0.04301758,0.44577336,0.048194997,0.26491413,-0.123343624,-0.014447712,-0.35333925,0.2840874,0.079082675,-0.08842083,-0.007439538,-0.021093272,-0.001854558,-0.051613327,0.0028430226,-0.010719083,0.124888934,0.030853806,0.41841024,0.017527115,0.06465482,0.012081115,0.0016367002,0.013677704,0.0013175145,0.9255286,1
-0.19793987,0.0069156103,0.03235157,0.020364886,0.008913081,0.008755489,0.0337703,-0.02604054,-0.049039107,0.33805832,0.21655105,-0.2771471,-0.21135859,-0.056172892,-0.06919155,0.9942278,0.14453106,0.18485937,0.27572054,-0.0059291916,0.51315963,-0.06743986,-0.011059195,0.14101498,0.015739772,0.3882679,0.12866093,0.27707887,0.09073763,0.8212833,0.35567507,0.32001352,0.24183652,-0.010185292,-0.22918485,0.14441563,0.0932706,-0.093717925,0.015289484,-0.015380978,0.00038556918,-0.061162658,0.00048358645,-0.011983813,0.016608382,-0.007697385,0.30579206,0.006984693,0.056584973,0.02585106,-0.0008179741,0.000826151,0.006366878,0.13544811,1
-0.1971428,0.007396097,0.08536052,0.021218635,0.007979816,0.010636845,0.05391907,-0.018960755,-0.03812449,0.33716828,0.2434072,-0.18655705,0.1377622,0.31430003,-0.13182385,1.7482343,-0.054053616,-0.086545296,0.18871364,-0.00012680888,-0.08568988,0.20767671,-0.0045604818,0.11607171,0.0070188716,-0.23277006,-0.22124296,0.7917319,0.11265617,0.7487015,-0.16357261,0.2665578,0.00087748934,0.034259666,0.9885466,0.11007771,-0.037962478,0.19809109,-0.024452671,-0.075194575,-0.023749283,0.06443644,0.0021038754,-0.029121934,-0.034921024,0.014250538,-0.12466641,0.01786362,-0.019449592,0.00021428172,-0.01539482,-0.0032906248,0.014496896,-0.27316362,1
-0.16025896,0.002167833,0.07830474,0.016598696,0.0078016887,0.013280716,0.06146904,-0.020832468,-0.09314989,0.32939968,0.22747573,-0.35940754,0.12512346,0.44328684,-0.14533803,1.7808584,-0.050204802,-0.07610238,0.24436693,0.0010237759,-0.08240719,0.16388296,-0.017157558,0.12621441,0.005696587,0.19906004,0.19916,0.8353371,-0.22468513,0.42010897,0.21789385,-0.079712,-0.14854276,0.041419886,1.0261571,0.10393084,-0.030890733,0.17459029,0.07823963,0.05498299,-0.007247537,0.053853743,-0.0047051874,0.03222871,-0.04625366,-0.017545354,-0.11580297,-0.009041268,0.07445391,0.017181154,0.04779014,0.0077297706,0.014161478,-0.20604788,1
-0.21285944,0.0023488486,0.0825786,0.012422508,0.005140657,0.004674173,0.030226763,-0.046427213,-0.051283848,0.27524287,0.15202308,-0.24061583,0.14061125,0.35140118,-0.11226079,1.5458515,0.13395089,0.1478743,0.278418,0.005688298,0.44524935,-0.06207351,-0.005680201,0.15514357,0.009173344,0.2789546,0.20761761,0.84569883,-0.020717416,0.9679698,0.3308658,0.4072064,0.18591872,0.040042147,-0.2816329,0.070990376,0.07718588,-0.08739475,-0.012271382,-0.024525987,-0.006020034,-0.050817557,0.0029490674,-0.013152847,0.10642109,0.030253032,0.2680121,0.00069938414,0.0076193097,0.017211208,-0.038415182,0.0048243124,0.0013216635,-0.3968611,1
-0.18675828,0.00065928506,0.08366425,-0.010551143,0.01995724,-0.0072298567,-0.017622912,0.086490095,0.1297366,0.37021008,0.34032902,0.6657625,0.109235995,0.36399916,0.13770656,1.6912538,-0.042983495,-0.06843438,0.06813467,-0.001128765,-0.077043414,-0.13319871,0.050372552,0.09338643,0.0013837265,0.1177063,0.02467589,-0.13546911,0.08886244,0.7284889,0.004797705,0.22239019,0.24797337,-0.022334114,1.0739902,0.081291,-0.042218518,0.19071521,0.043396663,0.089705884,0.008967409,0.08480134,0.002924853,0.029381886,-0.0069841463,-0.0033628135,-0.07787079,-0.007231108,0.079062834,-0.0033307471,0.02188603,0.006667685,0.0072312444,0.1537163,1
-0.20384783,0.002863158,0.028474355,0.014749929,0.008666422,0.004155432,0.008595738,-0.01918107,-0.03784931,0.29861075,0.20985451,-0.25798893,0.009051397,0.32669348,-0.13488364,1.5514777,0.07201595,0.16177294,0.14741631,0.0027856939,0.4632831,-0.06863338,-0.006979165,0.17273006,0.01198636,0.26336566,0.23132174,0.96910626,0.054566648,0.7708189,0.32539552,0.43234202,-0.033238623,0.047316793,-0.3278879,0.08511172,0.07956751,-0.09367525,-0.010808321,-0.027650164,-0.0062009324,-0.06058745,0.00041812006,-0.013030605,0.10008782,0.035366535,0.28008163,-0.0008366052,0.048080135,0.024103649,-0.04325513,0.008288594,0.008193523,-0.38601154,1
-0.18895721,0.009256063,0.08512322,0.020347958,0.009064447,0.010016583,0.040877327,-0.021454912,-0.061081436,0.2850099,0.25325963,-0.2786342,0.14910524,0.42424592,0.013730137,1.7316717,-0.04587116,-0.07523025,0.22830257,0.0009876164,-0.08183208,0.10087638,0.028556015,0.13691594,0.006850445,-0.2253301,-0.1282673,0.8109806,0.03817231,0.77942604,0.2590257,0.54398227,-0.005430257,0.014033774,1.0400249,0.09882206,-0.04519501,0.18664214,-3.7134625e-05,0.07336707,0.014473161,0.057790983,0.0047120363,0.038136534,-0.012867012,-0.0005310192,-0.10772516,-0.008074581,0.069451705,0.012389991,0.04310906,0.007366728,0.010856956,-0.008934047,1
-0.14186876,-0.010821394,0.004176742,0.0053213434,0.008111525,0.0051208194,-0.017402535,-0.05973777,-0.07676124,-0.6557702,-0.81241816,-0.26366198,0.16635339,-0.8293079,-0.1188283,1.2167672,0.04866072,0.07246801,0.23548718,0.0045433594,0.562092,0.055965368,-0.0065978277,0.14910375,0.038679242,0.12990485,0.16461107,1.2106166,0.060174406,1.0272266,0.2171763,0.49848628,0.36286223,0.029631406,-0.18900476,0.28229836,-0.059677154,-0.046290502,-0.009668034,-0.050488397,-0.0073677567,-0.06163428,-0.00221961,0.005471617,-0.04231584,0.005256394,-0.14010413,0.01171121,-0.038852874,0.018218836,-0.038846012,-0.0020470424,-0.00025120727,0.032279883,1
-0.17692207,0.005408343,0.07705715,0.0151422275,0.007024259,0.010676516,0.05157189,0.023543801,-0.041062854,0.39915428,0.33712825,0.3336499,0.14350021,0.44110656,-0.09389157,1.6593972,-0.043127593,-0.061419416,-0.15473877,0.0075623677,-0.07050341,0.17579122,-0.012578629,0.08691586,0.0068614655,0.19541596,0.19829944,-0.30704382,-0.1596362,0.76951355,0.21719112,-0.7315882,0.11726326,0.039564922,1.0565212,0.164131,-0.036073312,0.11444771,0.087400675,0.074973576,0.012409329,0.0720533,-0.003346523,-0.025506709,-0.013437163,-0.012079256,-0.084119424,-0.010295,0.061355077,-0.0017008712,0.04011605,-0.002129689,-0.005113237,-0.18550006,1
-0.18222246,0.003109157,0.080384366,0.018613376,0.0073534483,0.009361032,0.044373244,-0.037515327,-0.0964214,0.2769596,0.23215011,-0.35769525,0.1363833,0.32496044,-0.13577819,1.7430704,-0.049832527,-0.06696297,0.24973029,0.001146622,-0.09314746,0.10546097,0.0045065703,0.13038407,0.007451114,-0.20521729,-0.008021119,0.8677514,0.08066593,0.8294443,0.23902415,-0.34505054,-0.01645877,0.031835288,1.0163455,0.05820091,-0.03913678,0.19271791,0.03776548,0.052020438,0.014593922,0.041850373,0.0047120363,0.03820716,-0.023112932,0.007982154,-0.10734314,0.014000749,0.06874432,0.021617256,-0.050933383,0.011545924,0.0067317123,0.072956786,1
-0.17663002,0.0059276694,0.078364015,0.01686554,0.007770236,0.00845423,0.05596652,-0.030889995,-0.09787996,0.33894295,0.24358857,-0.3858869,0.13009714,0.4493521,-0.14994092,1.8258132,-0.04491168,-0.06759881,0.2337479,0.0010141023,-0.0839235,0.16710997,-0.018263549,0.12240116,0.005806331,0.22000428,0.16044928,0.08760426,-0.22720443,0.85824287,0.21327561,-0.3608342,-0.16069472,0.03927535,0.9228461,0.114488475,-0.03729773,0.17680866,0.07580314,0.053762227,-0.020832557,0.038779832,-0.0053842003,-0.027225211,-0.028819121,-0.01061791,-0.100999504,-0.01061109,0.067466535,0.02221029,0.045817308,0.0063230973,0.00627534,-0.22296056,1
-0.21160693,0.0043937126,0.07614317,0.0062729158,-0.0018029476,0.00072410906,-0.041996952,-0.051864654,-0.06256843,-0.6770368,0.06740762,-0.24973884,0.03848145,-0.0018565031,-0.11219329,1.3984631,0.11586478,0.13007258,0.09029072,-0.0038106793,0.51358783,0.008080947,-0.011381201,0.14754455,0.007262858,0.20728563,0.1609258,1.0801667,0.03528446,0.9827763,0.26158208,0.37831664,0.22367176,0.033575904,-0.28429818,0.1805128,0.06039393,-0.08487571,-0.015818313,-0.02247397,-0.001827786,-0.05439254,0.0031827579,-0.009604927,0.11754446,0.012242791,0.27390617,-0.0020794082,-0.00017634616,0.01760683,-0.038648438,-0.001850808,0.00011086825,-0.45837438,1
-0.17960213,0.004962779,0.080024436,-0.006837821,0.025554413,-0.0049439687,-0.0065735993,0.12887248,0.16464117,0.39929202,0.35438326,0.8133598,0.13244087,0.4226233,-0.15366559,1.6985712,-0.04712004,-0.05545428,-0.1789236,-1.0345597e-05,-0.07426588,0.040720943,-0.011349974,0.08574207,-0.006495153,0.19564041,0.22626756,-0.28622034,-0.19678658,0.69176555,0.2593598,-0.6348217,0.027739095,0.04521472,0.68801874,0.17482562,-0.03576512,-0.05599212,0.08705616,0.07001762,0.011431828,0.07681666,0.008437038,-0.0008177266,-0.016124817,-0.016455201,-0.077535786,-0.008524299,0.044629082,-0.0012710155,0.029466579,0.000596778,-0.0020081943,-0.19304079,1
-0.1978681,0.009673495,0.08474899,-0.0018114587,0.011394563,0.00529389,0.032599986,-0.02215821,-0.035348337,0.33611354,0.24108654,-0.23846361,0.16214412,0.41999385,0.07098846,1.8223212,-0.06160765,-0.09943871,0.27471197,0.007533811,-0.15106906,0.19390109,-0.0008385306,0.15067512,0.011310312,-0.22791311,-0.32750654,0.77366346,0.13942057,0.88472503,0.045515653,0.36203277,0.03939778,0.039458275,-0.6615083,-0.018517416,-0.062816836,0.21616966,-0.039935254,0.028712377,-0.010795655,0.056083553,-0.009081449,0.0045847674,-0.01015663,-0.011395968,0.2022106,0.0056290105,0.07238482,-0.00032899505,0.028414775,0.023728251,0.014489109,-0.2937897,1
0.5300631,0.012207586,-0.10142596,-0.0042013912,-0.008332217,0.00789056,-0.019134788,0.28557017,0.24318485,0.31063223,0.76863784,1.4401921,0.012779765,0.25600612,0.07175899,-0.79053146,-0.06232491,-0.08132476,0.13748449,3.3872202e-05,-0.06804151,0.28297734,-0.008525759,0.059491117,0.007740441,-0.06483479,0.050151285,0.20109373,-0.11956244,-0.71098626,-0.22422586,-0.4329173,0.18066354,-0.049146596,1.5958314,0.1394344,-0.025947662,0.20481172,0.03693234,0.008645495,-0.031316485,0.036169674,-0.0070552127,0.021607857,-0.015314837,0.0029873273,-0.0790472,-0.021503326,0.03089825,0.006943275,-0.029494228,0.005141083,6.673229e-05,-0.1451799,1
-0.16078754,-0.0076873084,0.058739036,0.02117721,0.008332153,0.0035730544,0.05253029,-0.016799048,-0.084698334,0.38519377,0.26345623,-0.31393307,-0.21345784,0.3231968,0.12292654,1.2423373,0.10144414,-0.015076507,0.2548392,-0.00048855087,-0.11592669,0.12745494,-0.010132854,-0.22146274,-0.02364495,0.20857278,0.15071128,0.7055595,0.08818079,0.7863594,0.2248401,-0.3324936,0.161107,-0.014839768,1.0125798,-0.07971816,-0.03923173,-0.025026275,0.036654323,0.005602928,-0.028934905,0.039210524,0.0033199163,0.011510812,-0.0326828,-0.00013318215,-0.13630521,0.023406442,0.071423106,0.020702891,0.039419264,-0.005492203,0.011414476,-0.21751828,1
-0.20219761,0.003217088,0.022210354,0.009177288,-0.0006909022,0.004139889,-0.028466396,-0.051742606,-0.059138212,0.2732283,0.15532014,-0.24721,0.048796136,-0.00016258424,-0.11970565,1.5481431,0.03636093,0.14168875,0.14719959,-0.0039918404,0.47943076,-0.05594067,-0.0071884342,0.16110498,0.012081305,0.27645317,0.23154882,0.9924928,0.073285826,0.7794314,0.32567507,0.4549579,0.038023464,0.04240128,-0.3004911,0.12727429,0.06838764,-0.09058415,-0.012705667,-0.023067445,-0.005913501,-0.058249295,0.0016776337,-0.0098811425,0.115588024,0.033866253,0.29861975,-0.0008366052,0.047493238,0.024103649,-0.04325513,-6.644614e-05,0.014215784,-0.37365824,1
0.4913876,0.009239376,0.0833455,-0.014493669,-0.009749269,-0.013019742,-0.030472247,0.10870645,0.2179146,0.30640253,0.6185524,0.9812609,0.10555213,0.27493417,0.13458286,-0.645499,-0.059604958,-0.07921436,0.00028722815,-0.0006542136,-0.07928743,0.029330462,-0.02037128,-0.096988514,-0.02202341,-0.14776614,-0.070338145,0.7926806,-0.01019856,-0.32547575,0.35187295,-0.27799165,0.3437353,0.04814656,0.9700803,0.10600799,-0.037517957,0.14596651,0.024693696,0.06369587,0.0117468955,0.0638411,-0.008672745,0.00064564566,-0.014084112,0.001408336,-0.11066048,0.03062965,-0.05972271,-0.00873421,0.0624829,0.004140823,-0.0021582495,-0.16140603,1
0.6148376,0.004605284,0.091603294,-0.01746384,-0.011148926,-0.015626224,-0.0332943,0.052247778,0.13938917,0.32988396,0.26246458,0.7996198,-0.12532762,0.34603345,0.14117205,-0.6082976,0.0427028,-0.0856443,0.17751987,0.005923512,-0.06884706,0.18701899,-0.010489868,-0.07972723,0.008452371,0.109448515,-0.2579221,-0.33964762,0.13057199,0.96139467,0.326587,-0.25597808,0.33128446,-0.046670817,1.2776266,-0.010879172,-0.0327934,0.17935875,-0.037889037,-0.06851446,0.0022206763,0.07456929,0.00078053813,-0.030586278,-0.05174575,-0.014522431,-0.07722536,0.039149556,0.042425886,-0.0049395943,0.014483133,0.010646173,-0.0022529287,-0.21759495,1
0.18979767,0.009755943,0.025635306,0.018652055,0.009267684,0.009722991,0.03907896,-0.012884454,-0.05454262,0.37684375,0.25641865,-0.28735977,-0.11850114,0.36170927,0.017566862,1.4371549,0.050667014,0.1514496,0.14880823,0.0029099532,0.42611256,-0.08324799,-0.011964614,0.14139432,0.0056433943,0.31487197,0.06683688,0.31746516,0.08181461,1.1872699,0.30776545,-0.23139045,0.0075083384,-0.010362355,-0.30106726,0.04015103,0.0993626,-0.102822796,0.011234956,-0.030058125,0.0010554784,-0.06897826,-0.0031185213,-0.011384204,0.0044841636,0.022572922,0.35451367,0.017439082,0.07196283,0.026030159,-0.005722096,0.0060376637,0.008493312,0.054119334,1
0.4670515,0.013926852,-0.11994536,-0.01782676,-0.020494359,-0.0149260685,-0.029795734,0.30183375,0.26057228,0.3550534,0.84007645,1.4351252,0.076791845,0.25972787,0.14786215,-0.95361704,-0.059022512,-0.072220035,0.04238207,0.004932116,-0.0716138,-0.18572573,-0.024139298,0.05149322,0.00074442313,-0.08606866,-0.19931602,-0.2028365,-0.19642045,-0.37712327,0.33781087,-0.24548823,-0.17332995,0.01632108,1.5503756,0.21515824,-0.03914573,0.18990801,0.060595203,0.06270901,0.009227028,0.088057615,0.0064221257,-0.012236386,-0.011918848,-0.00094453513,-0.07201045,-0.013551872,-0.092878595,-0.0058045895,-0.031716727,0.00020914432,0.010161787,-0.01690972,1
0.5128269,0.01418314,-0.10738495,-0.01664022,-0.020571385,-0.0038209183,-0.025272645,0.2904239,0.2440733,0.34024855,0.7873745,1.4045017,0.06792974,0.26773864,0.06184428,-0.92729884,-0.057514884,-0.07433812,0.13811223,-0.0054963958,-0.069422185,0.32648802,-0.009925,0.05657539,0.008186373,-0.0714241,0.05119668,0.18432954,-0.15982145,-0.6986432,-0.20333381,-0.42452985,-0.14880815,-0.045200553,1.3301679,0.19452259,-0.031901605,0.19966857,0.01825377,0.09029337,-0.0058585797,0.057954546,-0.01459219,0.04397704,-0.011814774,-0.016414976,-0.07679989,-0.012221083,-0.040454432,0.005985804,0.024839317,0.005474887,0.002606872,-0.14420943,1
-0.15187222,-0.012867732,0.012049433,0.015020063,0.008316822,0.008438415,0.026851434,-0.015392669,-0.042640332,0.3269845,0.2595479,-0.26113972,-0.27982867,-0.7591066,-0.11206625,1.4581952,0.11228174,0.10620742,0.27073383,-0.00015509094,-0.17893495,-0.08895804,-0.010988675,-0.2506271,0.0012718821,0.369681,0.19586779,0.1649357,0.101513706,1.1695387,0.29725373,0.2712681,0.13689038,0.024995347,-0.26198116,0.15709664,0.090622954,-0.11489444,-0.018949777,-0.054911207,-0.0110385725,-0.04059722,-0.0018420614,0.0009786927,0.051106103,-0.012961119,-0.043591272,0.0045700436,-0.05670001,0.01689917,-0.04405684,0.0058581843,0.0015790379,0.5657758,1
0.5485111,0.0055366196,-0.124581225,-0.01406683,-0.016656684,-0.004741006,-0.03174439,0.0016741722,0.12655717,0.38129446,0.2982105,0.7307016,-0.19583148,0.35978732,0.1258848,-0.07411739,-0.092091426,-0.10064965,0.17122582,-0.003926851,-0.08977067,0.17847368,-0.006148199,-0.10275322,0.00020287768,0.21251222,-0.26294687,-0.34652615,0.13824855,0.72952056,0.32760307,0.3601112,0.3265051,-0.011424768,1.1866249,0.037363604,-0.033101615,-0.061903145,0.046412613,0.04588072,-0.010005121,-0.13438842,-0.00084778335,0.008715721,-0.041622087,-0.011131645,-0.08672569,0.041093722,0.08423733,-0.003914194,-0.051043216,-0.0029592854,0.010640221,-0.2445395,1
0.35714906,0.0070699654,0.021984482,0.024905823,0.008991203,0.01481455,0.047083773,-0.020209342,-0.050904986,0.3765025,0.25148365,-0.29853636,-0.15845849,0.41593885,0.09880911,0.95712674,0.020837156,0.17458819,0.28759333,0.0058736326,-0.1555958,-0.0993905,0.0013613002,0.1037732,0.012906252,0.24299915,-0.011723114,0.60440445,0.08511959,1.1544582,0.3012492,-0.42827448,0.2124492,0.026609365,-0.43899032,0.06721176,0.09531711,-0.106239215,0.0049066097,-0.022768678,-0.0023591232,-0.061862387,-0.0027101128,-0.0065379553,0.12594958,0.031512626,0.31712374,0.013665167,0.07490015,0.019965427,0.0031363028,-0.002935403,0.009106698,-0.19416443,1
0.56208783,0.019016072,-0.11502901,-0.015339226,-0.010663902,-0.014630189,-0.03291996,0.19652857,0.17540285,0.31151566,0.6929457,0.9007284,0.08267663,0.27230418,0.0067695086,-0.95219046,-0.07229438,-0.08279948,0.14891784,-0.003827102,-0.08802846,-0.15241821,-0.01729429,0.06877457,0.009213531,-0.08201763,-0.029566593,0.82188934,-0.18449123,0.4931403,0.31666735,-0.102499664,-0.16529548,0.041670255,1.4205586,0.15576631,-0.03279222,0.18885028,0.07221681,0.042830206,-0.016564993,0.03236963,0.004616527,0.037300132,-0.05135769,-0.005036908,-0.10689265,-0.014811277,-0.08763599,-0.011638779,0.059292503,0.009582531,-0.013345218,0.038447507,1
0.51081663,0.016409475,0.027650889,-0.016469747,-0.007720025,-0.017491383,-0.03311267,0.24101809,0.1609211,0.3065017,0.65727425,1.1709377,0.120216265,0.31724265,0.11608258,-0.38814056,-0.07816224,-0.07904248,0.1696432,0.0044707013,-0.079902545,0.16274156,-0.0012670589,-0.07590769,-0.0110763805,-0.15652877,0.023661116,0.7276573,0.019535173,0.42661822,0.2911034,-0.19580296,0.2956973,0.05608096,1.4601477,0.046011653,-0.029418316,-0.07551851,-0.055896413,0.00378213,-0.010041041,0.064785376,-0.007940106,-0.0009047749,-0.019752678,-0.008974983,-0.1163952,0.028875683,-0.09514255,-0.008789076,0.04927042,-0.0008758657,-0.012018982,-0.15155086,1
0.31104448,0.0019615716,0.08405348,0.02200454,0.01077131,0.005587903,0.04447881,-0.015298931,-0.07414954,0.25469652,0.21124782,-0.3333359,-0.26778013,0.33883047,0.11241739,1.0428883,0.1579365,0.17772113,0.0899245,-0.011522576,-0.2094525,0.13925317,-0.012048194,-0.30493763,-0.017000578,0.2735732,0.20834027,0.56548756,0.091620065,1.06355,0.057174295,-0.11337366,-0.023182113,-0.024918333,-0.7114191,-0.15972172,0.042640068,-0.17429937,-0.008568043,-0.039973438,-0.00023137941,0.03733082,-0.0054138205,-0.010160209,-0.034077648,-0.022829931,-0.12159546,0.013792911,0.08092669,0.018455513,0.017701216,0.0059490167,0.0027173567,0.114599116,1
-0.16244824,-0.008443785,0.026137562,0.013489185,0.007905722,0.009821929,0.03263617,-0.019976873,-0.059694152,0.36272246,0.2732349,-0.26178303,-0.22956896,-0.0541785,-0.050212957,1.3187076,0.13173847,0.140241,0.29217565,-0.0014508155,-0.18588671,-0.0806081,-0.025184695,-0.2655447,-0.018770132,0.26907519,0.18932436,0.8322535,0.093369536,1.0605892,0.2886014,0.42026114,0.28973114,-0.010118209,-0.37613145,-0.09257721,0.08395637,-0.10678712,-0.029913105,0.00035466417,0.0049399748,0.037074998,-0.003170608,0.0018281197,0.0248265,-0.015459592,0.26157683,0.0038838284,0.05407538,0.01914929,0.00043750228,0.004854283,0.009506163,-0.0026889713,1
0.2562523,0.01128733,0.023177154,0.018422537,0.009107211,0.009670856,0.035463274,-0.005111875,-0.04302832,0.353554,0.2647805,-0.27506712,-0.19033274,0.36320832,-0.07714844,1.3657632,0.09210965,0.1520157,0.12871352,-0.0027332213,0.44229677,-0.0962374,-0.009456966,0.15034133,0.005181528,0.30559382,0.04269786,0.34714022,0.08358614,1.1410099,0.29198346,-0.14544715,0.15827987,-0.00656385,-0.32294562,-0.08814465,0.09985717,-0.09949394,0.0065394947,-0.027656076,-0.0015807883,-0.06420779,-0.0046342975,-0.009234873,0.053588267,0.02676884,0.36963055,0.006592285,0.060260814,0.024218408,-0.0014595492,0.006216919,0.009426364,0.13353096,1
0.5596331,0.02943165,0.07549315,0.024027491,0.008618479,0.013181792,0.044214807,-0.024020148,-0.06458315,0.36456758,0.1685564,-0.34962115,-0.16016893,0.30678195,0.03775143,-0.24073233,0.06776774,0.21425731,0.18672186,0.0035811905,0.35789886,-0.101753764,-0.004685396,0.049955014,0.010457888,0.2902581,-0.011453301,0.32559147,0.027836714,1.0277362,0.3926907,-0.39728272,0.22652024,-0.0139959175,-0.35686737,-0.096019015,0.09960091,-0.1016291,0.022521472,-0.013167207,0.0059313895,-0.06046796,0.0043441737,-0.0061319163,0.14430015,0.04430404,0.2999512,0.020780727,0.061638597,0.025542405,0.0026942925,-0.005650916,0.009351901,-0.027537474,1
-0.15854213,-0.0045570717,0.038041327,-0.017182805,-0.018845424,-0.005323614,-0.019300679,0.16117188,0.17998007,0.34643188,0.56159806,0.94962883,0.11833105,0.38228008,0.12504712,0.7497115,-0.045551937,-0.06662803,0.2049749,-0.021649763,-0.0854234,0.18556647,-0.029207198,-0.18419246,-0.024829784,-0.19136652,0.21044101,0.6583103,0.0822584,-0.21613571,0.23788978,0.38790676,-0.13101035,-0.07377918,1.3162469,-0.08474328,-0.022763824,0.16152124,-0.0063029365,0.052084915,-0.031772636,0.07181915,0.0022334252,0.024396589,-0.006637357,-0.008659754,-0.10385552,0.0136491675,0.0034871898,0.011781076,0.051806234,-0.0010270587,-0.028444622,-0.2028756,1
-0.1583008,0.004064806,0.019049687,0.011690796,0.005383644,0.010491536,0.035819568,-0.052781254,-0.034336496,0.2810015,0.16001418,-0.23030308,-0.20062967,-0.008310346,-0.13665771,1.5816011,0.12162736,0.12919107,0.14927661,-0.002817487,0.50406444,-0.052083142,-0.00874239,0.17580096,0.01391583,0.32945582,0.22350171,0.91936654,0.07984018,0.79001975,0.31358775,0.56760323,0.1437169,0.030729631,-0.33846045,0.1196102,0.08271307,-0.09608637,-0.008463882,-0.030510688,-0.0058268323,-0.05338379,0.0028652826,-0.013030605,0.10205422,-0.0118789105,0.27320087,0.0094026495,0.06519051,0.022866033,0.0036584786,-0.005065291,0.00959096,0.1587168,1
0.28661388,0.01035201,0.079570785,0.02107428,0.008618981,0.008755489,0.031569865,-0.019050943,-0.039501984,0.29561526,0.21217489,-0.22758749,-0.21132162,-0.069841765,-0.13314122,0.64419407,0.15252216,0.1823702,0.26923153,-0.001982949,0.5101085,-0.06083052,-0.0021606279,0.15700513,0.011684479,0.32923105,0.18921272,0.85586566,0.07206044,0.8881117,0.34199703,0.5995781,0.21723458,0.03013475,-0.295309,0.13493575,0.08248025,-0.086927354,-0.0024310956,-0.02468547,0.0024916006,-0.054618053,0.005685462,-0.0078078653,0.11303084,0.036825597,0.29277194,0.0009776894,0.06720096,0.025095835,0.00068525923,-0.00052408886,0.006653797,0.12226991,1
0.17056485,-0.01449356,-0.10781912,-0.016610349,-0.01859202,-0.010650985,-0.0067132385,0.19692993,0.19679026,0.33548877,0.53193283,0.89595497,-0.11957914,0.33462358,-0.13565333,0.8866401,-0.033316832,-0.054572903,0.18067305,0.0035347918,-0.085241295,0.04765404,-0.010786008,0.09586577,0.009675525,0.13911255,-0.22827064,0.67709774,0.089538254,-0.70016193,-0.21363184,-0.51739913,0.015106179,-0.03662768,1.3312672,0.18138516,-0.025148641,0.2314919,0.033440158,0.07805365,0.010961694,0.07298774,0.009572784,-0.018939268,-0.050821144,0.01211128,-0.08307971,-0.00679795,0.008128323,-0.019684797,-0.068730235,0.007740029,0.0040075285,-0.20010957,1
-0.104802996,-0.00463346,0.08125158,-0.012518999,-0.0224906,-0.00020341389,-0.028484888,0.16911872,0.2249605,0.25067252,0.7513866,1.4142306,0.06668523,0.2760586,0.1326162,-1.3402998,0.14824316,-0.052192226,0.01329459,0.0020815704,-0.083412826,-0.18317886,0.00073119893,0.06366818,-0.008917438,-0.021734685,0.07994613,-0.20843625,-0.27955052,0.17431614,0.42991132,-0.26520947,-0.076613635,-0.013561415,0.6326634,-0.19385277,-0.0445557,0.19585912,-0.058900785,-0.05821553,0.010126869,0.084174685,0.0149317,0.034721874,-0.05053503,0.00013825088,-0.094895385,0.019383151,0.065336496,-0.009657359,-0.0521226,-0.0050817113,-0.00090895104,0.21072437,1
-0.21881837,-0.028611373,-0.053213518,-0.017083922,-0.018456925,-0.018993203,-0.017430536,0.16134022,0.14118011,0.37527716,0.6126187,0.9963528,0.052895006,0.38052863,-0.1361534,0.33085015,-0.049942326,-0.07981481,0.16189663,0.007116423,-0.07355003,0.26310742,-0.013785137,-0.11187012,-0.0040056785,-0.01165821,-0.21729848,-0.37546286,-0.114744484,0.74852157,-0.2872767,0.36448428,0.2668155,0.03105118,1.1673875,0.13353178,-0.033793136,0.21290825,-0.012618533,-0.09469,-0.015344811,-0.13871816,-0.00777768,-0.03114328,-0.039138164,-0.008988625,-0.08283141,0.021456908,-0.036522496,-0.01088148,-0.042374045,0.0044885078,0.009869664,-0.26619878,1
-0.1848349,-0.0008726358,-0.05313331,0.01165664,0.009077409,0.013815093,0.038469657,-0.024545519,-0.034354504,0.33562714,0.23810996,-0.27596554,-0.16379458,-0.036020182,-0.06602906,1.6734126,-0.062221833,-0.08849524,0.297824,0.009908451,-0.13667484,-0.07103071,-0.01459359,-0.1275006,-0.0016516948,0.06733401,0.20510514,0.9031203,0.10057464,0.6907967,0.3041875,0.55105865,0.21094997,0.0343483,-0.37910944,0.15786602,0.06712624,0.09540836,-0.024083447,0.06609605,-0.012363169,0.048823647,0.005015991,5.4857228e-05,-0.04290591,-0.017232616,0.33825916,0.0059055085,-0.049003173,0.021337166,-0.045901358,-0.0030341623,0.014283529,-0.31044176,1
0.16261669,-0.023232691,-0.06408436,-0.017012103,-0.01859202,-0.008835673,-0.008145775,0.19542253,0.20667195,0.35727423,0.5392208,0.9439496,-0.078656904,0.3550558,-0.1400438,0.93808395,-0.03402585,-0.05564409,0.18321829,0.001161281,-0.08402456,0.23284288,-0.011031959,0.096998885,0.01050537,0.13907883,-0.11429395,0.670433,0.053480297,-0.61820775,-0.13998498,-0.5360856,-0.060454823,-0.009327753,1.3046758,0.116619,-0.028454892,0.2151152,0.027325317,0.08446564,0.008599498,0.08598072,0.0070485407,0.00951679,-0.016427657,0.011183645,-0.076345265,-0.0102216825,0.035392534,-0.017930146,0.041733935,0.0055212155,0.00861042,-0.1952218,1
-0.21041358,-0.04011197,-0.060254272,-0.017485676,-0.018456925,-0.014292799,-0.017785298,0.16484106,0.15177424,0.36901549,0.61631584,1.0251113,0.09007601,0.39875028,-0.08364757,0.3413552,-0.05120562,-0.07210071,0.16297863,0.0044939136,-0.074582785,0.2715291,-0.014361391,-0.08938247,-0.0041343872,-0.049482368,-0.21532369,-0.35356697,-0.16501929,0.72616124,-0.28999203,0.2723314,0.2607683,0.029770676,1.1624721,0.13572332,-0.04069491,0.21307494,0.05632348,0.092306666,0.009176811,-0.16521637,0.006140321,-0.0043023448,-0.0461717,0.0032636893,-0.07602216,0.022574678,-0.01355821,-0.01088148,-0.010978462,0.0021382114,0.0033165345,-0.23747723,1
-0.29845205,-0.056342833,0.022000708,-0.015545948,-0.01650089,-0.010864386,-0.02455913,0.25132924,0.19276701,0.31776333,0.6693447,1.2524732,0.111186065,0.3241545,0.021271689,-0.47326496,-0.066286504,-0.0713233,-0.007656073,-0.0045421934,-0.09188713,0.17598666,-0.023635207,0.06403129,0.003793218,-0.1740432,-0.33331776,0.82117116,-0.10439684,0.21481618,0.3151046,0.11097744,-0.14743191,0.048222393,1.5808762,-0.05951277,-0.025065994,-0.10987703,0.0011416352,0.04246419,0.017264994,0.07266005,0.0049677133,0.039192557,-0.016781626,-0.02485513,-0.10243214,0.021071825,0.02451346,-0.007873711,0.03666541,0.010595303,-0.02550285,-0.19677286,1
-0.006465214,-0.031262714,-0.07083477,-0.013721837,-0.016670072,-0.01705437,-0.023848757,0.27940962,0.22551224,0.31604427,0.7625576,1.4370052,0.09531351,0.27078924,-0.11425226,-0.61230713,-0.06523282,-0.06730902,0.004986559,0.0043719397,-0.082748994,-0.18577039,-0.020270722,0.0800572,0.0053111613,-0.08241407,0.0223261,0.72267216,-0.2281528,-0.06660703,0.38436818,-0.28427285,0.015460081,0.03426761,1.6252476,-0.16555649,-0.035907708,0.14365098,0.067661025,0.043722406,0.019342031,-0.13679062,-0.004234793,0.051600423,-0.016948473,-0.019037802,-0.118860655,0.0054042162,0.04548394,-0.005503323,0.034222305,0.008171397,-0.013523023,-0.13987467,1
-0.16001846,0.000751045,-0.09022218,-0.017224357,-0.019220576,-0.013403105,-0.023100443,0.10602507,0.18353257,0.35894954,0.3773563,0.78988993,0.11492414,0.38271376,0.12761764,0.9959645,-0.045610853,-0.07055558,0.19565488,0.00032663113,-0.08317208,0.19016461,-0.018789444,-0.18864113,-0.026893055,-0.18920907,0.19925758,0.6685663,0.08989266,-0.25812188,0.22041924,0.3712291,-0.12659398,-0.06418161,1.3323729,0.05361315,-0.020472305,0.20697589,0.033118334,0.084763624,0.018314157,0.07681977,0.00520952,0.012480225,-0.005534538,-0.0019227238,-0.08146567,0.013846487,0.06167726,0.012084923,0.056967877,0.0027211756,-0.03246194,-0.19799532,1
-0.29380238,-0.06886902,-0.06194443,-0.013455762,-0.015586084,-0.0028516962,-0.020770052,0.25564548,0.18839243,0.25922334,0.53687507,1.3275093,0.10162621,0.29970163,-0.14478558,-0.5311985,-0.06256746,-0.07301625,-0.17814615,0.0055579236,-0.07586595,0.1848203,0.031809162,-0.015009148,0.00573392,-0.14471722,-0.3247852,0.77769464,-0.08328528,0.37093025,0.28199068,-0.3261269,-0.14183831,0.04204137,1.5252588,0.096887395,-0.029519796,0.1778335,0.05298807,0.011212065,0.017437072,0.06176957,-0.0090121925,0.047516555,-0.020877635,-0.021510195,-0.09347996,0.01484383,0.038491115,-0.009878605,0.040676914,0.00059171976,0.0011552535,-0.15779705,1
-0.19676016,0.0019143713,-0.033234917,0.015366275,0.008834423,0.006042788,0.037905194,-0.02014092,-0.031385247,0.31949317,0.24228655,-0.26309666,-0.26036823,-0.12747002,-0.13224001,1.6045572,-0.061575174,-0.08133365,0.292781,0.00970762,-0.1505983,-0.073820375,-0.014218913,-0.12831025,-0.022638507,0.16435322,0.20800203,0.83941203,0.09495078,0.99491936,0.31473103,0.51258266,-0.0018934852,0.032353193,-0.36490914,0.16189267,0.07344129,-0.020408645,-0.0045862547,-0.05330244,-0.012502462,0.050042823,0.003055158,-0.0074792993,-0.03847632,-0.0052930834,0.34528238,0.0058365534,-0.052265164,0.025416093,-0.04376535,-0.004599331,0.009163404,-0.16353932,1
-0.14490981,0.0031965692,0.015833845,0.009177288,0.005140657,0.0073503796,0.031779576,-0.051432814,-0.029775467,0.2486798,0.10982558,-0.22607268,-0.21927382,-0.013110969,-0.12504238,1.5661142,0.122336656,0.12135229,0.27060142,-0.0021861638,0.49512628,-0.04826343,-0.010407569,0.15635034,0.010149129,0.3205827,0.22285639,0.8557516,0.07996786,1.0515323,0.3077554,0.5639865,0.16754603,0.02621893,-0.26489615,0.15355012,0.075542085,-0.09192754,-0.0076188776,-0.037155617,-0.0057171104,-0.052669793,-0.0023268915,-0.013341034,0.03807891,-0.0049857423,0.29665387,0.004716727,0.0687684,0.023998579,-0.0026567266,-0.001075399,0.0075075068,0.19117896,1
-0.1601518,0.008699656,0.023425506,0.015679017,0.00864906,0.012602509,0.04343916,-0.014653917,-0.03491207,0.30334258,0.23226565,-0.21553251,-0.22061059,0.007089379,-0.13042656,1.5942444,0.12484068,0.13959822,0.20795633,-0.0062863324,0.4793329,-0.05976362,-0.009449491,0.16253746,0.014247826,0.31349686,0.17241372,0.8980467,0.08566199,0.779688,0.32344833,0.5543825,0.18991593,0.027406855,-0.29245567,0.116636924,0.083278365,-0.092482716,-0.010488093,-0.03607591,-0.0008821024,-0.05407463,0.0005132877,-0.013058243,0.052181132,-0.0055001634,0.38088775,0.0077325962,0.07391753,0.020251904,0.0013914458,-0.00270241,0.009496642,-0.0086111,1
-0.18115017,-0.0027874445,0.013943891,0.0066458303,-0.00011582981,0.006034351,0.025864946,-0.060823116,-0.0806019,0.09381742,0.066766724,-0.2555475,0.12412607,-0.05578231,-0.12244004,1.6655114,-0.052296683,-0.07150119,0.28688774,0.010506498,0.45967382,-0.04189719,-0.011455871,0.1562577,0.018622447,0.29171017,0.23883633,0.79636425,0.09672294,1.0697882,0.3061587,0.5855085,0.3175304,0.043837577,-0.24420677,0.1748067,-0.06507779,-0.009468402,0.0047766767,0.04866491,0.0036893426,0.016598409,-0.00281048,-0.006094747,-0.028824005,-0.010131205,0.15207236,0.0005635135,-0.027214464,0.021692852,-0.03906185,0.009670407,0.0056764097,0.47676152,1
-0.19030075,0.010662075,0.027746333,0.019461133,0.00840178,0.018481994,0.050020874,-0.018238783,-0.08554955,0.30372798,0.24339221,-0.4303445,0.14581287,0.37143236,0.02114454,1.9699755,-0.053946566,-0.077978015,0.23429935,0.008309611,-0.08174952,0.1707813,0.08136477,0.13571373,0.009629495,-0.18827887,-0.17316967,-0.42443782,0.10190147,1.0072345,0.27996215,-0.30868977,0.20506893,0.031750724,0.52667814,-0.04044266,-0.04831723,0.19489045,0.05141853,-0.0019004252,-0.01750239,0.0858682,0.005010774,-0.002096022,-0.018799303,0.0049727904,-0.08995682,0.026123427,0.0628719,0.00066026906,-0.05675665,0.0008432872,0.010666485,0.13320379,1
-0.18699393,0.0096894335,0.08633564,0.017746748,0.015918745,0.0022428306,0.027822811,0.048774675,0.2094481,0.35623354,0.32363102,-0.082731724,0.11115198,0.34546712,-0.17069457,1.4443122,-0.048879754,-0.08117764,0.024786094,0.004919211,-0.07898663,-0.1889533,0.034876663,0.10915374,0.0040301755,0.22965221,-0.027193608,-0.41622612,0.026030812,-0.7724869,0.31380007,0.4893253,0.015927434,0.040129066,0.86546534,-0.08612047,-0.043872267,0.15032083,0.04057341,0.07519254,0.010586323,-0.0025374473,0.016481927,0.047038704,-0.016619997,-0.015732331,-0.080595806,-0.0012055687,0.07576501,5.8636768e-05,0.052772675,-0.004565179,-0.0016483421,0.20777506,1
-0.20362283,0.010361139,0.021283912,0.0081016235,-0.00077379454,0.008740644,0.0294538,-0.049515404,-0.06945684,0.2886083,-0.5084595,-0.28573805,0.14934687,-0.04226,-0.12220456,1.3337246,0.04081593,0.13020164,0.26125094,-0.007111544,0.50017226,-0.010679544,-0.007113528,0.17616111,0.013372095,0.30071464,0.2259056,0.65565234,0.07164688,0.7714541,0.28533384,-0.14847682,0.3210452,0.037355132,-0.23566663,0.16022451,0.06256292,-0.08560859,0.0024569617,-0.030902939,-0.0066109174,-0.06040301,0.006128409,-0.012208924,0.109366335,0.03819407,0.3678634,0.0033373395,0.010761546,0.01726731,-0.04371087,0.008682927,0.004707128,0.14497617,1
-0.16835351,0.0070746583,0.07910725,0.0071771797,0.012228152,0.003862376,0.033894345,-0.0025085895,0.15096715,0.45546582,0.36264667,-0.31505972,-0.24032168,0.4810134,-0.15810084,1.8752246,-0.054681215,-0.088602126,0.24829872,0.0013216641,-0.13977973,0.1873451,-0.027707685,0.0401945,0.0006572563,0.265443,0.21893832,-0.36822042,-0.19798739,0.5016295,0.25747156,0.21565543,0.2686438,0.042542756,-0.61959255,0.0778065,-0.06611275,0.20694943,0.08068628,0.09007832,0.014339036,0.06984182,0.008032748,0.031364616,-0.028122857,-0.002467469,-0.08471404,0.007022801,0.07487591,0.01583948,0.0015401801,-0.0028260248,0.0059579723,-0.254851,1
-0.18320553,0.0016011922,0.016766928,0.020450646,0.0058373325,0.005045665,0.04322581,-0.028394572,-0.079248436,0.2900377,0.20079173,-0.3655454,0.12801507,0.3376591,0.11745056,1.7645518,-0.049452107,-0.067188375,0.20300776,0.007021666,-0.08209248,0.177411,0.047285736,0.11242086,-0.022785544,0.029533362,0.04193005,0.73835963,0.038568083,0.8068766,-0.07849854,-0.51430136,0.280035,0.033498287,0.9908186,0.09906026,-0.035574924,0.20166221,0.034778513,0.05649049,0.013872471,0.047509316,0.004799363,0.03993543,-0.016895298,-0.014508033,-0.11139844,0.019214753,0.061383296,-0.0012338397,0.04671464,-0.0046657957,0.011831315,0.2836798,1
-0.177022,-0.0023405135,0.016944302,0.0069874567,-0.00023097132,0.0077547412,0.023226347,-0.059131477,-0.07458448,0.20712209,-0.6566854,-0.24387051,0.18019055,-0.038423456,-0.117744,1.5242264,-0.042303823,-0.04060315,0.2677101,0.009763805,0.4518076,0.010543849,-0.013108805,0.16540848,0.019742481,0.28292093,0.22205964,0.903619,0.10006801,1.0041251,0.27022007,0.54586273,0.3227096,0.040902585,-0.22348632,0.17946348,-0.06906525,-0.032231137,-0.022833163,-0.04489174,0.0035511344,0.036070656,0.0036901727,-0.013134774,-0.038531817,-0.011797054,0.23892553,0.0003315676,-0.034930345,0.01942374,-0.03850948,-0.0032818993,0.0011890976,0.646221,1
-0.16986246,-3.2321957e-05,0.021435827,-0.013187966,0.021095429,-0.0023641796,-0.0050184694,0.20741262,0.16372098,0.44045237,0.57227176,0.96689904,0.12518242,0.4363207,0.1302367,1.5121679,-0.047062423,-0.0518706,0.18895012,0.0005785073,-0.07720538,0.12694064,-0.009858143,0.087049186,-0.010195883,0.20054394,0.22635093,-0.2678494,-0.02135269,0.630222,0.13013332,-0.6121096,-0.106148496,0.038955927,0.54662454,0.12767762,-0.030120136,0.19365057,0.054377906,0.07789979,0.011239925,0.08405852,0.009099809,0.02962232,-0.021251807,-0.0073758126,-0.06846701,-0.008020089,-0.064471096,-0.0069620647,0.036484353,-1.2490782e-05,-0.0044861967,-0.19312291,1
-0.18601495,0.009613564,0.011158133,0.0068850135,0.0023860824,0.0056303013,-0.010724543,-0.06490239,-0.07521633,0.091570206,-0.7685501,-0.29389167,0.13777676,-0.09806937,0.021201778,1.5161248,0.09124459,0.10768042,0.23138683,-0.002577728,0.4909127,-0.0064281807,-0.026778152,0.16079566,0.015980596,0.28584954,0.23663832,0.97974354,0.05356482,0.713032,0.26645467,-0.5767516,0.1900604,0.031688895,-0.25228322,0.20167506,0.06534657,-0.08943679,-0.015307276,-0.011677016,-0.004568412,-0.060118213,0.0061358484,-0.013975805,0.109406166,0.034895673,0.3792161,0.015264006,0.03795645,0.016001718,-0.05132928,-0.0059944605,0.0014988563,0.24708435,1
-0.17882745,-0.00010042213,0.0799943,-0.01602754,0.027150076,-0.01154525,-0.007886244,0.19408728,0.16189787,0.41521668,0.55314696,1.0098752,0.099938154,0.41901672,-0.149823,1.4028383,-0.04968673,-0.05700174,-0.12585491,-0.0010305445,-0.07933697,0.24284762,-0.016622804,0.09111962,-0.008580016,0.19502929,0.2457112,-0.28065386,0.07965606,0.6647432,-0.27612588,-0.43829384,0.0011086962,0.040516883,0.6877581,0.16619076,-0.029538583,-0.051554237,0.061526153,0.08390938,0.010743294,0.10433866,0.0074483566,-0.0045698844,-0.011213109,-0.01120857,-0.083069004,-0.009025092,-0.054414082,-0.033301838,0.029514274,0.0060129464,0.0061476575,-0.25179103,1
-0.14959882,0.0033217766,0.03726292,0.0038957137,0.026163047,0.00972586,0.032098774,0.09924559,0.2199226,0.37165892,0.34692433,0.7874755,0.094671145,0.35456795,0.1287579,1.7719593,-0.04390757,-0.056737397,0.21634994,-0.00039024092,-0.06401429,-0.15157604,0.06948408,0.093206815,0.0009046637,0.18532868,0.07351777,-0.16527699,-0.0067147873,-0.30724385,0.23427062,-0.1832644,0.15973009,0.034330517,1.2137016,-0.06284042,-0.035778183,0.16544415,-0.015859738,0.090130076,0.0127378665,0.045080844,-0.0041811015,-0.029174764,-0.029709982,-0.0042040944,-0.079900816,-0.010168111,0.07686368,0.006800187,-0.07569447,0.005253639,0.012496931,0.18877947,1
-0.19601241,0.0074460176,0.022961982,-0.0011613248,0.010161502,0.00391159,0.028076228,-0.013560684,0.020519495,0.42716333,0.28642118,-0.40895784,0.13999629,0.4190999,0.15144266,1.5695553,-0.052317616,-0.07962864,0.17977016,0.005239275,-0.08315995,0.14205049,0.065769784,0.10672531,-0.0192002,-0.10442686,-0.14666918,-0.3939481,0.07674139,0.9329733,0.27854967,-0.28957954,0.0053509464,0.017097473,0.9583048,0.1247623,-0.040518504,0.17324448,0.052334383,0.0660871,-0.022287233,0.08690897,-0.008886438,0.002963168,-0.03409214,-0.012337024,-0.093936786,0.019084226,0.09305217,0.0011362741,-0.011116855,0.00091051473,-0.005261191,0.05878844,1
-0.16934676,0.00043054152,0.018177532,0.02244082,0.010100161,0.012101028,0.049262337,-0.025331639,-0.079295404,0.28411835,0.21542,-0.32105199,0.11465742,0.27869418,0.12000432,1.8810471,-0.0641243,-0.081528366,0.24560677,0.0067058597,-0.11594152,0.182497,0.06648665,0.051276278,-0.020464167,0.17298524,0.03181741,0.7619618,0.07903661,0.5845355,0.019402228,-0.392904,0.29234877,0.04995031,0.13851927,-0.109470844,-0.058607712,0.21957912,0.05413083,0.05653891,0.011943547,0.07120204,0.0012670826,0.03376349,-0.04113925,-0.014874324,-0.12240976,0.022552606,0.062388238,-0.004666159,0.04536704,-0.002155589,-0.012432179,0.3709256,1
-0.17288303,-0.024052724,-0.0972222,0.0083511025,0.011700771,0.0012294538,0.02954003,-0.02777959,-0.044870425,0.358343,0.23253226,-0.25848418,0.16058484,0.38963053,-0.07324176,1.2556773,-0.07661338,-0.11333025,0.30254707,0.007596508,-0.14401186,-0.09419384,-0.012943862,0.11654605,0.01676401,0.1757387,0.2275788,0.17344157,0.083049275,1.1180135,0.34837967,0.5565045,0.3382511,0.043115646,-0.38426757,0.12720901,0.090210505,-0.08075555,-0.0076093017,-0.06933218,-0.013805082,-0.062897176,0.0042455792,-0.017048284,-0.04235681,-0.014884389,-0.14785637,0.0077356077,-0.031121086,0.023009162,-0.038024876,-0.00030966208,0.002083538,-0.34100765,1
-0.19296378,0.006638533,0.016495539,0.008835662,0.0028434661,0.005521259,0.0051087216,-0.06398623,-0.08224993,0.1389668,0.010520034,-0.31447172,0.11310315,0.009849766,-0.12920184,1.6500348,-0.022735104,0.12061046,0.104953505,-0.007946963,0.5094597,-0.05190265,-0.02982812,0.16905452,0.009026717,0.29776508,0.24349205,0.5857738,0.06683244,0.72786117,0.3093009,-0.56065226,0.044253476,0.04147211,-0.34339967,0.15762259,0.06912697,-0.09858134,-0.022648858,-0.021084296,-0.0056259404,-0.062431775,0.0043249675,-0.013924966,0.11416222,0.0432048,0.36944798,0.009862026,0.059069853,0.0183467,-0.044281907,-0.0023422798,0.005936913,0.09675482,1
-0.17270233,0.0033579445,0.025056051,-0.0062447162,0.014278628,0.0060050082,0.032247283,-0.020283278,0.011041712,0.44972998,0.34668958,-0.32118124,-0.10721406,0.47144836,0.09840739,1.9039078,-0.05523584,-0.08204311,0.21164007,0.010140435,-0.10043167,0.1783587,0.004304456,0.068188615,0.0057028024,0.2677527,0.23063312,-0.41187963,-0.21152002,0.50546736,0.25387293,0.38816005,0.28630653,0.040505342,0.33904687,0.09675211,-0.04830043,0.07195676,0.07937333,0.08439315,0.0066527994,0.07903007,0.007826305,0.01639943,-0.039641168,-0.0061253137,-0.08746971,-0.00010122778,0.06446172,0.0154694,0.034027718,-0.009388036,0.016083704,-0.17191976,1
-0.18648265,0.009861281,0.013963371,0.009196588,-0.00040642015,0.0063548232,0.015128592,-0.06079025,-0.08038935,0.112310484,-0.75952107,-0.30455005,0.13876097,-0.044306353,0.027578363,1.517301,0.036777597,0.107029736,0.23299927,-0.0039060686,0.5172746,-0.031522334,-0.01802936,0.17150936,0.012356693,0.28662497,0.25337943,0.9087776,0.03221745,0.70936984,0.2665737,-0.58630323,0.21275285,0.03579879,-0.26204485,0.18300535,0.06672786,-0.08867217,-0.015396504,-0.01132099,-0.0049928124,-0.058184378,0.0061358484,-0.017106974,0.10688371,0.034607172,0.378782,0.013266471,0.043032173,0.0162244,-0.05132928,-0.007716247,0.00181249,0.13430302,1
0.4874009,0.02660518,0.08168683,0.020054951,0.030372063,0.009915848,0.031296913,0.2654441,0.22989847,0.35443938,0.799756,1.3776069,0.08451033,0.29048064,-0.09272838,-0.855852,0.062198244,-0.028305259,-0.22622241,0.0048488555,-0.07297264,-0.20035516,-0.027313778,0.055679113,0.01000474,-0.019884666,-0.31905076,-0.21887916,0.158501,-0.38096997,0.32139212,-0.23988907,-0.17122601,-0.05046199,1.5896392,0.20918532,-0.034833215,0.16492909,-0.0022018945,-0.085168116,0.010738216,0.07770582,0.0009387713,-0.01289079,-0.046612274,0.0056517683,-0.09528972,-0.01587018,0.064458415,-0.0061033685,0.038068257,-0.00057551335,-0.004531769,-0.11036028,1
0.30858353,-0.0078637805,-0.14314915,-0.0123009365,-0.012189452,-0.007435613,-0.018093197,0.1596561,0.14264253,0.35382316,0.48598844,0.82418704,0.15096653,0.4057053,0.11634427,0.5468811,-0.05565439,-0.07654035,0.067707404,-0.00039520906,-0.07771873,0.18613476,-0.011963287,-0.17554449,-0.031760763,-0.21541084,0.17736275,0.6216179,-0.17682493,0.6378154,0.12444598,0.2563612,0.26092994,-0.012306069,0.8088979,0.007913402,-0.030690916,0.15666316,0.0011917702,0.032784797,0.011646724,0.040923312,-0.0024472815,0.03306595,-0.013310655,0.0006562321,-0.09518896,0.02345426,0.056416217,0.014641756,0.03359043,0.006601112,-0.00477547,-0.26946715,1
0.5106482,0.018818472,-0.088973776,-0.020342251,-0.024956578,-0.015510827,-0.02553406,0.27627468,0.24858052,0.37012386,0.7960525,1.5104295,-0.07668434,0.28538227,-0.13469718,-0.67900914,-0.07167215,-0.07650346,-0.3414357,-0.0061846124,-0.06296542,0.24803458,-0.010361809,0.05837758,0.0021821912,0.15494075,0.030573158,-0.38265535,0.13477588,-0.11833624,-0.22433631,-0.4757687,0.032865494,-0.05005011,1.5312071,0.13648917,-0.030028244,0.23037928,0.05612261,0.08785051,0.0036033369,0.055325273,0.004649423,-0.012836705,-0.04846141,0.0073613226,-0.09115822,-0.020721324,0.036866434,0.0016211171,-0.072946504,-0.006388325,0.0063656815,-0.15049794,1
-0.20287426,0.0044008195,0.08563375,0.019923355,0.0083302595,0.010657816,0.037588388,-0.028000768,-0.046695665,0.35330552,0.17241871,-0.33021033,0.14392471,0.36829183,-0.12805557,0.4523006,-0.03921326,-0.018154174,0.26119903,0.007468685,0.47802523,-0.07293222,-0.0042994176,0.13636525,0.0084914705,0.33743343,0.27575767,-0.27817506,0.011178404,1.2178514,0.38925803,0.31411347,0.23941526,0.041980114,-0.38235635,0.05655182,0.10798119,-0.10167467,-0.0062034535,-0.032029882,-0.018839192,-0.057961386,0.0093315,-0.014365517,0.108878635,0.008796956,0.2528479,0.020010367,0.043382492,0.014192268,-0.034190815,-0.002690442,0.0016647066,0.1054238,1
0.66406757,0.0012746388,-0.09398331,0.003974897,0.012966029,0.0056373426,-0.028413672,-0.024767682,0.018123478,0.25407234,0.19397582,0.95427597,0.07689107,0.28902748,-0.1342852,-1.1449623,-0.09174992,-0.0900682,-0.03703605,0.0019989775,-0.067864,-0.20519944,-0.018029328,0.06089275,0.0014574749,-0.17142102,-0.050964747,-0.24265355,0.04176569,0.6265986,-0.33746508,-0.53649557,0.04501476,0.07502433,1.4175949,0.13435264,-0.039453354,0.15339927,0.07680227,0.048464686,-0.0025022323,-0.055137042,0.0016252962,0.044465408,-0.030075908,0.004648435,-0.10222085,0.009433513,0.04809364,0.004591733,-0.027152603,0.010111502,-0.02549573,-0.031009875,1
0.49513146,0.00995091,-0.10360556,-0.015717344,-0.008519546,-0.0174977,-0.0210857,0.24856879,0.19223323,0.37554038,0.71367323,1.3057934,0.06164255,0.34087005,-0.13717437,-0.38411114,-0.06740824,-0.072941825,0.1618933,0.0035991347,-0.06739461,0.20095685,-0.0124513,-0.06676341,0.005464178,0.172169,0.08135415,-0.34751818,-0.17623138,0.7613042,0.21902283,-0.3200821,0.2984972,-0.050877493,1.2833626,0.13382526,-0.03046618,0.18579046,0.08573296,0.06758386,-0.0324666,0.07773683,-0.0021928619,0.0036167256,-0.036811013,-0.013063705,-0.08986351,-0.004684967,0.06156291,0.010219652,-0.018229762,0.0012521108,0.011060377,-0.21087134,1
-0.19289371,0.005484882,0.028238019,0.0196116,0.008087274,0.020758294,0.040874384,-0.029768435,-0.052771457,0.3293806,0.16764951,-0.32015893,0.13081585,0.3209699,-0.13483825,0.42986166,0.017291127,0.12937832,0.12038077,0.005863735,0.47473183,-0.07732535,-0.0057047564,0.12016011,0.009767189,0.34187806,0.29762286,-0.32377928,-0.1463063,1.2679062,0.37852806,0.37322634,0.26037797,0.041234065,-0.33237785,0.052458316,0.110727936,-0.10677455,-0.016153561,-0.033508483,-0.00818718,-0.05502147,0.01040381,-0.011137543,0.11259989,0.047100727,0.16053714,0.020349126,0.05903357,0.031778116,-0.035104994,0.0025293985,-0.00014896307,0.002022308,1
0.25490233,-0.0052085505,-0.16114232,0.0029727377,0.004479873,0.003285675,0.030806907,-0.022680633,-0.046829335,0.38183066,0.31604117,-0.06591119,0.13477865,0.4010925,-0.056208774,1.1375222,-0.076397695,-0.10846558,0.27438074,0.007558043,-0.14296179,-0.09354048,-0.014447674,0.10451247,-0.020192126,0.1220149,0.2412226,-0.13038589,0.02083582,1.1518772,0.31642967,0.57294667,0.3643393,0.0061962856,-0.40359282,0.09684385,0.093230225,-0.08136145,-0.005155695,0.07359623,-0.0038876398,-0.068649806,-0.0014033986,-0.017670054,-0.047065295,-0.011092127,0.21548787,0.0064110323,-0.025957298,0.018875023,-0.040481947,0.00085842784,-0.0070865145,-0.29158494,1
0.5227884,0.012682406,-0.10656694,-0.019345736,-0.021683907,-0.009491278,-0.028950052,0.28548688,0.21637957,0.37211344,0.7608027,1.4193109,0.08263175,0.30534595,0.14269052,-0.82988936,-0.07228871,-0.07868077,0.029464852,0.00902058,-0.068910986,-0.16684125,-0.014240218,0.05396374,0.006854576,-0.06876347,0.044233922,-0.36436793,0.14516039,0.44210437,0.29965645,-0.46676174,-0.18202023,-0.055573054,1.4132293,0.109479375,-0.041115854,0.2069247,0.042228144,0.07795454,0.007873392,0.08788299,0.0053640073,0.033136223,-0.014050944,0.00020904117,-0.07983789,-0.023561545,0.073461935,-0.008243533,0.052727133,0.005658243,0.012743185,-0.12745543,1
0.5032497,0.008532662,0.07617204,-0.02059361,-0.020214539,-0.0041957805,-0.022583038,0.27289307,0.21744902,0.2633585,0.74040425,1.305322,0.0824892,0.2743863,0.09908777,-0.9573476,-0.03463685,-0.06813104,0.13395438,0.0025871075,-0.06730358,0.24566215,-0.0145826815,0.07641603,0.0047943387,-0.14232962,-0.35889053,0.6381687,0.06500228,-0.48790678,-0.2806259,-0.45363873,-0.07630272,0.014315166,1.6454539,0.19163674,-0.02578253,0.22264428,0.033754386,0.075436406,0.012313688,0.03025071,0.0038479073,-0.011949985,-0.047264457,0.0052174414,-0.104614384,0.017283283,0.061129514,-0.015605521,-0.019391743,0.011303466,0.010851148,-0.124117,1
0.5105445,-0.023862898,-0.096795715,-0.016180996,-0.010568935,-0.014124673,-0.023054756,0.25327256,0.18044601,0.36109826,0.7398821,1.3194491,0.116478816,0.32947257,0.13012393,-0.4131242,-0.07112498,-0.0730241,-0.06978398,-0.005473847,-0.07005696,0.22782466,-0.009714238,-0.059977178,-0.0007568442,0.17311537,0.1997312,-0.36004707,-0.16310096,0.7763219,0.068399034,-0.2687791,0.26321232,-0.014655133,1.3213743,0.052895293,-0.031522665,0.1726088,0.082409516,0.08042872,0.0054951203,0.081806995,0.0031835507,0.025173433,-0.040912785,-0.014437877,-0.08886046,0.01295555,0.06763696,0.010681408,-0.0593418,-0.0051001273,-0.015864136,-0.19776642,1
-0.17464343,-0.004092839,0.0871103,0.022140658,0.008941893,0.022330552,0.039660424,-0.020702602,-0.041009218,0.367527,0.21318665,-0.26029631,0.1303912,0.36375248,-0.1332272,1.1897172,0.039546456,0.12324188,0.22157413,0.007596508,0.46641186,-0.076012544,-0.005135366,0.1607893,0.011721878,0.34787124,0.22484444,0.16550025,0.08016133,1.2043222,0.3595435,0.41311488,0.22577858,0.040834494,-0.2798322,0.074860536,0.09774192,-0.10092308,0.006990067,-0.02380526,-0.014997916,-0.056454547,0.0028818853,-0.013949757,0.108881235,0.03569539,0.15707137,0.005734471,0.026482616,0.025320077,-0.037950393,-0.00042503234,0.0042545632,0.101410925,1
0.5672256,0.02797308,-0.0868115,0.0039247414,0.019341793,0.0061459923,-0.021103606,0.17783496,0.22622369,0.30557108,0.75830853,1.5045828,-0.020551145,0.334433,0.0021515007,-0.595164,-0.08032415,-0.08402161,0.012205609,0.00592379,-0.065338686,0.31000513,-0.0108866785,0.021417283,-0.003364248,0.16964442,0.08920166,-0.3739554,0.053220384,0.47333738,-0.22106563,-0.49618965,-0.069545664,-0.05007061,1.435658,-0.13475233,-0.033332948,0.22562025,0.04854708,0.08298081,-0.022345211,0.07957625,0.0016443101,-0.0112431375,-0.015840318,-0.0131358635,-0.075771846,-0.027514376,0.012574567,0.0071843695,-0.019887937,0.006522118,0.016737908,-0.17672938,1
0.30537623,-0.011285437,-0.08664978,-0.014845051,-0.01829876,0.004660193,-0.019549139,0.079418436,0.1441867,0.3432259,0.32885295,0.7145043,0.1333478,0.41153786,0.05768428,0.61546224,-0.06524149,-0.09287872,0.19549072,0.0043055173,-0.07599364,0.20408472,-0.024689244,-0.14911497,-0.031725824,-0.195133,0.09711716,0.72095186,-0.08352066,0.43183252,-0.17223847,0.37150383,0.1782163,-0.019878415,1.299681,0.11999127,-0.032513045,0.18075672,0.051845536,-0.0971191,-0.030407423,-0.063895464,0.005108321,0.036527712,-0.015199069,-0.009504918,-0.10529141,0.022556856,0.062075704,0.007984553,0.03820651,0.0057585863,-0.007121587,-0.19241627,1
-0.20662722,0.0066828616,0.03366459,0.019709699,0.009175776,0.024679717,0.043149553,-0.026637588,-0.054340854,0.3727138,0.20409825,-0.3009118,0.13194188,0.41516542,-0.13836181,1.0070896,0.011520108,0.12772533,0.2701617,0.0059692254,0.47463587,-0.07586371,-0.0047432794,0.16837992,0.011994542,0.34060884,0.24742705,-0.15142916,0.013274907,0.8466802,0.3633359,0.32012227,0.24472344,0.0458052,-0.33380538,0.105471514,0.107463524,-0.09741367,0.001844326,-0.022492493,-0.007364566,-0.057228934,0.0075524966,-0.012007024,0.11388303,-0.0010995282,0.2433937,0.01634723,0.06578362,0.020278407,-0.039481957,0.0034060115,0.00426806,0.099041484,1
-0.16855134,-0.0005497019,-0.07673454,0.005779681,0.020392943,0.0038858089,0.03266705,0.00977669,0.097135626,0.33296844,0.3094577,0.61366516,0.17234492,0.41804615,-0.14006862,1.398171,-0.06626352,-0.09473705,-0.03803943,-0.0015467922,-0.12899536,0.24526657,-0.013727324,0.13308018,0.013342559,-0.18603092,0.21559827,0.6182633,-0.02431497,0.6757381,-0.2688599,0.40541855,0.15557133,-0.057569284,-0.7436976,-0.07847652,-0.060333017,0.21501228,-0.047030568,0.00749862,0.0155084245,0.026085896,-0.0016905938,-0.010242669,-0.038347404,-0.01333994,-0.10756232,0.0047595124,0.05134841,0.0015650326,0.01971743,0.016497228,0.011298298,-0.26728174,1
-0.20596655,0.0050806906,0.013483351,0.011326546,0.004425747,0.004236643,0.022718932,-0.05563354,-0.05935554,-0.65134835,-0.82020247,-0.23118971,0.22195652,0.3797018,-0.08805904,1.2491257,0.052002247,0.13022633,0.26160535,0.0007476988,0.5430459,0.059170682,-0.004367774,0.17783839,0.012219041,0.28154936,0.1727681,1.1276596,0.061516505,1.0151408,0.23236841,0.4107188,0.3387014,0.029216358,-0.30964002,-0.0964481,0.07767009,-0.09255577,0.010261638,-0.020368356,-0.0010830758,-0.052317947,-0.00017197168,-0.012995504,-0.016958144,-0.0051212376,0.2875397,-0.0026267564,-0.01133558,0.004535705,-0.038966976,-0.0021058861,0.0047434964,0.041485008,1
-0.20983091,-0.012697178,-0.06513499,0.003967578,0.023599993,0.005622588,0.025306527,0.074576475,0.17295827,0.3678865,0.28338298,0.924545,0.13035814,0.37671816,-0.15579058,0.5233671,-0.052576136,-0.07158562,0.029781362,-0.0012941824,-0.073933445,0.20548712,-0.0011468438,0.091041416,0.0023037444,-0.18413778,0.08220322,-0.071907885,0.122514345,0.8028865,-0.2922984,-0.30977508,0.05477146,-0.057301644,1.363267,0.0948564,-0.036225207,0.24448623,0.04612533,0.08580739,0.009589606,0.08556163,0.0021903573,-0.005221336,-0.009387212,0.006708773,-0.07742047,-0.011734402,0.06503948,-0.0068803625,0.03612996,0.0076010292,0.0041205897,-0.021402422,1
-0.110752665,-0.024331065,-0.06509946,0.0017796371,0.011814084,0.007336653,0.039706007,0.001817463,0.05898099,0.39236015,0.2524328,0.3399347,0.12834522,0.43011227,0.13856617,1.6726635,-0.042011913,-0.059921768,-0.34087986,-0.00076205167,-0.088730626,-0.16936159,-0.015118431,0.09563703,-0.0077516823,0.21157433,0.1848512,-0.3033553,0.14162295,0.851787,0.07781587,-0.14891641,-0.07656171,0.01228082,1.0205857,0.17854325,-0.040882517,0.1629643,0.08120423,0.075869076,0.0111198425,0.082805976,-0.0041055647,-0.0013787897,-0.017097218,-0.01414692,-0.08946041,-0.0069734184,-0.103816986,-0.015887478,-0.05554144,-0.0048982967,0.002141851,-0.21010062,1
-0.11772714,-0.0019361638,-0.0722574,0.0037905725,0.018290378,0.007096434,0.033874493,0.010838958,0.14440058,0.3534238,0.3018256,0.7869656,0.09408104,0.35543698,-0.09140735,1.6425335,-0.04408086,-0.054880854,-0.08376356,-0.0012414537,-0.08820186,-0.14547627,0.0008898565,0.09565426,0.0015915385,0.14336257,0.20795788,-0.12075141,0.16577488,0.80189705,-0.055410612,-0.37774065,-0.14698714,-0.01337776,1.0334313,0.09440893,-0.040699463,0.1991788,0.066409715,0.08001256,0.007898283,0.083061,-0.00042134442,0.010668671,-0.009194032,-0.007566855,-0.07746216,-0.009348639,0.041126553,-0.00024948618,-0.039825898,0.008968176,0.01413144,0.31984407,1
-0.13399816,0.0018313625,-0.06210896,-0.0091175595,0.02236763,0.0021927818,-0.005717282,0.09731019,0.16634347,0.39809707,0.33666715,0.76942486,0.14622208,0.43522605,-0.13898635,1.8228408,-0.045156635,-0.057511155,-0.1798483,6.198371e-05,-0.07936893,0.19910023,-0.024156403,0.09331037,0.005744931,0.19343698,0.23696141,-0.31742874,-0.19631845,0.77123374,0.12384429,-0.4993308,0.15342762,0.028719826,0.4488578,0.060988445,-0.04074897,0.18114725,0.09699112,0.08937613,-0.008196743,0.06756354,0.00036289112,-0.013515636,-0.035601307,-0.006315417,-0.07663507,-0.01380896,0.071879126,0.017753568,-0.040888477,0.0012515541,-0.0014820232,-0.18395245,1
-0.20215932,0.0051949285,0.063245274,0.0068707205,0.004425747,0.0022384166,0.028060338,-0.04713244,-0.060954776,-0.66285837,-0.82868785,-0.22832128,0.2227126,0.40058574,-0.11291827,1.2538435,0.040359657,0.13536528,0.25331518,0.0035715532,0.53224516,0.06369962,-0.004367774,0.17619981,0.011948085,0.2691282,0.17330267,1.1303307,0.05818282,0.97920424,0.23634812,0.42772952,0.34149936,0.03107955,-0.48774093,-0.100478955,0.08163409,-0.09496254,0.008968243,-0.041246425,-0.0013502892,-0.048269555,0.0023804596,-0.012995504,-0.0010177325,-0.011968537,0.28954595,0.002846058,0.025088083,0.0060488237,-0.040688843,-0.007114146,0.0034373393,-0.059005752,1
-0.16717334,-0.01068974,0.07128875,0.0065548946,-0.00073321635,0.009931438,0.029716894,-0.05831522,-0.074384615,0.21072033,0.08990657,-0.2128561,0.1528243,-0.5840584,-0.124192566,1.5021597,0.10048549,0.113293916,0.27866668,0.014056912,0.48661876,-0.05107563,-0.015309712,0.14800802,0.024979008,0.24873295,0.22741969,0.8788963,0.10627949,1.0973588,0.29694295,0.56774026,0.30017778,0.033297185,-0.20165582,0.19751902,-0.06255925,-0.015764149,0.0041081966,-0.047046255,-0.0121663585,0.027854348,0.0046404945,-0.011486413,-0.041398674,-0.00270108,-0.12597714,0.005034843,-0.029603185,0.0016088109,-0.03985365,-0.0019731978,0.0023362092,0.54713446,1
-0.19652288,0.004388387,0.017363962,0.0024900343,0.008684158,0.004676755,0.02516311,-0.006026821,0.10509805,0.3331107,0.29207414,0.002160898,0.13454197,0.39542615,-0.15278238,1.9706222,0.109659,-0.040849917,0.046030868,0.0047872253,-0.07427987,-0.19548912,-0.004612926,0.10349501,0.0022303553,-0.18811049,0.04879413,-0.13041802,0.12378217,1.0054739,-0.38469613,-0.51480573,0.13638149,-0.027857872,0.4699379,-0.20771024,-0.051798478,0.22294514,-0.01534336,0.033472367,-0.016570225,0.07855037,0.00014435517,-0.0015853541,-0.024646526,-0.008007521,-0.09650925,-0.009706857,0.0745278,-0.0029464555,0.035175517,0.0094614485,0.011166705,0.072349645,1
-0.1583118,0.0023861271,-0.03580584,0.01896912,0.0076632905,0.008035399,0.06195978,-0.02195945,-0.054507643,0.10235271,0.21041949,-0.260442,0.1785235,0.43767902,-0.12395619,1.7008398,-0.049999636,-0.0793426,-0.24950074,-0.0008365561,-0.09087542,0.2022305,-0.032191407,0.12123514,0.011648191,-0.076363474,0.18128793,0.8106414,-0.014940695,0.75334764,-0.2529188,0.5445509,0.3375365,-0.08212453,0.827308,0.03804235,-0.03400155,-0.0723746,0.055307105,0.09293044,-0.024265662,0.033846445,0.000910787,0.0062114876,-0.042708218,-0.021049567,-0.08848794,-0.008383884,0.07138624,0.021713842,0.030699724,0.0040123705,0.013880394,-0.28090173,1
-0.1262888,-0.025056606,0.067057244,0.0053213434,0.0046916576,0.0043523656,0.023842517,-0.0627543,-0.07644855,-0.6104825,-0.7394326,-0.25248125,0.20133547,-0.6775803,-0.12036747,1.3599906,-0.024898086,0.047730576,0.25455764,0.0128374435,0.543131,0.07558441,-0.008012474,0.16622327,0.03405054,0.24585123,0.19877788,1.150881,0.0543932,1.0137519,0.22883268,0.49739423,0.35730612,0.025059065,-0.20421688,0.2665319,0.03375049,-0.0036400012,-0.006050207,-0.04840118,0.00547813,0.040136654,0.00030404527,0.022178441,-0.041549496,0.003150927,-0.12788828,0.006120385,-0.04595321,-0.00059850886,-0.037862085,-0.005449498,-0.0029850765,0.4583767,1
-0.13322581,-0.0073244055,-0.024641385,0.004067498,0.005001369,0.0070211245,0.030196838,-0.031438094,-0.049968503,0.38776538,0.2513433,0.039093137,0.15104555,0.44252488,-0.13430122,1.9336892,-0.045202382,-0.068709664,0.028815163,0.0003088815,-0.10043672,0.1618828,-0.030744497,0.092016175,0.0068267477,0.21064512,0.24045838,-0.36263278,-0.24326721,0.9535468,0.19125398,-0.5560294,0.2853264,-0.02064641,0.59021807,0.050304238,-0.038148794,0.16328363,0.083038285,0.07417966,0.008964991,0.04175481,-0.0042368774,-0.014907686,-0.044060074,-0.017381603,-0.089749604,-0.007099719,0.07401379,0.017994206,-0.04813826,0.0035258615,-0.004935725,-0.18537007,1
-0.12521413,-0.002610277,-0.1361082,-0.012141016,0.014132177,0.0013963394,-0.016513364,0.004192679,0.13995178,0.36565194,0.28544587,0.7696991,0.13093245,0.420877,-0.15742235,1.3726909,-0.048190102,-0.057759635,-0.94341046,-3.1163916e-05,-0.0785713,-0.11681978,-0.022054497,0.101063214,-0.013647893,0.22698843,0.19548588,-0.15726995,0.12716916,0.42284584,0.250231,0.13919367,-0.14756773,0.03780272,1.0892216,0.11259037,-0.042479157,-0.021956164,0.073741645,0.08752329,0.012142314,0.07686639,0.0040587466,0.029521942,-0.04169249,-0.005544277,-0.03918748,-0.005952363,-0.09788366,-0.012932492,-0.061257567,-0.0089106,0.010942547,-0.221791,1
-0.1589165,-0.020138131,-0.13099237,-0.0038401494,0.016695675,0.005868684,-0.004685615,0.05371022,0.1505566,0.33490342,0.263871,0.81650674,0.10086861,0.34386083,-0.16356878,1.1727824,-0.05266376,-0.06744929,-0.051089816,-0.0026128665,-0.09060974,-0.17617027,-0.0014751026,0.09911695,0.0008035857,0.09062812,0.2486361,-0.26151425,0.18674695,0.8288952,-0.23704287,-0.11757843,-0.14166501,-0.017786056,1.0858866,-0.03774205,-0.038495295,0.18210572,-0.00012973777,0.08745566,-0.0037328824,0.08715203,0.0062607476,0.034521554,-0.0102941245,-0.012535966,-0.07868914,-0.003728848,0.042019054,-0.00013704388,0.030098382,0.009162522,0.010495106,0.38978642,1
-0.14555529,0.006906503,0.08062146,0.011497234,0.0044892645,0.0045030923,0.026935631,-0.050475296,-0.059205715,-0.6039923,-0.7716433,-0.23657884,0.20212562,0.35406187,-0.11525473,1.2950673,0.09390475,0.12979142,0.23337047,0.0010718264,0.5353463,0.050506145,-0.0032920488,0.17374122,0.011926967,0.2896377,0.15069975,1.046341,0.063917376,1.077567,0.2399987,0.4040556,0.35632557,0.028479753,-0.24266714,0.104829095,0.077547416,-0.08491593,0.009013679,-0.028888797,-0.0031503942,-0.050719723,0.0034527697,-0.012615021,0.10272274,-0.004664424,0.37270176,0.008259157,0.011323556,0.006487188,-0.040485065,-0.0024628164,0.0034373393,0.20489536,1
-0.14460425,0.0051949285,0.012755867,0.0068707205,0.004425747,0.0053243227,0.028108994,-0.04642022,-0.05828059,-0.60457104,-0.7834715,-0.22702643,0.22133875,0.38694474,-0.11585608,1.309032,0.047396503,0.13386457,0.2711695,0.0043405686,0.5395897,0.059517667,-8.140551e-05,0.17855531,0.010861448,0.27889284,0.17479438,1.1393497,0.061580285,1.0281494,0.2410152,0.4208264,0.34568825,0.034696504,-0.35105333,-0.064286165,0.08356055,-0.08908996,0.0057609617,-0.028896539,-0.0014349872,-0.05361235,0.0023804596,-0.012615021,0.019992039,-0.0055353725,0.291156,0.012632272,0.048544426,0.011326218,-0.04074013,-0.004409855,0.0053010304,0.124692164,1
-0.17652011,0.003966694,0.09253529,-0.0036243163,0.026684975,0.0063592084,0.034925133,0.19185466,0.17253391,0.36465916,0.55053324,0.69819474,0.100255236,0.30504298,0.01743241,0.9982091,-0.05204652,-0.07401245,-0.03544907,-0.001780822,-0.08306886,-0.14415061,0.045622565,0.11122546,0.0066660102,0.19973952,-0.36961675,-0.20257203,0.029173091,-0.8800701,0.36285168,0.4688914,0.012666657,-0.023668557,0.44876376,-0.095543064,-0.05010511,0.20316403,0.024740608,-0.1104463,0.012319631,0.0700523,-0.010701533,0.00041141408,-0.010389782,-0.009331463,-0.084095664,-0.00015215622,0.06836116,0.0006241109,-0.004632891,-0.0010709851,-0.047436323,0.37606746,1
-0.19414595,-0.0009325118,0.071526766,-0.01627135,0.022968896,-0.005215271,-0.0028591654,0.25013673,0.20757717,0.41835958,0.586145,1.1348484,0.120100915,0.40267006,0.06593633,0.96870303,-0.059432264,-0.07363311,0.0031050905,-0.00089560146,-0.09604341,0.22491789,-0.015604438,0.1198776,-0.003625064,0.17476703,0.060978115,-0.2797441,0.1305179,0.18982652,-0.18537125,-0.5759179,0.13791956,-0.017042894,-0.75038564,0.17000039,-0.06159075,0.28252062,0.03816974,0.078836255,-0.02022414,0.054206856,0.012075249,-0.0019202514,-0.044647034,-0.0014593863,0.09044944,0.004556208,-0.04550856,-0.030578304,0.030736454,-0.0023173718,0.014044149,-0.17123663,1
-0.15226474,0.010788759,0.08497565,-0.012226074,0.0020300795,0.0038957247,-0.020524595,-0.029439127,0.08739582,0.3375467,0.26456368,-0.07952988,0.14051938,0.38151777,-0.13781023,1.9136456,-0.045130163,-0.07977934,-0.012509124,0.00028677238,-0.16724183,0.16687419,-0.018654257,0.15243849,-0.034973264,-0.23480949,0.22920768,0.77728707,0.09203074,-0.42844528,0.25317603,0.31060794,-0.051600788,0.055559315,-0.82888937,0.12189732,-0.060353737,0.22773422,-0.02649955,0.083124176,-0.0007831079,0.056945663,0.0048436495,-0.030553501,-0.022835406,-0.011354363,-0.10583553,0.0048262477,0.056514125,-0.0003102834,0.04327985,-0.005342012,0.0045141648,0.06218639,1
-0.16155739,0.0008240492,0.08386406,-0.010806577,0.02846003,-0.010018542,-0.00470828,0.22500575,0.23536412,0.44457996,0.63022333,1.1088312,0.115618214,0.4062501,0.15628989,1.0806171,-0.04736295,-0.06498099,0.049655866,0.008002557,-0.06500965,0.2623108,-0.01821907,0.10282652,0.0052019493,0.20096438,0.047927137,-0.33458033,-0.14209983,-0.1670345,0.30342612,0.16635698,-0.06548486,0.038075626,0.33475006,0.09236251,-0.02987664,0.21398465,0.011306902,0.092252225,0.009891521,0.09478599,0.0031916257,0.040126506,-0.0055165635,-0.006661986,-0.0631275,-0.0011621579,0.06246111,0.012486011,-0.06443494,0.0050118966,0.009121204,-0.17660987,1
-0.17630531,-0.006410452,0.0022154753,0.005929758,0.012737043,0.004236643,-0.033544023,-0.0591756,-0.07461377,-0.683362,-0.7520534,-0.26163375,0.19568306,-0.7881098,-0.117544845,1.1743972,0.016818393,0.08862166,0.24839428,0.017385725,0.55275494,0.07913053,-0.008435706,0.16345955,0.038399145,0.29300827,0.1493654,1.119416,0.065389,0.9264818,0.2298786,0.50638825,0.17358345,0.027684443,-0.2015609,-0.1682786,-0.0628157,-0.044504058,-0.0063989526,0.031800583,-0.008654601,-0.038182262,0.0039764554,0.00794711,0.083557226,-0.010113543,-0.12704818,0.0006154934,-0.04491667,0.014864022,-0.00240904,-0.0060687847,0.00017689168,0.7700221,1
-0.15216625,0.014822298,0.08583558,0.015936438,0.012652011,0.0037004128,0.032658376,0.001726034,0.06650044,0.32458636,0.30100703,0.3279698,0.13511921,0.3527425,0.079203725,1.8675107,-0.052639723,-0.0757137,0.0034048082,0.0007147761,-0.15419249,0.24609007,0.0693545,0.15429421,0.008727509,-0.18975848,-0.35712993,0.7050945,0.097032405,-0.13011709,0.32047385,0.52072734,-0.15092841,-0.00092121377,-0.8137656,0.069423564,-0.057343777,0.20198081,-0.03328748,0.09868977,0.016814044,0.062223814,0.007421229,-0.0013579995,-0.010567296,-0.015815763,-0.09615158,0.0038627316,0.07352026,0.0021325415,0.038460366,-0.0025167963,-0.0032233768,0.06657951,1
-0.19546051,-0.008608321,0.02474465,0.010633081,0.009719193,0.0045231357,0.027971562,-0.024725748,-0.04414633,0.27909338,0.20416138,-0.27175945,0.021175276,-0.033666067,-0.053354103,1.6755633,0.03324384,0.09112357,0.3025592,0.012804417,0.45513716,-0.060214363,-0.0060063326,0.16617069,0.012671171,0.33339575,0.21324366,0.77576905,0.08960268,0.7733467,0.33484048,0.4196502,0.20317197,0.039258327,-0.2752062,0.13911039,0.06975547,-0.11461652,-0.0051886733,-0.030419145,-0.008793512,-0.062961094,0.005346418,-0.01448386,0.10729982,-0.016400022,-0.1027507,-0.0007383609,-0.03573142,0.0163121,-0.03891755,-0.0012107984,0.008837281,-0.37065983,1
-0.18520828,0.003300462,0.08684676,-0.0046383273,0.028129434,0.0035130344,0.03325444,0.12514848,0.19365054,0.41156426,0.3894672,0.93483216,0.13155948,0.44406366,0.017126422,1.3270365,-0.06699473,-0.08177565,-0.27158925,0.001105479,-0.10329149,0.23022538,-0.010725461,0.11941768,0.0017018544,0.19684069,0.02762248,-0.28574598,-0.23661293,0.5087208,0.26779294,-0.06118878,-0.026130475,0.057423316,-0.76655525,0.16541079,-0.05783419,0.1418475,-0.069483176,0.07625114,-0.02012579,0.076106995,0.007977534,-0.005197118,-0.012125574,-0.015063761,-0.07228673,0.004539132,0.061856758,0.016457316,0.0028426114,0.014493568,0.013277487,-0.19993877,1
-0.14766169,0.013082279,0.0865841,0.015861508,0.019155882,0.01211456,0.056008086,0.005996493,0.15329881,0.33325788,0.3196938,0.53792775,0.14305334,0.39351693,0.024841266,1.8221391,-0.041703224,-0.072765775,0.26422432,0.0087241065,-0.14786766,0.24059145,-0.00941087,0.14954458,-0.038919054,-0.23293605,0.21299262,0.6841549,0.092782184,-0.809817,0.2825399,0.30928215,-0.08005404,0.04674931,-0.75698704,0.054695956,-0.051162574,0.23338851,0.030571982,0.05717677,0.012617251,0.07116362,0.002295631,0.04444728,-0.015435957,-0.0056095286,-0.04542513,0.0022064066,0.058285985,-0.0025668421,0.05252663,-0.003042379,0.015358352,0.05164337,1
-0.20334652,-0.0122278975,0.01764716,0.008835662,0.0027640683,0.0044077244,0.024151355,-0.05326546,-0.0650153,0.25340796,0.20483366,-0.2629025,0.004907692,-0.10200077,-0.10848071,1.6337924,0.045294646,0.13618565,0.29493737,0.012804417,0.46100447,-0.050508827,-0.011129424,0.15921935,0.010561934,0.32475254,0.21125026,0.7319956,0.10252259,1.0218793,0.3296033,0.39240888,0.18783638,0.0392525,-0.25193673,0.14602774,0.06610078,-0.11769597,-0.010380462,-0.029581647,-0.0062629445,-0.057028823,0.0033855855,-0.01448386,0.106459916,-0.011027153,-0.14294504,-0.0006578434,-0.0326699,0.014282048,-0.03822447,-0.003176663,0.009101386,-0.29704726,1
-0.21966751,-0.0153667,0.07020264,-0.0005825176,0.027371548,0.0030590785,0.03091098,0.23807715,0.18696466,0.41352916,0.65525484,1.2733401,0.12467904,0.39009365,0.15666212,0.37063858,-0.06939654,-0.0815079,0.035416145,0.0028348945,-0.090299584,0.3067848,-0.009089574,0.104467385,0.00090953434,0.19000123,0.047174446,-0.30684644,0.08915591,0.5635837,-0.23510513,-0.5557932,-0.0468072,-0.012058983,-0.75169796,0.09256672,-0.06005736,0.22859375,0.056630127,0.06428882,0.005074808,0.09497869,0.002330016,0.035009973,-0.0074665863,0.0035400623,-0.029609822,0.004147322,-0.06202494,-0.01752958,0.030886136,0.0007185084,0.010037314,-0.18606958,1
-0.15818454,-0.0014258265,0.061845623,-0.014820397,0.01477455,-0.01164775,-0.013364682,0.16680895,0.17052346,0.36899838,0.49675035,0.841691,0.10204549,0.30112684,-0.15317145,0.865748,-0.03766513,-0.061873674,0.0476754,1.5799422e-05,-0.09671376,-0.14476828,0.04535096,0.11529418,0.0074879685,0.18460253,-0.28584617,0.539607,0.054096136,-0.76736784,0.3456106,0.44040406,-0.08018724,-0.021320842,1.2307967,0.11220094,-0.031072905,0.1823511,0.039728653,0.025811736,0.016863598,0.07105407,0.0022589038,0.02815422,-0.0101814,-0.0050902097,-0.08731503,-0.0047992463,0.06510358,-0.0015159396,0.03712527,0.0013552341,-0.04989032,0.3451927,1
-0.16501004,0.011655426,0.09231438,-0.0024019768,0.024188291,0.004890193,0.02711156,0.071741305,0.16255957,0.32819572,0.32186383,0.59023577,0.12838139,0.33238572,0.010791138,1.458281,-0.045021683,-0.08348462,-0.10989932,0.00012745801,-0.13855417,-0.15068708,0.0023012967,0.15278634,0.0017788929,-0.20386371,-0.3184932,0.6870274,0.10839827,-0.40990907,0.37307358,0.42329994,-0.12697044,0.04451839,-0.84370905,0.12976636,-0.05901442,0.24044245,0.0006764126,0.10033557,-0.023672456,-0.0026700094,-0.005126913,-0.013635356,-0.036967225,-0.005094827,-0.10495651,0.009495163,0.059875358,0.0016090339,0.03624531,-0.0038912627,-0.04906602,0.07322363,1
-0.17247859,-0.0058186627,0.010121705,0.0053213434,0.012719003,0.004236643,-0.014730829,-0.059022117,-0.07747833,-0.6300582,-0.7382864,-0.24993683,0.18526153,-0.6906321,-0.12094937,1.2552617,0.01761137,0.09066996,0.25293478,0.015416792,0.5386785,0.07627049,-0.011571972,0.1507531,0.032771923,0.28086075,0.20127551,1.1838768,0.07486387,0.907084,0.21530898,0.52064353,0.34871972,0.027415354,-0.1752912,0.2779213,-0.055033986,-0.0128155565,0.00045182486,0.054366402,-0.010147797,0.04643096,0.00065536145,0.0075263814,-0.027708294,-0.009506041,-0.12269412,0.00947769,-0.040519547,0.006648939,-0.039951224,-0.004353181,5.5946643e-05,0.6859666,1
-0.20124066,0.0030627274,0.028881382,0.016950695,0.009081599,0.012761302,0.048295185,-0.018394759,-0.033750933,0.29661238,0.20809478,-0.25979084,0.042635567,0.36291125,-0.11852425,1.6313672,0.045922305,0.16171546,0.3116681,0.0056621116,0.45314035,-0.06760794,-0.0077962535,0.17240794,0.012387833,0.31125864,0.22456942,0.8058649,0.09719787,0.7453715,0.32434115,0.53277546,0.15935165,0.040116023,-0.31248114,0.11634585,0.07965262,-0.117418505,-0.0062147393,-0.05191072,-0.010089843,-0.058807746,0.0004787119,-0.015204169,0.0988384,-0.009250636,-0.06161639,-0.0017145323,-0.017825635,0.015837548,-0.043337174,-0.00038290594,0.014466267,-0.33360597,1
-0.19617772,-0.0053524924,0.01945562,-0.0109474845,0.013495579,-0.004708464,-0.0064422083,0.1914269,0.1738405,0.45049173,0.57787824,1.0248053,0.1457764,0.4376675,0.005927777,1.171042,0.023322666,-0.023897003,0.030759182,-0.019921746,-0.107712284,0.29120365,-0.02967657,0.111788265,0.00475117,0.20602609,0.16707626,-0.30789152,-0.20134339,0.8504765,-0.14978136,-0.31041214,-0.053679124,0.040769927,-0.67606425,0.07435844,-0.06248871,0.2328257,0.05155454,0.07400053,0.0066539557,0.09362474,0.006346252,0.03515897,-0.033157445,-0.014379781,-0.071534,-0.0010113915,0.067241825,0.007546505,0.00064229267,-0.0007691474,0.008621953,-0.06613269,1
-0.14572546,-0.007934026,-0.035531264,-0.013623244,-0.006028383,-0.0067049135,-0.008111585,0.17866082,0.14488871,0.28900233,0.44925842,0.9081946,0.1310188,0.37273225,-0.0656187,1.071346,-0.04642763,-0.05936469,-0.17852499,-0.00114653,-0.08042361,-0.15045746,-0.015611818,0.10656039,0.0005149502,0.16806446,0.25576785,0.57988966,0.10169856,0.6596488,-0.3416177,-0.3494697,0.13267623,-0.043853458,0.51286215,0.14572233,-0.037261494,0.20372812,0.065802194,0.07518326,0.014354514,0.06474574,0.010370305,0.042140625,-0.015785117,0.00550428,-0.096913844,-0.007438533,-0.071606375,-0.016799973,0.02910547,-0.010526822,0.01867825,-0.27922246,1
-0.16343494,0.003910236,0.031380683,-0.016081518,0.019988189,-0.00060987566,-0.021415949,0.056080338,0.14999609,0.3335615,0.32705826,0.59758645,0.12985604,0.3996214,0.12502229,1.8167115,0.08158873,-0.06508768,0.22276638,0.0033773275,-0.088960774,0.22348961,0.006283476,0.11914757,-0.036404345,-0.21239333,0.22837317,0.67308146,0.103086,-0.28293926,-0.2050955,0.46692786,-0.039463528,0.033774637,0.50782293,0.05594535,-0.033639003,0.21277778,0.040860463,0.10337328,0.013896593,0.075934835,0.014310263,0.04027456,-0.011863644,-0.018190341,-0.09452141,0.017776683,0.06545675,-0.0069864094,0.035979234,-0.0031814934,0.017405925,0.010468285,1
-0.19747789,0.0020259498,0.021365814,0.007914966,0.0056530484,0.002559485,0.02921194,-0.050166093,-0.040478315,-0.2169026,0.096642435,-0.26951495,0.04065167,-0.0048711617,-0.11205767,1.5345106,0.029372063,0.13804583,0.2907831,-0.0026654224,0.49478236,-0.034845658,-0.0044250335,0.16761045,0.014513634,0.3281888,0.21747182,0.99645156,0.09102677,0.70490944,0.29013187,0.4148168,0.19077206,0.04112555,-0.29632723,0.1868468,0.059959926,-0.11703121,-0.014825258,-0.044005234,-0.009312527,-0.061504997,-0.00045794592,-0.015292173,0.017665245,-0.009412918,-0.07924755,-0.003962087,-0.03455455,0.028715372,-0.04375509,-0.0016916319,0.014851307,-0.39163467,1
-0.14967074,0.0071081924,0.028131984,-0.0004736553,0.031569965,0.0064588324,0.032438777,0.19805257,0.201789,0.43720368,0.59406763,1.018104,0.12034659,0.39271194,0.15536232,1.5085369,-0.0398707,-0.017983556,0.10423197,-0.021777399,-0.08185837,0.17197277,0.049778394,0.102369025,0.006313616,-0.17496085,-0.27831382,-0.14132182,0.07273824,0.033249214,0.18343192,-0.088332385,-0.12477923,-0.056114353,0.80838954,-0.08480897,-0.045748148,0.23669955,0.033712823,0.08753849,0.01034731,0.102501735,-0.0075368956,0.002012443,-0.013017283,-0.0053773085,-0.06836114,-0.007183533,0.08401314,-0.0014890723,0.040895186,-0.0053382837,-0.03923313,0.05961129,1
-0.18978713,-0.0069145006,0.06705151,0.0055076005,0.0057238434,0.005890959,0.013862702,-0.055909447,-0.06933087,-0.13020545,0.0844859,-0.22643863,0.16703257,-0.6591104,-0.12271422,1.4790356,-0.04339344,0.061464258,0.26770866,0.010435849,0.4792095,-0.03149795,-0.017394366,0.14312822,0.0363904,0.28954592,0.22975352,0.91789746,0.09996609,1.046122,0.2676665,0.5752821,0.31957006,0.03328921,-0.21122284,0.25228658,-0.062228873,-0.054862406,-0.011560711,0.060281344,-0.007875556,0.04390548,-0.00035281503,-0.001922705,-0.037605405,0.0020665987,-0.06564322,0.006282031,-0.024033979,0.0015452215,-0.03931306,7.2742696e-05,-0.005492846,0.71063167,1
-0.14143395,0.0032867398,-0.09114335,-0.015370606,-0.024162615,-0.012317531,-0.02487795,0.097632825,0.19717246,0.35933703,0.32384247,0.69605166,0.096155494,0.33810884,0.1630339,1.7712852,-0.040107064,-0.0619426,0.03881636,-0.0018995572,-0.08943687,-0.1780099,0.0028718496,0.09592315,0.0010727539,-0.019001972,-0.02939798,-0.31516352,-0.16084301,-0.56601095,0.30337164,0.36171106,-0.13209322,-0.05036785,1.2263546,-0.15314545,-0.033110026,0.20347731,-0.045743298,0.12135187,0.012497298,0.091055706,-0.010623765,0.044975728,-0.010332867,-0.004324191,-0.06443816,-0.008952568,-0.03782765,-0.001693926,0.05226147,-0.003363259,-0.042333324,0.06738143,1
-0.21868072,0.0020191264,0.025247924,0.017037045,0.009404512,0.009353629,0.038293645,-0.050170504,-0.039724488,0.30909055,0.18018581,-0.25983793,0.14956449,0.33740294,-0.124249816,1.7058576,0.05549996,0.15931252,0.29484442,0.0044418415,0.47665784,-0.07443222,-0.008523375,0.16244917,0.00934443,0.33932847,0.2819162,0.26567236,0.10310165,1.1378704,0.107422374,0.46551868,0.14832243,0.032967683,-0.23057702,0.119259045,0.10043403,-0.12140811,0.008421109,-0.054757304,-0.0032389262,-0.05888998,-0.0012122514,-0.015204169,0.034642436,-0.005134277,-0.02482277,0.005817666,0.0045951395,0.0028935177,-0.038788877,0.0013109891,0.0053894706,0.37054694,1
-0.12556183,-0.005082393,-0.06348819,0.0138022695,0.020578152,0.013785994,0.027859587,0.12299843,0.13858071,0.30787247,0.46944937,0.8575279,0.13245831,0.38665375,-0.13305253,1.4686275,-0.044432737,-0.057076484,0.024400296,-0.0014655537,-0.08583219,-0.14427707,-0.01153169,0.1055834,-9.681046e-05,0.17450263,0.2606973,0.34160316,0.114727184,0.7088622,-0.342024,-0.5002995,0.23185499,-0.06412163,0.44315696,0.12303882,-0.045542248,0.1560719,0.041789416,0.07209135,0.014836846,0.082367875,0.010342194,-0.01589869,-0.03573091,0.0046991333,-0.09538084,-0.008112688,-0.037158933,-0.02578737,0.029157603,-0.0071822125,0.011823871,-0.2604406,1
-0.17102867,-0.0026514335,-0.074679516,-0.0014934749,0.019653449,0.008074236,-0.018339878,0.16127056,0.1528582,0.3640062,0.52623653,0.8596967,0.12875018,0.38141748,0.12986244,1.4607413,-0.049206637,-0.0724053,0.052123588,-0.0006529046,-0.087966554,0.27377287,0.0066040354,0.11757166,-0.031964894,-0.2116926,0.24273166,0.54725564,0.09723256,0.08839225,-0.22650842,0.41357464,-0.0022411393,-0.016399564,0.7838495,-0.008208455,-0.036775816,0.20007402,0.023719909,0.103557974,-0.021983135,0.075740404,-0.0023841294,-0.027671784,-0.015481579,-0.021800578,-0.089661054,0.018770725,0.069649816,-0.01494373,0.025373505,-0.005575153,0.010294367,0.011558005,1
-0.20853417,0.0020386428,0.08680356,0.016950695,0.009357989,0.0091625815,0.03845688,-0.015596602,-0.03284261,0.3343499,0.20806369,-0.21682073,0.15326612,0.3673934,-0.12442431,1.6069359,0.048135597,0.15661165,0.29397294,-0.0010980051,0.4588848,-0.06945161,-0.010387016,0.1562337,0.010217383,0.32743117,0.26053953,0.36677337,0.09861698,1.1374711,0.30639687,0.5798392,0.15624616,0.035195023,-0.2644893,0.11691868,0.101528294,-0.095813036,0.009041603,-0.035473574,-0.00071754097,-0.053714897,0.00042134128,-0.013030605,0.012536304,-0.0022116122,0.26592073,0.005773015,0.021208545,0.01396185,-0.039403122,0.001755475,0.005572362,0.4124627,1
-0.21026455,0.0018176688,0.08336252,0.016950695,0.005795194,0.009353629,0.033889737,-0.049404826,-0.036137287,0.29848897,0.13385312,-0.24207504,0.13722228,0.32598543,-0.126606,1.6572788,0.04570141,0.15453202,0.2814112,0.0049276077,0.48657528,-0.06301166,-0.0065222266,0.17259975,0.010130263,0.31261867,0.26918787,0.6058063,0.102044806,1.106485,0.19622758,0.5067533,0.14902183,0.033212095,-0.31730902,0.1138102,0.09594303,-0.11758419,0.0065448163,-0.03893117,-0.0049680164,-0.056316298,0.0019014627,-0.015204169,0.09565638,-0.006284523,-0.03426568,0.00048411172,0.064493656,0.024365243,-0.039403122,-0.00025807985,0.0050213896,0.44048998,1
-0.14836837,-0.015775906,0.04835555,0.0066192774,0.018682994,0.010829378,0.029465154,0.0035471562,0.061514385,0.42581463,0.35629022,0.7968346,0.1342799,0.44905812,0.11645618,1.7455505,-0.045939643,-0.055822995,0.19732901,-0.00052739866,-0.07871862,0.22073151,-0.01400199,0.09120036,0.0016888741,0.19810519,0.18960601,-0.3449953,-0.13692024,0.7352609,0.01862085,-0.40050018,0.1122339,0.036882445,1.0276614,0.11991759,-0.027782371,0.17990458,0.09008225,0.049975127,0.010813655,0.08531073,9.4307296e-05,0.032613512,-0.023573814,-0.005249253,-0.06992655,-0.0095797805,0.08253651,0.019001076,-0.057209346,-0.0017065492,0.005669494,-0.15189491,1
-0.17321779,0.004955917,0.086516626,0.016292071,0.009357989,0.009213684,0.039209604,-0.016008878,-0.037168097,0.33111006,0.21198176,-0.23401824,0.14772974,0.34081155,-0.13419172,1.4623721,0.13689078,0.1647772,0.2930242,0.004664744,0.46203962,-0.07414585,-0.0073074433,0.15782785,0.009756465,0.34715885,0.2685655,0.2829768,0.088197395,1.1771897,0.25323784,0.48400062,0.15779334,0.03354008,-0.22454306,0.1289322,0.10247721,-0.092556715,0.014198175,-0.03145261,0.0012113869,-0.04609551,0.00042134128,-0.013087012,0.088636324,0.017748522,0.25617093,0.006026694,0.03486971,0.013678541,-0.038788877,0.0013470481,0.005142873,0.36055738,1
-0.15080114,0.00011152349,0.09247853,-0.01456652,0.025504148,0.0060889744,-0.010162122,0.19022067,0.20808658,0.3987807,0.54897547,1.016565,0.11091994,0.38297465,0.06920854,1.0128009,-0.038029898,-0.06269478,0.19283867,0.008414448,-0.08773493,-0.16637161,0.008117101,0.11751935,-0.0013193577,-0.19960521,-0.07895903,0.082786426,0.06542235,-0.2868185,0.31993082,0.16359356,-0.16799822,-0.019753957,1.2785219,0.096982956,-0.029486481,0.20430948,0.028070055,0.01389031,0.013954845,0.090031125,0.0009623115,0.044750445,-0.0102828955,-0.014780785,-0.08836516,-0.00580554,0.07222964,-0.0023827527,0.045729116,4.5237015e-05,-0.04169182,0.03792701,1
-0.23775862,-0.036738873,-0.021017648,-0.013510341,-0.012791244,-0.008986842,-0.028091526,0.13094948,0.23019058,0.31166038,0.63646626,1.3032591,0.080132045,0.28067946,0.088749096,-0.03833094,-0.047166314,-0.0697849,-0.029973967,-0.0028025862,-0.0915266,-0.21245345,-0.012929296,0.07194985,0.0025050354,0.16171536,-0.04469678,-0.3532903,-0.17790872,-0.669359,0.36741424,0.2403557,-0.08956466,-0.025035817,1.4876128,-0.113471135,-0.034791604,0.18165696,-0.04573936,0.11118152,0.014294592,0.097377546,0.0048483005,0.045608718,-0.004657125,-0.008113385,-0.093221694,-0.008746699,-0.04890839,-0.002170889,0.049524404,0.00017689914,-0.024905968,0.09931175,1
-0.18986672,-0.006035183,0.06602998,0.0053213434,0.0049540326,0.0042408546,0.018919744,-0.052404094,-0.076724075,-0.5039985,-0.6594522,-0.2287981,0.20138754,-0.6678455,-0.119782284,1.3361597,-0.028669456,0.058030628,0.24392171,0.019003607,0.52711713,0.06821726,-0.013794171,0.15889122,0.03246054,0.092988655,0.16673832,1.1720265,0.0811038,1.018831,0.2121587,0.5221055,0.3582517,0.027082475,-0.18534048,0.2861964,-0.05901606,-0.0059465156,-0.0052727815,0.055418886,-0.007952793,0.027434414,0.00030404527,-0.013850249,-0.03954552,0.0054552658,-0.1240571,0.011146024,-0.041029844,-0.00062399963,-0.039951224,-0.006380609,0.00060097623,0.82302135,1
0.51455086,0.0122494865,-0.09844799,-0.015680565,-0.012310747,-0.009353219,-0.026460707,0.2667495,0.20294741,0.3042118,0.6927704,1.2929595,0.08134182,0.28261247,0.11594998,-0.7716187,-0.075600505,-0.07965143,-0.09835239,-0.0046519637,-0.07563476,-0.14537759,-0.020572186,0.05649382,0.011248149,-0.08099239,0.17613888,0.692961,-0.01965693,0.27331126,0.26517314,-0.45637903,-0.08352445,-0.053643536,1.518488,0.15867566,-0.037329838,0.19633406,0.05099515,0.06379825,0.015888402,0.06953853,0.0051211547,0.04050471,-0.014420677,0.00079190906,-0.097649924,-0.02070345,-0.042815406,-0.01036733,0.05179079,-0.0019300173,-0.0046663927,-0.14570874,1
0.2673404,-0.0071822894,-0.12437503,-0.013920208,-0.021400109,0.00550911,-0.011008156,0.18218985,0.22298944,0.327793,0.62531954,1.0965036,0.09755774,0.3151479,0.01974025,0.27636373,-0.04370698,-0.07003843,0.16333994,-0.0009693885,-0.075373545,-0.04914992,-0.01015561,0.08418387,0.004499604,-0.13895975,-0.06739412,0.7921011,0.10425263,-0.71841407,0.09756349,-0.22496049,-0.14751978,0.038211435,1.5341041,0.17100161,-0.031158034,0.18763202,-0.012786195,0.08985232,0.01105851,0.0800793,0.010033435,-0.010829695,-0.008508899,0.01095222,-0.07941827,-0.004339914,0.061022617,-0.0032849272,0.04957,0.0074584745,-0.013699735,-0.13527288,1
0.18972296,-0.036601584,-0.14073023,-0.017224943,-0.020864377,-0.010424487,-0.030751647,0.17332114,0.19836564,0.3328795,0.66199595,1.0821013,0.116656825,0.31605133,0.018125705,-0.013259131,-0.05583202,-0.07440645,0.07130103,-0.00069052377,-0.082489535,0.19562061,-0.0070088175,-0.14029305,0.0027791874,-0.19152276,0.20826223,0.732597,0.058010902,-0.64891523,0.23209335,0.36548728,-0.14955105,0.019372618,1.5711775,0.14631037,-0.02929373,0.15014637,0.039534096,0.10252174,0.016312731,0.071750365,0.006007885,0.045678183,-0.0059317723,0.00010854553,-0.07599844,0.013371719,0.037553377,0.010312576,0.047186885,-0.0071588983,-0.0031819828,-0.17951547,1
0.54647946,-0.0026409826,-0.06982622,-0.0072446894,0.027379368,0.005813916,-0.030328562,0.09944934,0.23561558,0.30373064,0.34110272,1.2025136,-0.05943804,0.33209303,-0.13628136,-0.82793605,-0.07791711,-0.081930704,0.15376833,-0.0080615785,-0.0808348,0.29447252,-0.02219871,-0.089694105,0.0056192833,0.19045077,0.10385216,-0.4259959,0.21097507,-0.0702066,-0.25437886,-0.26570043,0.017376302,0.05604434,1.7179513,0.12515406,-0.03366587,-0.15032877,0.04530172,0.08144583,0.00459995,0.09336496,-0.0068566063,0.055149056,-0.008019296,0.01004334,-0.06933942,0.010517682,0.07664254,0.014475478,0.027529001,-0.0066724615,0.008098029,-0.13987574,1
0.07404158,-0.007424152,-0.1274084,0.012042393,0.009654842,0.005184634,0.031789448,-0.031668533,-0.075770795,0.27933717,0.18751581,-0.26201847,-0.010625132,-0.067492016,-0.1303595,1.0845187,-0.07432008,-0.052393373,0.2850814,0.0123603195,0.46443644,-0.06570867,-0.013083296,0.14797236,0.025125746,0.33274388,0.23719202,0.8877974,0.10513233,0.7462139,0.32992306,0.60697764,-0.028587963,0.039892044,-0.26153472,0.12278712,0.07567735,-0.101441555,-0.011070584,0.008556679,-0.01772894,0.020395909,-7.277494e-05,0.013171416,-0.05109821,0.042467162,-0.14772326,0.004998136,-0.028419932,-0.024653073,-0.04252025,0.0016540651,0.0035612877,0.52723736,1
0.43397218,0.008075746,-0.11486196,-0.01967636,-0.023735972,-0.0057724933,-0.029081421,0.26574796,0.25764617,0.3673389,0.7858043,1.4226472,0.08420462,0.28754947,0.13795409,-0.3638928,-0.06278594,-0.073004894,-0.15662636,-0.005590196,-0.073474176,0.2620779,-0.017421031,0.06550782,0.0034015162,0.17060165,0.13054468,-0.08171952,0.15057665,-0.6907372,-0.20308764,-0.12962192,-0.16379619,0.04153934,1.7069747,0.20996395,-0.029448105,-0.051558953,0.043398123,0.10815465,0.009172538,0.098718025,0.0055129146,0.00030973228,-0.0059844945,0.003777341,-0.08576603,-0.014732892,0.041272856,-0.0013091015,0.06575,6.872695e-05,-0.0014310787,-0.17388712,1
0.46305153,0.0042276625,0.07390302,-0.019931646,-0.022652483,-0.010243267,-0.021432444,0.2600611,0.22462527,0.38167784,0.765002,1.445957,-0.0058096824,0.35152414,0.005585186,-0.3675163,0.031047761,-0.073526785,0.011761903,0.006865767,-0.07071543,0.23090413,-0.0143069755,-0.08819858,-0.0049429904,0.08976714,0.19709766,-0.39085034,0.15641718,0.44981733,0.0011737882,-0.4079075,-0.046821013,0.03810913,1.4429635,-0.042567268,-0.030405074,0.17448038,0.023481818,0.07826455,0.0043405187,0.09818867,0.002636131,0.036037285,-0.013850843,-0.013919463,-0.06583967,-0.006193744,0.06636558,0.00526653,0.041717052,0.0021509156,0.005738919,-0.14498474,1
0.54186416,0.0100871455,0.027773341,0.027899105,0.0028609098,0.0076573538,0.036874257,-0.014694974,-0.05129956,0.30706316,0.15392385,-0.30122587,-0.14949667,0.24583526,-0.14991455,-0.7935739,0.20132245,0.22628446,0.25945872,0.003308978,0.56844306,-0.08195711,-0.012018159,0.11919248,0.014180926,0.36902702,0.35036543,0.33035395,0.08569341,0.9730722,0.42112425,0.5853591,-0.03638142,0.024730416,-0.30632517,0.0809751,0.10702636,-0.094054446,0.030771509,-0.033377368,0.0026619008,-0.059877623,0.006137739,-0.007975561,0.015265284,0.047892183,0.2726422,0.018724872,0.0010351031,0.030764192,-0.050871477,0.0028378423,-0.009496895,0.43151623,1
0.58579946,0.027172197,0.028970294,0.023778273,0.0028609098,0.013080084,0.040863983,-0.014365094,-0.051623274,0.28381974,0.13563345,-0.3290161,-0.032271992,0.2755261,-0.14263149,-1.0017388,0.073631495,0.23274277,0.25482497,0.003066078,0.55432606,-0.08559329,-0.032134473,0.1078504,0.0152704,0.3774972,0.3611034,0.349529,0.08611408,0.9699981,0.42563272,0.5872027,-0.072616346,0.038868904,-0.27751994,0.07414386,0.107522696,-0.091754004,0.0032615333,-0.020105377,-0.00025919615,-0.060760472,0.004756978,-0.007921388,0.017372834,0.050918695,0.27653962,0.024662897,0.053306933,0.027036099,-0.051567957,0.0028378423,0.0007964176,0.3857748,1
-0.20630929,0.006717366,0.035211597,0.021985555,0.008755458,0.009283342,0.035303883,-0.023664655,-0.046124037,0.33204252,0.17026533,-0.2874234,0.066622436,0.31195083,-0.14870195,0.437258,0.15982331,0.19487484,0.28605738,0.004600602,0.5727322,-0.06916062,-0.010454912,0.14938779,0.012021951,0.36887023,0.29380593,0.33703962,0.109277405,0.85739994,0.39993793,0.50793433,-0.041690834,0.043791637,-0.23812944,0.10178065,0.09958314,-0.10556569,-0.004192735,-0.021684973,-0.01512404,-0.054227006,0.009529083,-0.011322908,-0.0021859445,0.04836382,0.20207885,0.0039143963,-0.01544139,0.022456978,-0.04368595,0.00044134806,0.001292663,0.4451992,1
-0.11384571,-0.00667662,-0.082100436,0.011432256,0.009518673,0.005774403,0.027437484,-0.056522556,-0.069588415,0.28842038,0.19564421,-0.259696,0.1094923,-0.046686932,-0.13188814,1.6831672,-0.062294967,-0.03786048,0.2968012,0.013786253,0.3766521,-0.05778545,-0.0117409285,0.14947921,0.014756838,0.3268848,0.2257594,0.75242466,0.10836289,1.0489194,0.34246555,0.5843615,-0.059699543,0.039951775,-0.25934285,0.09484958,0.07911944,-0.10103769,-0.014580936,0.004480279,-0.01110637,0.040929645,0.0033855855,-0.0019804207,-0.026705895,0.033504564,-0.13556406,0.005177598,-0.02862103,-0.017039742,-0.039162785,0.008980332,0.0052488428,0.42642796,1
0.31606117,0.00020635617,-0.043811183,-0.01759155,-0.016860303,-0.010294143,-0.016428616,0.24616227,0.19095589,0.33943933,0.60942626,1.1800736,0.0896393,0.2991909,0.12581088,0.13714384,-0.057583313,-0.07312422,0.0075333705,0.006994116,-0.08104411,-0.12578702,-0.012324843,0.090313636,0.007079478,-0.063808545,0.08297888,0.59708035,0.07096045,0.35516647,0.24968593,-0.5854628,-0.14468595,-0.06069344,1.3760983,0.1622914,-0.03888383,0.22456305,0.048772324,0.06361283,0.011068004,0.07781041,0.004237009,0.034140397,-0.012591161,0.0038382607,-0.093551405,-0.015881151,-0.053015046,-0.0060873404,0.048975557,-0.0008909231,0.0069412678,0.00063182495,1
0.2815845,-0.004941117,-0.12138771,-0.017224943,-0.0206381,-0.0034509897,-0.014550639,0.23605064,0.23051411,0.33566803,0.6628264,1.2484124,0.1073991,0.28997248,0.1259222,0.020210197,-0.053214196,-0.068798445,0.014843625,-0.00023811357,-0.07612571,0.14788261,0.0056265756,0.079572916,0.0018359374,-0.14005801,0.029712442,0.71343654,0.06287476,-0.6831929,0.24231689,-0.3001811,-0.14099339,0.04447011,1.589797,0.18896009,-0.018671053,0.15273754,0.034911085,0.051631458,0.011324539,0.07614646,0.006870881,0.048287246,-0.0045460784,0.008090888,-0.07551119,0.014571364,0.049218982,-0.004811946,0.0572631,-0.0014784355,0.010507112,-0.13517594,1
0.53085434,0.007671547,-0.13076013,-0.013808805,-0.0026813555,0.007640277,-0.03299939,0.07321918,0.19036186,0.27910832,0.5980054,0.8527858,0.08186433,0.30661878,0.017523564,-0.65944725,-0.06534934,-0.0928383,0.15089355,-0.0056784702,-0.07552305,0.2060115,-0.020315444,-0.1176395,0.0035894124,-0.19487284,0.22972165,0.7796255,0.023100426,-0.68060046,0.2553699,0.412072,-0.17182884,0.04410793,1.657624,0.14981194,-0.020560503,0.17514604,0.029224638,0.09951491,0.016157126,0.0678712,0.005170961,0.048872687,-0.008875581,-0.0058110384,-0.082034744,0.022806177,0.03622456,0.0059142085,0.041855063,-0.00053514366,0.0024949522,-0.18262942,1
0.4943248,0.008102346,-0.07763956,-0.016825706,-0.024181342,-0.009381643,-0.02566339,0.2799667,0.25089467,0.30391315,0.7953904,1.4390548,0.08242691,0.28082505,-0.13987252,-0.73127425,-0.061922256,-0.076026894,-0.13526429,-0.0005292946,-0.07537815,0.24543482,-0.011205493,0.05835239,0.0064832154,0.16644704,0.13164388,-0.26909962,0.159461,-0.69108784,-0.28911704,-0.30748624,-0.15576153,-0.021084731,1.6346617,0.20613167,-0.021435143,-0.1642208,-0.028130446,0.11662759,0.0066240462,0.05341388,0.008364354,-0.015438472,-0.011865483,0.0018080504,-0.07013,-0.01890789,0.041280758,0.0007506885,0.06223666,-0.00091263093,0.012382528,-0.1430601,1
-0.18190455,0.0025399313,0.07733969,-0.012628796,0.025763135,0.009975256,0.026873894,0.13783316,0.1646559,0.40718532,0.376887,0.93570536,0.12834525,0.42657372,0.0838523,1.586426,-0.042370662,-0.05313333,0.03556987,-0.0011247706,-0.076997824,0.24034166,-0.010633532,0.08883833,-0.009156961,0.13046212,0.17219178,-0.3154903,0.06734265,0.63042766,-0.12773122,-0.5861826,0.0009243523,0.034204133,1.0599009,0.1603502,-0.034070693,0.20692566,0.05830359,0.07592311,0.011092724,0.10565995,0.0021030295,-0.001993498,-0.0036903278,0.0050625824,-0.06112739,-0.0074944748,-0.058027063,-0.0073271496,0.03691043,0.00048249448,-0.004719804,-0.20668371,1
-0.17887609,0.007919768,0.07623838,0.018205475,0.007707659,0.011920333,0.04697562,-0.031118128,-0.089338094,0.13498901,0.21068417,-0.36178806,0.13786465,0.34990877,0.003920948,1.8929384,-0.054293662,-0.07028243,0.22218823,0.0007182034,-0.1094429,0.008234528,0.057459734,0.13926734,0.009835735,-0.19353765,-0.020660192,0.63866675,0.068523236,0.8738199,0.2762791,-0.513996,-0.16599701,0.043906964,0.64016813,0.10370096,-0.04299293,0.19916022,-0.039057218,0.036049526,0.013431387,0.059595462,0.0071149515,0.04009514,-0.022716174,0.005269657,-0.12001273,-0.001966265,0.08150214,-0.0012944506,0.047377445,0.004728282,0.0041409563,0.29055884,1
-0.14814666,0.015349712,0.077281184,0.022129847,0.010365535,0.011248579,0.059623756,-0.04009788,-0.13289827,0.35401735,0.23778984,-0.32405934,-0.16970012,0.40209404,0.16261338,1.76295,-0.039730422,-0.06432029,0.19162527,0.0055358983,-0.087607436,0.20820868,-0.03597839,-0.16795142,0.000932622,-0.17570078,0.15743144,-0.4419564,-0.14731078,-0.6673237,0.24733815,-0.43119982,-0.16440915,0.06721198,1.2272407,0.15615147,-0.028500123,-0.08594144,0.03502075,0.06517083,0.009333966,0.085763015,0.00032909727,-0.008164708,-0.011180589,0.0034221471,0.28992575,-0.0012157921,0.09280787,0.011459923,0.060291238,0.009433138,-0.022029825,-0.17423722,1
-0.18827397,0.0018355064,0.08353441,-0.012645286,0.0028114968,-0.008797767,-0.028800469,0.013448006,0.103329726,0.3348207,0.3074271,-0.17941737,0.13979238,0.3778207,-0.0656516,1.7317432,-0.04975519,-0.07465525,0.12763274,0.00055385195,-0.10945877,-0.12037536,0.057072114,0.11520713,0.0031557442,-0.085201524,0.060201284,0.72413284,0.05139409,0.7317433,0.28839388,0.3862253,0.31430423,0.03799627,1.069698,0.06934846,-0.044285234,-0.030084258,0.016928557,0.07186643,0.015260957,0.074013926,0.0032541584,0.038264632,-0.0186906,-0.0004913657,-0.110135525,-0.00639427,0.08192711,-0.002520844,0.037067063,0.009281093,0.0063915467,0.121455655,1
0.32573336,0.02569278,0.029878234,0.024388434,0.0052150255,0.009071648,0.033390462,-0.019224182,-0.050868016,0.2765861,0.14034866,-0.3082697,-0.10625361,0.27541605,-0.07084625,-1.0503128,0.19539626,0.2279906,0.259101,0.0067318003,0.5778295,-0.08294815,-0.015757153,0.11425862,0.014796147,0.37619275,0.35520783,0.34742185,0.1026845,0.91417855,0.42632774,0.5982395,-0.07446567,0.034486376,-0.2717372,0.07197192,0.103564985,-0.10490781,0.005689683,-0.018985968,-0.0027118507,-0.054323066,0.0037857438,-0.007921388,0.026003063,0.052199844,0.1924018,0.023017313,0.03773671,0.01947333,-0.051567957,0.0021694712,0.0016915323,0.45805752,1
-0.1907371,-0.002901145,0.06793143,0.0053213434,0.008819169,0.0018197948,-0.019539278,-0.06180717,-0.08535207,-0.666732,-0.8006071,-0.2612706,0.20312558,-0.79274887,-0.11525121,1.2573805,-0.031070141,0.024033569,0.24003303,0.013124477,0.434867,0.04488858,-0.0086854305,0.15661268,0.034418944,-0.13833241,0.13572855,1.2464163,0.058509827,0.9810581,0.23229432,0.45926204,0.36970243,0.026971225,-0.23296927,0.27683166,0.01032974,-0.11713877,-0.012345547,-0.023012038,-0.0032876674,0.023201302,-0.0032198187,0.012368945,0.075236745,0.004319652,-0.09583902,0.011773739,-0.04493467,0.0067177517,-0.041084673,0.0024380526,0.00028968113,-0.07987441,1
-0.1732488,0.006693877,0.08050839,0.01938397,0.010199307,0.010991347,0.06370047,-0.01671684,-0.014965303,0.37500754,0.26453528,-0.044436477,0.14415687,0.46810025,0.1272121,1.7975215,-0.05271281,-0.07904787,0.23619106,0.0007592109,-0.1067461,0.17865668,0.05201145,0.12107598,0.005468303,-0.21742472,0.1735365,0.78286684,0.093490854,0.19823778,0.24027,0.53998613,-0.15973522,0.06082657,0.7967759,-0.0980796,-0.039401546,0.18741281,0.0071256654,0.08143628,0.015239146,0.059511848,-0.00039499032,0.030558623,-0.024162695,-0.019384598,-0.10496828,0.022349179,0.08215399,-0.0041119186,0.050290108,0.0064672697,-0.045175076,-0.21926339,1
-0.1493193,0.009769106,0.08398469,0.022208191,0.0054304325,0.007531195,0.0405152,0.006809775,-0.016347622,0.35909936,0.33823702,0.019959413,-0.09214936,0.42417625,0.121378765,1.7324101,-0.041731086,-0.07404603,0.21777175,0.00085846893,-0.080470234,0.19248308,-0.0014750923,-0.15793301,0.0055025397,0.11768922,0.19888015,0.61935025,-0.17237736,-0.6344962,0.27639267,0.25217372,-0.16270962,0.042643905,1.3121846,0.04649674,-0.023101524,-0.05869934,0.049838997,-0.013469317,-0.0011048897,-0.10779744,-0.002430633,-0.008787301,0.08972861,-0.016078316,-0.12689176,-0.00027195225,0.08232166,0.013044395,0.06252584,0.01286948,0.013726777,-0.20656823,1
-0.20599829,-0.0037691898,0.007798886,0.0058403537,0.0084433025,0.0037665535,-0.02094882,-0.058150608,-0.08588278,-0.580874,0.13790101,-0.22793433,0.16787426,-0.8170197,-0.11756311,1.3687992,0.10089216,0.10561204,0.24468845,0.020006802,0.46307293,0.00242856,-0.03325321,0.13915356,0.03536559,-0.22346243,0.17100482,1.1985506,0.07659081,1.0493349,0.25740835,0.3170094,0.21175945,0.025163732,-0.23192196,0.25730377,-0.06543298,-0.09776313,-0.010151401,-0.038768668,-0.0003945676,-0.022188198,-0.0034997007,-0.0011249126,-0.0071808645,0.008491859,0.3588564,-0.0038209194,-0.020217799,0.014911508,-0.0418039,0.00040658552,0.002761996,0.16828099,1
-0.1878402,0.0020079734,0.078435935,-0.015134461,0.0029904605,-0.009365911,-0.02451423,-0.020401498,-0.053825438,0.32170695,0.29507005,-0.29042414,0.14005819,0.36128196,-0.13518795,1.7360598,-0.047709063,-0.073418245,-0.01869636,0.00037940592,-0.11707723,-0.10164194,0.052446544,0.12427072,0.010826783,-0.0070886393,0.10149402,0.75967187,0.06708393,0.7863225,0.26788548,0.3296754,0.19009914,-0.015973704,1.0404353,0.103156015,-0.04358018,0.16765001,0.046105195,0.06328262,0.014869232,0.06568966,0.0030562668,0.03817673,-0.021723384,-0.002424452,-0.1152063,-0.005753112,0.07724166,-0.0021032628,0.035356723,0.009795772,0.008805933,0.14520326,1
-0.20675774,0.003217088,0.024549248,0.009401673,0.0023666034,0.004264474,-0.023474533,-0.023534229,-0.04635937,0.3012954,0.21084474,-0.25028387,0.09595499,0.016481776,-0.12770586,1.5476348,0.122658,0.12297304,0.2726463,-0.0069616493,0.48245385,-0.06084694,-0.010558762,0.16379322,0.010922911,0.21699874,0.20607583,0.96614474,0.06774776,0.77624565,0.32657346,0.364972,-0.047181726,0.040091492,-0.28066617,0.060436435,0.075587854,-0.09646205,-0.013622066,-0.022047168,0.0005554876,-0.058887012,0.0005132877,-0.01599317,0.11958176,0.037937976,0.30419818,0.0024709352,0.027625877,0.019331688,-0.04573657,0.010846715,0.0059648026,-0.009474902,1
-0.17194298,-0.0022882298,0.080910325,-0.010814254,0.02058712,-0.008605435,-0.007056846,0.19122456,0.17799918,0.43822306,0.57550144,0.9142518,0.00934946,0.42463666,-0.13612662,1.314622,-0.043206908,-0.05256488,0.19379248,0.0006630118,-0.08361029,0.18250261,-0.012980282,0.041570842,-0.008215676,0.21382858,0.18014207,-0.31239358,-0.1743037,0.6159455,0.22862127,-0.59059376,-0.08337696,0.047252804,1.0119997,0.13237476,-0.032863986,-0.059964783,0.0858288,0.070809744,0.010519762,0.065149866,0.0034224072,-0.007253375,-0.031880252,-0.011544697,-0.07992624,-0.009671386,-0.04126103,0.00025668275,0.0346729,0.00048637262,-0.0015403351,-0.20066123,1
-0.18171652,0.008143682,0.07976321,0.02068629,0.008108806,0.010666514,0.046620443,-0.032661546,-0.089425325,0.31569383,0.22039472,-0.42131263,0.12367465,0.3640218,0.06698878,1.8535607,-0.048827454,-0.069141135,0.2315802,0.00084166555,-0.08485547,-0.123633504,0.055306964,0.13200778,0.011785168,-0.19479688,0.048481885,0.19738702,0.11100994,0.8898448,0.27303207,-0.49424684,-0.15906714,0.048062757,0.92926157,0.10661128,-0.041584287,0.19302262,-0.0107843755,0.050462954,-0.024891723,0.06813529,-0.0067530796,0.039975453,-0.0210462,-0.010852107,-0.11053789,-0.006576089,0.080502495,-0.0008980504,0.051144585,-0.00355177,-0.007489184,0.31788498,1
-0.22084484,-0.0010864437,0.028903019,0.012593196,0.0024189434,0.002771813,-0.018706668,-0.051895663,-0.04150926,0.29928488,0.20333675,-0.25356078,0.14796568,0.39792788,-0.12638241,1.5364962,0.13600534,0.15414172,0.24640222,0.004131637,0.4178169,-0.07626648,-0.008637438,0.15719429,-0.000109368004,-0.12785058,0.18344294,0.873869,-0.1337304,1.0256761,0.33031327,0.4029532,0.026339723,0.03875954,-0.33037013,-0.093591094,0.08960296,-0.09833591,-0.019747853,-0.02853669,-0.0051714582,-0.055439726,-0.0003341048,-0.012848996,0.111728,0.030810852,0.29357675,0.010095648,0.05046871,0.018258657,-0.038794085,0.0033268426,0.010202597,-0.104233116,1
-0.15543644,0.017582392,0.09202728,0.024461858,0.0106687425,0.012920652,0.06461738,-0.013589505,-0.06725086,0.25463596,0.17962888,-0.311719,0.14505157,0.37188655,0.11826911,1.8160651,-0.049888533,-0.09052241,-0.39893663,0.008386144,-0.1678816,0.2287272,0.08370226,0.1689392,0.0027904867,-0.17706448,0.003633717,0.7498679,0.14677142,-0.6102375,0.2539005,0.59278774,-0.0929262,0.06652554,-0.8108425,0.10202742,0.07601591,-0.07460465,0.012465516,-0.079114914,0.008908058,-0.074965365,-0.0101054115,-0.0025266723,-0.033482827,-0.020293206,-0.15050973,0.012957289,0.06510668,0.0040270872,0.05261621,-0.004659682,0.0104699405,-0.23113579,1
-0.25359553,0.004162464,0.028867241,0.01971639,0.0025918782,0.008880612,-0.013120944,-0.026171694,-0.04802641,0.3131432,0.19726555,-0.2731284,0.031094778,0.38808823,-0.13432239,0.92893493,0.15520324,0.18594106,0.2751431,0.0055898023,0.4949679,-0.07204822,-0.008141909,0.17413379,0.011739587,0.1594558,0.23188102,0.9716946,0.079057455,0.7712253,0.35367692,0.40433633,-0.036742512,0.044623416,-0.34193513,-0.07369338,0.090161815,-0.09983584,-0.0015965183,-0.019782696,-0.0012799043,-0.060400628,0.0004787119,-0.016168443,0.1267268,0.04512067,0.29123968,0.0027578329,0.059356596,0.017877162,-0.04573657,0.011549377,0.00859854,-0.051205717,1
-0.21901533,0.00051244715,0.028689295,0.0149206165,0.008314737,0.0024884345,0.02484847,-0.047934517,-0.052600633,0.25762248,0.18344349,-0.2446751,0.15080547,0.36263242,-0.12128925,1.5696821,0.13312645,0.14719349,0.14387202,0.0010127767,0.43405703,-0.06727573,-0.006905938,0.15754569,0.009219141,0.028745381,0.18328075,0.8664932,0.057615526,1.0770082,0.32369852,0.3517583,0.1501961,0.034775384,-0.29238924,-0.023221381,0.08889255,-0.0903638,-0.009000072,-0.028721334,0.00033858395,-0.056224838,0.0029737726,-0.01493025,0.11753039,0.034090787,0.29994777,-0.0012228964,0.04707047,0.020464236,-0.038529944,0.0009216806,0.0048634326,0.0016619021,1
-0.13296786,0.00433294,-0.12791726,0.01915806,0.0088636745,0.013814954,0.05400844,-0.025051467,-0.08232918,0.33479184,0.26086807,-0.32464665,0.13911055,0.40152204,-0.15561603,1.7827243,-0.046281535,-0.07279384,-0.3443193,-0.0007986997,-0.09146188,0.24964653,0.011106887,0.09295873,-0.0024735723,0.23214406,0.18646823,-0.3958755,-0.18406512,0.90341157,-0.19109486,0.59774774,-0.10457869,-0.026707424,0.9885136,0.162123,-0.044613812,0.19761474,0.08671482,0.09224368,0.0082718935,0.068182595,-0.006067032,0.025911625,-0.008388777,-0.012591327,-0.08655265,-0.0051779863,0.069385804,0.021597637,-0.016429065,-0.004803082,0.0037238402,0.048987366,1
0.290101,0.0038149846,-0.12835562,-0.0141577665,-0.024398578,-0.004083248,-0.02312893,0.21466906,0.18473685,0.38270006,0.6107734,1.1961144,0.07735988,0.31482852,0.14607136,-0.001348508,-0.06815148,-0.08023655,-0.15597442,-0.0011220768,-0.09266648,-0.16027927,0.00043089,0.06908937,0.0013665059,0.19056432,-0.005949266,-0.16439806,0.117188655,0.4336471,0.28509244,0.22173417,-0.15546446,-0.0615901,1.2715458,0.17044891,-0.044613663,0.18851228,0.03363579,0.089002624,0.0077863648,0.08841923,0.0066379686,0.0065612453,-0.007837022,-0.0041372767,-0.083491206,-0.006773335,0.07146683,-0.0055256346,-0.0724552,-0.0014805164,0.0076331855,0.08095443,1
-0.19185056,0.0043151597,0.045788012,0.014984366,0.010742946,0.01866982,0.042664096,-0.0110217575,-0.0572302,0.30832198,0.23694776,-0.22866292,0.13491245,0.26061338,-0.13175318,1.8891032,-0.06743853,-0.071109824,0.29016018,0.007939941,-0.13186534,-0.08867568,-0.03147621,0.10879893,0.016945118,0.29959258,0.2728656,-0.19707243,0.1036787,1.1959622,0.16254437,0.62865597,0.31417358,0.03193774,-0.3736448,0.11422066,0.10191382,-0.1442038,-0.032461155,0.046586767,-0.0032586413,0.011838592,-0.0028735502,-0.0139498245,0.07645834,-0.006275475,-0.10893388,0.0029628435,-0.020630604,0.019777382,-0.044564705,-0.0018853374,0.005620318,0.41397834,1
-0.123524874,-0.030671516,-0.12471628,-0.015210187,0.003828385,0.009034963,-0.0052751238,0.21320023,0.22678179,0.4088741,0.5969325,0.9658333,0.108294204,0.36013797,0.13483787,1.3771083,-0.037338126,-0.051470637,3.185193e-05,-0.0010667995,-0.08191685,0.29442888,-0.012085833,0.03522243,0.0037781142,0.1941624,0.27078813,-0.33472067,0.1261597,-0.6012948,-0.22398508,-0.5181131,-0.13235033,0.04026342,1.2550894,0.19596232,-0.022269655,-0.04349974,0.05040208,0.102694765,0.012150709,0.103612185,0.0026920359,-0.0070335744,-0.044789743,-0.009717297,-0.06496694,-0.008369891,-0.08482794,0.0022119698,-0.08154248,0.008893927,0.011647178,-0.14861426,1
-0.14290845,-0.0010190383,-0.10888562,0.021575222,0.0075402115,0.0091128405,0.048002087,-0.027923793,-0.022325844,0.35956976,0.22300178,0.022603007,0.11079944,0.3379248,-0.08071457,1.7253611,-0.050593186,-0.0716119,-0.33365533,-0.00040156767,-0.09523664,0.21186821,0.067018785,0.11491529,0.013940659,-0.14630698,-0.18581524,0.56939334,0.13844688,0.515323,-0.18379909,-0.2859756,-0.07435334,-0.017587636,1.1061918,0.1886407,-0.03393467,0.2174263,0.075648785,0.07150416,0.014091972,0.08108385,0.0017731927,0.006806184,-0.015801597,0.008471623,-0.10617751,-0.003185547,0.07852022,-0.0076198517,0.04325653,0.009371194,-0.00495872,0.24270338,1
-0.15806682,0.0063290964,-0.1115247,0.0213909,0.012506787,0.009517567,0.056763373,-0.030660331,-0.08432676,0.33351654,0.28075907,-0.3283703,0.13927972,0.41474515,-0.16444756,1.7554412,-0.05647712,-0.08032282,-0.60391915,-0.0010169388,-0.09439292,0.24165307,0.08557551,0.06683865,-0.0146105,-0.12555395,0.1826307,-0.40822566,0.06361761,0.33197403,-0.22317378,0.6299105,-0.050571214,-0.032893028,0.71099347,0.17249992,-0.05936029,0.22156449,0.075194485,0.0640866,0.00797615,0.0870403,-1.6455248e-05,0.0023399678,-0.010856536,-0.014179092,-0.09516035,-0.012177381,-0.0118374955,0.013678195,0.037879646,-0.0024349443,-0.0015973375,0.030483607,1
-0.14393365,-0.012348193,-0.104512036,0.023407957,0.009664957,0.010671717,0.050108276,-0.03434832,-0.067970745,0.123912595,0.23351774,-0.34067348,0.15245959,0.3649516,0.09718874,1.6104057,-0.04762501,-0.07855208,-0.9660551,0.005928172,-0.099962726,0.15247333,0.072591476,0.12253182,0.011704004,-0.18107456,0.062362418,-0.16232696,0.09715239,0.8488438,-0.19925879,0.54915935,-0.06290688,0.028231556,1.0694847,0.15321971,-0.04574676,0.21667485,0.06772008,-0.03247734,-0.017732643,0.0877155,0.004608599,0.03386847,-0.0065321056,0.0006665281,-0.092380345,-0.0036932756,0.061533842,-0.0060613984,0.048440076,0.0062004924,-0.0042970506,0.25932994,1
-0.18028036,-0.013996272,-0.108609006,0.0019041902,0.030727984,0.0041022883,0.030232355,0.15260702,0.2328832,0.36466426,0.30757943,1.0815508,0.102050126,0.36632788,0.14308861,0.58515525,-0.05490666,-0.066832215,-0.0045415945,-0.002316898,-0.08349972,0.21045019,-0.015453836,0.08730988,-0.0066734008,0.2029229,0.27772713,-0.37221444,0.1378633,0.07754201,-0.21426539,-0.5646488,-0.15002567,0.05426018,1.3110852,0.17992835,-0.032399412,-0.074071065,0.053107634,0.09020546,0.011132214,0.110318765,-0.00415732,0.039180655,-0.0059269965,0.000691668,-0.07886568,-0.008125896,-0.0606844,0.007328449,-0.06924,0.01177467,-0.008070314,-0.14439268,1
-0.19178689,0.0019935481,0.051468376,0.021653073,0.00992531,0.021405324,0.045838855,-0.028557276,-0.06851991,0.3504517,0.18013096,-0.3190563,0.12984541,0.36055845,0.008548562,1.271958,0.018463587,0.19177589,0.27237365,0.0028401162,0.40793827,-0.10085675,-0.013617126,0.17444701,0.007994753,0.36380124,0.30061653,-0.392374,0.063291535,0.75817144,0.06533545,0.477224,-0.0042665303,0.048859954,-0.32985145,0.054680787,0.11006796,-0.10133371,2.4346635e-05,-0.040283922,-0.0061351606,-0.061699864,0.008624806,-0.011152626,0.10271779,0.035607964,0.236259,0.023805805,0.06854838,0.019370724,-0.051582668,-0.0025261203,0.0029444364,0.10748523,1
-0.17233618,-0.00028215168,0.019899577,0.020579902,0.010301469,0.00093136495,0.03927067,-0.0237392,-0.08688533,0.27666983,0.22157063,-0.3469642,0.1263574,0.4046526,0.009853385,1.1569952,-0.043725155,-0.08281791,-1.0395699,-0.016473312,-0.10577021,0.18144888,0.010800022,0.092819214,0.00017264881,0.23542266,0.18023913,-0.4003097,-0.17684618,0.83403164,-0.17921217,0.61960006,-0.088950686,0.020112926,1.0136869,0.15897723,-0.048098456,0.19417271,0.07644136,0.08694065,-0.0052506644,0.073838666,0.004060727,0.035082687,-0.0050671753,-0.0046216734,-0.088770926,-0.0027229418,0.06989328,0.020675732,0.043286346,-0.0035874553,0.0023836945,0.031492658,1
-0.14080243,-0.026254056,-0.06349675,0.017004896,0.010156267,0.010357466,0.033837095,-0.0077706105,-0.041686736,0.28255677,0.22094221,-0.2111417,0.13735278,0.26777247,-0.12080482,1.8269659,-0.06511313,-0.08805138,0.31376335,0.007939941,-0.16245797,-0.073541194,-0.011608375,0.12512952,0.017583443,0.27256554,0.2580733,0.69993913,0.11169079,1.0522531,0.18720375,0.5731819,0.26286465,0.04312657,-0.39362717,0.13531211,0.09011242,-0.07077842,0.0023241867,-0.06577058,-0.013385966,0.013133264,-0.0019068102,-0.016738798,0.084832475,-0.012160625,-0.010285242,0.0053863875,-0.024374148,0.02476706,-0.043736678,-0.0016447798,-0.0022944063,0.14427187,1
-0.121207565,-0.045639127,-0.114952564,-0.018639922,-0.023288568,-0.011056745,-0.01667667,0.22040635,0.20132412,0.40090016,0.6580427,0.98951113,0.08110531,0.3151356,0.1485773,0.4053803,-0.054937724,-0.07440524,-0.2660361,2.693804e-05,-0.08091451,-0.16844445,0.007005836,0.07974358,-0.0018688748,0.16749184,-0.10564694,-0.36368278,0.06844807,0.4130864,0.290103,-0.2164315,-0.13669752,-0.02181615,1.2147086,0.18477964,-0.03376528,0.17290398,0.056625877,0.08295104,0.009475779,0.09974664,0.00628953,-0.020196907,-0.008196753,0.007435927,0.13586292,-0.0066326093,0.061573207,-0.0022000053,0.032851852,0.007338022,0.0076341513,0.03248711,1
-0.14603332,0.00023207109,0.028488433,0.014890479,0.009357989,0.0085968515,0.034801707,-0.0127698295,-0.03852997,0.34352863,0.23082604,-0.23017353,0.14960483,0.34302104,-0.122887745,1.6539205,0.04802199,0.16275221,0.30119124,0.00474186,0.46502134,-0.07131927,-0.0142294075,0.15755194,0.010453443,0.34133646,0.24581401,0.26091096,0.09786633,1.1411073,0.3415058,0.5063242,0.15827844,0.0358945,-0.2283004,0.123034626,0.101907544,-0.118470185,0.012147409,-0.031688504,-0.00079709804,-0.057710674,0.0029737726,-0.014540264,0.09568021,-0.0030267746,-0.053450555,0.005773015,-0.020697476,0.023682915,-0.038788877,0.0013795866,0.0054596756,0.29308358,1
-0.184977,-0.008350486,-0.13119696,0.003759465,0.021832164,0.0046740603,0.03476527,0.002334453,-0.014414417,0.4270799,0.3352058,0.7259719,0.13149792,0.42145127,-0.16106747,1.1041657,-0.059788555,-0.07804944,0.09944022,-0.0012786684,-0.088351786,0.18002994,0.061329085,-0.16326344,-0.017395062,-0.11238041,0.24224845,0.10962373,0.06334079,0.44722813,-0.19723575,0.4492461,-0.09705499,0.047044404,1.2280254,0.118549146,-0.029547684,-0.05035842,0.05518519,0.09739102,0.012218911,0.08471929,0.0011113493,0.0456904,-0.0113445865,-0.006369231,-0.053827155,0.010693124,-0.018610338,0.01746081,-0.059452213,0.0073727192,0.0061830473,-0.11018872,1
-0.19937871,0.0023170407,0.08535939,0.019836353,0.009471102,0.016228024,-0.014263393,-0.05062925,-0.06911684,0.33644497,0.19340889,-0.30307576,0.14390898,0.33419648,-0.0724149,1.0306064,0.043872546,0.19349466,0.29135454,-0.0010246374,0.45196047,-0.07734213,-0.01298164,0.17413431,0.008602585,0.36492592,0.275593,-0.1551507,0.06910083,0.8298883,0.37038124,0.48525208,0.0755359,0.04955224,-0.2461153,0.13157852,0.102227025,-0.11134033,0.0017573666,-0.028614499,0.0010304886,-0.060024407,0.008624806,-0.007899213,0.10216939,0.002147459,0.16693465,0.015873563,0.03301886,0.020219661,-0.04406986,0.00894071,0.0038817334,0.12541923,1
-0.20386042,-0.0071463175,0.039506603,0.017508933,0.00992531,0.021520736,0.044282302,-0.038041674,-0.06814428,0.36656502,0.2094702,-0.3144359,0.1428303,0.37657198,-0.14361282,1.0976061,0.0400473,0.13776255,0.27075133,0.007519392,0.41486362,-0.09095034,-0.012188766,0.1733454,0.007312735,0.3576671,0.32053208,-0.33866018,-0.08462317,0.76896334,0.2003256,0.3975388,0.051944286,0.051288728,-0.38595814,-0.01315505,0.11102955,-0.101512805,2.5292858e-05,-0.029899811,-0.0069920025,-0.05588672,0.006581262,-0.012050753,0.11088227,0.031420827,0.2363025,0.02518322,0.06145448,0.016562726,-0.044196844,-0.0029696599,0.003070613,0.08354597,1
-0.20106281,0.00909659,0.08815628,0.01329767,0.009628618,0.0025851997,0.04067889,-0.011616614,-0.039791644,0.2672786,0.2015358,-0.20871605,0.1557202,0.27637956,-0.12539388,1.8481557,-0.066021584,-0.039194208,0.29910022,0.0070175,-0.1489999,-0.108045824,-0.014491162,0.13818218,0.018296774,-0.13180049,0.23908864,0.7477953,0.12901954,1.0692414,0.05176675,0.60162556,0.33641952,0.040131174,-0.42514017,0.1189697,0.09131375,-0.07681243,-0.009397704,0.0013848762,-0.016946727,0.022907251,-0.0012468512,-0.014484646,-0.025529666,-0.009297488,-0.12315287,0.00058141723,-0.022337014,0.020727351,-0.039858665,0.013128605,0.0065691927,0.27061987,1
-0.20389889,0.0068884324,0.042375013,-0.0005001449,0.030852027,-0.009136595,0.024934199,0.13395788,0.19073157,0.41131777,0.38123563,0.9095563,0.012106503,0.43214393,0.13593699,1.3174603,-0.06481301,-0.07685874,0.18844683,-0.0008878354,-0.07516076,0.21820082,-0.0072182626,-0.044565234,-0.0065926337,0.22279015,0.27589235,-0.382327,0.14733678,0.3945254,-0.26693556,-0.3320871,-0.14358202,0.053142004,0.6957983,0.14477052,-0.046171226,-0.14475974,0.057233535,0.013503452,-0.020383311,0.09880225,-0.0009816841,-0.014647983,-0.027827116,0.0010405937,-0.07875276,-0.005246281,0.031560417,-0.0045277914,0.03682308,0.006277778,-0.00551924,-0.1700683,1
-0.17873749,0.0069321967,0.030485593,0.00084214145,0.015261374,0.006667665,0.02903685,0.09914746,0.1489504,0.39742944,0.33638957,0.6655752,0.13247629,0.37533545,0.14676656,1.7065066,-0.04764,-0.059386503,0.13445035,0.008285571,-0.06173482,0.19133852,0.050506487,0.09402949,0.0037874745,-0.08116568,-0.23733795,-0.316409,0.106035955,0.7440619,0.22638434,-0.3411517,-0.07420794,0.03132059,1.0167462,0.08076077,-0.033156674,0.20143296,0.039532557,0.0038182049,-0.0033500423,0.083925374,0.0029533857,-0.003711163,-0.029802397,0.009721002,-0.06873243,0.006001503,0.08168686,-0.00010089367,0.031010298,-0.0060124556,0.012157349,0.35351843,1
-0.20553176,0.00358549,0.080976486,0.00061774766,0.02342195,-0.0144024175,0.025107898,0.12032951,0.15392199,0.3573916,0.32441708,0.81088173,0.109684534,0.36143094,0.14722376,1.2534177,-0.055530753,-0.066917405,0.1866339,-0.0006750552,-0.07552094,-0.16210034,0.061413255,0.09187613,0.0007649889,-0.09530582,0.0058801426,-0.38046822,0.090202026,0.78839964,-0.032423448,-0.23095521,-0.12639146,-0.011479929,1.0686877,0.14606826,-0.03717457,-0.12583648,0.045116134,0.080095075,0.008632652,0.10114812,4.9885362e-05,0.039630238,-0.047869503,-0.0075628012,-0.09642997,-0.008332488,0.080248505,0.00046177022,0.03652297,0.0037162602,0.010888362,0.35489005,1
-0.2105966,-0.006733595,0.022693126,0.013597362,-0.00038617506,0.016533326,0.035108708,-0.047250956,-0.0600422,0.31584975,0.056832332,-0.25949383,0.15189388,0.17734052,0.034501337,1.696697,0.06197729,0.1424641,0.2743207,0.010973844,0.3967466,-0.0695866,-0.022891141,0.15506086,0.0057845586,0.32803753,0.256621,-0.18878342,0.08847366,1.1820432,0.053194646,0.5982622,0.2224094,0.035087246,-0.2425449,0.14248139,0.09246746,-0.11190459,-0.011542729,-0.04533003,-0.0142538715,-0.05977419,0.0056927395,-0.011981476,0.08354827,0.031142892,0.13446645,0.0144814225,0.034418005,0.018762756,-0.047897805,-0.0052495394,0.0062564416,0.56552297,1
-0.13125618,0.002475303,0.08571367,-0.01733536,0.020768534,-0.0088415,-0.009406894,0.17052342,0.23254608,0.4371112,0.5796767,1.0423102,-0.027103525,0.4077757,0.09194132,1.3640181,-0.03352171,-0.048678074,0.09541285,0.0005393955,-0.07300535,0.20294337,-0.007843883,-0.15631272,0.0065587787,0.22147638,0.23670714,-0.35240108,0.004420731,-0.48286223,0.25590378,-0.08361242,-0.14896747,0.041154176,1.2513423,0.17150055,-0.023500348,0.18946572,0.04538683,-0.038174428,0.013921862,0.09190373,0.00061722577,0.038977455,-0.0052032853,0.0071248007,-0.055373784,0.008147146,0.01318642,0.010916727,-0.02706163,0.0018460135,0.0114719,-0.12612323,1
-0.17939082,0.0035862033,0.07860192,-0.014147128,0.028534241,-0.0040938896,-0.017690167,0.16602163,0.17331298,0.40722963,0.4036336,0.79442084,0.13382596,0.42371896,-0.06980341,1.5234973,-0.04973986,-0.06300415,0.04912502,-0.0008723994,-0.08218126,0.28029722,0.0719086,0.10728214,0.011565388,-0.20315342,0.2177519,-0.31861666,0.1195483,0.06539423,-0.30817077,0.40497363,0.26432273,0.048838153,1.2496241,0.15631416,-0.029846162,-0.065475054,0.025923785,0.10954579,0.00987261,0.09206225,-0.004219816,0.033733793,-0.011242766,0.0005507646,-0.07140527,0.019173384,0.07188611,-0.0044783857,-0.00942586,0.0059811417,0.011051501,-0.024320118,1
-0.18483484,-0.0033731791,0.07635555,9.610341e-05,0.028747033,-0.012620106,0.01389776,0.21176565,0.22515664,0.42919546,0.5972046,1.1762912,0.11261079,0.4227549,0.030628141,0.9053287,-0.05045428,-0.06200312,0.04483596,-0.0011433724,-0.05988538,0.26955047,-0.014460059,0.07707838,-0.006133878,0.1992994,0.22487307,-0.37463084,0.13352191,0.18445683,-0.32107776,-0.26546946,-0.13255209,0.042103395,1.1271764,0.16863896,-0.030086923,0.1840759,0.05705737,0.08878728,0.011656996,0.10397129,0.0035217367,0.030791793,-0.0015036114,0.0067837904,-0.06249256,-0.010495539,-0.09169381,-0.014383763,-0.009466106,0.010380288,0.018362522,-0.14046241,1
-0.21227406,0.0002807094,0.025300495,0.015230818,0.0032729986,0.016574143,0.037787266,-0.019302329,-0.039641503,0.32452953,0.19708787,-0.23322156,0.14318748,0.328331,0.05702436,1.7269105,-0.008814761,0.14785302,0.27883896,0.005200815,0.33886108,-0.07528024,-0.02642946,0.16422597,0.004267447,0.32046583,0.24165857,0.15948147,0.102978185,1.1038319,0.22812036,0.5760425,0.19130161,0.035053164,-0.30314666,0.11111925,0.1037337,-0.12408361,-0.00756533,-0.043701474,-0.00680106,-0.059541013,-0.00071156066,-0.014781324,0.086710386,0.03620251,-0.01316461,0.008532429,0.056668404,0.019799527,-0.04782211,-0.004348674,0.0063266465,0.5436225,1
-0.20124921,0.0013850718,0.019093946,0.0070049777,0.0028890672,0.0070804795,-0.030608177,-0.06737808,-0.07302644,0.11622924,-0.82622683,-0.2566779,0.18356025,-0.028018367,0.023856718,1.4662546,0.09477414,0.10579483,0.23225537,-0.004901548,0.42568806,-0.00870165,-0.032737095,0.15577164,0.0041493545,0.3457594,0.20925404,-0.2684741,0.0736338,1.1498064,0.2538718,0.5426185,0.270278,0.029547652,-0.22042273,0.20264776,0.08036569,-0.11012573,-0.012368557,-0.04198634,-0.0064547188,-0.05867716,0.0035169513,-0.016261615,0.086750604,0.024471179,-0.055529173,0.014341409,0.0030053589,0.01637281,-0.04798287,0.000107513624,0.0040469863,0.58635384,1
-0.2097514,0.008960442,0.030421784,0.017420324,0.011892449,0.0025330652,0.04086394,-0.007114113,-0.03514638,0.2891315,0.1965274,-0.20612368,0.14283167,0.30317047,-0.13117573,1.7938675,-0.05406259,0.096112214,0.2947561,0.0072086956,-0.1524726,-0.10916248,0.0069332,0.13406529,0.016472584,-0.15495637,0.2291126,0.729516,0.12654883,1.0555675,-0.06735742,0.59119284,0.33572719,0.03706386,-0.40594795,0.108601846,0.090676956,-0.13122104,-0.013010438,-0.060549576,-0.012532029,0.024125038,-0.0012468512,-0.013934189,0.08254002,-0.011412958,-0.14254409,0.010651766,0.03548157,0.020129088,0.0038485941,-0.00046871754,0.005315575,0.42137462,1
-0.20292081,-0.0030314706,0.014459184,0.0071957484,0.0002832014,0.0060448917,0.023148026,-0.055283826,-0.059780136,0.11391391,-0.7496514,-0.25170103,0.17651612,-0.008902023,0.030062504,1.5912933,0.02921572,0.07853411,0.25545108,0.012053223,0.44242784,0.0029456173,-0.013203524,0.17116112,0.0034095014,0.33627084,0.22320376,0.23319909,0.06235545,1.0795939,0.12738256,0.5315332,0.2664062,0.029637996,-0.21385647,0.18432498,0.07521399,-0.10304124,-0.010723458,-0.03195115,-0.0025333646,-0.05121914,0.0036901727,-0.013647042,0.08648908,0.030191805,0.1533183,0.014386061,0.041617487,0.017925676,-0.048058562,0.0019267894,0.005698534,0.69854325,1
-0.16144185,0.007711167,0.08667038,0.016146615,0.02993884,0.007804549,0.047317497,0.08221529,0.16025716,0.38008907,0.34901366,0.6531354,0.14782393,0.40517908,0.14977942,1.9028951,-0.044007752,-0.07968731,0.097774275,-0.00024558464,-0.12197909,0.3367598,0.081247866,0.121998034,0.0073377155,-0.21126252,0.24707825,-0.29215512,0.15232375,-0.37335336,-0.305543,0.4328053,0.2341096,0.04053522,-0.72830164,0.13012612,-0.060597394,0.25993162,-0.038319312,0.021328487,-0.01859055,0.091709524,-0.004210626,-0.012858369,-0.001584874,-0.0059743305,-0.06988949,0.011245643,0.05806843,-0.0062680235,-0.0050886036,0.0023465455,0.01198125,0.0317759,1
-0.14075541,0.00095558254,0.08457882,-0.011002321,0.025477543,-0.00890193,-0.016422665,0.17129064,0.20805344,0.4527184,0.60482293,0.9322107,0.07307259,0.40864217,0.14445756,1.3572992,-0.035820056,-0.05263564,0.1892157,0.00087324576,-0.08052996,0.20610157,-0.016867021,-0.12166994,-0.0026528188,0.22727983,0.23600115,-0.35226217,-0.05047202,-0.25044322,0.2611648,0.3074935,-0.14143938,0.044523284,1.1546555,0.12404503,-0.02760841,0.1791361,0.0338502,0.08204195,0.011400308,0.09030856,0.004684317,0.03473406,-0.030647997,-0.013185699,-0.06730494,0.00053878385,-0.025283251,0.010937546,-0.057756517,-0.010386209,-0.01802831,-0.0154370405,1
-0.19343767,0.0072803074,0.07987683,0.00076255994,0.010672095,0.005567248,0.02759716,0.010471093,0.16363682,0.38482997,0.30633926,0.52994764,0.11192231,0.3614195,0.008523894,1.4256496,-0.046823602,-0.06863011,0.07319366,0.0003746231,-0.07380526,0.0067631397,0.05032963,0.10158357,0.0037269318,-0.06598745,-0.08019129,-0.2653549,0.08567595,0.7915743,0.16196482,-0.49607295,0.0038662187,-0.021018162,1.0934234,0.15636668,-0.04296415,0.21456763,0.036652762,0.06896831,0.009467939,0.089314826,0.0077113705,0.00030589383,-0.00945394,0.009416025,-0.07360137,-0.007905418,0.088749915,0.0012203469,-0.0016694078,0.008287799,0.013039894,0.35688147,1
-0.1795531,0.00477004,0.042132854,0.0010693641,0.012537088,0.004579498,0.035786532,0.008055223,0.1444381,0.45635948,0.3848655,0.54667497,-0.033564627,0.4472512,0.15150063,1.3611867,-0.04975823,-0.07395084,0.19358791,0.0007357504,-0.087826245,0.19061185,0.0019133504,-0.17965509,-0.012394488,0.14259672,0.06642674,-0.37241104,-0.018506031,0.3211658,0.2577127,0.36112347,-0.12678322,0.053544894,1.1603646,0.116695344,-0.02608794,0.20021375,0.055545975,0.0898341,0.010826061,0.10051417,0.0062302505,0.03570143,-0.00868442,-0.0007424026,-0.066095024,0.018390741,-0.053137276,0.014208515,-0.009825595,0.005249407,0.007327421,-0.17793813,1
-0.17813104,-0.00980115,0.06293798,0.0058403537,0.005195672,0.0042408546,0.031058712,-0.05238978,-0.08907232,-0.6421031,0.1241616,-0.23953386,-0.023797642,-0.70820135,-0.121530265,1.4672163,-0.040927038,0.029733906,0.2626496,0.020254472,0.51139665,0.011862734,-0.004270812,0.06954397,0.039842915,0.1520053,0.20512483,1.1201462,0.07868577,0.6435431,0.2732742,0.55448145,0.22640067,0.032538123,-0.20116256,0.26123402,0.060263935,-0.039705567,-0.013453292,0.029058293,-0.010830199,0.043121047,0.0023116074,0.000504378,0.09275731,-0.00173836,-0.1312652,-0.0065004393,-0.036298934,0.01887272,-0.040301986,-0.0054511735,0.004471322,0.4316051,1
-0.18866622,0.0102403425,0.074555926,0.006137899,0.016028762,0.00485324,0.02476915,0.1261975,0.13902366,0.3279811,0.2966359,0.42938715,0.11610441,0.35692942,0.1473863,1.9620608,-0.054954022,-0.07259637,0.23093434,-0.0005919868,-0.093986064,-0.19050072,0.06304692,0.11198845,0.010355458,-0.17627402,-0.0368655,-0.31411466,0.10429635,0.9828037,-0.2963529,-0.5444591,-0.025157025,0.03315781,-0.43518716,0.088147864,-0.07717971,0.27653086,0.059090186,0.07780866,-0.016308783,0.106637456,0.0005665043,-0.0016127625,-0.028261427,-0.017334858,-0.0819671,-0.0016458853,0.05722823,0.001177642,0.03256298,0.008678946,0.010462645,0.44328985,1
-0.13580474,0.011257206,0.040455833,0.003230982,0.029162468,0.009195995,0.022336464,0.1655982,0.2571776,0.40975556,0.42643574,1.0028359,-0.1649865,0.36440036,0.07894387,1.4332271,-0.03149765,-0.04995563,-0.3360054,-0.0004278957,-0.07284372,0.22290364,-0.020066358,-0.15106682,0.0032351513,0.17000125,0.09272674,-0.3040179,0.13516596,-0.56221455,0.12052357,-0.54007643,-0.11526967,0.033496156,1.3483334,0.213804,-0.041903876,0.17749996,0.049306404,0.10492981,0.010206232,0.104697645,0.0014113331,-0.0060412977,-0.007917977,-0.0066539897,-0.04755837,-0.003649265,0.020155545,-0.026456833,0.05294661,0.0029787086,0.013373541,-0.13808282,1
-0.14519636,0.009975768,0.08648491,0.016684737,0.010615297,0.0065566963,0.054770306,0.012241386,0.108082585,0.3515443,0.34118727,0.36881632,0.12510152,0.36850065,0.097951286,1.5566406,-0.03470538,-0.060617942,0.2004614,0.00085890526,-0.08918743,0.19538233,0.06550931,-0.12156159,0.0056442507,-0.20612173,0.18720107,0.7213423,0.13095137,-0.6794863,0.22971918,0.4687883,-0.13651627,0.046817556,1.3015888,0.12837474,-0.02352437,0.18645296,0.03958021,0.100405104,0.017785847,0.073385544,0.004383738,0.04059595,-0.007684486,0.0005305642,-0.07607068,0.018089615,0.01591425,-0.0024669666,0.060123935,0.0029359595,0.016395818,0.05240555,1
-0.1662276,0.010555374,0.09341648,-0.0147480415,0.026434774,-0.0049847965,-0.015425304,0.0807145,0.1662958,0.3644418,0.35075718,0.6684207,0.12667279,0.3395743,0.1376453,1.4043322,-0.04189621,-0.07255342,0.105373845,0.00015165377,-0.094594985,0.22683784,0.09367104,0.13076568,-0.0026251986,-0.19696237,-0.42482963,0.15943749,0.14613295,-0.7361444,0.3157469,0.43945387,-0.14803027,0.043224692,0.6889393,0.17402917,-0.046071902,0.22088917,-0.013723001,-0.053843044,0.0060193795,0.042881496,0.0020899638,-0.01476737,-0.007681084,-0.001727679,-0.07464477,0.017406847,0.05743803,-0.0023951682,0.05200455,0.010201162,-0.02747866,0.18226139,1
-0.18150702,-0.010163697,0.013119898,0.0067771357,0.008416901,0.004069622,0.026383242,-0.02466101,-0.06316121,-0.4445488,0.17583784,-0.22997902,0.15758225,-0.7122837,-0.12645794,1.4301403,0.08954729,0.10969799,0.2683004,-0.007416011,0.45754644,-0.009758186,-0.009234311,0.12671506,0.03903412,0.054695852,0.195353,1.0676566,0.10997014,0.6688685,0.25715154,0.5694895,0.34369826,0.027166715,-0.22022979,0.24222574,0.05946967,0.13287216,-0.015080239,0.050169915,-0.01058897,0.046594433,0.005516826,0.024662517,-0.040734857,0.0013896605,-0.08762449,0.012450559,-0.033283647,0.019151557,-0.04556299,-0.005558843,0.0030407258,0.6209854,1
-0.13701138,0.01177668,0.0780627,0.015639372,0.030230207,0.01144474,0.04182995,0.1607954,0.23354767,0.38186598,0.3988683,0.8967184,0.011684517,0.37458917,0.0012175969,1.8145186,-0.040989332,-0.060020853,0.015226455,-0.00082629523,-0.086029895,0.24511969,-0.010477442,0.029249735,0.0061912844,0.18685846,0.046835817,-0.26602677,0.16372256,-0.7561872,0.09944885,-0.58862203,-0.068018086,0.043535665,-0.8031076,0.2051312,0.04454182,0.22755723,-0.036579523,0.1084363,-0.0072805793,0.07213147,0.00096206705,0.039858647,-0.003037362,-0.01288387,-0.05740207,0.008210211,-0.02814616,-0.021203227,0.049455788,-0.0030882596,0.0064896736,-0.15787077,1
-0.30211246,-0.042958513,-0.037413888,-0.016815992,-0.030276718,-0.007849885,-0.037058588,0.26692814,0.19329715,0.36391667,0.7353164,1.2086557,0.108094335,0.26354018,0.1445855,-0.69813746,-0.058277287,-0.08653342,0.004908624,-0.0039077923,-0.08870772,0.018978974,0.07776068,0.07419085,0.0018703521,0.020828707,-0.38897756,-0.17330459,0.036972106,-0.7869341,0.4294856,0.31314114,-0.10260709,0.03165006,0.8415463,0.19439752,0.004520555,-0.120912805,0.038878057,-0.10532807,-0.025372818,0.016031051,0.0155925965,0.04598406,-0.0031436163,-0.012402516,-0.07310855,-0.00768523,0.07317958,-0.0044200197,0.046220746,0.0035800934,-0.009925055,0.036708027,1
-0.23059066,-0.0058660917,0.027089981,0.010377805,0.006561315,0.006657737,0.03755133,-0.051869936,-0.06280584,0.16135116,0.09696232,-0.2822695,0.01749117,-0.0333925,-0.055074334,1.3927772,0.05859001,0.15380193,0.2881608,-0.0012795855,0.47536275,-0.0569954,-0.00957514,0.17800581,0.010278622,0.39540142,0.2502124,0.32839298,0.105320096,0.63372767,0.31477642,0.47327995,0.045949876,0.04622351,-0.23583056,0.18264776,0.07245792,-0.1194309,-0.010641465,-0.029032338,-0.0008001183,-0.052718267,-0.00045794592,-0.016275398,0.10547546,-0.0078005977,-0.05139863,0.0039778324,0.018659884,0.021214772,-0.044306315,0.00032313343,0.009434565,0.009566266,1
-0.17006633,0.0087163765,0.08258613,0.0013498818,0.02947423,0.005283913,0.035601616,0.0470674,0.21727179,0.44550398,0.40695438,0.911792,-0.16613351,0.43288925,0.15950246,1.4126577,-0.05201594,-0.071110904,0.19033864,0.00036521768,-0.08416999,0.21500549,-0.006118692,-0.17596537,-0.012560695,0.22972263,0.22575875,-0.3679318,-0.11121129,0.0943706,0.27567786,0.23373969,-0.12530372,0.046886034,0.6916369,0.14423312,-0.029510828,0.1915998,0.06803354,0.08878134,0.0067861076,0.08673428,0.012923275,0.005166521,-0.011156241,-0.014835384,-0.06614966,0.019770723,0.07836802,0.012906617,0.03606751,0.0026053607,0.009696792,-0.17512211,1
-0.16659246,0.00739767,0.057285123,-0.0034240214,0.023846425,0.004227642,0.029957792,0.08327965,0.16182747,0.35737056,0.35057577,0.7808327,0.12437762,0.3466802,0.13231531,1.0579647,-0.04143435,-0.06934962,0.09417264,-0.00018608477,-0.08686509,0.2036109,0.06553203,0.1212786,-0.0018303401,-0.18557638,-0.33730263,0.5121109,0.13284284,-0.6596742,0.28279418,0.40723786,-0.1502898,0.04708042,1.3312793,0.164965,-0.041452274,0.19419593,0.043630943,0.0152389845,-0.026970955,0.08224321,-0.0077119754,0.049470045,-0.0039869053,0.0010209896,-0.07702507,0.017972033,0.046528377,-0.002399868,0.050527137,0.006495501,0.007393339,0.06568986,1
-0.14850612,0.009602239,0.087777995,0.015541899,0.022498686,0.00874144,0.032003425,0.006508987,0.025212936,0.3353221,0.3522622,0.5951583,0.13148777,0.3797261,0.1254307,1.6881773,-0.04209028,-0.06487743,0.1967178,0.008309262,-0.097291924,0.21209694,0.06955155,-0.20496117,0.0075584278,-0.21852013,0.2182412,0.73572195,0.14075953,-0.79726976,0.24675642,0.46329543,-0.13497992,0.059356123,0.5324695,0.07108826,-0.04220419,0.19994725,0.04717378,0.006845953,0.015768709,0.07561786,0.0023047403,-0.0002870739,-0.009773182,-0.0017020742,-0.08386841,0.02262776,0.06963757,-0.0017177386,0.057016116,0.0026028217,0.017210908,0.048991553,1
-0.22548898,0.0027368062,0.02690036,0.011371485,0.009855258,0.016308432,0.03614667,-0.037307058,-0.064156204,0.34570724,0.21372811,-0.34052265,-0.21650502,-0.45862412,-0.07448861,0.8374481,0.13355286,0.15961173,0.2735857,-0.001606236,0.47420594,-0.06426416,-0.005714026,0.0519097,0.004003133,0.23513749,0.2149921,-0.19164217,0.08095361,0.6044612,0.36932996,0.41400525,0.058510717,0.034675576,-0.25709158,0.17506312,0.084586896,-0.124465704,-0.009214016,-0.030406319,-0.0029287073,-0.06110039,-0.002627838,-0.011424184,0.11693176,-0.0046041836,-0.100133434,-0.0018909359,0.0023883223,0.021774435,-0.04576015,-0.0015219114,0.006505059,-0.05134238,1
-0.20672943,-0.0061698854,0.021260025,0.0044830553,0.009796653,0.0073503796,0.035892308,-0.031624436,-0.048397135,0.34992737,0.25729632,-0.29502386,-0.21417469,-0.5360517,-0.14671314,1.6083561,0.114975676,0.123015605,0.28159016,-0.00083747576,0.44061533,-0.061620533,-0.013230283,0.15247828,0.0059132087,0.19008754,0.117820956,0.30486998,0.104602195,0.6223597,0.3313683,0.42855787,-0.037381165,0.033951443,-0.22391431,0.15722173,0.07894876,-0.12762854,-0.011639066,-0.03522944,-0.00018532551,-0.06527373,-0.00045794592,-0.014608644,0.12020678,0.026229657,-0.0728261,-0.002302804,0.036273014,0.02455245,-0.043950915,-0.0020069936,0.007888776,0.03099505,1
-0.20632757,-0.014258244,0.0859729,-0.01530992,0.023334257,-0.006013929,-0.017773315,0.21453896,0.19291769,0.35406607,0.61289537,1.0804017,0.08873637,0.27370307,0.13903177,0.3088514,-0.048678376,-0.06940261,0.046713687,-0.00010933867,-0.072122976,-0.16173223,0.07793959,0.07677236,0.00756607,0.03955575,-0.41437,-0.1727513,0.048920035,-0.7661232,0.25866476,0.41142708,-0.078854375,-0.013416196,1.4492382,0.10612182,-0.03077047,0.20696808,0.04087192,-0.05267068,0.012498483,0.08594567,-0.007274976,0.04771283,-0.0022699386,-0.0021242069,-0.06613399,-0.0043635196,0.062080868,-0.001070217,0.045468457,0.004107835,-0.035100702,0.36298105,1
-0.17026545,-0.03975301,-0.120118,-0.01536026,-0.0168483,-0.01072399,-0.0132555645,0.14466807,0.16766264,0.33719993,0.55743885,1.132992,0.116712004,0.35204813,0.12169466,0.43544587,-0.050839182,-0.06943521,0.041774563,0.00024382956,-0.083111264,0.17071497,0.021615895,0.066869594,0.0005392698,-0.14760657,-0.25897944,0.66188824,0.045914184,0.409689,0.23182927,-0.41158396,-0.12407268,-0.023975926,1.2942969,0.13456255,-0.03423985,0.20493089,-0.0029867433,0.06869287,0.016758883,0.02041259,0.004505584,0.0464095,-0.0120980125,-0.005621692,-0.08931901,0.016145693,-0.016841535,-0.0049762763,-0.0587593,-0.007685909,0.014314118,-0.17243123,1
-0.18289253,0.00049946544,-0.048180413,-0.01559873,0.006302099,0.0060571455,-0.01130322,0.07519322,0.16666809,0.3670005,0.33157647,0.25787762,0.095855564,0.42753616,0.12061046,1.2555368,-0.05212876,-0.07388748,0.21980883,0.0011876132,-0.09220447,0.16141042,0.036928363,-0.19115262,0.0026178234,-0.175224,0.031671558,0.7126014,0.1293449,0.34298933,0.24301215,-0.22880791,0.17481385,0.042402193,1.2478211,0.06606472,-0.019824646,0.1896307,0.046501998,0.03519934,0.015419543,0.0789792,0.0037197643,0.03915349,-0.01583388,0.0020577582,-0.092917785,0.016265033,0.061975192,-0.0063498593,0.036248498,0.0068719843,0.014654555,-0.18176065,1
-0.2064868,0.0015498823,0.016793884,0.0066104378,0.006443822,0.0056303013,0.03568946,-0.054467507,-0.07067784,0.13757841,0.033412308,-0.2804694,-0.017530747,-0.26987004,-0.11830628,1.6209573,0.117254615,0.1225541,0.2894192,-0.0072798626,0.49527797,-0.052971266,-0.010767568,0.17851117,0.009650441,0.34855846,0.19576444,0.31924123,0.09660113,0.60139835,0.3004848,0.42710245,0.047473818,0.03745431,-0.22949235,0.17594738,0.065695874,-0.12172813,-0.01036231,-0.026968267,-0.0008001183,-0.06275342,0.0005132877,-0.01576056,0.111268945,-0.011999744,-0.0372942,-0.0017486629,0.019607978,0.020096306,-0.044230618,-0.001449814,0.008728749,0.0354446,1
-0.20723161,0.0033980631,0.077494256,0.0065548946,0.0066432483,0.008874706,0.020181723,-0.02129677,-0.028517593,0.24500334,0.21306108,-0.22469863,0.02261326,-0.49050355,-0.12416962,1.6139748,-0.04217486,0.02442918,0.27665544,0.01016674,-0.098232344,-0.056746595,-0.029077733,-0.04460936,0.017149195,0.07505692,0.21369062,0.8834516,0.088474415,1.0824616,0.31507123,0.56295854,0.3465828,-0.006049674,-0.32705802,0.19570267,0.065672636,-0.096410625,-0.0072971,-0.017702859,-0.0074224058,0.01665594,-0.0008434409,-0.0018828386,0.09701446,-0.011883399,0.35332274,-0.0022579217,0.02459893,0.016939126,-0.009218156,0.009915554,0.009084406,0.27242875,1
-0.14252192,-0.018993344,-0.06608151,0.0041250563,0.006825024,0.006633548,0.019587547,0.0033069067,0.16678466,0.39698297,0.28045028,0.03066628,-0.20357002,0.3433701,0.12948583,1.6982446,-0.039027803,-0.059123725,0.19358921,-0.0009429967,-0.07283566,0.22237854,-0.0088337585,-0.17406659,0.006098126,-0.044587106,0.085337736,0.11686307,0.02011204,-0.59498155,0.076959245,-0.5439162,0.27586305,0.029406931,1.3229725,0.17175671,-0.022087451,0.21985574,0.05193956,0.0814372,0.011318065,0.09275203,0.0024800529,0.052655026,-0.017867286,0.0085182525,-0.079284504,-0.0114396615,0.08900039,-0.027249953,0.053975273,0.0036367876,0.01346793,-0.20851494,1
-0.16128251,-0.014714078,0.07730154,0.001840787,0.0023789303,0.0073648784,0.025480537,-0.009916027,0.03697454,0.38143498,0.3133521,-0.33142927,-0.2031758,0.42290652,0.122105144,1.6009841,-0.048926502,-0.07073446,0.2064525,0.008125787,-0.08554929,0.16477288,0.060159277,-0.20988694,0.0036844548,-0.21752366,0.14866276,0.78068745,0.065001294,-0.07948985,0.22762555,0.5362452,0.047181454,-0.03569449,1.2384636,0.098412804,-0.029315606,0.19765063,0.031066487,0.08323447,0.018576838,0.06918198,0.0018977384,0.0027883484,-0.021812089,-0.0015699415,-0.10034008,0.004719002,0.089025274,0.012182873,0.05084344,0.004335547,-0.012041533,-0.22445358,1
-0.14587295,0.0101873465,0.014315225,-7.940573e-05,0.005703676,0.0062600076,0.022883467,0.012058117,0.14286244,0.4328547,0.34332758,0.07233318,-0.26807678,0.38343164,0.13803153,1.6726049,0.01774886,-0.018848587,0.19869411,0.004654321,-0.091404065,0.16729532,-0.029190775,-0.14454018,-0.011805884,-0.11278977,0.15445139,-0.3240904,0.050281473,0.6723422,0.20928755,-0.47321588,0.25072306,0.034035787,1.0861342,0.109660596,-0.036300316,0.17607486,0.04999069,0.06729166,0.010991632,0.09132214,0.0030548095,0.0072960895,-0.020463677,0.009820905,-0.07687172,0.023144737,0.10091284,-0.0032635601,0.03845665,0.0046713515,0.0109543335,-0.281814,1
-0.15218285,0.0025261468,0.081950806,0.0044561536,0.0079836575,0.009931127,0.027772523,-0.016417554,-0.031258386,0.27401394,0.22801317,-0.22354172,-0.2672667,-0.0030969912,0.027074149,1.5846002,0.116921276,0.1405322,0.2839043,0.00045701873,0.43851188,-0.05379042,-0.0051904772,0.108273335,0.009885052,0.31809536,0.21625324,0.7996954,0.076775305,1.0642278,0.32280242,0.3547104,0.27687982,0.032275233,-0.22575645,0.14917774,0.074949466,-0.113006204,-0.0041779536,-0.03567874,-0.003787358,-0.058449455,0.0004312112,-0.014848776,0.11716684,-0.008901582,-0.012088375,0.0007969886,0.025495928,-0.0003196461,-0.046000607,-0.0012107984,0.0073217116,0.07480512,1
-0.146105,0.0002986737,0.019960547,0.0044561536,0.006828198,0.00791611,0.024903636,-0.027661799,-0.032475833,0.26399037,0.20197406,-0.24852607,-0.2534783,-0.013164956,0.0342035,1.5178883,0.11794284,0.13614598,0.28418702,-0.0015627875,0.44120088,-0.059178397,-0.0069262446,-0.15358,-0.00070604513,0.3028437,0.21157157,0.77702755,0.058959436,1.0734273,0.31350943,0.35931233,0.28934553,0.027978633,-0.23630871,0.17378792,0.07681415,-0.0917222,-0.006758576,-0.01733893,-0.003787358,-0.05145225,0.0030385216,-0.012567932,0.12002463,0.012464338,0.3062948,-0.00082864426,0.06519696,0.010865906,-0.045883194,0.004743863,0.0098229665,0.08869952,1
-0.13216007,0.0056378017,-0.07825368,-0.008478887,-0.006651751,-0.005252168,-0.015665734,0.0017240113,0.17814642,0.34640014,0.31764573,-0.057634618,-0.21726017,0.36006415,0.11891154,1.6302038,-0.03947488,-0.06401089,0.21526496,-0.000105615705,-0.09382571,0.18072312,-0.004742952,-0.16408667,0.002374437,-0.084720016,0.19288723,0.65112585,0.030238707,-0.44903982,0.20389363,-0.52537453,0.28985754,0.02982939,1.328445,-0.07486635,-0.030425357,0.19545676,0.03573232,-0.083251715,0.018108068,0.07414655,0.0032756561,0.052249026,-0.026644142,0.0043822373,-0.093834236,-0.0108210705,0.088123955,-0.029100886,0.052217923,-0.0032459921,0.013116339,-0.22326428,1
-0.14404532,0.00035448925,-0.06397738,-0.01120229,0.012548499,-0.0037122932,-0.0067525594,0.11729701,0.20391497,0.36687964,0.38515988,0.86044955,-0.10780431,0.3909855,0.12024397,1.3901814,-0.042191803,-0.056624778,0.19201499,0.0007297043,-0.07772398,0.17622434,-0.0144907,-0.16627683,0.004604032,-0.16891627,0.10449789,0.6273279,0.1041288,-0.0133198695,0.21295393,-0.30782384,0.22340627,0.031620122,1.2881653,0.12206085,-0.023432545,0.19749515,0.05043002,0.06707127,0.01552696,0.08119445,0.0034447284,0.046081536,-0.013443618,0.008345462,-0.07975649,0.011353023,0.055989377,-0.00040614326,-0.015464965,0.0034267833,-0.008264935,-0.22130275,1
-0.19446926,0.0036086566,0.07563689,0.013489185,0.008600677,0.00828871,0.04406926,-0.014695427,-0.047244083,0.2947706,0.24249327,-0.29189464,-0.24038044,-0.115366355,-0.06557586,1.7013593,-0.06676853,-0.039930068,0.2876124,0.009619847,-0.1449561,-0.0016199201,-0.033213913,-0.2737904,0.014916198,-0.19191034,0.1903378,0.9004564,0.06579007,0.5837384,0.30233067,0.5488427,0.35133225,-0.011166198,-0.4373448,0.13949247,0.076041095,-0.13774306,-0.024593007,-0.018558826,0.008366544,-0.066280484,-0.0013558045,-0.019207992,-0.054077886,-0.017518984,-0.08324382,0.0020424128,0.06932466,0.019411711,-0.0006842064,0.0004730214,0.015852617,-0.31933185,1
-0.20556222,0.0014806516,0.07943282,0.008380554,0.004660081,0.007509173,0.02828057,-0.043372944,-0.036451917,0.23297004,0.14372161,-0.22731009,0.080557615,-0.010263291,0.025822273,1.6188828,0.037741143,0.1372031,0.2740194,-0.0066278484,0.4552882,-0.04832779,-0.027441438,0.121874765,0.009635589,0.31062445,0.23827857,0.873582,0.017386314,1.0909464,0.32827067,0.38426614,0.31960735,0.03173812,-0.24492054,0.13302228,0.07211272,-0.09041302,-0.0068484447,-0.02119003,-0.0052249483,-0.05145295,0.0029836427,-0.012517095,0.108329475,0.03322129,0.2676827,0.013644935,0.062464777,0.022026714,-0.047968395,-0.0011634716,0.008036708,0.22763775,1
-0.20990491,-0.04992329,-0.06687113,-0.0151302405,-0.014893649,-0.009922497,-0.013284268,0.22444849,0.15877604,0.35382974,0.6142894,1.1926398,0.12310873,0.31261557,0.12447556,-0.0033080988,-0.05427435,-0.06629114,0.053161953,0.0077453675,-0.077632375,0.14976959,0.020701496,0.078955576,5.8649166e-05,-0.13252947,-0.20764674,0.6032489,0.04121564,0.6602239,0.23152937,-0.3754665,-0.11913428,-0.013668067,1.2798607,0.13822412,-0.02819791,0.19872902,0.044869013,0.06324805,0.015616005,0.07996758,0.003004229,0.047555555,-0.0048264205,0.009915113,-0.08872642,0.006416563,-0.012485543,0.015674941,-0.059753392,-0.008165202,0.0100870775,-0.046230156,1
-0.18315423,-0.016783291,-0.008387361,-0.0008067901,0.016490366,0.010662448,0.0325454,0.01035273,0.1477548,0.42410734,0.37072387,0.7776656,-0.26547736,0.4126314,0.14196244,1.5472418,-0.04352588,-0.056861293,0.18312174,0.00816744,-0.06299193,0.172373,-0.020013232,-0.14605458,-0.010439779,-0.18344723,0.19234787,-0.30683908,-0.0815773,0.59709364,0.21590257,-0.33725834,0.24635355,0.034818515,1.1148392,0.13349701,-0.025873221,0.16572995,0.09185529,0.072789654,0.012462941,0.08845255,0.0030548095,-0.0026604808,-0.015079163,0.011074685,-0.06642722,0.023514915,0.089637935,-0.0034432914,0.031141931,0.003106936,0.0051754317,-0.21739283,1
-0.13478865,0.009205464,-0.08019335,-0.0012639822,0.002970222,0.008840768,0.026732914,-0.014047271,0.027501516,0.3757128,0.25472406,-0.20095704,-0.21182947,0.38940325,0.12588939,1.5857944,-0.041078996,-0.0700418,0.17577584,0.0006754305,-0.0866185,0.16706252,-0.0143919615,-0.19103457,0.007944734,-0.21200764,0.13002834,0.80886817,0.13162038,-0.3366185,0.20558664,0.4860523,-0.0031109466,-0.017193394,1.2688915,0.118214585,-0.033706512,0.19314453,0.04785878,0.09173207,0.018576838,0.065555625,0.0027988057,0.015587425,-0.020076191,-0.0006622131,-0.09433271,0.006805425,0.09039338,0.0114577245,0.053744256,0.0068420656,-0.017398003,-0.24738215,1
-0.30069545,0.0010387003,0.06549418,0.01759159,0.008379897,0.009423022,0.040457428,-0.05910586,-0.11582611,0.0023422153,-0.049157653,-0.4788845,-0.07180221,0.13693973,-0.08622814,-1.3760785,-0.07539369,-0.100193664,-0.49135986,-0.005940605,-0.162602,-0.18278453,-0.018601814,-0.092285894,0.005308372,0.20157804,-0.2717766,-0.4474408,-0.15522973,-0.8153717,-0.29554415,-0.64832795,-0.14541899,0.035659727,-0.79506254,-0.17949162,-0.06529527,-0.16327865,-0.02115235,-0.07878186,-0.015045856,0.017849807,-0.0014360152,-0.021512812,-0.039182577,-0.028208453,-0.13237132,-0.0012883398,-0.058017775,0.004908272,-0.019509966,0.006515893,-0.002136353,-0.18484096,0
-0.20272803,0.0041079465,0.023154067,0.014376815,0.0079836575,0.008074903,0.03391233,-0.017894566,-0.026530646,0.25176328,0.19427904,-0.23729807,-0.002049894,0.31278032,0.030260203,1.6181769,0.059887774,0.15761937,0.28758904,-0.0051678177,0.43247285,-0.0633882,-0.0074223788,0.108349845,0.0045718476,0.30315888,0.22489166,0.83632755,0.054633368,1.0511409,0.33065748,0.35028654,0.2981828,0.0345285,-0.24445176,0.1278713,0.08786547,-0.091513604,0.0061139734,-0.02196324,-0.0055123796,-0.055353656,0.0029490674,-0.012618808,0.11203719,0.03139772,0.25732782,0.014458924,0.061566208,0.02456803,-0.047968395,-0.000344006,0.008036708,0.16224842,1
-0.3003055,-0.0062405705,0.07263636,0.0022349167,0.012797473,-0.0077904915,0.00963904,-0.0681303,-0.12709755,0.146809,0.019907448,-0.5018417,0.07429459,0.23113783,-0.16849247,-1.6634122,-0.0959406,-0.11632959,-0.0929605,-0.0057479846,-0.18598339,-0.22687152,0.06582756,0.07306124,0.0018976761,0.20607746,-0.06749032,-0.46390304,-0.25081018,-0.2330293,-0.36696896,-0.6550652,-0.16023609,-0.07420164,-0.7653794,-0.20582266,-0.08902546,-0.15866329,-0.064494796,0.046596557,-0.0008803555,0.021255273,-0.0070751905,-0.01976885,-0.059833016,-0.020359863,-0.117965,-0.009720783,0.041625008,0.0010596059,-0.04455599,-0.000472737,0.0018264134,0.31608886,0
-0.33950773,0.0070411838,0.052041143,0.009010485,0.008145278,0.0059690676,0.022664886,-0.08115322,-0.11192381,-0.523848,-0.6751726,-0.48445547,-0.10106058,-0.58427495,-0.12963404,-1.2292352,0.007926509,0.11739186,0.17880315,-0.0037185226,-0.1631004,-0.07127296,-0.015818106,-0.12344036,-0.006571615,-0.16895927,-0.03419327,0.16951165,0.08856871,-0.4605292,-0.22807577,-0.4892262,-0.023257274,0.026327258,-0.52368295,0.092540614,0.06405349,-0.14731015,-0.013564918,-0.059027612,-0.0110376105,-0.0750371,0.0033140844,-0.025308605,-0.036942463,-0.01703968,-0.15573443,0.027410133,0.03372037,-0.0015149867,-0.05281981,-0.006275301,0.0034252112,0.004059264,0
-0.34836793,-0.0027605877,0.08200361,0.0010532442,0.00853221,-0.0038739205,0.019718023,-0.044147227,-0.08850673,0.15310949,0.02572982,-0.40661743,0.10344704,0.23972778,0.013923222,-1.3836262,-0.086101785,-0.12798624,-0.5704939,-0.0050440608,-0.19912237,-0.17180702,0.003393693,0.08063143,-0.0036962694,-0.08948001,-0.21714,-0.4706109,-0.24026284,-0.7989621,0.3691383,0.48394328,-0.036147002,-0.03978711,-0.8857746,-0.19945017,-0.07437843,-0.14010878,-0.018918969,-0.058210768,-0.018242553,-0.091337934,-0.008058666,-0.015465244,-0.06848833,-0.029872576,-0.140617,0.007280248,0.051434185,-0.0068607517,-0.047160905,-0.003384383,0.0036478457,-0.037792977,0
-0.29698238,-0.004404957,0.06105949,0.008689491,0.007197565,0.0027937018,0.021752309,-0.08676374,-0.09790772,-0.39799136,-0.52270216,-0.4645742,-0.13182461,-0.30536145,-0.14052618,-1.0157921,-0.056404985,-0.07661086,-0.42703813,0.003120541,-0.21941529,-0.096763104,0.08679977,-0.10654781,-0.0037062627,-0.16750051,-0.17084989,0.2042934,0.11723529,-0.6294862,-0.21497786,-0.5464148,0.11598243,0.025657082,-0.80891454,-0.19461581,0.0639999,-0.118927,-0.01917,-0.062817656,0.0035009226,0.06805574,-0.0043415814,-0.0071458397,-0.033634465,-0.023811618,-0.1597714,0.0009969153,0.042124595,-0.013949279,0.044559747,0.025575453,0.0049234577,-0.062087722,0
-0.30057353,0.009109112,0.009206191,0.0068219407,0.005902137,0.006119195,3.8293423e-05,-0.0861825,-0.11443283,-0.56765366,-0.7086324,-0.4734277,-0.12158031,-0.5794875,-0.15065178,-0.99336547,0.108653754,0.11286274,0.1597468,-0.004536149,0.37611154,-0.08347846,-0.005820866,-0.062712654,0.008874818,0.2963128,0.07910768,-0.65597695,-0.07218554,-0.439351,-0.1806373,-0.6402218,-0.16681527,-0.017698316,-0.43898216,0.098718084,0.058948413,-0.089803465,-0.01260436,-0.022555608,-0.0016398239,-0.06731219,-0.0026036059,-0.015187076,0.112419456,0.032547627,0.25991184,0.002029295,0.017576119,-0.00250848,-0.007982088,-0.004002519,-0.0015981345,-0.027600216,0
-0.350508,0.010523538,0.0049717748,0.008303595,0.0012508049,0.006129294,0.0007916217,-0.08621547,-0.11211431,-0.48359883,-0.67757577,-0.47098514,-0.1214047,-0.57792753,-0.15579003,-0.9035557,0.10482103,0.119506426,0.14371398,-0.0045434544,0.41332006,-0.09470422,-0.017759511,0.00023906608,0.012702148,0.29189882,0.00973568,-0.6734324,-0.12046886,-0.11031172,-0.27674285,-0.66324216,-0.1645137,0.018200498,-0.3867607,0.079784304,0.06513041,-0.10020017,-0.02110883,-0.020674918,0.0016383848,-0.06725301,-0.0028392249,0.0035013664,0.11596677,0.032062814,0.25728932,0.015575003,0.02000513,-0.0013955041,-6.5851025e-05,0.016136402,-0.0016065867,0.09033208,0
-0.27039784,0.006477895,0.0052844426,0.008424414,0.0042495914,0.0072795996,0.016854607,-0.07896873,-0.12452517,-0.45784307,-0.61642855,-0.46683756,-0.12690292,-0.5565782,-0.14391239,-0.79941887,0.016051283,0.107356906,0.046250816,-0.0012990488,0.45479187,-0.09866947,-0.017870376,0.0031659866,-0.0062123556,0.29484767,0.022022087,-0.6269495,-0.10583896,-0.8804507,-0.26034695,-0.5811552,-0.16375792,0.02868232,-0.48355532,0.05508998,0.059931368,-0.099486314,-0.014526734,-0.029728984,-0.0023822547,-0.06864068,-0.0033131186,-0.014813634,0.116536915,0.03161071,0.25085402,0.008062541,0.024070295,-0.00014887715,-0.053801183,-0.008295001,0.00097381766,-0.22827187,0
-0.41352737,-0.027080016,0.045148883,0.01970596,0.0069178347,0.0039226455,0.039256275,-0.0665468,-0.104868725,0.14195228,0.049125686,-0.5352951,-0.17531326,-0.008511728,-0.09254058,-1.1893167,-0.10702776,-0.11836822,-0.49440795,-0.00021558627,-0.16089976,0.11470294,-0.014274225,-0.0938102,-0.0053261383,0.19651037,-0.027988303,-0.43649727,0.07602401,0.40665793,-0.29191202,-0.6771835,0.14889678,-0.04064954,-0.8058778,0.105811015,-0.05290865,-0.22196501,0.07697323,-0.016629811,0.006336401,0.062881656,-0.011578687,-0.008244017,-0.066619836,-0.024748042,-0.049605906,0.0041353162,-0.0692159,-0.013859965,0.0139842,0.010871745,-0.010814196,-0.27646,0
-0.2996489,-0.011734398,0.05212599,0.009153689,0.0056206407,0.007876592,0.029293606,-0.085398264,-0.120815754,-0.57106304,-0.6814909,-0.4913465,-0.15329017,-0.57315904,-0.13420314,-1.2012571,-0.055087067,-0.08089696,0.16928062,0.006252663,0.07493132,-0.05592958,-0.012651959,-0.120370366,-0.0064050276,-0.17347285,-0.013727624,-0.2843442,0.027753608,-0.6073832,0.003823177,-0.21967918,-0.054264322,-0.018063674,-0.5287086,0.092089966,0.07660972,-0.12704656,-0.00311728,-0.04472679,0.0011131547,-0.06579134,0.0016310094,-0.02359192,-0.02049976,-0.014524389,0.042804763,0.025749646,0.021412645,-0.0029777084,-0.015916934,-0.0047718342,0.0039773225,-0.2824738,0
-0.33543608,0.009277117,0.004706726,0.0071346825,0.006453043,0.005788569,0.0017845444,-0.08645633,-0.11120428,-0.47836596,-0.6441434,-0.46111903,-0.11344324,-0.5532343,-0.14389957,-1.2487898,0.10644983,0.12600872,0.13836871,-0.0044658976,0.33780095,-0.09798735,-0.019176772,0.04932242,0.01366855,0.27911884,0.08291603,-0.6645171,-0.14351547,-0.23783392,-0.26657897,-0.6934208,-0.16091292,0.016150799,-0.40973762,0.0802122,0.068049505,-0.09509637,-0.01827957,-0.023911957,-0.00080265896,-0.062608935,0.0063437233,-0.015277108,0.12246834,0.03855445,0.25885177,0.016389815,0.028332245,-0.0024766098,-0.0015002359,0.016071705,-0.0017288529,0.3386594,0
-0.39158303,-0.015794208,0.072704345,-0.0025488897,0.013549417,-0.0073370547,0.015329583,-0.05778154,-0.10959504,0.25114107,0.09402103,-0.4911823,0.10525446,0.2648365,-0.17161873,-1.2324142,-0.111587144,-0.13015911,-0.05730479,-0.004960575,-0.19777842,-0.1640769,0.06283982,0.0932454,-0.0013394919,0.24528712,-0.061862975,-0.45365408,-0.22683679,0.5463215,0.039872095,0.3300593,-0.061528698,-0.023774197,-0.69677144,-0.18823038,-0.09518813,-0.11996941,0.013169547,0.03475457,0.0014992042,0.06858711,0.0034017698,0.04364296,-0.035340007,-0.021969998,-0.11862436,-0.0025302623,0.06261099,0.0031539788,-0.041010875,-0.0049964064,-0.0015421218,0.3200404,0
-0.33468822,-0.009911592,0.08162065,-0.0022858717,0.011489354,-0.0026468523,0.01952498,-0.044819087,-0.11208432,0.17418121,0.029233918,-0.40909776,0.08592889,0.22871001,0.10004944,-1.6003058,-0.08757498,-0.12331927,-0.39742526,-0.0047462764,-0.20049581,-0.1680464,0.118415296,0.07344082,0.001062481,-0.124200664,-0.271093,-0.46677336,-0.27433088,-0.63881445,0.4098459,0.30793118,-0.10056761,-0.061739136,-0.76195705,-0.20362657,-0.07702928,-0.15624373,-0.023381967,-0.049277402,0.0034562482,0.08083467,-0.002230104,0.0141413575,-0.02965395,-0.019422397,-0.1231717,0.0012427636,0.04937418,-0.010394461,0.014913272,0.0020325272,-0.005937456,0.28709525,0
-0.31876814,-0.0013195495,0.06504907,0.018276807,0.011114076,0.0067280065,0.014890018,-0.05798277,-0.112249725,0.10934044,-0.009139795,-0.48755038,-0.13773522,0.15172382,-0.07307941,-1.5354153,-0.07847935,-0.11477112,-0.2381937,-0.0052934433,-0.16390494,0.22016266,-0.038109478,-0.107923165,0.009219535,0.21256612,-0.25028118,-0.45240343,-0.16248587,-0.8311882,-0.25434437,-0.6813227,-0.14789751,0.05602411,-0.7753756,-0.19621448,0.08879278,-0.10973781,-0.04837269,-0.05440879,-0.01030188,-0.053998396,-0.009034154,-0.014924533,-0.07022883,-0.013054237,-0.07116452,-0.0018406914,-0.057701625,0.008113895,0.029040854,0.0046457453,0.003984421,-0.18618403,0
-0.2669857,-0.0044516693,0.058342606,0.0075809155,0.00839373,-0.00015083014,0.015916616,-0.09864768,-0.13853128,-0.45755714,-0.5882468,-0.5639036,0.10550459,-0.36358997,-0.09829268,-0.9274045,-0.06353694,-0.081247315,-0.03632035,0.0046275347,-0.19182561,-0.1375739,0.10161368,-0.105894126,-0.0053382535,-0.1848212,-0.055194866,-0.49955863,0.06751637,-0.35443452,-0.25135806,-0.5825418,-0.08897126,0.037008353,-0.72852343,-0.19059567,-0.06621599,-0.102208786,-0.018795004,0.03418435,-0.010823835,0.032077577,-0.0051939767,0.0034986308,-0.025114065,-0.01920245,-0.11166778,0.009200112,0.039357215,-0.0088736275,0.037446663,0.025647271,0.0016084483,0.7262001,0
-0.13635725,0.018196614,0.067548685,0.027588835,0.010766239,0.0038065445,0.04874263,-0.06855215,-0.12936397,0.21107553,0.12263874,-0.4049191,-0.1745771,0.21405314,-0.16950694,1.6415489,-0.049768,-0.07409595,-0.81140643,-0.0022538675,-0.1401317,-0.1586565,-0.02359131,-0.1629867,0.007125295,0.19338296,-0.021305237,-0.35830373,0.092994325,-0.82787454,-0.30007374,-0.7243539,-0.12722209,-0.022286672,-0.83877563,0.1994804,-0.06958125,-0.20547445,-0.029801868,0.03389838,-0.0057430007,0.067850746,-0.0015756856,0.01963146,-0.06456418,-0.024327368,-0.12659617,0.008934524,-0.04040132,-0.029654615,0.031713642,0.0045192577,-0.02592262,-0.22035736,0
-0.4385042,-0.018000534,0.07238489,-0.012068866,0.0055733323,-0.0037656836,-0.034819808,-0.051711563,-0.039797895,0.20323786,0.09707629,-0.4461758,0.0858373,0.17879057,-0.16377027,-1.5585374,-0.10818877,-0.14028795,-0.6497255,-0.0039069746,-0.15240867,-0.18815131,-0.021299226,0.07134023,-0.011769851,-0.14596942,0.11848945,-0.44434837,-0.14683938,0.40022904,-0.34299093,0.22713906,-0.15443893,-0.047950204,-0.7187792,0.03891652,-0.07429203,0.20659794,-0.053473774,-0.07883966,-0.015745101,0.071331665,0.010361328,0.014543675,-0.033350874,-0.021792669,-0.11951469,0.0050314143,-0.04825436,0.010864373,0.02052563,-0.0076733623,-0.005175106,-0.2931668,0
-0.4838148,-0.024216274,0.07018362,0.00068698695,0.008746957,0.0009934492,0.012874325,-0.04169768,-0.073216744,-0.5709685,-0.05464637,-0.44055688,0.14339645,-0.07696457,0.13348292,-1.4522284,-0.101658486,-0.11892462,-0.20429257,0.0044303075,-0.16534002,0.15395872,-0.020468257,0.016909085,0.0035055273,-0.25488493,0.210829,-0.43870997,-0.15771294,1.0030737,-0.23107438,0.34477395,0.18536611,-0.05611788,-0.7155207,-0.18073142,-0.06757944,0.12969989,-0.025744524,-0.008195152,0.0032148475,0.042454258,-0.009028576,-0.0007536309,-0.014167908,-0.019166004,-0.1176063,0.0019127764,0.028939456,-0.017695863,0.029093005,-0.005054385,-0.0077209137,-0.3264092,0
-0.41337746,0.01870081,0.06797677,-0.0113758445,0.010642532,-0.006614538,-0.028414754,-0.049965613,-0.10422706,0.19129732,0.036047112,-0.48320338,0.074236244,0.25384256,-0.15657979,-1.5218091,-0.109593414,0.050141864,-0.6859258,0.0014687825,-0.18229824,-0.20623857,-0.036546215,0.059305444,0.0039069694,-0.11403439,-0.17660512,-0.48349342,-0.27620855,0.62123966,-0.048843656,-0.5787985,-0.12563123,-0.050943647,-0.6321022,-0.2420982,-0.0848532,0.20710684,-0.058129687,0.045760036,-0.00074865087,0.026506454,-0.014519597,-0.00023596361,-0.03893332,-0.0038741597,-0.103899,-0.011215156,0.052830003,-0.017278789,-0.03580236,-0.0059988424,-0.0029004193,0.2681152,0
-0.49105668,0.01590988,0.0019567017,0.007497931,-0.0014303094,0.005865556,0.014534353,-0.073867224,-0.07693044,-0.63981324,-0.75001925,-0.3867125,0.11823606,-0.7022688,-0.13876249,-1.1383551,0.12294468,0.12370293,0.16741501,-0.0034059274,0.11079908,-0.07326004,-0.024618475,0.01938061,0.0014140916,-0.3188093,0.067969196,-0.5996069,-0.13520631,1.0158311,-0.017324762,0.5050566,-0.07128084,-0.03883468,-0.42394644,-0.14052352,0.02174271,-0.0948695,-0.025995404,-0.05903704,0.0039979117,-0.064929925,-0.0057345275,-0.020444196,-0.017607694,-0.008035196,0.24709865,0.00069040153,0.035743628,-0.0062715253,-0.012780311,0.0004981563,-0.008630054,0.05388473,0
-0.45836613,-0.02198782,0.06381259,0.002248431,0.008750826,-0.00040756736,0.0098148445,-0.06039199,-0.088204384,0.19140173,0.062426656,-0.5171711,-0.15306124,-0.17356135,0.03996523,-1.6612109,-0.10116393,-0.11261815,0.16829124,0.0065198503,-0.16582629,0.21456473,-0.011063607,-0.081279196,-0.003012055,-0.2151657,0.0023282073,-0.4466955,-0.20132016,0.9716256,-0.31572753,-0.63993484,0.22957635,-0.050191727,-0.6573966,-0.059706826,-0.07253258,-0.099051274,-0.07773259,0.029901352,-0.014895041,-0.10553896,-0.007258822,-0.022308007,-0.029467583,-0.019625815,-0.11929174,0.00490593,-0.045890518,-0.0056105526,-0.034530513,-0.0023430092,-0.008653773,-0.3008811,0
-0.32623848,0.0071999053,0.0037461263,0.009894871,0.0066943467,0.006902526,0.019167198,-0.07900408,-0.11464612,-0.45931983,-0.68738055,-0.47796008,-0.09097485,-0.47423163,0.0042219167,-1.3314884,0.10574527,0.11428829,0.13285463,-0.0048896894,-0.12809744,-0.1108014,-0.021082481,0.045539215,0.0014319327,-0.015744802,-0.017422661,-0.6548986,-0.16237067,-0.5584676,-0.26308137,-0.45543414,-0.0742278,-0.01829254,-0.56211746,0.029523306,0.06296503,-0.11167392,-0.018114507,-0.027397318,0.0007694403,-0.06710084,0.0012421133,-0.0024600697,0.124269515,0.039436642,0.4145949,0.014298882,0.028175827,-0.0029365984,-0.0030188416,-0.0015253105,0.001994395,-0.16415223,0
-0.43011677,-0.027750673,0.06298195,0.012592755,0.008668959,0.00089204015,0.012443256,-0.078024745,-0.09058792,-0.6026043,-0.60990876,-0.4544988,0.13685244,-0.16978674,-0.12003158,-1.3560369,-0.08050267,-0.0984357,0.18853384,0.0074188085,-0.20184381,-0.14053829,-0.03350166,-0.09337057,-0.012946446,-0.23319182,0.13402872,0.7784564,-0.035755478,0.94149077,-0.19769564,-0.23732041,-0.06770223,-0.026434174,-0.6518468,-0.014101759,-0.05885451,0.19776076,-0.027272094,-0.059965216,0.0051339827,-0.07304441,-0.0041518603,-0.0030774348,-0.044493653,-0.019726807,-0.14844522,0.0027819732,0.040358644,0.004325848,-0.005725788,-0.012444772,-0.009319263,-0.34648922,0
-0.32542965,0.010161945,0.004905349,0.010584226,0.0065178764,0.0063230204,0.021352366,-0.07745196,-0.104856394,-0.44339305,-0.66640127,-0.46136248,-0.10464996,-0.20448667,-0.13450485,-1.3766552,0.1218916,0.1434409,0.15419155,-0.005758931,0.37607512,-0.10580162,-0.009510828,0.059700117,0.0038503783,-0.08007188,0.010526989,-0.70012456,-0.16348764,-0.22521242,-0.28261584,-0.50469035,-0.0753123,-0.025678534,-0.4499274,0.028599452,0.071545325,-0.10013805,-0.02147107,-0.02613775,-0.0024785432,-0.06245101,-0.001217491,-0.0015810309,0.12487143,0.02861119,0.4306159,0.015115527,0.027779609,-0.0036384384,-0.0058202688,-0.006654323,-0.0016387684,-0.2639953,0
-0.31576693,0.011760955,0.0062120687,0.011333025,0.006453043,0.006659083,0.018925462,-0.0791153,-0.121613964,-0.46562827,-0.6541725,-0.46208695,-0.10176884,-0.24951479,-0.13409069,-1.3300619,0.106998,0.13402554,0.13477759,-0.005431148,0.28727463,-0.10992669,-0.005002836,0.055627078,0.0026536027,-0.061402366,-0.014286824,-0.682403,-0.15721464,-0.6621629,-0.26934317,-0.52708876,0.2448166,0.016837629,-0.54095596,-0.0920687,0.06096773,-0.09854474,-0.019752981,-0.02985325,-0.0023116968,-0.06198774,-0.00049338327,-0.0020293733,0.12364937,0.025977349,0.23368748,0.019052517,0.027796123,-0.003372475,-0.0045892415,-0.00036370708,0.0018200258,-0.16604862,0
-0.371893,0.012220936,0.013515989,0.012181637,0.007512847,0.009806152,0.022385918,-0.0839234,-0.11038155,0.01802222,-0.38595074,-0.48717406,0.024628188,-0.17722812,-0.10101921,-1.6079434,0.021777974,0.14257024,0.040559426,-0.0026120525,-0.10230317,-0.1663397,-0.019524151,0.05649627,0.002742467,-0.1393149,-0.03676796,-0.58588463,-0.24507862,-0.4146103,-0.32654217,-0.52935374,0.030835599,-0.024257798,-0.6128959,0.0035895966,0.071594946,-0.12278062,-0.036745694,-0.0311829,-0.0022605336,-0.07167816,0.0011091207,-0.003261939,0.12538846,0.032925565,0.41166937,0.016147282,0.032915983,0.00027447753,-0.012642404,-0.0013598425,4.3867272e-05,-0.22502466,0
-0.3211828,-0.011065891,0.0719397,-0.017951291,0.0045397785,-0.014039967,-0.029570939,-0.08895148,-0.17962004,0.20283975,-0.0075996523,-0.74187326,0.0586193,0.22948372,-0.15702803,-1.8366898,-0.06775833,-0.08854949,0.041254096,-0.007971814,-0.086939774,-0.24255052,-0.03806377,0.04728136,-0.0018145086,0.012480067,-0.103014246,-0.5650856,-0.29972318,-0.59569,-0.25568792,-0.59250826,-0.18649517,-0.052802864,1.1950909,-0.18683688,-0.049203698,0.19573621,-0.00013017026,0.05929099,0.0068767453,0.07737493,-0.007887759,0.038000833,-0.022572221,0.003932343,-0.11072807,-0.025780391,0.0507312,0.002443408,-0.07165829,-0.00041147182,-0.014388023,0.06127809,0
-0.40722945,-0.018974805,0.06819108,-0.0121374475,0.012617221,-0.003640024,-0.036974583,-0.05764087,-0.07483588,0.22012575,0.089228876,-0.50124574,-0.080670066,0.14869505,-0.1467079,-1.573248,-0.10865085,-0.13011533,-0.34315023,0.0042919125,-0.15929168,-0.13010639,-0.018009355,0.06491669,-0.0072351373,-0.22237638,0.2974226,-0.44275337,-0.13339993,0.40147468,-0.34938475,-0.3169306,-0.14538921,-0.05664466,-0.7335472,0.16022658,-0.075727984,-0.19227453,-0.068753354,-0.07384995,-0.024067145,0.03091225,-0.0050856993,-0.022067854,-0.03870636,-0.010072661,-0.13273266,0.0034139836,-0.07499325,-0.004802225,0.021253757,0.0023400667,-0.005085214,-0.28593397,0
-0.40664363,-0.020659557,0.06473413,-0.013742238,0.0020793178,-0.0031394847,-0.03348595,-0.05894961,-0.09642475,0.12346694,0.026823461,-0.52513415,0.09812046,0.13721232,-0.14852574,-1.7443377,-0.10581101,-0.11938741,-0.19945268,-0.004802063,-0.17073245,-0.20978086,-0.0028631794,0.06606237,0.002926133,-0.19508204,-0.09025424,-0.4249174,-0.23727202,1.0787202,-0.3223607,-0.67538387,-0.16313367,-0.040313717,-0.73831195,-0.192718,-0.07972406,-0.06111551,-0.03495361,0.07364294,-0.0037048778,0.06528628,-0.008847668,-0.008654455,-0.033154864,-0.0041756863,-0.11941558,0.0011328104,0.027471215,-0.008617744,0.014603535,-0.0006053982,-0.009128518,-0.2313938,0
-0.4485261,-0.021111207,0.048380863,0.0016516512,0.008259568,-0.00327744,0.0147981765,-0.062330414,-0.093648694,0.11639815,0.044732653,-0.51536715,-0.0950697,0.15907162,-0.12447785,-1.6771873,-0.10002508,-0.11589312,0.15611489,0.0045923614,-0.1623453,-0.14919138,-0.011900064,-0.036418114,0.0058079683,-0.18732055,-0.051316526,-0.45508435,-0.22079714,1.0241233,-0.35091358,-0.6441265,0.3608451,-0.04998075,-0.6656071,0.018830644,-0.073760614,-0.16810687,-0.07729158,0.0702017,-0.01562799,-0.09625438,-0.007804948,-0.019638099,-0.06169688,-0.0057119904,-0.1339674,0.0030274736,-0.061124455,0.0031073922,-0.03671463,0.009950221,-0.005411729,-0.2914378,0
-0.48417112,0.014347462,0.0023724218,0.008501656,-2.8229086e-05,0.00395756,0.02211613,-0.06962293,-0.077862926,-0.54505366,-0.7085732,-0.37801442,0.13121325,-0.5193452,-0.09226172,-1.3118837,0.12619866,0.12988494,0.18091473,-0.003659332,-0.15963969,-0.085725784,-0.019496424,0.086547315,-0.0030675896,-0.32602125,0.007184509,-0.3824646,-0.044006694,1.1237471,-0.27007204,0.322452,0.2168428,-0.041301187,-0.47829917,-0.106127776,-0.07483616,-0.08629416,-0.018915512,-0.048914526,-0.0038327458,-0.050104793,-0.0032787102,-0.01704917,-0.014323028,-0.0030518188,0.2403823,0.001072512,0.031041719,-0.008145345,-0.04620849,-0.0046550483,-0.008503414,-0.00817625,0
-0.39017025,-0.053169057,0.03302183,-0.01407528,-0.03224528,-0.0070647467,-0.032207895,0.08191059,0.15844743,0.24269162,0.50075525,0.73778135,0.06900109,0.2333593,0.11974648,-1.6924524,0.028859572,-0.05818466,-0.006585614,0.0014147036,-0.10010635,-0.245838,-0.034918886,0.05646583,-0.001469641,-0.22127621,-0.4134044,-0.5297803,-0.26001275,-0.95013386,-0.10598991,0.29539603,-0.06376359,0.039480433,0.36411965,-0.22478877,-0.04799968,-0.058228333,-0.042622153,-0.111103505,-0.02336807,-0.059817772,-0.0074277446,0.016138714,-0.056350265,-0.023808459,-0.08910874,0.015809897,-0.077041514,-0.018941361,0.04329142,0.001364429,0.005501358,0.25185633,0
-0.42791066,0.018167367,0.06746507,-0.013742238,0.008030027,-0.004204669,-0.033195727,-0.04856089,-0.087694764,0.13048236,0.035145056,-0.47441766,0.090755574,0.18625833,-0.16207111,-1.5765356,-0.105786785,-0.11514103,-0.67502207,0.0016776298,-0.17499702,-0.19206749,-0.031726267,0.06250572,-0.0032988656,-0.19828612,-0.14235342,-0.4141335,-0.25869542,1.1053329,-0.045996707,-0.5964969,-0.15458637,-0.04827491,-0.6960683,-0.15411809,-0.07857555,0.21439025,-0.028976599,0.06909651,0.0038425506,0.065232396,0.006499581,-0.009639276,-0.03266944,-0.023497391,-0.1169554,0.00587463,0.045609474,-0.008806787,0.030841546,-0.0074067563,-0.008057962,-0.008592299,0
0.49944943,0.01373259,0.0112904925,0.011484614,0.0073969522,0.0056405677,0.014722501,-0.09180876,-0.103713684,-0.2625928,-0.5973123,-0.4489293,-0.12177923,-0.20813088,-0.14571361,-1.0479779,0.037823286,0.15042755,0.04493778,-0.0027081128,-0.1461322,-0.14925012,-0.014137315,0.017828135,-0.0011803561,0.0068711583,-0.14281613,-0.5869961,-0.145813,-1.0778873,-0.27375537,-0.68610346,-0.09184195,0.030650644,-0.663145,-0.025813166,0.06347967,-0.11235491,-0.023483835,-0.029811244,0.0050279577,-0.064826965,-0.0012148488,-0.011383789,0.1271136,0.02763506,0.40261367,0.010299322,0.025516827,-0.004632977,-0.032071505,-0.005980649,1.8531224e-05,0.006651262,0
-0.36712748,-0.026912214,0.022310793,-0.017012376,-0.030470109,-0.0066735935,-0.027143864,0.084635325,0.20609091,0.20687401,0.19614878,0.9882241,0.047404345,0.21929413,-0.14787562,-1.6042392,-0.057877302,-0.078783154,-0.14219815,0.008115441,-0.07864444,-0.29098445,-0.021417746,0.043010976,-0.0056251767,-0.032898895,-0.31394964,-0.5248774,-0.20523502,-0.89488,-0.36536524,-0.36130726,-0.07417235,-0.026652604,1.476075,-0.29289624,-0.04216214,0.19257823,0.0744432,-0.114610896,0.00784461,0.093296185,0.005078119,0.05471879,-0.01123771,0.007980321,-0.09760016,-0.024595156,0.02875743,-0.01469414,0.04100661,-0.004353827,0.0066684796,0.0031844222,0
0.46833655,0.01937654,0.02816085,0.030219391,0.00441619,0.007614375,0.042842805,-0.039247606,-0.09305305,0.14688905,-0.06742126,-0.44564196,-0.09394594,0.21569909,0.015654568,-1.2673829,-0.0065685427,0.12423039,0.1810174,-0.0028293827,0.10582339,-0.19218564,-0.025789095,0.053692255,-0.014938919,-0.044799753,-0.08633923,-0.58250207,-0.0939398,-1.3037477,-0.4351088,-0.19370033,-0.07498456,0.0024941335,-0.6467232,-0.027244523,0.08383128,-0.1225557,0.013212146,-0.041929144,0.005005152,-0.07897572,-0.0066859787,0.0054700505,0.027603067,-0.0071737478,0.26517293,0.014620984,0.046326518,0.00035435124,-0.058216974,-0.013020483,0.00012791867,0.25475237,0
0.49092063,0.011384405,0.00982113,0.012841918,0.006494559,0.005109727,0.015475669,-0.0818747,-0.10633593,-0.43703842,-0.6371878,-0.43591636,-0.108141646,-0.19057612,0.057496205,-1.2297995,0.118376136,0.1511793,0.02044305,-0.009040114,-0.14887144,-0.12727024,-0.018319821,0.056544293,-0.001211141,-0.057216365,-0.16401103,-0.634819,-0.14812765,-1.076888,-0.2626488,-0.56827974,-0.07987272,0.015896467,-0.64625347,-0.05116322,0.06326603,-0.11076523,-0.015008181,-0.029753864,0.006408669,-0.07104232,-0.0005546182,-0.010876354,0.13856485,0.03464379,0.37653476,0.00086496037,0.025861375,-0.005053968,-0.034062695,-0.013094575,0.005403325,-6.307056e-05,0
-0.36461014,-0.0325995,-0.12263668,-0.014280667,-0.030555086,-0.01443178,-0.033357993,0.07682426,0.17876986,0.19095042,0.18587588,0.6453707,0.08836197,0.2553499,0.051829215,-1.4472933,-0.07892685,-0.110415146,-0.12782615,-0.0061310227,-0.13148208,-0.28217915,-0.022795718,0.044538118,-0.01405599,-0.22276603,-0.0153963445,-0.3982291,-0.14105202,-1.0601226,-0.43480334,0.35406575,0.015897008,-0.053185772,-0.9081013,-0.2372186,0.09071311,0.24616031,-0.021362755,-0.10673342,-0.004494995,0.025627228,-0.0075182673,-0.024480294,-0.0036054703,-0.013864988,-0.09980891,0.016286254,-0.0069696205,-0.0054246075,-0.011810625,0.0061419765,0.008785591,-0.14802796,0
-0.36833575,-0.028275771,-0.094192386,0.011365809,0.011329828,-8.4518106e-05,0.02847306,-0.049224563,-0.09555801,0.16026373,0.018561013,-0.40202615,0.08290438,-0.18247773,0.006807177,-1.7152865,-0.08981881,-0.12425312,0.17100391,0.0047343583,-0.14159556,-0.19100717,-0.032860886,-0.09980054,-0.008815341,-0.2913278,-0.011868678,-0.41025943,-0.18807381,-0.8564455,-0.42302638,0.5619655,-0.08775159,-0.06372748,-0.7291085,-0.08053972,0.04349412,-0.13668187,-0.019924976,-0.056883942,-0.0038922378,0.018454032,0.00078019267,-0.02464397,0.09785093,-0.017429104,0.24035469,-0.0068589402,0.025122244,-0.0040630554,-0.024686892,-0.005607284,0.003294163,0.032231554,0
-0.36011174,-0.035982847,-0.12403542,-0.01245415,-0.03024934,-0.0074591157,-0.03143887,0.059717353,0.16324006,0.16582069,0.13728695,0.66561395,0.0929909,0.248177,-0.15501045,-1.444731,-0.0824146,-0.11542499,-0.08503178,-0.006190129,-0.14975631,-0.27241513,-0.009926026,0.044012185,-0.0153486375,-0.22044471,0.02453939,-0.4209598,-0.1714797,-0.98532736,-0.44179392,0.37961203,-0.05893966,-0.062005434,-1.037536,-0.20180945,-0.065411404,-0.09320411,-0.00011743,-0.093784496,-0.016831169,0.033026524,0.016560685,-0.025536116,-0.05407694,-0.011584081,-0.10353116,0.017475676,0.031963874,-0.0038084453,0.02229145,-0.0034398213,-0.0031611272,-0.18597786,0
-0.056082875,-0.035865083,-0.12427885,-0.01376961,-0.0232237,0.0020315275,-0.025008842,0.05070166,0.14027992,0.18034005,0.18594162,0.5836603,0.08183756,0.23200275,-0.0037225734,-1.5435678,-0.088781625,-0.12254519,-0.19841908,0.008272266,-0.1425558,-0.24722578,-0.021404633,0.0709303,0.0049757212,0.15569508,-0.4140903,-0.43762523,0.019362114,-1.1033798,-0.45044068,0.4659178,0.33202952,0.036939017,-0.9819194,-0.21896304,-0.060759533,-0.107833914,0.016743712,-0.10881294,-0.01003288,-0.118445106,-0.0074437056,-0.028429102,-0.05827656,-0.020737868,-0.10093728,0.0030542982,0.029901713,0.017990999,-0.015562901,-0.0050497875,-0.011696566,-0.053850316,0
-0.34912366,-0.0056042867,-0.11156423,-0.01685323,-0.03188222,-0.018721465,-0.032539096,0.13167048,0.21261111,0.19980037,0.19545497,0.88452923,0.05727696,0.21075615,0.13163865,-1.7401675,-0.0636746,-0.08191349,-0.009864652,0.0013175056,-0.08725245,-0.28563604,-0.032572825,0.045098346,-0.0061151413,-0.09033086,-0.3992601,-0.5256274,-0.22429268,-0.9802589,-0.26387802,-0.30198857,-0.16680378,-0.04660618,0.48197073,-0.27008805,-0.03754562,0.19594096,0.05591228,-0.061406404,-0.00492189,0.091218725,0.016803855,0.052773327,-0.012842691,-0.0032077031,-0.09641141,-0.024278343,-0.070594646,-0.014967527,0.050423864,0.00048360834,-0.0038511776,-0.0024451031,0
-0.19461381,-0.0073722857,-0.1298628,-0.01245415,-0.028053021,-0.015042916,-0.0379728,0.040684465,0.15248854,0.17475832,0.15117295,0.5456816,0.06718863,0.22201543,-0.14067402,-1.6550292,-0.08333054,-0.1073686,-0.04218027,-0.0118596,-0.10873097,-0.24339537,-0.026467023,0.058158595,0.00660934,0.21289009,-0.37911123,-0.4135086,-0.044885088,-0.9925614,-0.45222506,0.45356563,-0.16419488,-0.049395498,-0.384001,-0.17264763,-0.056306884,-0.17339529,0.05806413,-0.09894257,0.011093899,0.09729822,-0.0034777247,-0.01786056,-0.011108771,-0.026477877,-0.09255398,-0.027530864,-0.11454548,0.00932918,0.03965546,-0.004495911,-0.03159774,-0.19700792,0
-0.34475195,-0.03366455,-0.110411175,-0.012215154,-0.024602054,-0.0117724165,-0.03594812,0.10555331,0.17579754,0.23441902,0.5422541,0.675437,0.081042506,0.2184947,-0.08992723,-1.6341909,-0.066669226,-0.10584128,-0.12262008,-0.005777197,-0.15388876,-0.2584542,-0.03937382,0.067381,-7.533212e-05,-0.21369088,-0.3875374,-0.4554693,-0.22136706,-1.0185151,-0.01580687,0.35366714,-0.036772914,0.041759804,-0.91591614,-0.24991645,-0.07213152,0.20634447,-0.029144086,-0.11515578,-0.007854401,0.039176486,0.0013117847,0.015884113,-0.010024086,-0.018518299,-0.08406974,0.0002121306,-0.041891687,-0.011076473,0.040711623,-0.0022708161,0.0074401125,0.1103436,0
-0.27331126,-0.05923838,-0.12630923,-0.0140766315,-0.029210662,-0.005178599,-0.029222129,0.18372157,0.14860673,0.2346643,0.5971427,1.0445437,0.085045874,0.22967859,0.12586777,-1.3958585,-0.07673721,-0.10825076,-0.04351078,-0.004991623,-0.14017521,-0.25246185,-0.0377885,0.07023793,0.0056504738,-0.02829582,-0.41163534,-0.43899643,0.02579189,-1.0757172,-0.47634813,0.37967804,-0.03582866,0.037660673,-0.9609332,-0.14972953,-0.06896993,-0.18162979,-0.0028127588,-0.117374316,-0.026661849,-0.13296112,0.01676875,-0.026624564,-0.051813513,-0.029932369,-0.12579615,0.003723035,0.050720204,0.004231153,-0.019802567,0.0049750432,-0.009684529,-0.19099377,0
0.520234,0.019138057,0.030574175,0.012271183,0.0045111487,0.008537149,0.02132801,-0.07181777,-0.09134823,-0.21126527,-0.60693365,-0.36062282,-0.12969215,-0.15686126,0.012953524,-1.2808524,0.1201648,0.17120975,0.12152597,-0.0076669343,0.29563996,-0.12628418,-0.0208423,0.06400871,-0.006681731,0.034066223,-0.21684842,-0.68016946,-0.18892398,-1.1360595,-0.28825593,0.27374464,-0.18350871,-0.02019136,-0.5385938,0.020347081,0.063855685,-0.100659125,-0.018178647,-0.040146995,0.004610344,-0.067414016,-0.0049874065,-0.008746327,0.055827916,0.040483788,0.27404356,0.0031188144,0.03165838,-0.007423184,-0.0557521,-0.013568147,0.0053737527,0.043784864,0
-0.17412703,-0.031485546,-0.12788445,-0.016080245,-0.030555086,-0.01801579,-0.03669036,0.06389029,0.15470251,0.22383927,0.19423111,0.5681475,0.07011373,0.22352032,0.13996926,-1.5678365,-0.08711092,-0.11517331,-0.057667762,-0.009611135,-0.13192719,-0.23053549,-0.021453956,0.06708163,0.006200752,0.21247953,-0.38963035,-0.34773028,0.0065500066,-1.0057861,-0.44380462,0.40766153,-0.1268799,-0.049376342,-0.90256053,-0.17003348,-0.06501873,-0.18485326,-0.023961633,-0.12727363,-0.0069804,0.111269206,-0.007846307,-0.023649065,-0.011167172,-0.017264083,-0.11395318,-0.007937175,-0.10890688,0.00974449,0.041001398,-0.004468943,-0.032382436,-0.21992323,0
-0.3652472,0.006291309,-0.10321811,0.012016436,0.015826728,-0.0037559532,0.01490713,-0.042887814,-0.082190074,0.18604378,0.03949674,-0.36683545,0.09486047,0.22253285,-0.100380555,-1.2996222,-0.058349855,0.19745313,0.19070294,-0.0034208554,-0.16106099,-0.1738758,-0.035871718,-0.09539275,-0.01028947,-0.28426403,-0.04422059,-0.5210453,-0.18884799,-1.1117493,-0.15102673,0.60637814,-0.18941435,-0.035000816,-0.7191634,-0.055304006,0.0067937337,-0.13065863,0.011995677,-0.062144075,-0.0045374096,-0.06845233,-0.002958123,-0.021165663,0.096435785,0.040049065,0.22957012,0.0016443189,0.029718675,-0.0053724227,-0.05458368,-0.0049828836,0.0012847295,0.020901227,0
-0.32160202,-0.042193256,0.03482072,-0.01394261,-0.027122745,-0.011149423,-0.024488285,0.09894048,0.16227418,0.17598292,0.5449986,0.6668514,0.0668283,0.20415646,-0.11679737,-1.600674,-0.07325417,-0.09397424,-0.20831318,-0.0056827003,-0.14538835,-0.26608017,-0.025954178,0.06289233,-0.005329893,-0.12438615,-0.381488,-0.40280637,0.027318828,-1.0444207,-0.4004293,-0.46398988,-0.14971888,-0.02657125,-0.89398015,-0.20760445,-0.06342361,-0.09921005,0.04434711,-0.088524185,-0.00931685,-0.12596115,-0.0041479343,0.05364626,-0.063784815,-0.012042742,-0.09759107,-0.005654333,0.039821304,-0.010953521,-0.01884933,0.008613088,0.0020890934,0.12389176,0
-0.32590687,-0.008648411,0.070572354,-0.0014944868,0.011442767,3.5309233e-05,0.010023829,-0.024929713,0.14565785,0.18262762,0.15520774,-0.09061679,0.08185274,0.25530356,0.14836797,-1.7637744,-0.08352749,-0.11681044,0.18715064,-0.003534595,-0.14727387,0.28653875,0.088320926,-0.10442676,-0.014083911,-0.17115755,-0.34314835,-0.37203044,0.06125439,-0.9076548,-0.32042614,-0.6199946,-0.14039049,0.051197313,-0.78775275,-0.09988913,0.041832738,-0.106773034,-0.0387787,-0.10014791,-0.019146124,0.095759094,0.0075925086,-0.023024505,-0.034258086,-0.025386505,-0.107118905,-0.0011769728,0.029119968,-0.012107689,0.045103196,-0.0019532535,-0.020902324,-0.010035426,0
-0.3631779,-0.010352028,0.033818953,-0.015162041,0.011265587,-0.00788482,-0.04478807,-0.044250954,-0.08449186,0.19145739,0.03766771,-0.4129975,-0.046864618,0.23534794,-0.15765285,-1.6696383,-0.08288188,-0.13205774,0.20329122,-0.004535185,-0.1527158,-0.2165615,-0.0320758,-0.118696414,-0.012179848,-0.23908745,-0.10238106,-0.4243584,0.2669502,-0.95899636,-0.39385745,0.58756506,-0.14264365,-0.044626188,-0.8116127,-0.13836998,-0.06818978,0.25170386,-0.0131644495,0.12158685,-0.006689326,0.06337618,0.00017470098,0.04032254,-0.01714707,-0.020760193,-0.088856414,-0.00029259082,0.028651811,-0.0035659587,0.045413528,0.0014818273,0.00094113604,-0.03633243,0
-0.32845578,-0.035391897,-0.013315929,-0.015755113,-0.009876538,-0.008431833,-0.030452354,0.07405027,0.19217266,0.26426995,0.5039229,-0.11230692,0.039307587,0.21992728,-0.09106126,-1.259758,-0.07237138,-0.10292974,-0.5026353,-0.005549116,-0.15016313,-0.2406869,-0.016707348,-0.08103451,0.007371065,0.18340416,-0.28766465,-0.3750258,0.0206792,-0.82348806,-0.3559111,-0.57875514,-0.15072747,-0.02886177,-0.83497125,-0.058513805,-0.05492157,-0.14964025,0.0029538504,0.112563305,-0.026785702,0.089438796,-0.004449033,0.04890925,-0.0513587,-0.022978319,-0.10071692,0.0036613718,-0.07609817,0.0057457867,0.040407784,0.0064838827,-0.0014682881,-0.16908868,0
-0.31044266,0.0062973825,0.008076526,0.008377088,0.0059436536,0.006563153,0.0046111178,-0.071209796,-0.110239096,-0.4436921,-0.62105244,-0.4584223,-0.11914944,-0.56797236,0.016937768,-0.9985136,0.091609366,0.11476681,0.12645885,-0.005157467,0.3802653,-0.10924251,-0.044416506,-0.08921179,-0.00095250504,0.09493867,-0.05119195,-0.6762176,-0.11421101,-0.9708737,-0.2946555,-0.39790553,-0.17200685,-0.018123686,-0.46251446,0.059880525,0.062163852,-0.09898953,-0.011380946,-0.030172309,-0.0004313772,-0.073742956,-0.0052005732,-0.014726259,0.11879812,0.036060482,0.25516373,0.012514408,0.029905505,-0.0049112434,-0.0027249774,-0.0014607256,0.0043711397,-0.015372358,0
-0.3739623,-0.0019240626,0.0685322,0.015096991,0.0088830525,0.003943233,0.03912111,-0.04512866,-0.09075567,0.15163437,0.0477824,-0.42022255,-0.13558687,-0.18982096,-0.07977958,-1.4969575,-0.086964,-0.12534414,0.16897501,0.0047346638,-0.15626328,-0.16320708,-0.03558107,-0.13014534,-0.013961675,-0.29301628,-0.07504668,-0.23929334,0.1446069,-1.0452152,-0.40888318,0.55871224,-0.119337976,0.028949117,-0.70008785,0.009226401,0.093334556,-0.16017349,0.0033750744,0.040425897,-0.01669842,-0.06278589,-0.00036136014,-0.023789441,0.086817786,0.043395534,-0.130456,-0.0025415267,0.036352966,-0.005066746,0.016185645,0.003378444,0.007203268,0.009488964,0
-0.44017282,-0.032530926,-0.029278494,-0.008354716,-0.0020349817,-0.010631038,-0.03354531,-0.03351528,-0.020710912,0.24447942,0.13442172,-0.20701842,-0.16676654,0.2849135,-0.08362315,-1.6839849,-0.1097987,-0.13128898,0.059929967,0.0020955289,-0.15662505,0.1510895,-0.040040743,-0.1201066,0.0023588964,0.25007316,-0.27180684,-0.4323136,-0.27692482,0.58337784,0.038372915,0.53600395,-0.15532364,0.0057706134,-0.8187379,-0.17426999,-0.076516695,-0.13627495,-0.06855922,0.107963935,-0.0076016514,0.00939063,-0.009242944,0.04397954,-0.06334605,-0.014676831,-0.109277606,0.017608982,-0.06560322,0.009953198,0.026247412,0.0018806068,-0.0109339105,-0.2977542,0
-0.37329197,-0.00849311,0.074513264,-0.016905902,0.0049207695,-0.008974139,-0.03638267,-0.023786183,0.014667774,0.2047295,0.14295551,-0.3914991,-0.056917243,0.25786293,0.14151525,-1.6931208,-0.089827254,-0.12813209,0.16511685,-0.0035984935,-0.15306593,0.30906776,0.032715093,-0.12627305,-0.010172902,-0.22295938,-0.2503714,-0.39638886,0.23921145,-0.6745028,-0.36651817,0.5433676,-0.13569425,-0.048563093,-0.7936635,0.036014542,-0.049236253,-0.16393791,-0.042398334,-0.104084946,0.0011062312,0.09048255,-0.0035582515,-0.013888756,-0.053198997,-0.022222044,-0.10305272,0.002453315,-0.060062636,-0.0017111618,0.03880538,-0.0010704525,-0.018611822,-0.2065411,0
-0.39073643,-0.025592783,-0.016980337,-0.0014067497,0.011897052,-0.00079400465,-0.028235754,-0.041769378,0.10507304,0.1772585,0.11157197,-0.19300398,0.07073671,0.24414262,0.09407822,-1.5521066,-0.10130395,-0.112644315,-0.4767424,-0.0058160913,-0.14639746,-0.2199736,0.02167959,-0.08149776,-0.0037186702,-0.1798985,-0.31301403,-0.41612786,0.08561033,-0.062119327,-0.30027607,-0.63224745,-0.14156727,0.043310568,-0.814729,-0.24211259,-0.084947065,0.23952495,-0.048328392,0.07266109,0.0065119723,0.07943526,0.004141165,0.05068531,-0.022467414,-8.0888625e-05,-0.10356417,0.0016347932,0.03242443,-0.014770746,0.030650223,0.0069749923,0.0095935725,-0.016925154,0
-0.36337656,-0.047650322,-0.052737486,-0.018658364,-0.02878633,-0.012538694,-0.029174587,0.11548736,0.19655998,0.279208,0.532152,0.8538135,0.07900433,0.24658838,0.061318118,-1.6918746,-0.05950822,-0.084929235,0.033771344,-0.006286201,-0.08113514,0.058044873,-0.0059916857,0.05166193,-0.0061729336,-0.17018518,-0.38441187,-0.5022569,0.17469437,-0.8684124,-0.4142585,-0.28115162,-0.17026418,-0.03317551,0.66514236,0.14210683,-0.05027922,0.16325732,0.03932644,0.0835862,-0.023372538,-0.18714876,-0.016324483,-0.03221718,-0.048729457,-0.02075711,-0.077420965,-0.01505684,0.0547329,-0.017899647,-0.025992064,0.0015541901,0.003581053,-0.014604889,0
-0.2843384,0.0062973825,0.01157728,0.008814826,0.005902137,0.007464945,0.016606241,-0.07533851,-0.11804725,-0.43802363,-0.6142491,-0.46048874,-0.118059255,-0.5284428,-0.15324204,-0.9419666,0.09355635,0.1102012,0.079059236,-0.004851302,0.39177865,-0.09790249,-0.038446542,-0.09538096,0.0032525405,0.28337824,-0.062120494,-0.6495268,-0.11657112,-0.9797817,-0.29009628,-0.5546749,-0.16226532,0.018698627,-0.4555115,0.08131091,0.06259513,-0.100866474,-0.013447987,-0.031831663,-0.0007903022,-0.06772879,-0.0035481635,-0.014475923,0.11514143,0.034794018,0.21972133,0.011422282,0.031365693,-0.0040045325,-0.009141728,0.00095758424,0.003957633,0.09319696,0
-0.34766236,-0.016094435,0.030826673,-0.013973546,0.0038075014,-0.0049030674,-0.03865166,-0.05079912,-0.05134518,0.2292677,0.06305019,-0.39175716,-0.15249418,0.25377154,0.15476245,-1.7040048,-0.084204614,-0.12936851,0.19368473,-0.0024720686,-0.16326089,0.268145,-0.020666813,-0.11584802,-0.007479368,0.23692662,-0.23583165,-0.42572555,-0.121206544,-0.8712955,0.25384864,0.53329986,-0.17061847,0.04112123,-0.8262707,0.013791327,-0.07413711,-0.06403896,-0.01850597,-0.09211226,-0.01956413,0.07456536,0.014591658,-0.019727066,-0.017232891,-0.022336897,-0.10307774,0.006243934,0.046620008,0.0039971373,0.044216737,0.0030347111,-0.0038250135,-0.2320743,0
-0.3637132,-0.016192174,-0.018275207,-0.020452287,0.0037224474,-0.010884601,-0.035083037,-0.059409235,-0.048917424,0.19189164,0.1522217,-0.4941076,-0.13081877,0.24321657,0.1322497,-1.6458384,-0.08019744,-0.10494903,0.14820269,0.0017920816,-0.10270324,0.26057166,-0.023633027,-0.08522083,0.0032212615,0.1917757,-0.33998597,-0.51227516,0.042544227,-0.77601606,-0.37744397,-0.6890685,-0.16764301,0.036452383,0.52737284,0.052811883,-0.0442544,-0.1508499,-0.05138162,-0.09446685,-0.0067157988,0.044601686,0.008883827,-0.014967566,-0.038906056,0.018867439,-0.11979,-0.021914583,-0.12847723,0.0028953194,0.050890036,-0.0013164441,0.0035728896,-0.16451894,0
-0.41531402,0.0060694967,0.06738385,0.010789326,0.006672759,0.008662106,0.035977554,-0.041791067,-0.08409182,-0.28012827,-0.10592314,-0.4206792,0.09687587,-0.62504786,0.020768233,-1.2252717,0.006998135,0.15948603,0.14095894,-0.0049220473,-0.14110138,-0.1405146,-0.022638392,-0.12273805,0.00085283234,-0.29984367,-0.04567664,-0.48763308,0.04605434,-1.0463839,-0.17080241,0.61588466,-0.13775605,0.019832784,-0.6525709,-0.006789012,0.06496877,-0.115083024,0.016166978,0.0077173347,0.00017482857,-0.07848595,-0.0005665864,-0.022166116,-0.00030116644,0.047434345,0.2439833,-0.0021344218,0.029912025,-0.010477386,0.03565437,-0.0028852057,0.0051810886,0.11900115,0
-0.31793606,0.00907109,0.009219181,0.0069552464,0.006279514,0.004861757,0.005896803,-0.071930185,-0.10920866,-0.45657647,-0.6222272,-0.45545238,-0.114414856,-0.552617,-0.084858365,-1.14107,0.10686181,0.114935845,0.034571562,-0.0015442641,0.29913005,-0.12587261,-0.045361865,-0.070987955,0.0014539848,0.09995408,-0.027271012,-0.691459,-0.13805653,-0.9448932,-0.26772612,-0.40672094,-0.13813417,-0.017466309,-0.480505,0.051335163,0.057397056,-0.10015408,-0.014110886,-0.03231266,-0.0009935726,-0.06963022,-0.0052005732,-0.01645715,0.1261277,0.03452362,0.25879893,0.007081531,0.026793327,-0.0048733507,-0.0038415308,0.017676016,0.004421906,0.011485046,0
-0.27730846,0.00577413,0.007718889,0.009389711,0.005691744,0.007956858,0.02135929,-0.068870045,-0.1076559,-0.456945,-0.58902913,-0.46836138,-0.12600936,-0.5556331,-0.15197799,-0.8652331,0.05091511,0.11121231,0.041878898,-0.0067364983,0.49840838,-0.101660915,-0.022051496,-0.07907928,-0.00069825957,0.12581928,-0.054322746,-0.69516367,-0.03419158,-0.942206,-0.29783025,-0.49139524,-0.1744782,-0.019604404,-0.46205482,0.06700867,0.067284025,-0.10441289,-0.011836391,-0.03324618,-0.00095519563,-0.071781605,-0.005229261,-0.014295732,0.11993712,0.03430229,0.21653946,0.012023518,0.03280455,-0.0037807776,-0.009664308,0.0030732555,0.0049962443,-0.015041428,0
0.42468,-0.019114528,0.071050555,-0.017398024,-0.0062725456,0.0024426063,-0.03541286,-0.060647923,-0.11378448,0.10518865,-0.013155564,-0.43832314,0.08954067,0.16642918,0.021914816,-1.0210371,-0.080897614,-0.10728493,-0.5990389,0.0032958218,-0.20814046,0.13937703,-0.007433956,-0.13397059,-0.022459177,-0.14558806,-0.07475584,0.8910736,0.059520215,-0.99596995,0.25714839,-0.7440883,-0.20508386,-0.036935776,-0.98418796,-0.14403242,0.05230193,-0.07391245,-0.03660215,-0.0718964,-0.007966341,-0.08186255,-0.011509657,-0.030542284,-0.068063304,-0.03487146,-0.15317406,0.010357167,0.03728321,-0.011903885,0.03352589,0.0051019397,-0.0024602893,-0.049942177,0
0.47064847,-0.0042054188,0.061916523,-0.007090591,-0.007823119,0.0014209268,-0.030665286,-0.062846385,-0.11572881,0.1561038,0.020000335,-0.12370295,0.048542395,0.24406222,-0.09490919,-1.3946362,-0.07891583,-0.11846189,-0.50448,0.0031069114,-0.108990796,-0.25414106,-0.02511411,0.043939553,0.0044195275,0.046605855,-0.06760884,-0.41472965,-0.10024774,-0.19410291,-0.29545355,-0.80223817,-0.21128823,-0.052725423,0.5921503,-0.25153333,-0.048763663,0.20623249,0.017950231,0.05305443,-0.00258893,0.058752816,0.012898709,-0.008450258,-0.030046856,-0.0055809543,-0.10067734,-0.028285444,0.041761994,-0.016973138,-0.0032534115,-0.010228579,-0.024035387,0.2488331,0
0.5113219,0.011815246,0.013292472,0.009717062,0.0069666565,0.008923312,0.01705305,-0.090247825,-0.11976287,-0.5373502,-0.74920475,-0.49779266,-0.13118656,-0.5036496,-0.08802076,-0.8870952,0.13269776,0.13665386,0.027587624,-0.002239017,-0.1438998,-0.11942086,-0.038199823,-0.0822624,-0.004126221,-0.121612474,-0.034484413,-0.55069816,0.014584481,-0.9269453,-0.05134753,-0.5449027,-0.19063087,-0.023327027,-0.6196976,-0.13691582,0.064413376,-0.10171194,-0.0127281025,-0.028289905,0.004384353,-0.07084957,-0.0016283123,-0.010991683,0.104057096,0.04039119,0.26508614,0.011236577,0.032313183,0.0033099642,-0.063579336,-0.010184809,0.00050963904,-0.22959425,0
0.5006911,-0.0009876706,-0.133274,-0.012212113,-0.011376105,0.0011875592,-0.036057558,-0.052216742,-0.11208963,0.19609475,0.037377615,-0.21916372,0.06755793,0.25586632,-0.13290481,-1.5013312,-0.09594399,-0.14708586,-0.2099688,-0.012853862,-0.10925669,-0.15495892,-0.031135624,0.06572538,0.0009948064,0.11239844,-0.06679065,-0.210059,0.083975635,-1.0679008,0.17467971,0.28896415,-0.23811263,0.04440971,0.3115382,-0.07355453,-0.05821866,-0.16703598,0.03667116,-0.030519009,1.7195707e-05,-0.09093502,-0.004901997,-0.028687142,-0.053034503,0.04710661,-0.13576782,-0.017746832,-0.084546246,0.0043104896,-0.03181172,-0.001282827,0.012698553,-0.20945776,0
0.4678188,0.015028531,0.0141059,0.0098928325,0.004483023,0.0059743174,0.005444155,-0.09420229,-0.12545182,-0.55339104,-0.7285767,-0.47468773,-0.1181883,-0.2591162,-0.00068127643,-1.1684965,0.13636988,0.14339344,0.026971912,-0.0029537722,0.3956253,-0.1016582,-0.03883642,0.026990792,-0.002383402,0.0013051614,-0.04710676,-0.6525753,-0.0003812092,-1.0521811,0.0031708628,-0.62010795,-0.19730666,-0.023174841,-0.54218376,-0.0007403251,0.057649687,-0.090466514,-0.009677069,-0.029509295,0.004880064,-0.07135651,-0.0035831737,-0.01042099,0.029798623,0.042814627,0.26414758,0.018668044,0.02431747,-0.0047627985,-0.062189754,-0.010223006,0.004419719,0.01284772,0
0.45452914,-0.010133806,-0.09416539,-0.010783564,-0.006460153,0.0013734652,0.0016589744,-0.057028074,-0.08198736,0.11027701,-0.0195037,-0.38606876,0.07015471,0.19120172,-0.033896655,-1.5971353,-0.090177596,-0.13450107,-0.07189147,-0.008289223,-0.20033064,-0.2297819,0.05641479,0.0720142,0.0033466553,-0.15685068,-0.080912985,0.6224201,-0.17109792,-1.0775468,-0.3436835,-0.7821302,-0.17431739,0.033041358,-0.8709741,-0.22073789,-0.067114465,0.17055029,-0.03822099,0.022751728,-0.006213412,-0.06247329,-0.004228197,-0.010636576,-0.03162386,-0.031018993,-0.1474037,-0.00861676,-0.012473528,-0.012541016,0.015894985,-0.006165871,-0.004306613,0.24085909,0
0.45835072,0.017063629,0.012222687,0.011352303,0.0068014683,0.010506233,0.022577634,-0.10535659,-0.11919766,-0.586376,-0.7429214,-0.4961103,-0.1239027,-0.20543301,-0.1501444,-0.93335086,0.103205934,0.1533238,0.026436279,-0.0025566826,0.2877945,-0.090114735,-0.016218638,-0.07310001,-0.0027759667,-0.070857294,-0.027479405,-0.5449357,0.040828206,-0.8456727,-0.0016359497,-0.70736045,-0.18947853,-0.019864222,-0.6137204,-0.1296624,0.07099913,-0.0968237,-0.013856756,-0.02622747,0.0029087255,-0.06665927,-0.0020821001,-0.009646524,0.12605193,0.04115567,0.2289146,0.013965743,0.03816164,-0.002579276,-0.06418812,-0.005124314,-0.0037548393,-0.11986152,0
0.4531654,-0.012279757,0.06925128,-0.02093465,-0.014871858,0.0010292442,-0.027506078,-0.045110613,-0.058962245,0.16790624,0.055821083,0.31670457,0.031810593,0.22218373,-0.0037854048,-1.3771554,-0.08163673,-0.0935991,-0.28975254,0.012399909,-0.1500767,0.049311116,-0.0129750185,-0.06533677,0.0029995234,0.1748161,-0.37704015,-0.40363273,0.103726715,-1.0026028,-0.2616194,-0.6525341,-0.10967448,0.027948197,-0.92068785,-0.14135715,-0.06217989,-0.14592527,-0.043083087,-0.09586311,-0.004869577,-0.10811744,-0.0013810095,-0.020110257,-0.029238492,-0.027712027,-0.097951904,-0.0077913096,-0.033922706,0.008145978,-0.013045251,0.0030676327,-0.0029497985,-0.17139113,0
0.4291069,0.009511597,-0.10184857,0.013666864,0.0070136944,0.004789325,0.031231541,-0.061411403,-0.11926363,0.0047586514,-0.35221645,-0.4587173,-0.10563124,-0.19185196,0.0020124773,-1.244418,-0.081015065,-0.10566409,0.0253213,0.0035474547,-0.1898573,-0.022989322,-0.035423588,-0.13579433,-0.025712812,-0.11953136,-0.020978961,1.1242242,0.08072332,-1.0819291,0.12397723,-0.37719303,-0.17605928,-0.023101225,-0.76408875,-0.1850983,0.063415766,-0.16367586,0.010343371,-0.042267047,-0.01876014,-0.06813082,-0.0034465166,-0.030161275,-0.08125855,0.040232338,-0.17863528,0.024218818,0.032995682,0.0013182808,-0.06978341,-0.008757305,0.009069469,-0.16250537,0
0.4702497,-0.0090732435,0.06427455,0.00076042814,0.0031893179,0.0012622392,0.0175158,-0.054062624,-0.122151226,0.08694727,-0.03475024,-0.43194968,0.07913141,0.21829613,-0.14713173,-1.3094399,0.023885617,-0.10801247,-0.5648039,0.00033013267,-0.18922189,-0.22595268,-0.032712456,0.06921438,-0.015482331,-0.06637473,-0.042994965,0.71606654,-0.05304075,-1.0090189,-0.2913121,-0.81898975,-0.17187415,0.043504894,-0.8961622,-0.20284373,-0.06485445,0.21796708,-0.031179346,0.048557296,-0.02164527,0.043287214,-0.0074668806,0.04364313,-0.03681042,-0.006755403,-0.14787923,-0.009781783,0.0257392,-0.017631326,0.06988881,-0.0037855,-0.013364192,0.14900824,0
0.4904239,0.0023395233,0.026927311,-0.00494303,0.005827747,0.005220202,-0.03703646,-0.031120516,-0.11612885,0.16337301,0.031128464,-0.113943025,0.08183237,0.25414076,-0.108339705,-1.105918,0.15625708,-0.062248707,-0.6106139,0.011034385,-0.19839841,-0.18694542,-0.023483595,0.07463395,0.010342061,0.13055895,-0.24114048,0.19070902,0.05352426,-1.1326683,0.026050808,-0.18154593,-0.2007902,-0.024075354,-0.889562,-0.1551412,-0.070001386,-0.15647866,-0.034702636,-0.07653344,-0.014092746,0.056101754,-0.0033636037,-0.02863663,-0.059260648,0.03307233,-0.0704333,-0.014376201,-0.044070113,0.009722745,0.014752733,0.0053609014,-0.0009811701,-0.20774066,0
0.4322128,-0.022513684,-0.09403965,-0.005070688,0.00021206506,-0.0036877207,0.012311215,-0.060978893,-0.10822341,-0.4515457,-0.023707682,-0.4528607,0.08253554,0.1810595,0.1285322,-1.1794643,-0.091096714,-0.1333654,-0.08578008,-0.007056447,-0.22901784,0.12129934,0.04664438,-0.13451812,-0.025707373,-0.16888233,0.23253538,1.0166278,0.0043208203,-1.0186188,0.22606988,-0.75404936,-0.19930373,0.048383594,-0.8583712,-0.1320615,0.07638837,-0.05215845,-0.027609427,-0.02365296,-0.0076451944,-0.07971149,-0.000860689,-0.018374057,-0.07083991,0.02547115,-0.17052583,0.007754405,0.029551435,-0.01210211,-0.013219269,-0.006017603,0.008698281,0.049454316,0
0.46818548,-0.003052493,-0.10075204,-0.023758147,-0.006357852,0.0023558214,-0.029927634,-0.07943706,-0.007435961,0.17736788,0.0086384015,0.106369756,0.04264244,0.22418512,0.14451385,-1.5069429,-0.094289504,-0.099019594,-0.024316514,-0.010599195,-0.106190495,-0.23105247,0.05120716,0.044899896,0.0033059346,-0.076761946,-0.008371686,-0.2645499,-0.16259477,-0.4546941,-0.32542592,-0.74431676,-0.21781398,-0.035947103,1.35305,-0.20605747,-0.047101665,0.21947333,0.042661253,0.078084745,-0.0018584048,-0.16392751,-0.007933906,-0.018795652,-0.061427496,-0.004221135,-0.10406755,-0.02677431,-0.05897768,-0.015568115,-0.09356359,-0.00078345474,-0.026561316,0.18016018,0
0.40825334,-0.010295602,-0.07255024,0.012364822,0.00396051,0.0016187571,0.027634006,-0.08090531,-0.12386615,-0.5623151,-0.6640331,-0.45978323,-0.15111057,-0.5592977,0.0064831167,-0.86995554,-0.05876099,-0.09654431,0.011024324,0.004262814,-0.21331045,-0.10163452,0.027609969,-0.13499042,-0.009474536,-0.16123001,0.031969976,0.14675306,0.14230853,-1.0125636,0.25090906,-0.26717174,-0.19810958,0.016965944,-0.6354445,-0.19540308,0.064297214,-0.14689268,-0.015023044,-0.058909573,0.001493688,-0.07611454,-0.0023196908,-0.017355671,-0.00037654547,0.054988794,-0.06392457,0.03328707,0.033619236,-0.0036642617,-0.029436659,-0.0075250347,0.005767231,0.13392854,0
0.4309963,-0.012993223,0.068615906,-0.0038892748,0.008031119,0.0021103476,0.012177054,-0.050558668,-0.06349309,0.20992334,0.0567932,0.1013068,-0.0006802012,0.2501508,0.14434108,-1.4321784,-0.081048936,-0.11986505,-0.051354032,0.003702364,-0.15610683,0.22791421,-0.029875005,-0.0610541,0.002389883,0.13189478,-0.33001933,-0.40108725,0.222698,-1.0625747,0.21201888,-0.59402245,-0.17982918,0.051838763,-0.82939273,0.15939285,-0.05752969,-0.07381569,-0.034698397,-0.030595683,-0.025180612,-0.121091835,-0.010137961,-0.018043438,-0.07449775,-0.018466158,-0.10166204,-0.009827359,0.039848123,-0.0050644977,-0.051159743,0.008014024,-0.020301173,-0.17011619,0
0.4930191,0.017757459,0.009660089,0.010112705,0.006152602,0.0045346064,0.0027081808,-0.09296394,-0.12432498,-0.5053992,-0.7081444,-0.47356296,-0.12468793,-0.42824164,0.005125786,-1.024709,0.13313246,0.13535069,0.019919254,-0.00932797,0.3646867,-0.12809882,-0.04083607,-0.0630676,-0.0012002583,-0.057989936,-0.058994856,-0.6149943,0.008574181,-1.0360211,-0.19206317,-0.5949156,-0.19145443,-0.016621374,-0.5543275,-0.061076187,0.05855711,-0.096397914,-0.0090911295,-0.028656248,0.0048449095,-0.07301462,-0.0025690994,-0.01039205,-0.015245257,0.043383904,0.26041377,0.016308533,0.02806421,-0.004973514,-0.06215914,-0.008908116,0.004443657,-0.00970803,0
0.3454471,-0.01539574,-0.05848746,0.009228616,0.0036541033,0.0059726103,0.013279542,-0.07707134,-0.109911196,-0.45146114,-0.36648333,-0.45943126,-0.1550569,-0.5686465,-0.13788578,-0.81048906,-0.058393423,-0.06371238,0.16638455,0.0030204258,-0.14466752,-0.087767765,-0.025839703,-0.14115565,-0.013935052,-0.2365461,0.0020342714,0.71072596,-0.123408586,-0.98369366,0.006732164,-0.3326161,-0.19654042,-0.02546711,-0.6418858,0.052745868,0.059024572,-0.1093749,0.0050571724,-0.05936655,0.0022925616,-0.07129824,-0.0026411638,-0.01378255,-0.033038516,0.039506037,0.32145947,0.021257292,-0.008387156,-0.002717224,-0.030409174,-0.0067832265,-0.0060777143,-0.23670915,0
0.48926926,0.015824296,0.078800485,0.0055906735,0.003954667,0.0025097928,0.0026486942,-0.05700997,-0.13749559,0.1273714,-0.0027052767,-0.5289433,-0.14861687,0.16437644,0.13988909,-1.2727423,0.15391645,0.19812661,0.16500618,0.0111842295,-0.082135715,0.26650226,-0.019926382,-0.0927653,0.0058673173,0.1105571,-0.3009296,-0.5389492,-0.1993824,-0.91002876,0.0030479166,-0.8332725,0.36353096,0.032902397,0.6507623,-0.13342202,0.004688877,-0.105457015,-0.050886802,-0.072305724,-0.013688718,-0.105567075,-0.004574773,-0.018766813,-0.035864886,-0.023867914,-0.11098224,0.013045299,-0.043296646,-0.00063257106,0.034321196,-0.009265459,-0.022463521,-0.1658838,0
0.54414886,-0.0022619735,-0.09547236,0.0076324968,-0.019361636,0.0032334654,-0.024189474,0.10500863,0.25281164,0.21174328,0.2279967,1.0181091,0.05100497,0.22640029,-0.16245587,-1.336556,-0.0750532,-0.098751456,-0.38056424,-0.003277684,-0.08390569,-0.2899253,-0.018340023,0.041449916,-0.005579372,-0.07784259,-0.06522052,-0.44802985,-0.22774987,-0.91190666,-0.19290878,-0.55406797,-0.20058903,-0.052891124,0.4937085,-0.27455142,-0.042815283,0.19307286,0.024912259,0.10286493,0.00058333215,0.075777344,0.0018964616,-0.019604865,-0.019858243,-0.025384875,-0.07788903,-0.030326579,0.04182729,-0.015357129,-0.034748007,0.0016593155,0.017790606,0.005200019,0
-0.34808818,-0.0106535675,0.073098786,-0.0034000045,0.005487102,0.0026298333,-0.032465268,-0.06945619,-0.12123708,0.1691528,0.026085211,-0.48713684,0.11073139,0.23995613,0.18131283,-1.4811107,0.15104489,-0.06719996,-0.013873691,0.0066679474,-0.15875143,0.2288881,0.09142108,0.027281446,-0.0068684416,-0.17454056,-0.27898383,-0.18620498,-0.23372287,-0.93675864,0.12967776,-0.7339357,-0.06687778,0.028943984,-0.8115737,-0.19874333,-0.05883385,-0.05693009,0.0006673257,0.01689279,-0.01196274,0.07563936,-0.0094429115,-0.014565655,-0.03753787,-0.029403847,-0.104122326,0.00986286,-0.047694016,-0.008757113,0.041141428,-0.0033360359,0.0064732865,-0.16436031,0
-0.3344845,-0.015639758,0.0057771243,0.00910448,0.0019318576,0.0032233992,0.02681453,-0.08035322,-0.14294739,-0.48442343,-0.13731934,-0.67494637,-0.044942707,-0.58163315,0.137917,-0.8021139,0.111522205,0.042332754,0.14150457,-0.0062754164,-0.12202273,0.14651453,0.08180897,-0.124748,-0.006044185,-0.18117654,0.013224721,0.15064053,-0.1736832,-0.7819732,0.07202148,-0.63283014,0.23609033,0.027997402,1.2452837,-0.07248839,0.035541546,-0.14023176,-0.008663434,-0.07124714,-0.010421979,-0.08752836,-0.0068938145,-0.029403787,-0.05893778,0.0048612463,-0.15784265,0.015379093,0.022022052,0.0012575437,0.05831163,0.012767129,-0.011065061,0.3878586,0
-0.1407403,0.014407428,0.028723052,0.0099213,0.0031085373,0.0086085955,0.026234943,-0.0440843,-0.089333,0.013039042,-0.07128076,-0.40986133,-0.094523706,-0.14397155,-0.06931922,-1.624211,0.16804181,0.16654944,0.17908919,-0.003889967,0.30948457,-0.12717122,-0.021827077,0.05886201,-0.0058790026,0.03881914,-0.09075726,-0.5799493,-0.28390485,-1.1617974,0.07960677,0.18928485,-0.1449853,-0.038711447,-0.5560219,0.0064297207,0.06356599,-0.10825248,-0.0042035487,-0.04746342,-0.0049404562,-0.06905479,-0.0074599683,-0.011723775,0.0051168366,0.039536886,0.41102564,0.016906254,0.03693374,0.0065672696,-0.049123444,0.0073342146,0.0030417559,-0.01711018,0
0.21451566,-0.021355316,0.01770433,0.0037596792,0.011536935,0.00546477,0.014425351,0.00067471736,0.0049582077,0.22262865,0.25675482,0.3888377,-0.0041366275,0.32061362,-0.17267163,1.3627838,0.027000463,-0.07526647,-0.93328744,-0.0049852254,-0.1604783,-0.22592881,-0.026319308,-0.055536464,0.008020953,0.07097886,-0.17549393,-0.09392039,-0.13372293,-0.94654924,-0.2968667,-0.6198838,-0.14583343,-0.02194963,-0.9002739,-0.171193,-0.06859911,-0.18110745,-0.024477575,-0.08734916,-0.0022808232,0.065735586,-0.004752058,-0.009343475,-0.034431998,-0.0006375371,-0.12922694,-0.0016271508,-0.016402107,-0.02282423,-0.010323148,-0.002264666,-0.023432976,-0.211304,0
0.38034105,-0.011884137,0.020039825,-9.011151e-05,0.009654112,0.002175251,0.011691003,-0.07254709,-0.14756645,0.18938044,0.029928843,-0.48625153,-0.14874859,0.24843185,0.08041546,-1.3442417,0.1609321,-0.07430921,0.16030014,0.0029573147,-0.09824969,0.23189802,-0.020304447,-0.09200053,0.0028247752,0.17594248,-0.3030619,-0.4883937,-0.20405488,-0.9925469,0.30136526,-0.8207433,0.250075,0.045298494,0.22003885,0.062414464,0.023449412,-0.15715575,-0.05042103,-0.070525184,-0.022104846,0.030465472,-0.003194098,-0.027921429,-0.049173236,-0.02565908,-0.12876637,-0.009291953,-0.079208635,-0.0027321135,-0.058462426,-0.0047851773,-0.01706131,-0.18157442,0
-0.05642401,-0.014376307,0.06441531,-0.0042241896,0.0018963167,0.0037981132,-0.034164835,-0.058731157,-0.11751052,0.14002073,0.013964617,-0.45760587,0.02139885,0.23853256,0.14890459,-1.5191516,0.1693816,-0.025986746,-0.099495366,-0.00035346323,-0.19101521,0.0355741,-0.038361397,-0.06882397,-0.0014863454,-0.17663378,-0.2915158,0.29149675,-0.21793477,-0.9952078,0.072503485,-0.7106519,-0.046356015,0.0435903,-0.90106434,-0.204378,-0.062286083,-0.09987664,0.022949375,-0.080805846,-0.009609825,0.027932364,-0.01138484,-0.015506303,-0.04588572,-0.020400291,-0.14208925,0.00737154,-0.0412344,-0.016478602,0.021900555,0.0037044492,0.007472497,-0.16896042,0
0.36227766,-0.015272199,-0.07041402,0.009985776,0.005754953,0.006366525,-0.0007677213,-0.08448171,-0.123002455,-0.38789082,-0.5315446,-0.47880164,-0.08958867,-0.47402117,-0.13603973,-0.9599322,-0.05113012,-0.06266507,0.1887935,0.0030205506,-0.18938135,-0.08122741,-0.020332541,-0.12565927,-0.020295834,-0.17202413,-0.044573124,0.9543283,-0.12757483,-1.051598,-0.070509836,-0.53238696,-0.19848411,-0.022657754,-0.65164864,0.035004154,0.05765127,-0.12587574,0.004513308,0.052574955,-0.018035099,-0.06851186,-0.0005176782,-0.023513686,-0.03738882,-0.026870506,-0.092173785,0.011717342,0.0030489708,-0.0043635564,-0.06658249,-0.00791979,-0.0119812675,0.3172605,0
0.48673046,-0.008391286,-0.0806155,-0.008753751,-0.020395877,-3.813859e-05,-0.013170039,-0.012953817,0.21575414,0.14341071,0.09488274,0.38978055,0.06889129,0.23150113,-0.13683505,-1.4244998,-0.08716433,-0.12163892,-0.04189592,-0.00090618525,-0.14813013,-0.28961828,-0.030730804,0.05893808,-0.0064932164,-0.08095549,-0.045587476,-0.4175671,-0.22089688,-1.0030041,-0.34581822,-0.5926595,-0.16729274,-0.0663336,-0.92729086,-0.26637664,-0.060445894,-0.094208896,-0.04443313,0.1100926,-0.0011676155,0.04161558,0.0047491333,-0.019183993,-0.025969775,-0.002006305,-0.10838531,-0.0037280163,0.040752698,-0.01141991,0.019560745,0.0032781572,0.0005197858,-0.00034411158,0
-0.2983276,0.009894898,-1.911528e-05,0.01059835,0.0035340204,0.004710759,0.029204704,-0.07461658,-0.10709276,-0.44661376,-0.6452918,-0.45197985,-0.16356416,-0.5961138,0.012260206,-0.81647587,0.11303434,0.13082898,-0.07172976,-0.0049534375,-0.20920098,0.13035206,0.06391914,-0.121326186,-0.017712476,-0.18253106,-0.045165066,1.157596,-0.13420884,-0.7461869,0.1786343,-0.4552528,-0.13784108,-0.011743171,-0.760429,-0.17799915,0.042462714,-0.12957266,-0.011522854,-0.043229874,-0.014236784,-0.060666397,-0.0066231703,-0.025422662,-0.045290302,-0.025426796,-0.17532364,0.0015692873,0.01821349,-0.001441924,0.053507295,0.0056722946,0.0052145584,-0.24815091,0
-0.3163357,0.008319603,0.029734107,0.009159636,0.002810166,0.006880639,0.02522191,-0.04573747,-0.09659779,0.014010633,-0.07463868,-0.45292404,-0.040740214,-0.1798781,-0.14455462,-1.5131216,0.13287467,0.14732362,0.18464848,-0.0018323238,-0.13434859,-0.11737558,-0.01594661,0.07359258,-0.001918104,0.11455001,-0.07313418,-0.467607,-0.2721201,-1.1384588,0.3449409,-0.26086792,-0.19856232,-0.025243279,-0.6689423,0.014832965,0.06316493,-0.110193245,-0.014753854,-0.038345154,-0.0018679095,-0.07596113,-0.001153491,-0.016716281,0.0017900798,0.05249025,0.38299644,0.010410457,0.042646784,0.013614718,-0.05952612,0.00315357,0.0014894713,0.044756994,0
0.53029716,0.00036407774,0.025579497,0.027500294,0.010845016,0.0111007,0.038182363,-0.066906944,-0.13807799,0.13975911,0.0034867236,-0.54570156,0.0296437,0.24014892,-0.14548203,-1.3865113,-0.07621631,-0.11384359,-0.15195017,-0.00077076536,-0.08610353,0.20743828,-0.018802771,-0.05601795,0.0042732805,-0.02456581,-0.24261981,-0.29258826,-0.18480003,-0.9440062,-0.22761732,-0.7621858,-0.21381742,0.027932879,0.69654894,-0.17536433,-0.04780033,-0.17888795,-0.05355367,0.008083036,-0.0015104448,0.03644794,-0.011261111,-0.016901301,-0.035024144,-0.0103022605,-0.13275598,-0.031753447,-0.08245837,0.004916927,-0.054077912,0.00024294434,0.024140675,-0.16130476,0
-0.3315148,0.0075266883,0.021383729,0.009159636,0.0058862763,0.0060535287,0.023333576,-0.05163728,-0.10791935,0.0267726,-0.083403915,-0.45809025,-0.11209154,-0.16677313,-0.14709939,-1.5493188,0.13193901,0.14832953,0.15933074,-0.0015018412,0.09858959,-0.13169509,-0.014529446,0.07087103,0.001687398,-0.018963091,-0.050884414,-0.5701273,-0.28735468,-1.1420772,0.10265847,-0.60982746,-0.13628094,0.023523796,-0.61827517,-0.0049852207,0.06218098,-0.11214173,-0.01721798,-0.041149598,-0.004434793,-0.07232374,-0.0003725465,-0.01676667,0.10430037,0.035799075,0.26541984,0.013737062,0.02179103,0.0012940903,-0.05472586,0.005423657,-1.48945255e-05,-0.01914958,0
-0.3401399,-0.029540898,0.015405061,0.01078816,0.007930826,-0.0046990165,0.010536262,-0.064355895,-0.09256007,0.17098984,0.06502047,-0.5172573,-0.22539705,0.18909077,-0.14744517,-0.47689414,-0.056743518,-0.10341854,-0.81187457,-0.008754865,-0.18866864,-0.113404736,-0.011420891,0.078288265,-0.008526207,0.06440624,0.12537672,-0.15350372,-0.17334047,0.9486186,0.063489065,-0.75650215,0.18828893,0.031091483,-0.742522,0.08455134,-0.06792413,-0.17118703,0.050813723,0.002216077,-0.022553533,-0.04598633,-0.0049488423,0.0112857465,-0.033355698,-0.01949578,-0.13742039,-0.001063256,-0.044489358,-0.028412623,0.027218824,-0.004906506,-0.0149112465,-0.34381267,0
-0.28096834,-0.009973892,-0.035277806,-0.009833621,0.0038066963,-0.0061413385,0.0038814738,-0.07728578,-0.12789087,0.16019978,-0.020978713,-0.57095516,-0.16860604,0.17671935,-0.005481623,-1.2798218,-0.069573715,-0.10280784,0.041468263,-0.0020379296,-0.18813653,0.19629359,-0.018508622,-0.09621217,0.003003117,-0.07443128,0.26999205,-0.48655358,-0.17426656,-0.78752923,0.31858996,-0.67469573,-0.16978928,0.07311839,-0.7847159,0.048572205,-0.055640955,-0.16580676,0.028265646,-0.076954104,-0.023979673,-0.078639165,-0.0012653865,-0.016661761,-0.04156771,-0.028763039,0.11536029,-0.004943845,-0.039904747,0.0032737479,0.04970573,-0.003941953,-0.0064400155,-0.23914617,0
-0.25902718,0.0066640484,0.015033025,0.008638532,0.0062440946,0.0064333263,-0.0054130247,-0.09111562,-0.12151915,-0.54534274,-0.74042857,-0.50956196,0.028919633,-0.6081098,-0.10248801,-0.9039797,0.108749285,0.112899624,0.026363907,-0.0053365827,-0.16287845,-0.11686625,-0.021637185,0.07191373,0.005965118,-0.08143702,0.08673606,-0.61637914,-0.13014713,-0.4561408,-0.22134013,-0.5745081,-0.17953329,-0.021326598,-0.53257984,0.046178512,0.06972641,-0.11290904,-0.020551912,-0.025289875,-0.0007059516,-0.06682295,0.0021909776,-0.018928131,0.11920235,0.026083844,0.26132178,0.015578145,0.023898926,-0.00024719862,-0.013299545,-0.00754833,-0.0074255215,0.0011959733,0
-0.30938017,0.0029257634,0.01768101,0.00965826,0.006285611,0.0060571814,0.020188283,-0.065569125,-0.10389747,-0.41268855,-0.107730694,-0.48574865,0.039570626,-0.18288992,-0.14267421,-1.5659053,0.13581239,0.15649703,0.14401335,-0.0051085297,-0.14986418,-0.14107515,-0.03904874,0.05522549,-0.00033573247,0.024957607,-0.029090676,-0.49481,-0.17889279,-1.0632396,-0.24826999,-0.70989513,-0.18076777,0.02594638,-0.64686924,0.0040173177,0.06769272,-0.11277128,-0.015270732,-0.030066023,-0.0034939381,-0.07045868,0.00026352284,-0.014475044,0.1273418,0.040347558,0.26185188,0.012298646,0.020582864,-0.0029719132,-0.056768563,0.005499021,-0.003596454,0.00037187757,0
-0.26556903,-0.025477462,-0.093912974,0.01226475,0.011987027,-0.0018657874,0.0429518,-0.061373748,-0.15656258,0.22062567,0.013103018,-0.65090513,0.08935881,0.24341431,-0.12861212,-1.3099629,-0.072102964,-0.091879815,-0.04099743,-0.006341212,-0.11287715,-0.16803919,-0.042566024,0.07347345,0.0056484193,0.14957473,-0.090570286,-0.44296488,-0.3290372,-0.7242628,0.41323507,-0.5210763,-0.2098602,-0.033854637,0.72134584,-0.19517866,-0.044951648,-0.13969259,-0.013416469,-0.0701549,0.0055182045,0.030666893,-0.007757674,-0.02119962,-0.03484439,0.00036532548,-0.08056088,-0.01209308,-0.03310196,-0.008202391,-0.071467966,-0.006149472,0.008718666,-0.0027013286,0
-0.29714438,-3.7488586e-05,0.02557265,0.009193399,0.0094545055,-4.055188e-05,0.009721656,-0.04376629,-0.10176319,-0.603464,-0.018952591,-0.44037843,0.11903008,-0.14451708,-0.16247931,-0.26671937,-0.0010079893,-0.04681752,-0.22464183,-0.018048996,-0.1859814,-0.15573253,-0.055980645,0.051949576,-0.015408272,-0.25190145,0.08700819,-0.5013553,-0.124760315,-0.94941795,-0.21299973,0.59748816,-0.11873152,0.04339435,-0.82412773,-0.16359086,-0.06983271,-0.091096856,0.000986787,0.011475147,-0.010742389,-0.08520862,-0.00853022,-0.008634149,-0.0480415,-0.015483263,-0.13905767,0.015221876,0.040603664,-0.002873822,0.025003662,-0.0018559378,0.0015757062,-0.08126393,0
-0.28483424,-0.012690562,-0.022896882,-0.0210796,0.002646971,-0.010205559,-0.02340902,-0.07278771,-0.10409139,0.15489715,0.0184873,-0.5592077,0.09424403,0.23217846,-0.13444032,-1.3642639,-0.094849035,-0.10945716,0.02026935,-0.0055643776,-0.19355711,-0.21681215,-0.013651427,0.08980347,-0.0018532707,-0.18919553,-0.2018495,-0.518066,0.043469034,-0.35306042,-0.39465976,-0.7545451,-0.17495255,-0.02288059,-0.7579414,-0.14379531,-0.07019697,-0.09779729,-0.047489855,0.05079949,-0.018371066,-0.100166075,0.0069439476,-0.012272973,-0.05814508,-0.015582271,0.034582365,-0.005846476,0.048421554,-0.004795133,-0.041374337,0.0038457187,0.005577758,0.045319892,0
-0.33420482,-0.002413507,0.060980804,0.008140165,0.0051102736,0.0075834035,0.010048264,-0.09090697,-0.11300441,-0.58319896,-0.7099532,-0.4611814,-0.11933934,-0.6138193,-0.15544267,-1.0356108,-0.0603656,-0.08448641,0.16667739,0.0062270723,-0.14069115,-0.078210846,-0.032321777,-0.08821192,-0.008506876,-0.2941633,0.06049429,-0.52070785,-0.037489425,-0.7721155,0.08072076,0.47416762,-0.1243362,0.006795386,-0.58314914,0.06581086,0.0617097,-0.120270476,-0.012299777,-0.074319854,-0.0034550172,-0.06210727,-0.00042233593,-0.022993853,-0.05341472,0.03249815,-0.12988143,-0.003626233,0.039063126,-0.007999323,-0.01819445,0.005666261,-0.0037653823,-0.2892399,0
-0.2830514,-0.008948398,-0.053583,0.018916445,0.007417097,0.008042259,0.046335854,-0.06468219,-0.085809864,0.011238657,0.025443329,-0.47807118,-0.14487775,0.1398531,-0.14799246,-0.3147824,-0.082720466,-0.10640939,-0.7969344,-0.003300081,-0.17024985,-0.15401243,-0.00803392,0.085222594,-0.008644781,0.22167167,0.2620547,-0.3037518,-0.15221226,0.99174404,-0.27694166,-0.69697154,0.33141294,0.02945047,-0.7610707,-0.1936909,-0.07084295,-0.16481605,-0.019295784,-0.07444024,-0.008801088,-0.044022974,0.0056584515,-0.007638883,-0.031702276,-0.021290049,-0.13822562,0.0016438133,-0.058706786,-0.037518498,0.03164804,-0.008883628,-0.0084483,-0.3673118,0
-0.17704988,-0.0032120526,0.063217826,0.007321555,0.0024978537,0.0055926447,-0.04390867,-0.088255435,-0.147053,-0.8624657,-0.91501975,-0.44294146,-0.15283278,-0.90407497,0.014450531,0.8315505,0.078660995,0.09742743,0.039868653,-0.007408146,-0.13368577,-0.14018367,-0.02162263,0.023315853,-0.01221717,0.11618669,0.16394031,-0.59103274,-0.11793766,-0.67816466,-0.042859547,-0.5536575,-0.16956271,0.011662146,-0.52211815,0.19870125,0.0599716,-0.1023526,-0.013891613,-0.031109683,-0.0012587649,-0.07133566,0.0016322633,-0.0189345,0.12605393,0.02458579,0.36013877,0.0022969833,0.043064106,0.008408389,-0.018240783,-0.00265361,-0.00091576297,-0.29441527,0
-0.30055526,0.008244317,-0.034943566,0.001517059,0.009391123,-0.0025080605,0.014747613,-0.052976996,-0.105643354,0.02111344,0.010522697,-0.52067626,0.100852564,0.19453491,-0.15952788,-1.3328758,-0.09855606,-0.07854988,-0.19337828,0.0044765994,-0.19905315,-0.22332314,-0.045241214,0.08704766,0.0013881966,-0.19606599,-0.218731,-0.545176,-0.19291523,-0.37841737,-0.3347316,-0.36284226,-0.18064739,-0.038038865,-0.7651589,-0.2212901,-0.070016034,-0.057789557,-0.017355599,0.061445963,-0.002498995,-0.08765478,-0.0042328993,-0.026124282,-0.05702661,-0.020179337,0.1268566,0.0063471394,0.04167353,-0.012046959,-0.040819813,-0.0010457316,0.00019286212,0.012227794,0
-0.25520387,0.0040932563,0.010246709,0.009836676,0.0029498711,0.0058800583,-0.0051099835,-0.09551269,-0.12976965,-0.57246995,-0.74728006,-0.524363,-0.10307821,-0.6159955,0.11090136,-0.83291304,0.08916877,0.11324167,0.023968386,0.002156939,-0.1626736,-0.024241108,-0.042565178,0.06257302,0.0043920027,-0.12871347,0.10594608,-0.55139613,-0.14935286,-0.7958997,0.05894672,-0.5841296,-0.1702753,0.015627304,-0.5760027,0.0007879776,0.059233505,-0.11118093,-0.015268225,-0.027194042,0.0010843619,-0.07923696,0.0016176166,-0.016934339,0.12113096,0.033427544,0.35793078,0.008284532,0.040861953,-0.0013149815,-0.007908894,0.0016993703,-0.004632086,-0.015335312,0
-0.23053646,0.0033643902,0.015543826,0.010011995,0.0055397563,0.005748186,-0.018286917,-0.08465775,-0.13273154,-0.6839566,-0.802241,-0.48898652,-0.012440438,-0.692267,0.014091181,-0.3248877,0.10099226,0.112687595,0.040331647,0.007573827,-0.14945349,-0.14963023,-0.045039605,0.052621666,0.013801727,-0.17465441,0.21572462,-0.6319724,-0.11780167,-0.45339414,-0.22347048,-0.534942,-0.17196783,-0.020030675,-0.4964866,0.12447211,0.0694513,-0.11084577,-0.01849068,-0.027636988,0.0008815618,-0.0709839,0.0016234267,-0.018972052,0.11876163,0.031366117,0.25632867,0.012131843,0.026481591,0.0017221306,-0.00672237,-0.009590668,-0.00397667,0.0068504736,0
-0.3857023,0.005195306,0.019023944,0.009054742,0.005942258,0.00862004,0.0198906,-0.07438518,-0.10501548,-0.546748,-0.72554994,-0.43845955,-0.020188801,-0.66025394,-0.15970707,-1.0380379,0.13607715,0.122152045,0.16105542,-0.004806959,-0.15206702,-0.10069162,-0.050637145,0.03197311,-0.009444179,-0.29243886,-0.013726536,-0.50178677,0.09963896,-0.8827436,-0.14958136,0.5265953,-0.14018361,0.03038829,-0.5670093,0.039270215,0.06568489,-0.12934446,-0.012353218,-0.0735378,-0.0058809905,-0.0702704,-0.0009795015,-0.019839093,-0.0233099,0.03576176,-0.12637734,-0.0030111624,0.032586362,-0.0108948955,-0.05139505,-0.0017566803,0.00058248173,-0.050023414,0
-0.26112944,-0.016773472,-0.08339679,0.00013945298,0.002687375,0.000603009,0.03038638,-0.06953709,-0.14736001,0.19653508,-0.005649242,-0.63060623,0.07710793,0.23584232,-0.17383517,-1.2116343,-0.07583876,-0.09712695,-0.21330735,-0.007686427,-0.099072546,-0.21246772,-0.03922437,0.062914126,-0.0028065743,0.20168494,-0.036851298,-0.51486474,-0.31323192,-0.7560169,-0.020434717,-0.41164127,-0.11148148,-0.01960518,0.6317206,-0.23987038,-0.051557593,0.15025762,-0.047186844,-0.07882082,-0.0044958983,0.057884905,0.012687263,0.03761663,-0.019790297,-0.013914226,-0.09929375,-0.010687039,0.057595458,0.0025311378,-0.07040443,-0.0025983006,-0.007820722,0.3254329,0
-0.39584893,-0.008732474,0.025276609,0.010438768,0.008197185,0.006578334,0.04039673,-0.036236685,-0.08290591,-0.5287828,0.0051588956,-0.42167142,-0.017885463,-0.56252664,0.13967384,-1.3375605,0.1591066,0.1658815,-0.07381828,-0.005279192,-0.13410993,0.2525584,-0.0379795,0.03631375,-0.0010813291,-0.23637055,-0.035340644,-0.5069003,0.10605148,-0.82984173,-0.2903424,0.56040126,-0.15882234,0.034852266,-0.75497365,-0.17873839,-0.0519245,-0.049634278,-0.0009931553,-0.015867587,-0.011480471,-0.084750086,-0.009594739,-0.010603379,0.0032096966,-0.021782171,0.12266063,0.020060591,0.031036347,-0.02168829,-0.0129674,-0.0061842166,-0.0004253873,-0.26122582,0
-0.3141608,0.005531863,0.021000626,0.01431792,0.0049127876,0.010782681,0.045893773,-0.062238336,-0.12215718,-0.4396367,-0.004561354,-0.514729,-0.0959363,0.17011915,-0.013837265,-0.9490109,0.023108015,0.16809954,-0.5544465,-0.0012907581,-0.18208456,-0.13581356,-0.024306765,-0.074429005,0.0043890555,0.08330511,0.114386015,-0.48832068,-0.1744632,-0.5719167,0.32776034,-0.7041149,-0.17009307,0.06225449,-0.7739967,-0.15125033,-0.073194854,-0.10131279,-0.030076282,-0.06531639,-0.006362252,0.031789236,-0.005411469,-0.01677609,-0.048392057,-0.018417994,-0.08660914,-0.006061281,-0.020397363,0.010654871,0.051454827,0.010226048,0.0057963235,-0.22399592,0
0.46878576,-0.0067969817,-0.10665349,-0.01670342,-0.02688069,-0.0070639984,-0.03686792,-0.014411944,0.22571324,0.16153237,0.1328212,0.78605646,0.07561675,0.23531742,-0.16904587,-1.3696436,-0.07787362,-0.11420282,-0.037528098,-0.0027840836,-0.15030688,-0.3075113,-0.03055212,0.05941989,-0.0015853709,-0.035646018,-0.022151416,-0.43322426,-0.22563943,-1.0418736,-0.37255833,-0.40746078,-0.055447266,-0.04526644,-0.9247573,-0.27205735,-0.059255954,0.22353987,-0.018195592,0.11269696,-0.0013741703,0.07302906,-0.0019006057,-0.021565467,-0.016697798,-0.009521257,-0.07322947,-0.019784525,0.022172337,-0.011485642,-0.05737981,0.0047703926,0.0064048115,0.013718191,0
-0.45683712,0.012158731,0.028737096,0.011597614,0.015871642,0.002690935,0.011777065,-0.04769185,-0.082762465,0.050197408,0.04391819,-0.405081,-0.09343242,-0.23212494,-0.14850408,-1.5235635,0.17545992,0.19624972,0.17839509,-0.004163297,-0.15370983,-0.14809203,-0.051701237,-0.12448097,-0.0126555385,-0.2858863,0.09171615,-0.55907226,-0.1939247,-0.07280472,-0.27742237,0.39591146,0.20667368,-0.038458716,-0.58592314,-0.18177319,0.100100905,-0.1113186,-0.00045316934,-0.03612453,-0.0019759093,-0.065906964,-0.005882156,-0.023229428,-0.03353075,0.041371368,0.23916447,-0.0028282984,0.03649212,-0.006349398,-0.007923124,-0.0021808422,-0.002339541,-0.0027309018,0
-0.17187758,-0.013681384,-0.15983163,-0.005022088,0.0042799837,0.00096371444,0.021377875,-0.04107386,-0.08823752,0.26059237,0.11975641,-0.31646863,0.09055791,0.31517506,0.05945989,1.0442299,-0.074625,-0.11229127,-0.28822383,0.0037900389,-0.17962968,-0.021537263,-0.045524117,-0.21299693,0.0022967146,0.20141014,-0.39990723,-0.414377,0.05441625,-1.1274815,-0.4398402,0.574161,-0.05015008,0.028680213,-0.8938558,-0.17853713,-0.08230818,-0.1916757,0.0033405966,-0.09833491,-0.012028115,-0.09116122,-0.011228333,-0.012024533,-0.030817194,-0.017184041,-0.14299731,-8.629775e-05,0.045357164,-0.011215691,-0.05289208,0.0016749528,-0.009644349,-0.14649704,0
-0.34556794,0.0099378135,-0.11173352,-0.014698983,-0.0068782405,-0.008314692,-0.041148916,-0.02924543,-0.022705752,0.15215912,0.09202582,-0.18745217,0.08587571,0.21424809,0.008323456,-1.752389,-0.08079636,-0.121393144,-0.17907745,-0.0061310227,-0.16282843,-0.26940006,-0.052230835,0.06528403,-0.00941224,-0.21284604,-0.26913595,-0.42975438,-0.16714112,-1.0400773,-0.4097327,0.5315467,0.409471,0.03451962,-0.7826851,-0.2330928,-0.073887,0.21650381,0.028127888,-0.0770238,-0.006606957,0.06241215,0.002310651,0.042228956,-0.016017612,-0.019164575,-0.102791384,0.00044447067,-0.06212797,-0.017617224,0.019799877,0.0085918065,-0.0006985796,0.21094164,0
0.41334072,0.017756734,0.01509979,0.01107496,0.006710361,0.0070090177,0.018065749,-0.08446737,-0.092078105,-0.4743945,-0.6855578,-0.46963185,-0.11727699,-0.51646453,-0.07513166,-1.1022323,0.12552097,0.1305506,0.16871072,-0.0067033004,-0.101348095,-0.11377835,-0.024001421,0.00499552,0.000751883,0.09580207,-0.040817596,-0.6255596,-0.14350422,-0.88833463,-0.254185,-0.4350225,-0.19027908,-0.03749034,-0.5481772,0.06395061,0.061298292,-0.10432599,-0.017126247,-0.028754294,0.0048099067,-0.07374067,-0.0032296963,-0.009892085,-0.01840887,0.03721438,0.4238123,0.010001196,0.026746571,0.01257626,-0.06832028,-0.012429943,-0.0015576788,-0.088806935,0
-0.23815706,0.008698229,0.013266748,-0.005115292,0.0031691557,-8.507504e-05,0.0037360361,-0.04169204,-0.10932677,0.21800768,0.10090287,-0.32780156,-0.12627465,0.22575814,-0.16521722,0.18043184,0.14401811,0.046969436,-0.8762441,-0.010107044,-0.20513566,-0.19821018,-0.042808264,-0.20707205,-0.017089145,-0.06350917,-0.07296648,0.09930167,0.027492931,-1.0075642,-0.3700748,0.6135154,0.1834916,-0.027070867,-0.9468565,-0.18387383,-0.07401977,0.21058498,-0.017811775,0.08929803,0.0072015347,0.05545267,-0.00055444636,-0.0056517655,0.08896251,9.576301e-05,-0.14531322,0.0071374485,0.034985352,-0.010426185,0.03749462,0.0019553532,0.0038058823,0.048723668,0
0.34707642,0.01759637,0.013404782,0.011281262,0.0065178764,0.0070017767,0.015132461,-0.08146608,-0.09004966,-0.4698894,-0.67922264,-0.43822417,-0.13649388,-0.27149564,-0.12209286,-1.2001283,0.12728392,0.14621583,0.16570343,-0.003818684,0.31931502,-0.11579396,-0.02275869,0.031728443,-0.0029010563,0.11869697,-0.07915897,-0.7034406,-0.13783608,-0.72692585,-0.3011592,-0.35642946,0.2822252,-0.01440262,-0.53911716,0.04802884,0.05838442,-0.09328904,-0.01900965,-0.026852258,0.0027932294,-0.07079428,-0.002767528,0.006085802,-0.017113036,0.032597154,0.4134243,0.006004853,0.027288321,0.015223525,-0.05297759,-0.008925272,0.0009298173,-0.25663093,0
-0.27601895,0.012637027,0.022939721,0.012164373,0.0075223795,0.01759473,0.03432429,-0.054027498,-0.0957818,0.13756874,-0.05410818,-0.45105186,-0.11729393,-0.17326078,0.055372853,-1.7121294,0.15928909,0.16854689,0.047110375,-0.0058873696,-0.11696953,-0.17635317,-0.043039735,0.047899134,-0.0004052408,-0.026497858,-0.10382559,-0.56858116,-0.1640705,-1.0023371,-0.40809625,-0.4362027,0.19416907,0.010930721,-0.6742025,-0.0018904372,0.07142747,-0.121865,-0.01023031,-0.03698196,-0.0031820736,-0.08248201,-0.0010302318,-0.0033086238,-0.018252647,0.036565274,0.26897335,0.011999138,0.033575602,0.0014002115,-0.05557641,-0.006582913,0.0045896587,-0.18580708,0
0.40023887,-0.008752467,-0.12888016,-0.014925913,-0.028460601,-0.016067173,-0.030568399,0.23674648,0.14284284,0.20832917,0.6811606,0.94704604,0.005349817,0.22622834,-0.070322916,-1.1298515,-0.08530128,-0.11747621,-0.05396573,-0.0081155,-0.13698512,-0.22983317,-0.019097224,0.061363306,0.00795401,0.20621437,-0.3913063,-0.41479275,0.059218127,-1.0579842,-0.4435916,0.4093083,-0.1493653,-0.047700748,-0.9349743,-0.1590229,-0.06703513,-0.18833403,-0.014454613,-0.03841564,-0.010619127,-0.109818794,-0.007995566,-0.02555208,0.082419135,-0.017373951,-0.11917269,-0.007881978,-0.11218827,0.0015600375,-0.04760628,-0.007252214,-0.029631978,-0.20840642,0
-0.13904321,-0.035150748,-0.10693384,-0.020999974,0.0044670347,-5.331775e-05,-0.03121016,-0.05510401,-0.07466111,0.164652,0.033715628,-0.111114636,0.09015397,0.22328824,0.0943989,-1.2692356,-0.089010976,-0.10944421,-0.17694663,-0.009060867,-0.17824596,-0.23771745,0.0341604,0.08242769,-0.00955272,-0.20018706,-0.2891214,-0.413029,-0.038289648,-0.8651046,-0.41581264,0.23656741,0.21346061,0.03125302,-0.8657937,-0.23299903,-0.07169745,0.24754031,-0.03544656,-0.08956387,-0.002356457,0.07316577,-0.0016425785,-0.012378886,-0.01815741,-0.016028803,-0.10118584,0.005690191,-0.007896644,-0.009029899,0.023248814,0.009737951,-0.005961919,0.48167023,0
-0.3690029,-0.0016429441,-0.067027204,0.012317273,0.013369661,0.0028800583,0.037660077,-0.054730847,-0.11213646,0.029492939,-0.059610527,-0.42869222,-0.14789636,-0.399496,-0.12318351,-1.5134825,-0.08062734,-0.10894963,0.17821522,0.004366876,-0.13599107,-0.14797266,-0.05260206,-0.11580734,-0.0055304007,-0.257387,-0.0108362585,-0.5446111,-0.16420366,-0.37335095,-0.27136144,0.5063891,0.22420046,-0.05770504,-0.64101166,-0.1514434,0.07422699,-0.1268271,-0.013440477,-0.06605358,-0.008475974,-0.003345987,-0.007894126,-0.024492824,-0.020831177,-0.009280463,0.26549932,-0.004912518,0.035002105,-0.0049541113,-0.0076099318,-0.00236125,-0.00052321143,-0.18700409,0
0.32720888,-0.013583175,0.07818818,0.0094093485,0.035620708,0.010988202,0.028017368,-0.011323947,-0.03613627,0.17580849,0.15210101,0.8213043,0.08091984,0.25900015,-0.10528398,-1.3759487,0.031994656,-0.07894593,-0.090790294,0.0053227637,-0.14660656,-0.30631194,-0.03665845,0.06298027,-0.0047372356,-0.044017486,-0.03892374,-0.41329312,-0.22736792,-1.117484,-0.36395547,-0.5125794,-0.022904942,-0.012000974,-0.9220198,-0.25803876,-0.061387498,0.23740762,0.049276717,0.104625374,0.0030073398,0.09570286,0.013059641,0.049899805,-0.011757818,-0.004878384,-0.10427962,-0.017927416,0.033697836,-0.012202606,-0.0535477,-0.0012792104,-0.0024795139,0.010172014,0
0.57101023,0.024178103,-0.12728825,-0.01709404,-0.03399121,-0.002377538,-0.024583166,0.060828168,0.14284351,0.2113594,0.22915597,0.6578421,-0.062381737,0.23825805,0.11601775,-1.3594838,-0.096617386,-0.13575421,0.011790771,-0.0068378123,-0.13082908,-0.18289256,-0.024483124,0.04859294,0.005535749,0.13898252,-0.3629987,-0.41454566,0.03024377,-1.0717157,-0.43779686,0.49105594,-0.15644705,-0.04633128,-0.95285654,-0.17954624,-0.0681672,-0.19269885,-0.049238157,0.008891341,-0.0016828101,-0.13282233,-0.004308927,-0.01753013,-0.022169292,-0.022628019,-0.061093006,-0.007954407,-0.09563087,0.009547112,-0.047497682,-0.007239938,-0.025765235,-0.21506222,0
-0.34003806,0.005450592,0.026815966,0.015050722,0.01248214,0.00049156166,0.02001384,-0.04481357,-0.09051023,0.21269073,0.08550233,-0.35829356,-0.18946294,0.2489477,0.061957035,-0.39232183,0.2031197,0.11676996,-0.7215913,-0.0016746307,-0.17378342,0.18343191,-0.050495636,-0.15286705,0.0116331065,0.12017559,-0.25805825,-0.42331016,0.08362709,-0.8673595,-0.3662767,0.6427386,-0.057815954,-0.020464797,-0.89434755,-0.16817224,-0.07459607,-0.14012928,-0.029627886,-0.090945445,-0.014144058,-0.096257806,-0.011316736,-0.018256696,-0.05535946,-0.022400726,-0.1259065,0.0010794799,0.05474568,0.0143241845,-0.05002056,0.00024386053,0.009197185,-0.23535676,0
-0.16785614,-0.03016627,-0.12945327,-0.0050431415,0.0021149674,0.0002790708,0.00904834,-0.042117234,-0.114292026,0.21420433,0.10304076,-0.32488677,0.107223004,0.28263983,-0.15759656,1.0753975,-0.07056223,-0.10868589,-0.39648306,-0.0030779652,-0.2002552,-0.21245009,-0.008054825,-0.31187353,-0.031223683,-0.22306207,-0.08943438,0.07080949,0.031667992,-1.1015321,-0.43561798,0.5476497,0.020334296,-0.06960322,-0.9638543,-0.2539314,-0.077363946,-0.08023346,-0.037578855,0.049988642,-0.01707423,0.022125568,-0.0033267029,0.009119818,0.08498873,-0.01791026,-0.1537035,0.009299122,0.049458187,-0.0064089485,0.040349625,0.0001576445,0.008288469,-0.02800783,0
-0.32561335,-0.023381205,-0.03918466,-0.016479744,0.0014606379,-0.009834015,-0.026275484,-0.06606533,-0.09943785,0.10958539,0.0050570825,-0.41841954,-0.13760246,0.18219686,0.083424784,-1.5497967,-0.075601846,-0.10277799,0.15338537,-0.006245593,-0.09912972,0.12978916,-0.0074216914,-0.11115895,0.011131043,0.17290427,-0.323874,0.75908875,-0.1363946,-0.80979735,-0.35412803,-0.62420887,0.14285642,-0.040675085,0.48088065,0.143729,-0.033159584,-0.20323536,-0.04694182,-0.076449856,-0.022437133,0.059080023,-0.004792904,-0.0047891503,-0.07127966,0.032849092,-0.14585897,-0.02287503,-0.11665894,0.002970687,-0.052583937,0.00016013125,-0.004303145,-0.18807863,0
-0.34463188,-0.025892511,0.0054841004,0.008773827,0.00707862,0.0083406,0.031936944,-0.04772091,-0.09256332,-0.45582774,-0.5082841,-0.48153025,-0.15501632,-0.62883353,0.06901673,-0.8961749,0.11477399,0.118121915,0.027128458,-0.005877857,-0.15487982,0.017928332,-0.03184144,-0.100123055,-0.009409668,-0.21764897,-0.027878534,-0.55282444,-0.1077475,-0.8288914,-0.22295809,-0.38481724,0.12215844,-0.016651839,-0.62519264,-0.19168384,0.0711642,-0.11641521,-0.013176366,-0.059186492,0.0018682464,-0.082972124,-0.007868776,-0.019810434,-0.01744712,-0.018162964,0.25722367,0.0003985772,0.019193046,-0.005958405,-0.061708115,0.011900197,0.0074341036,-0.23681551,0
0.37701446,0.020658586,0.012209356,0.01124954,0.006276573,0.0060844417,0.015468137,-0.080359325,-0.10410257,-0.44490534,-0.6446936,-0.4439021,-0.1334975,-0.34161398,-0.064463444,-1.1814928,0.13245289,0.13605338,0.16024964,-0.0048316363,0.35068548,-0.11026683,-0.022234632,-0.0017241563,-0.0029826188,0.11420098,-0.058123205,-0.6989205,-0.15495075,-0.88469154,-0.29028463,-0.4117043,0.25340742,-0.013204017,-0.51109964,0.048216335,0.058170967,-0.09196412,-0.016562598,-0.027256776,0.0028316064,-0.07159317,-0.0050894823,-0.008641805,-0.018004104,0.035647415,0.36822075,0.016086325,0.023808537,0.014024134,-0.053585827,-0.010955732,0.0007189817,-0.24894987,0
-0.30212492,-0.022242608,-0.08872033,-0.01485234,0.0025217086,-0.0004714845,-0.023750618,-0.05741189,-0.13089122,0.11476073,0.020026375,-0.46566033,-0.15809031,0.16755861,0.04620325,-1.5900027,-0.07601758,-0.10806405,0.17547989,-0.0038885023,-0.14864811,0.17866479,-0.041530166,-0.11540337,0.004755024,0.21376927,-0.30279496,-0.46712586,-0.19673765,-0.57301146,-0.25528353,-0.22730416,0.38205746,-0.053981405,-0.78007984,0.11579694,0.077126555,-0.17532289,-0.06482199,-0.020506997,-0.02087512,0.06667976,-0.0099471975,-0.0132420985,-0.021553598,-0.027045278,-0.117709726,0.0039756875,-0.05424883,0.00073078205,-0.043569375,0.0034613968,0.0092436485,-0.23229071,0
-0.3500965,-0.017784437,0.028065184,-0.017386263,0.0038393922,-0.007619389,-0.035117473,-0.058342595,-0.10818678,0.119748175,0.016813537,-0.38867772,-0.12729199,0.19784705,0.06712599,-1.5799301,-0.002563101,-0.12576519,0.17832935,0.0024625277,-0.15404086,-0.17207317,-0.022218606,-0.10163642,0.0042771483,0.24940047,-0.30475277,-0.40301657,-0.18359055,-0.915225,-0.3944486,0.32462373,-0.08168017,-0.04334816,-0.82271224,0.12521076,-0.07111566,-0.18278815,-0.04169871,-0.07965829,-0.022517156,0.06981992,-0.009740931,-0.012876759,-0.07090107,-0.0271378,-0.13622113,0.0031787527,-0.052143414,0.0053272382,0.0365517,-0.006207673,-0.0033455011,-0.24882442,0
-0.30445364,-0.024850087,-0.0435252,-0.017689351,-0.00840218,-0.010322347,-0.028478352,-0.03293387,0.12663144,0.18861283,0.12083893,-0.41433248,0.075750485,0.25808296,0.001971962,-1.761878,-0.0998867,-0.11857121,-0.1865282,0.0017295175,-0.16535102,-0.22525157,-0.04009394,0.071731,0.0025892912,-0.200177,-0.31552976,-0.47490743,0.0355862,-0.336643,-0.42782918,-0.26948372,-0.11986929,-0.06812544,-0.7970636,-0.17721269,0.059873026,-0.14138886,-0.04655239,-0.057546895,-0.019277006,-0.110572875,-0.003825406,-0.024365647,-0.03521787,-0.029016124,0.2654086,0.0010245313,0.05245438,-0.008757081,-0.00801177,-0.0071883956,-0.003043517,-0.1998443,0
-0.015175888,-0.054407172,-0.10165071,-0.014371298,-0.02907967,-0.011125112,-0.025383368,0.2855778,0.18981487,0.25353387,0.68917173,1.2173043,0.065307565,0.2049161,0.08910211,-1.300463,-0.076397926,-0.0907316,-0.048085824,-0.0048750215,-0.133143,-0.2729574,-0.030535249,0.05732143,-0.007289149,-0.09137085,-0.36140832,-0.4136209,-0.17489153,-0.97849464,-0.3744759,-0.39651275,-0.13186824,-0.055085268,-0.83573157,-0.24202429,-0.0562695,-0.096500605,-0.050141968,-0.096316546,-0.023442762,-0.12714142,0.0009889876,0.047054496,-0.014441619,-0.016513294,-0.08642354,-0.015563051,-0.063162595,-0.007003504,-0.017851291,-0.0035915296,-0.016941356,-0.097354285,0
-0.37946945,-0.013519225,-0.098135196,-0.0016444307,0.0046954826,-0.0018920052,-0.036658727,-0.052216228,-0.10173502,0.16784765,0.055469193,-0.45328864,-0.17892915,0.21528102,0.09439216,-1.5101999,-0.09534064,-0.13758527,0.20688577,-0.0042528254,-0.16380933,0.16147792,-0.020128518,-0.13846232,-0.012783388,-0.24975052,0.01755419,-0.24723864,-0.01626595,-0.5156962,-0.38732025,0.497189,-0.04105535,-0.0686597,-0.9283317,-0.023305364,0.061834022,-0.21738236,-0.03806263,-0.08118879,-0.022386,-0.05372476,-0.0025023827,-0.023429435,-0.04768157,0.02999276,-0.13414454,0.0017058868,0.0095552355,-0.0013367018,0.040042907,-0.0008902411,-0.004280947,-0.28148308,0
-0.3147242,-0.011821012,0.020374998,-0.012907022,3.718352e-05,-0.013680473,-0.023246061,-0.04794718,0.005984284,0.16484393,0.07496535,-0.111151375,-0.12034654,0.22193025,0.04962311,-1.6670911,0.02450552,-0.08397309,0.17430277,0.0007098038,-0.14592905,-0.19207273,-0.022690466,-0.09026416,0.017135678,0.1962708,-0.32200545,-0.44412982,-0.19522902,-0.9773868,-0.3437696,-0.31633016,0.4023504,-0.028057234,-0.8494436,-0.11496765,0.0026854286,-0.11984107,-0.049210694,-0.09851502,-0.022480935,0.09442964,0.001757274,-0.015500295,-0.026347456,-0.027604569,-0.13064833,-0.00042510114,-0.052459203,0.0026593688,-0.04213205,0.0017391655,0.00627348,-0.20776536,0
-0.3677233,-0.003557812,0.014727514,0.009434544,0.0076372037,0.01088163,0.03564891,-0.044743706,-0.09022379,-0.22589475,-0.045987625,-0.46458977,-0.13981439,-0.5274571,0.056540772,-1.3220246,0.16145127,0.1379426,0.034031473,-0.0018609073,-0.14859593,-0.14526941,-0.0484308,-0.10121511,-0.013132127,-0.24584089,-0.073264696,-0.38869527,-0.11922356,-0.94166946,-0.31199238,-0.21655153,0.018112754,-0.018718423,-0.6741187,-0.20488355,0.07209763,-0.13126652,-0.01785468,-0.052569654,-0.005925271,-0.08461817,-0.00036136014,-0.01985932,-0.06412652,-0.028219681,0.26620853,-0.0013129655,0.021045165,-0.005492931,-0.05670771,0.016555259,0.0051316856,-0.2409766,0
-0.31918582,0.013030962,0.0029770178,0.00660948,0.0059981663,0.0028615762,-0.00625406,-0.07084638,-0.10513903,-0.43915564,-0.6031491,-0.42842957,-0.10539955,-0.56036645,-0.11457897,-1.0195234,0.09342312,0.10670386,0.017219122,-0.0055381423,0.27412578,-0.09842133,-0.04175034,0.018531466,0.00087704253,-0.19984679,-0.07027906,0.26444295,-0.13858648,-0.8911599,-0.24721867,-0.42274514,-0.072016045,-0.01637447,-0.57871544,-0.1340969,0.052688785,-0.10385353,-0.016441902,-0.016603325,-0.0031796922,-0.062257424,0.0013790302,-0.02180866,0.13379677,0.04103414,0.31225398,0.018367194,0.02768435,-0.0024378425,-0.0436437,-0.004941323,0.005190841,-0.24452515,0
-0.31594518,0.008732294,0.0048419074,0.006642504,0.006562334,0.0044723693,-0.0011626936,-0.07422374,-0.109407395,-0.43728572,-0.6182398,-0.45232204,-0.1286205,-0.5795371,-0.07621034,-1.0751722,0.105134815,0.11718661,0.027433513,-0.007517252,0.27996084,-0.1098845,-0.044676855,-0.056888007,-0.008573428,-0.086049184,-0.048175156,-0.6102982,-0.13996153,-0.88996094,-0.2669026,-0.3617518,-0.09565868,-0.033059444,-0.549302,0.035366654,0.056903515,-0.10232307,-0.017293304,-0.03035308,-0.0019283709,-0.06475493,-0.0034256624,-0.01840966,0.12756819,0.034073345,0.41705966,0.012146518,0.028558563,-0.0024905065,-0.01520909,-0.006239472,0.0049662557,-0.2673784,0
-0.37929904,0.006145215,0.01830997,0.01881097,0.0080697015,0.022448445,0.044369414,-0.054584663,-0.09338554,0.13317983,-0.043777272,-0.44385877,0.08132132,0.20968266,-0.0012565849,-1.6749704,0.035327084,0.17809547,0.020034092,-0.0009111962,-0.120754994,-0.18732154,-0.041444264,0.066640675,-0.0039105522,-0.17208931,-0.21669985,-0.4667353,-0.19475527,-0.9592947,-0.37092334,-0.6782938,0.33975515,0.01237895,-0.7516175,-0.1808605,0.08262749,-0.12033334,-0.0062248665,-0.038651835,-0.0060143606,-0.07915654,-0.00023863022,-0.018803466,0.12674494,0.04980979,0.37473893,0.0012271059,0.042978223,0.00013756659,-0.049634203,0.006064915,0.0025558418,-0.17662582,0
-0.30737233,-0.02612864,0.074841075,-0.014280667,-0.030393818,-0.014040928,-0.02781002,0.090631254,0.19592874,0.15502425,0.16730648,0.65217423,0.06934071,0.20750211,0.049260475,-1.5684768,-0.06752698,-0.095731005,-0.44142908,0.0016550015,-0.1330242,-0.2808567,-0.01901727,0.05847657,-0.0069983713,-0.085727766,-0.3192403,-0.3959202,-0.16852525,-0.9698722,-0.36219466,-0.3936645,-0.13971622,-0.053369913,-0.85284525,-0.2521873,-0.06494124,0.15645206,-0.048431274,-0.09765702,0.0047825244,0.044218436,-0.0056374935,-0.013173827,-0.05348395,-0.017250076,-0.100785784,-0.002058433,-0.057022676,-0.011087634,0.020886457,-0.007235962,-0.016089775,-0.026678046,0
-0.35980293,-0.017693924,0.08155706,-0.018892163,-0.0063542835,-0.0058114678,-0.037222654,-0.044350717,-0.095847,0.10762436,0.0059862826,-0.37899336,-0.13477767,0.1973477,0.1051948,-1.5569435,-0.088240355,-0.14433524,0.2125863,-0.0044752485,-0.1923748,-0.1659874,-0.038183447,-0.14424741,-0.02499235,-0.23287666,-0.050253615,1.0207055,0.024583422,-0.9337112,-0.40974522,0.34394652,-0.059300125,-0.046693336,-0.9723827,-0.10929168,-0.073797666,-0.17224056,0.010070574,-0.08378588,-0.017559519,0.02529927,-0.009089648,-0.014404829,-0.04447439,-0.031125404,-0.092806414,0.012315299,0.049647737,0.0044777505,0.029759921,0.0026412793,-0.0054980847,-0.25412282,0
-0.35662133,-0.01781425,-0.06940597,-0.020260274,-0.008339988,-0.009972386,-0.03865924,-0.050793972,-0.101453,0.17620346,0.041076604,-0.4118759,-0.101774506,0.2524255,0.14708291,-1.616442,-0.092564344,-0.13672698,-0.0010858201,0.0012824339,-0.15668671,0.124403745,-0.051648654,-0.129107,-0.0012924296,-0.22437635,-0.2886055,-0.27355716,0.09945259,-0.9900383,-0.3604876,0.53017884,-0.093763575,-0.044834077,-0.89036465,-0.10891931,0.08700686,-0.20792517,0.0123473415,-0.07519544,0.004239375,0.036970936,-0.0111112185,-0.021166671,-0.038649436,-0.020969074,-0.14004627,0.016175043,0.06759076,-0.0035661953,0.024293479,-0.0027770384,-0.0050839633,-0.24498935,0
0.5019273,-0.0002165609,-0.10504288,-0.015762428,-0.019616352,0.0018566224,-0.030279672,-0.019447275,0.19848494,0.20550732,0.14941081,0.627718,0.06295744,0.24212153,0.098714754,-1.3797044,-0.0974122,-0.11705218,-0.25539377,-0.0025140555,-0.15535744,-0.26153144,-0.028887985,0.061400574,0.0013733928,-0.17024778,-0.078510575,-0.23499772,-0.265519,-0.33246338,-0.024868255,-0.6065298,-0.1687755,-0.042672534,-0.9118767,-0.27139997,-0.060786452,0.17763059,-0.07488539,0.09076689,-0.011337633,0.053722832,0.00041751296,-0.01458925,-0.024413569,-0.0060693575,-0.094836585,0.0032211267,0.022718843,-0.009979613,-0.043112047,4.1170977e-05,-0.01348623,0.010595732,0
-0.3295111,-0.0094921915,0.066458955,-0.013116885,0.005040515,0.0026553376,-0.026839424,-0.060993616,-0.06048051,0.17073119,0.039193045,-0.445731,-0.14595675,0.21584302,-0.06993322,-1.5354198,0.20556636,-0.082212314,-0.071938254,-0.0010358053,-0.16171739,0.19419731,-0.0186638,-0.10303542,0.013577888,-0.08549817,-0.26893234,-0.41914323,-0.11057803,-0.9254003,-0.31723058,-0.6530969,0.2408809,-0.017717931,-0.8330295,-0.15171248,-0.06959539,-0.13158254,-0.047137354,-0.08721187,-0.01913691,-0.09341751,-0.0013535805,-0.008056031,-0.068296745,-0.024538353,-0.117157206,0.0065829074,0.041281253,0.004913388,-0.03888498,0.002349032,0.003513455,-0.20317727,0
0.53670377,0.020559799,0.07012148,-0.018340224,-0.0071329726,-0.007474015,-0.037586935,-0.04460883,0.11715101,0.09476549,0.07738131,-0.39936584,0.084960595,0.23613109,0.064141765,-1.3078876,-0.02451328,-0.09607324,-0.2280006,0.003131334,-0.17804155,-0.21161929,-0.033494808,-0.10307766,-0.022470975,-0.1430903,-0.07688222,0.90827227,-0.16797037,-1.0270503,-0.31597808,-0.7145675,0.20423526,0.05507785,-0.984099,-0.21692674,0.048509765,-0.091027156,-0.04601098,0.035161354,0.002367633,-0.087206684,-0.0070644408,-0.017229829,-0.049787793,-0.028155595,-0.15529251,0.01239776,0.026856828,-0.014210422,0.056508467,-0.007592448,-0.016140392,-0.17926374,0
-0.31534627,0.002697037,0.005267326,0.009067756,0.006562334,0.004384135,-0.001661622,-0.07277161,-0.110892996,-0.45340824,-0.62961435,-0.46664286,-0.117827,-0.58241254,-0.0061811674,-1.003719,0.10787365,0.11635201,0.021768888,-0.0023028702,-0.12269916,-0.13169244,-0.044748828,-0.06709424,-0.007707392,-0.07073924,-0.04328063,-0.58311945,-0.14252488,-0.8783003,-0.2343982,-0.42532468,-0.113670476,-0.033845868,-0.6156242,-0.1304944,0.06524884,-0.11225144,-0.0152603,-0.030514957,0.002733549,-0.06475493,-0.0006471509,-0.02017109,0.12865685,0.029326001,0.41648236,0.007952188,0.027037527,-0.0054447046,-0.009674508,-0.0062634023,0.004412076,-0.20351757,0
-0.35815695,0.0051435507,0.06869735,-0.019469358,0.008113407,0.0043161036,-0.027478736,-0.08240895,-0.15139599,0.19153327,0.08344136,-0.19419658,-0.06316525,0.22360219,0.0021364316,-1.5178459,0.14547886,-0.082516536,0.013812622,0.00628337,-0.10980692,0.17595662,-0.016315116,-0.06397067,0.0076165525,-0.015965592,-0.303313,-0.17702416,-0.18050729,-0.79446393,-0.24221967,-0.6597395,-0.17117456,-0.048847083,1.3739654,0.081379615,-0.048638776,-0.19212471,-0.06209028,-0.08416794,-0.025943244,-0.16479075,-0.011861784,-0.030561283,-0.062495932,-0.024818389,-0.10925889,0.0033264277,-0.11805758,0.0026490572,-0.07007193,-0.0030606498,0.002239036,-0.17012745,0
-0.13425629,0.011085764,0.015155932,0.012283108,0.0063562687,0.0092802355,0.020827118,-0.062569216,-0.094197184,0.010032389,-0.10630987,-0.45888248,-0.11985358,-0.15274324,-0.114810035,-1.3257762,0.13717441,0.15255742,0.04745951,-5.4575503e-06,-0.1776814,-0.14299794,-0.029656524,-0.10537807,0.0009876208,-0.13017695,-0.055334635,0.52100885,-0.19548371,-1.0594136,-0.31265482,-0.6239645,-0.052747883,0.014582882,-0.77595806,0.019773647,0.06670992,-0.12433629,-0.014707303,-0.019398428,-0.0069383606,-0.07302574,-0.00011617667,-0.017586555,0.13133131,0.0033985837,0.29303306,0.007527533,0.02074247,0.0003495895,-0.057704892,-0.008563177,-0.003454667,-0.19779012,0
0.45762017,0.016326008,0.015091144,0.0116262855,0.0072257305,0.008927058,0.022401907,-0.100938946,-0.11344478,-0.15188321,-0.16168086,-0.49132514,-0.12029049,-0.45425943,-0.08553457,-1.1303636,0.13538653,0.15288605,0.0304301,-0.0044524353,-0.1378239,-0.14279427,-0.035736106,-0.09062218,-0.0115376655,-0.05836789,-0.048714086,-0.3485064,-0.18591423,-1.1037853,-0.26652864,-0.6528242,-0.099961385,0.033300396,-0.72660065,0.0052231755,0.062046297,-0.12087703,-0.02168317,-0.031780347,0.001733172,-0.07230898,-0.0014822739,-0.011420146,0.13706791,0.030688213,0.26471883,0.01752316,0.017293084,-0.0046778116,-0.064343,0.002971769,-0.014555201,-0.18361618,0
0.5466494,-0.008335288,-0.084121525,-0.015634906,-0.009825889,-0.0089688925,-0.03260152,0.07252781,0.18283156,0.13482688,0.12902741,0.15259944,0.0790841,0.21541141,0.1127831,-1.2983294,-0.07906473,-0.11772681,-0.21201423,-0.008202705,-0.1654705,-0.24203984,-0.034474988,-0.087722845,-0.023382405,-0.14321335,-0.0073104636,0.82682616,-0.15636984,-0.99701935,-0.35441816,-0.586143,0.2694753,0.06162881,-1.0522597,-0.24706843,-0.056521196,-0.06936593,-0.02629446,0.07212355,-0.006662757,-0.066985026,-0.00544022,-0.01606344,-0.030091919,-0.026586715,-0.14420216,0.00097264827,0.02977077,-0.013082466,0.0619254,-0.0047929236,-0.016248358,-0.15911992,0
0.43136021,0.010838341,0.06474402,0.0010861431,0.0033176867,0.0008166013,0.0133946305,-0.06069024,-0.11507687,0.1303482,0.013849318,-0.43626514,-0.123876706,0.25250635,-0.0043119877,-1.3319731,0.13685232,-0.07866741,0.19872154,-0.0035319333,-0.2037481,-0.1312597,-0.031913713,-0.12408143,-0.022049159,-0.17683019,0.024949916,0.9204698,-0.23760839,-1.0257035,0.27701226,-0.74379146,-0.1913735,-0.021419669,-0.9301188,-0.14881575,-0.06659558,-0.11440264,-0.043964904,-0.06809652,-0.013634827,0.029092208,-0.008813079,-0.03027537,-0.080322504,-0.037666902,-0.15695542,0.024457907,0.031104557,0.0045620254,-0.03346259,0.001953876,-0.0137208365,-0.21798393,0
0.510753,-0.009619005,0.06937697,-0.01670401,-0.033973195,0.0049705897,-0.022406807,0.070822366,0.1516473,0.21663469,0.1911163,0.76924926,-0.12609178,0.24242069,-0.0065328777,-1.2671071,0.18319182,0.054902557,-0.093740374,-0.0030078776,-0.13144898,0.029103423,-0.030328454,-0.0958383,0.010676295,0.088504225,-0.39986008,-0.36844373,0.015707843,-0.908407,-0.3422558,-0.5693943,0.0059032682,-0.02959808,-1.0067886,-0.17257904,-0.07379183,-0.15767936,0.017116465,-0.0964048,-0.013810652,0.0759029,-0.0075511676,-0.017158907,-0.022579487,-0.022409433,-0.11520589,-0.011222772,0.043292936,-0.0012407122,-0.02712131,-0.0028444505,0.009232111,-0.17514683,0
0.4273174,-0.018097255,0.006442912,0.009969505,-0.0013713953,0.00432957,0.014100185,-0.105944484,-0.11157259,-0.4946518,-0.6790534,-0.451952,-0.14764221,-0.6684678,-0.13295498,-0.72431123,0.0058175586,0.13608867,0.19682258,-0.003027642,-0.2109732,-0.06604949,-0.0062146015,-0.11711096,-0.009055013,-0.18605284,0.098298475,1.2028905,-0.05811816,-0.2066796,0.18855993,-0.60776365,-0.1630873,-0.031940322,-0.6079622,-0.15157218,0.06709158,-0.109417304,0.0046751215,0.0063300766,0.00048965844,-0.061084867,-0.0074213725,-0.024958113,0.14176737,-0.033346027,0.26372182,0.032269116,0.036782768,-0.00019260554,-0.055074845,-0.007853213,-0.017842155,-0.31182465,0
-0.32158685,0.001225933,0.0722482,-0.011168465,0.004289119,0.0031933207,-0.03255497,-0.061864037,-0.122853816,0.12389171,-0.0078655975,-0.44915354,0.06912806,0.2099102,-0.12669736,-1.5181173,0.14530122,-0.1083117,-0.5572402,0.0065685064,-0.20787619,-0.19192949,-0.025996715,0.06786249,-0.016291155,-0.16752917,-0.22149244,0.15293238,-0.22102214,-0.9216872,0.035305984,-0.7296805,-0.16995355,-0.03744908,-0.8395737,-0.21649843,-0.05998354,-0.00028288574,-0.038491428,0.030943193,0.0064607533,0.05510052,-0.0018529636,0.043969464,-0.030895459,-0.03012974,-0.128711,0.004328435,0.03815239,-0.016123012,0.02076902,0.009078404,0.0023581446,-0.041599013,0
0.40022445,-0.019351996,0.06745612,-0.017619021,-0.010253554,4.789536e-05,-0.030017192,-0.05302942,-0.12361998,0.15811747,0.02873986,-0.40381506,-0.13950258,0.25278297,0.13262308,-1.2861912,0.14721745,0.1253813,-0.04749494,-0.0020469874,-0.19978721,-0.12254924,-0.03231703,-0.11729347,-0.030347813,-0.18380494,0.11918645,0.88462746,-0.20326212,-1.0423523,0.291397,-0.77087283,-0.18004325,-0.02518405,-0.9144302,-0.08268867,0.046820905,-0.15752691,-0.040630616,0.008050293,-0.022816157,-0.080077365,0.010490314,-0.022883877,-0.04123868,-0.039769266,-0.16042224,0.02323941,0.03604675,0.0041805436,-0.018721426,0.0008887688,-0.017541863,-0.2318931,0
0.42129576,0.016656311,0.008440075,0.008633941,0.005832679,0.004385453,-0.0025143821,-0.09110436,-0.11474788,-0.4612866,-0.6445814,-0.46029165,-0.11337836,-0.5698038,-0.07999561,-0.84960955,0.12782224,0.12658313,0.021520527,-0.0046817344,-0.17288242,-0.11023796,-0.042536415,-0.09638055,0.0013014788,-0.10452486,-0.02976085,0.08845038,-0.101270504,-0.9576645,-0.22504357,-0.5984559,-0.1643926,-0.0123223085,-0.6452761,0.0398142,0.061563876,-0.10474719,-0.014425229,-0.012141622,0.0040347474,-0.067362495,-7.883599e-05,-0.012318917,0.1377281,0.037436567,0.29264545,0.011511412,0.016550137,-0.0038989782,-0.06658725,-0.009035851,-0.015008467,-0.23481499,0
-0.29807654,-0.01750013,0.0020559193,0.006972355,0.003928917,0.0039931247,-0.0047471784,-0.0698545,-0.10472114,-0.5035505,-0.62598777,-0.42252445,-0.13770631,-0.59485227,-0.12551051,-1.0769922,0.11822614,0.109534465,0.15036541,-0.005301371,-0.19180535,-0.06374733,-0.009133065,-0.09284128,-0.010551112,-0.21886545,0.19516271,1.2707027,-0.03818525,-0.6967117,-0.00010845554,-0.50804204,-0.1306523,-0.024255699,-0.62534213,0.018172383,0.06322574,-0.10351096,-0.014998464,-0.053086925,-0.00574638,-0.067474276,0.0028028453,-0.0051710084,-0.00045339763,-0.030707603,0.3242762,0.02696449,0.041763093,-0.0021253233,-0.009405041,-0.0055754716,-0.0063791345,-0.27903047,0
-0.336765,0.003181416,0.009148886,-0.0012591658,0.0069848476,0.003490515,-0.023862494,-0.06827475,-0.1310991,0.11486406,-0.0024368737,-0.42819503,-0.11558429,0.22700034,-0.008107588,-1.3044858,0.17976393,0.11778965,-0.41569892,0.00047287112,-0.19631332,-0.17588831,-0.010663705,-0.09772745,0.008564779,-0.04746663,-0.2575558,0.14465262,-0.16427654,-0.9197878,-0.27119774,-0.65647596,-0.14516132,-0.038090214,-0.831289,0.07538375,-0.05789158,-0.18061274,-0.027037451,-0.029742517,-0.017745916,0.06238778,0.00044024363,-0.024380026,-0.03269524,-0.03225538,-0.14496882,-0.0055009974,-0.061954044,0.010862015,-0.043444954,-0.0055717714,0.005658203,-0.20640434,0
-0.3247274,0.0017977527,-0.07701783,-0.011730663,0.026417747,-0.0023380304,-0.019085275,0.042712443,-0.04108037,0.18667708,0.1591137,0.89822745,0.073630646,0.24755071,-0.10150762,-1.5058177,-0.0693716,-0.10587711,-0.05220736,0.0030739147,-0.15026778,-0.09342638,-0.031761166,-0.09676161,0.009916358,0.18654355,-0.33544815,-0.39748603,-0.16753323,-0.28107736,-0.38306746,-0.46146056,-0.1370141,-0.06702608,-0.9105585,-0.16096354,0.039976645,-0.19576381,-0.06657756,-0.10367933,-0.0075338334,0.03444503,-0.00327871,-0.015781254,-0.060177322,-0.018965932,-0.10870846,-0.0051715914,0.033471502,0.012261263,0.029453227,-0.0030278857,-0.015518753,-0.1638367,0
-0.3470064,-0.024923403,-0.07304743,0.013524745,0.011368716,0.0010941788,0.03779339,-0.04380037,-0.09672825,0.20466417,0.030559046,-0.41073522,0.093641564,-0.059163675,-0.09349735,-1.7039577,-0.086857185,-0.12263519,0.045667633,0.0044455524,-0.18596922,-0.15586433,0.034300473,-0.12641032,-0.02100888,-0.29391715,0.17908676,-0.21656017,-0.26258716,-1.0189685,0.15609848,0.31705433,-0.17482045,-0.049797628,-0.75903267,-0.1928439,0.04734673,-0.08617584,0.0001901635,-0.0762149,-0.013376576,-0.044815812,-0.0011058124,-0.026008703,-0.02013363,-0.008724283,0.3709724,-0.002564948,0.02908326,-0.0030922918,-0.014444491,0.0032305294,0.0055952603,0.049617037,0
-0.13223091,0.0066595613,0.009015208,0.0073331716,0.00632103,0.0044796104,0.011939406,-0.07925552,-0.119643725,-0.41182226,-0.641042,-0.47904378,-0.1377505,-0.56258875,-0.13959499,-1.0563034,0.10730712,0.113165215,0.02485654,-0.0007562628,-0.16211735,-0.10125952,-0.018248597,-0.084632546,0.0007007632,-0.060600698,-0.031104732,-0.33751118,-0.13956858,-0.91581213,-0.2361869,-0.50532454,-0.12977052,0.031133668,-0.6422404,0.039022096,0.06440333,-0.107175745,-0.01549994,-0.033514496,-0.0013895626,-0.06490154,0.0013870171,-0.014559607,0.04535204,0.030711876,0.24256815,0.007977472,0.021229103,-0.0049091387,-0.055556897,-0.0059844702,-0.0043948423,-0.23060489,0
-0.31760895,-0.004530565,-0.07423031,0.017827703,0.015048945,-0.0032673273,0.020036604,-0.07150285,-0.13071142,0.1697624,0.027631598,-0.5326321,0.07822534,0.2785167,0.065920494,-1.4719573,-0.10024134,-0.11057031,-0.27028817,-0.0056996685,-0.14811452,-0.22287387,-0.038392197,0.066691294,-0.0005474875,0.016465237,-0.061748832,-0.40455613,-0.18498309,-0.060248014,-0.32337597,-0.7185592,-0.17116609,-0.07676023,-0.7873929,-0.21347173,0.06326543,-0.1870329,-0.028010394,0.027166918,0.006988003,0.033659656,-0.00051310915,-0.0078089605,-0.032554284,-0.026002055,-0.13444531,-0.0025032815,0.008030363,-0.016441874,-0.04353226,0.0015728734,-0.00613105,-0.19112937,0
-0.25570542,-0.004799738,0.01689386,-0.0055138627,0.0033213226,-0.0009631356,-0.024620151,-0.06632173,-0.122890495,0.15561992,-0.008817665,-0.50429213,0.09009227,0.22411865,0.005322323,-1.3769622,-0.060546715,-0.075108595,-0.18451612,0.004596092,-0.20512617,-0.23332807,0.0052033197,0.0743846,-0.014150422,-0.17518431,-0.0508673,0.12568824,-0.21254705,-1.0562513,-0.3481104,-0.571548,-0.15689823,0.03356406,-0.86462903,-0.21187408,0.020070469,-0.076403886,-0.039298102,-0.012550035,-0.021132197,-0.019469935,-0.0063372287,-0.008216501,-0.062150683,-0.020532068,-0.1629854,-0.0059456294,0.034857348,-0.015523627,0.024505135,0.0062042205,-0.0009907943,0.22806081,0
-0.28428268,-0.02352434,-0.094294645,-0.016822781,0.0029914808,-0.01611978,-0.03958587,-0.0147341555,-0.12010344,0.22130607,0.12370827,-0.4752545,0.07955715,0.23667605,0.1556668,-1.5357581,-0.084327534,-0.11260266,-0.103449345,-0.0057454742,-0.14819159,-0.21075097,-0.024078539,0.07615598,0.007040119,0.20970854,-0.09272643,-0.34406033,0.04829728,-0.99488115,-0.4259116,-0.3673742,-0.15093276,-0.051773716,-0.84660536,-0.16213772,-0.06434791,-0.18636186,-0.038878668,0.027794093,0.010787814,-0.02826945,-0.007842528,-0.008167251,-0.037136372,-0.011458879,-0.110367596,-0.0010820919,-0.093943976,0.001563462,0.02622094,-0.0030872426,-0.0036990107,-0.19163333,0
-0.3593286,-0.041663017,-0.059769746,-0.011159036,0.0010106862,-0.0037827706,-0.022270715,-0.05038693,-0.04478368,0.18207954,0.08804685,-0.32816583,0.086034544,0.2887066,-0.09101081,-1.4277389,-0.10421103,-0.13055235,-0.07580866,0.00021612411,-0.21578084,-0.15900871,-0.017457563,-0.15446045,-0.0117091425,-0.23882647,-0.04630957,0.66751105,-0.29388672,-0.034832835,0.44684544,0.23172408,-0.19652684,-0.08297517,-0.8970951,-0.19966182,0.10085097,-0.12907134,-0.054755434,-0.057975266,-0.022141535,-0.067636795,-0.0034647854,-0.012156829,-0.03257165,-0.017496316,-0.15819523,0.0006548343,0.04000482,0.004627605,0.014117761,-0.008661521,0.0021268828,-0.24077702,0
0.3270191,0.022335183,0.0138584925,0.012359912,0.0025428152,0.0045329984,0.0073384745,-0.09165593,-0.111239806,-0.5225185,-0.7128776,-0.45965275,-0.09242873,-0.18494084,0.006836747,-1.1952298,0.13154577,0.1551165,0.044594567,-0.0021069767,0.3155349,-0.100393735,-0.04092867,0.039535925,0.005519712,0.18831053,0.087234125,-0.6753955,-0.17154053,-0.018177472,-0.068107,-0.73882306,-0.1883076,-0.02905013,-0.43426096,0.04473822,0.075714886,-0.09539897,-0.018756108,-0.029441988,0.005417801,-0.066432275,-0.0009449797,-0.006769696,0.07266576,0.030881204,0.42042193,0.01348304,0.01862552,-0.002283499,-0.019770628,-0.012937452,-0.006736426,0.022215787,0
-0.27355054,0.011033544,0.022566497,0.01090591,0.0057074074,0.0078011537,0.022458881,-0.08429408,-0.12334243,-0.006092729,-0.3426785,-0.5008784,-0.14104398,-0.20671,-0.10218409,-1.2047695,0.014051234,0.13578744,0.17104498,-0.0032247182,-0.15755838,-0.1202955,-0.013301557,0.087053806,-0.0027121608,0.26880652,-0.0745298,-0.5802341,-0.33056048,-0.70975935,0.3014997,-0.47216314,-0.14569874,-0.03009694,-0.6117827,0.021880776,0.064731665,-0.11159063,-0.030857977,-0.03479716,-0.0049259574,-0.0674014,0.00061302166,0.0011894177,0.10809216,0.037337057,0.39761448,0.01409203,0.031559434,0.005272671,-0.0475667,0.008882771,0.0018547165,-0.18318929,0
-0.27983198,-0.030287325,-0.0701244,-0.005477748,0.0030196765,-0.009830764,-0.02654744,-0.061197594,-0.11657264,0.12724829,-0.024274118,-0.48030216,0.0765466,0.18878733,-0.1668143,-1.4147862,-0.07832591,-0.11413221,-0.5235668,-0.005811032,-0.21779902,-0.22388273,-0.004928426,0.076618865,-0.014408378,-0.14826092,-0.0916203,0.1457662,-0.17865773,-0.9874689,-0.33977038,-0.5149539,-0.12973943,0.045908414,-0.86141086,-0.21505485,-0.068256184,-0.112672605,-0.039933987,-0.052197114,0.0063658645,0.06017227,-0.004093428,-0.011271738,-0.02923138,-0.029125934,-0.14300819,-0.0055898866,0.034373328,-0.01583254,-0.01412249,-0.0070951562,0.0058976505,0.25640088,0
0.36209977,0.012523451,0.019924883,0.012387052,0.0058862763,0.008458125,0.024543846,-0.09296593,-0.11090392,-0.01309892,-0.11700805,-0.47248793,-0.120178595,-0.21620144,-0.14839266,-1.4973676,0.13173509,0.16960487,0.17396279,-0.0032795316,-0.13319786,-0.13735378,-0.010607908,0.047410566,-0.001914809,0.26326776,-0.018405903,-0.569357,-0.28871647,-1.1102533,0.07589208,-0.5617612,-0.12307727,-0.023657322,-0.6797966,-0.040568113,0.06463397,-0.10971926,0.0012745477,-0.03435519,-0.00045497972,-0.064818054,-0.0011579702,-0.009308024,0.13012713,0.029795732,0.37058344,0.018710304,0.03584862,0.0023126598,-0.020982841,-0.01150703,-0.013671111,-0.18613304,0
-0.21092531,-0.013403378,-0.060879767,0.0032082065,0.00969859,-0.00040361146,0.03323795,-0.049900673,-0.096999675,0.2698531,0.124584906,-0.39613783,-0.20471343,-0.158041,-0.17326392,0.8974817,0.022927392,0.15202233,0.21067989,-0.010731152,-0.16204225,-0.12422557,-0.048719876,-0.27021703,-0.015314933,-0.22556102,0.2179803,-0.50666994,-0.28717193,-0.7426757,0.32164392,0.2630023,-0.18479818,-0.07945115,-0.59341216,0.0025857985,-0.021502983,-0.09437674,-0.051071953,-0.060911056,-0.016267033,-0.06356793,0.0021370272,-0.024504656,-0.062194422,0.044274326,0.2502027,-0.0025585722,-0.049371224,0.008919382,-0.055828735,-0.0023986422,0.00093415414,0.27314356,0
-0.23393172,-0.009075398,-0.07687228,0.018194433,0.011629093,-0.0005897917,0.015397665,-0.06806725,-0.15257238,0.14581227,-0.0258299,-0.6094119,0.053253278,0.21118584,0.15866502,-1.5846473,-0.087124474,-0.09766377,-0.41437137,-0.00815731,-0.096101955,-0.24364887,-0.025263049,0.047076724,-0.00074772746,0.1222797,-0.04473344,-0.47898453,-0.25254017,-0.7510355,-0.2907248,-0.80845726,-0.19355956,-0.047664177,0.5918814,-0.22716977,-0.047633633,0.034458883,-0.041932873,0.08208483,0.004577212,0.07462514,-0.0019817885,0.03507827,-0.05881216,-0.019462803,-0.12562165,-0.021643594,0.02965511,-0.008287879,-0.0708411,-0.006912181,-0.01456493,0.24110328,0
-0.3269327,-0.004518275,-0.076985724,-0.01637444,0.0040427367,-0.014293931,-0.037883587,-0.04395132,-0.11550056,0.18434556,0.13736618,-0.38133988,0.054139383,0.21980752,0.15773822,-1.5076846,-0.094104916,-0.11880397,-0.21267122,-0.005697991,-0.1691226,-0.17319404,-0.036730763,-0.08042385,0.0023737603,0.18622723,-0.27326256,-0.42999825,-0.1616045,-0.3081886,-0.40323588,-0.62196654,-0.10390833,-0.06317808,-0.79021066,-0.16754487,-0.08387885,-0.19729948,-0.03594528,0.0046075643,-0.019055475,0.033010405,-0.0053571477,-0.01592538,-0.064955585,-0.020996297,-0.124681726,-0.0070420466,-0.041198798,0.016804721,0.030230042,0.0050602946,0.011156614,-0.0635411,0
-0.30505508,-0.017319428,0.025418423,-0.015781395,-0.0045183003,-0.004195393,-0.03929887,-0.04572462,-0.09141134,0.15450394,0.023892822,-0.34856752,0.10548583,0.27234137,-0.07530235,-1.0752608,0.037669465,-0.07319446,-0.55739945,-0.0022608042,-0.20671038,-0.16862503,0.031014023,-0.12641686,-0.017451692,-0.20580345,-0.02834055,0.9138974,-0.22129554,-0.8948785,0.39336818,0.51443356,-0.18552154,-0.054167833,-0.9830084,-0.18912981,-0.07739674,-0.053474825,-0.021167604,-0.064989306,-0.021557575,-0.06920719,-0.010059602,-0.017376103,-0.061744068,-0.020503396,-0.15905596,0.00801903,0.045663513,0.0029009292,0.022240264,-0.0037397787,-0.002941818,-0.24555224,0
-0.16062374,0.0014294358,-0.10017216,-0.0017510876,0.010261865,-0.0064580874,0.010491989,-0.06484783,-0.120590135,0.17285183,0.06650628,-0.5017576,0.07716901,0.237105,0.096935615,-1.4810792,-0.08763321,-0.11994353,-0.08175847,0.0013273323,-0.15288465,-0.19971858,-0.01998358,0.06429677,0.016680269,0.19404055,-0.1131321,-0.33833158,0.08286299,-1.0485997,-0.4164759,-0.5117678,-0.15509678,-0.049429517,-0.8282648,-0.1510369,-0.06557737,-0.19841409,-0.047729246,-0.08057369,-0.019215701,0.0026737533,-0.006451702,-0.018317994,-0.06197776,-0.02177833,-0.10739097,-0.00639664,-0.098978475,0.007677871,-0.010558452,-0.005689162,-0.024340106,-0.17457944,0
-0.34683302,0.0032239896,0.022310447,0.02667428,0.0050327927,0.00082539674,0.013655848,-0.073191375,-0.12528096,0.16929589,0.00603911,-0.5299694,0.05491204,0.25689888,-0.0008451431,-1.7876713,-0.062406987,-0.10408027,0.14732519,0.0005951221,-0.072127886,-0.18789493,-0.02447359,0.05374022,0.007164713,0.2059077,-0.10859851,-0.5495711,0.029097587,-0.8700241,-0.3946691,-0.7713799,-0.17894804,-0.03190153,0.51841855,0.18438062,-0.046463083,-0.18747602,-0.01291035,-0.07407339,-0.018035281,-0.12868252,0.009915686,-0.014873114,-0.07469804,-0.029223535,-0.11817756,-0.017107498,-0.12824339,-0.0020278832,0.04945216,0.0028057545,0.005603433,-0.14268647,0
-0.3891086,-0.0081646675,0.07585283,-0.0176661,0.010539615,-0.0072156144,-0.04702366,-0.05394852,-0.091852434,0.1526099,0.02836428,-0.39753196,-0.0043322956,0.1984393,0.009570613,-1.6823388,-0.08786054,-0.14078026,0.1945092,-0.0035984935,-0.14909557,0.19583708,0.1245655,-0.13118702,-0.014421508,-0.23616928,0.015858216,-0.42386398,0.028497493,-0.9373028,-0.39599288,0.6078742,0.42941928,-0.045180634,-0.7983974,0.008736891,-0.06279849,-0.122554675,-0.040196367,-0.09234619,0.008214767,-0.09955657,-0.012013768,-0.024509186,-0.01744539,-0.022724554,-0.12274356,0.007131215,0.033607606,-0.015512714,0.047790147,0.0028425262,-0.019189205,0.053255185,0
0.116928,0.01811522,0.01614727,0.01013543,0.0048239906,0.007143945,0.019222919,-0.082148,-0.118447565,-0.5651891,-0.69712985,-0.48334974,-0.10951277,-0.1836431,-0.10687648,-1.1717463,0.11372574,0.14475861,0.15189274,-0.0026969581,0.095427275,-0.09120778,-0.020094099,0.04421105,-0.008485688,0.12518533,0.13608497,-0.6538728,-0.16885176,-0.77100056,0.015598402,-0.6490268,-0.18418138,-0.034441397,-0.5106584,0.043142304,0.06517373,-0.09701079,-0.01460669,-0.031555615,0.0019573995,-0.066333644,-0.0004486621,-0.011246754,0.007674865,0.03863268,0.37180054,0.012808188,0.02257599,-0.003622753,-0.024089593,-0.010689401,0.0017916913,0.06730141,0
-0.36374387,0.010616552,0.06238758,0.009898123,0.0015013035,0.0073474655,0.02441726,-0.08352373,-0.13447887,-0.6194932,-0.6952998,-0.48317596,-0.017415017,-0.5281225,-0.070372194,-1.1461791,-0.0017386116,0.13205054,0.12785473,-0.0011449882,-0.101702265,0.19486468,-0.033474885,-0.09280178,-0.004545465,0.30363253,0.20781437,-0.62989146,-0.13503699,-0.7665763,-0.20325112,0.60144764,-0.19322181,-0.018527923,0.331119,0.010276567,-0.03120503,0.1657275,-0.0017492818,-0.06903107,-0.010292862,-0.07178373,-0.0077842865,-0.008271449,-0.044533003,-0.02613859,-0.10105868,-0.0053601475,-0.024902929,0.0033957413,-0.03149685,0.020520475,-0.001084512,0.09417658,0
-0.32041645,-0.025702463,0.07518976,-0.0023449315,0.012724744,0.0007581683,0.008690378,-0.050550498,-0.102302395,0.17177127,0.0075754924,-0.48148343,0.07833342,0.19202812,0.14150268,-1.7040523,-0.078193426,-0.10550583,-0.033763565,0.0025201829,-0.1274212,0.16714066,0.0990924,0.07656552,-5.298783e-05,-0.16459401,-0.2570186,-0.39873722,0.18250448,-1.009875,-0.3506733,-0.6105621,-0.0823166,-0.027908625,-0.53177595,-0.19872312,-0.0652405,0.29771832,-0.013067193,-0.045913458,-0.0018034708,-0.10532358,-0.011855685,0.036154635,-0.025444455,-0.026524676,-0.10946749,0.011457112,-0.053185485,-0.010404365,0.04207503,0.004032991,-0.018284414,0.5176793,0
-0.31934917,0.008512882,0.0076212697,0.009021807,0.005902704,0.0048283227,0.021233637,-0.078893915,-0.10925892,-0.49417943,-0.6308746,-0.48251212,-0.11410639,-0.54711634,0.14789195,-1.0833156,0.089944005,0.118530065,0.0054981145,-0.0018816823,0.4266703,-0.117744386,-0.040949993,-0.048959646,-0.003669658,0.06404113,0.11445499,-0.64319235,-0.11833713,-0.5886373,-0.26968005,-0.59601325,-0.1610343,0.00814238,-0.49833602,0.05141609,0.0613244,-0.09623624,-0.020429257,-0.029698512,-0.002201647,-0.079279654,-0.0006007899,0.004647881,0.121435344,0.040906284,0.36935565,0.01591022,0.028119143,-0.004261245,-0.005527683,-0.00028637587,0.004747643,-0.25573403,0
-0.3872597,0.008490671,0.062234476,0.0073385146,0.003406641,0.0050918087,0.0010134708,-0.07907818,-0.11912417,-0.56087786,-0.7057813,-0.4268688,-0.16200513,-0.6388741,-0.15906605,-0.8091767,0.11126912,0.12617846,0.031885628,-0.004513654,0.29935187,-0.11489574,0.06558921,-0.11266969,-0.0038909432,-0.2846345,0.07386935,-0.6229972,0.010948644,-0.5603229,-0.2707833,0.36652336,0.34219655,-0.011890102,-0.522479,-0.17346902,0.062289353,-0.08981472,-0.010956179,-0.061620038,-0.0010157111,0.036371578,-0.0008452425,-0.0022396538,0.0011483706,0.03194704,0.28379124,0.015876777,0.02729851,-0.0076770894,-0.009137724,0.015017889,0.009402956,-0.048233718,0
-0.4317818,0.015057984,0.0053780554,0.008354049,0.00096328184,0.003532384,0.020679079,-0.081255645,-0.09228878,-0.6038698,-0.68594307,-0.46622297,-0.0024957582,-0.613868,0.09148098,-1.0934767,0.12316583,0.12783585,0.036465015,-0.0016287751,0.28671154,-0.001533451,-0.023392996,-0.0789194,0.012359498,-0.07579929,0.09891181,-0.67370397,-0.039104663,0.37469193,-0.27021942,-0.5733858,-0.16945063,-0.027894631,-0.4518828,0.06774518,0.0727908,-0.105500065,-0.023285959,-0.02470909,0.001157345,-0.081638,0.005118548,0.0008317833,0.13063222,0.036136508,0.23738182,0.011136075,0.029760666,-0.0024113446,-0.008805459,0.02027572,-0.00012391433,-0.2975394,0
-0.28828016,-0.006938108,0.0676327,0.0002289277,0.012273869,0.00029371027,0.010342968,-0.058962204,-0.117882214,0.12816644,-0.003777245,-0.50196373,0.05688828,0.20386721,-0.13375686,-1.5678192,-0.082595125,-0.104542784,-0.5264065,-0.008192756,-0.11888968,-0.22121851,-0.034505494,0.06007604,-0.0030959758,0.16921386,-0.10583241,-0.48379692,0.029226147,-0.79545385,-0.3286198,-0.76020813,-0.19554725,-0.0514861,-0.1209806,-0.19588365,-0.057954915,-0.07084992,0.027342943,-0.073013544,-0.005188036,-0.08488529,-0.007721482,-0.01489878,-0.067055695,-0.009247153,-0.11481333,-0.022669423,0.024125405,-0.010274159,-0.054343633,0.0027557882,0.009543596,0.4768764,0
-0.4718351,-0.024274701,0.013197133,0.001738036,0.010653932,-0.0053232703,-0.032950968,-0.046751656,-0.09394352,0.20029342,0.058011733,-0.41385707,-0.12460225,0.20333092,-0.14855558,-1.5889533,-0.113272265,-0.14894944,-0.2873754,0.0012429024,-0.14230104,-0.17570144,0.105657205,-0.08092753,-0.013498127,-0.25210813,0.19428799,-0.4164427,0.037206102,0.04222847,-0.40706763,0.56725115,0.39854717,-0.03693255,-0.86131096,-0.11144422,-0.08883279,-0.05798641,-0.04873419,0.051077455,-0.022227427,0.025169635,-0.008502479,-0.014054522,-0.03423791,-0.021024643,-0.12291926,0.008380305,0.043113146,-0.016001206,0.029154839,0.014650848,-0.012013079,0.15715355,0
-0.34684092,-0.011017684,0.020816509,-0.0039494596,0.011446366,0.00091540534,0.0043730233,-0.08881354,-0.17925617,0.16702685,-0.0027623784,-0.7298015,0.06620405,0.24108393,0.122353025,-1.6470358,-0.080752596,-0.0915042,0.034708776,0.00093359407,-0.07718322,0.16027726,-0.035781212,0.05029213,0.0045613507,0.19956127,-0.074082434,-0.53417206,0.0069366116,-0.758,-0.35755864,-0.7724473,-0.16910654,-0.040235955,1.2668335,0.16738108,-0.039896727,-0.17504211,-0.053265326,0.025965184,0.0077294614,-0.16579698,-0.015269028,0.050043702,-0.06520603,-0.015378747,-0.12309788,-0.016882334,-0.13629858,-0.005414242,0.059749987,-0.00023170724,0.001553773,-0.04412205,0
-0.3263093,0.009112856,0.0068962965,0.0100013,0.0061030444,0.004818697,0.010641231,-0.08175351,-0.11814292,-0.4845637,-0.64749604,-0.48478425,-0.10118972,-0.5609322,-0.002178412,-1.0664079,0.10652681,0.11718517,-0.0047062333,-0.0028607564,0.3756638,-0.11693208,-0.040039897,-0.06061374,-0.0041968534,0.05564791,0.06903124,-0.65009797,-0.1335962,-0.61591357,-0.26224342,-0.6020322,-0.16508365,0.017556105,-0.55095303,0.049151607,0.06144119,-0.1006769,-0.01611362,-0.027156621,-0.0019099633,-0.07206719,-0.00050890236,0.0020705399,0.12507196,0.041182064,0.3701905,0.01591022,0.0272106,-0.0047644204,-0.005686391,0.0048479186,0.0039991094,-0.20280468,0
-0.42874148,-0.014916283,0.058304287,0.009076541,0.005828242,0.006263351,0.01744705,-0.07768259,-0.10117938,-0.5892864,-0.6505506,-0.47201332,0.109000675,-0.5934797,-0.13036236,-1.0674034,-0.07423436,-0.08257064,0.16007648,0.0064736325,-0.14761992,-0.08035054,-0.005041487,-0.09494121,0.0002737313,-0.27708244,0.10366188,-0.5783027,0.023394966,0.41169706,-0.25413188,-0.2964264,0.24350461,-0.0071358904,-0.45053017,-0.13956273,0.07812034,-0.12822163,-0.020647604,-0.060546666,0.000111337984,-0.034512646,0.012021365,-0.014791317,-0.05302985,-0.012291433,-0.12629357,0.0033858665,0.042061385,-0.0014787945,-0.049825296,0.0028514613,0.0021115977,0.014463011,0
-0.3249532,0.0034898925,0.0074755326,0.00754823,0.0064690574,0.004418316,0.019991605,-0.07934004,-0.11097393,-0.42273384,-0.6151582,-0.48235258,-0.10555269,-0.43364382,-0.08954217,-1.2682753,0.10421411,0.120134085,0.019477773,-0.00180683,-0.12755208,-0.12817203,-0.041006867,0.030853221,-0.003297406,-0.005701775,-0.00017542182,-0.56498015,-0.102478184,-0.8846479,-0.26722306,-0.63662165,-0.17703702,0.024654439,-0.6082388,0.024555821,0.060874283,-0.110335045,-0.020509914,-0.028770864,-0.00062362826,-0.07049814,0.0009925454,-0.017907977,0.12892273,0.04208353,0.37083578,0.0073802387,0.023875333,-0.004957588,-0.018089226,-0.00070727314,0.002254153,-0.096035846,0
-0.3174126,0.0050067524,0.06549609,0.0031776263,0.013644164,0.0004135361,0.019447299,-0.06038867,-0.110540815,0.12970893,-0.0043854527,-0.47851753,0.05552961,0.20957825,0.049033556,-1.7777649,-0.060479943,-0.05038993,-0.037464365,0.007892322,-0.09264338,-0.21609353,0.043409202,0.05188494,0.00090044306,0.18980852,-0.25772926,-0.5288882,-0.16877726,-1.009203,-0.42346004,-0.80662686,-0.1968139,-0.052903872,0.34483933,-0.20312311,-0.051748738,-0.07842458,0.04043337,-0.06864943,0.0046679424,-0.1131981,-0.012744769,-0.0028378635,-0.0690642,-0.020986132,-0.11856949,-0.021700207,0.046164107,-0.010670064,-0.06102852,-0.00017654872,0.008575939,0.40777647,0
-0.3194504,-0.00048556837,0.06395179,-0.0026101526,0.010156758,0.0010824897,0.007922787,-0.058572218,-0.0992464,0.11192666,-0.020799978,-0.43059528,0.07342671,0.1767389,0.00018914137,-1.5532247,-0.08369073,-0.1142786,-0.54639715,0.0015915688,-0.16450453,-0.20975228,0.022051323,0.07255198,0.001984175,-0.1619374,-0.25694883,0.119281955,0.104015015,-0.93984956,-0.32919428,-0.71255577,-0.1547551,-0.045065288,-0.78408754,-0.20426098,-0.06912256,0.23135555,-0.030592635,-0.0575322,0.009473612,-0.085392065,0.00012697163,-0.022728663,-0.06370812,-0.022330912,-0.114564404,-0.00755699,0.027694777,-0.012867012,0.045565706,0.006188144,-0.0055362945,0.29102507,0
-0.17074066,0.008761419,0.004257024,5.0371396e-05,0.0028478275,0.003410473,0.025603032,-0.134757,-0.23420988,-1.1636366,-1.1731945,-0.637501,0.1631531,-1.142211,-0.006224174,0.93964034,0.059205145,-0.03712589,0.10794249,-0.022869488,-0.13005817,0.10038988,-0.009008658,-0.17823786,-0.009542944,-0.21432222,0.06783695,-0.58717924,0.0564715,0.0052438295,0.115594395,-0.34488764,-0.16576594,0.019159764,0.81039333,0.022464624,-0.03104201,0.17097381,0.041857064,0.054541014,0.0065305214,0.08002598,0.0004548817,0.03530584,-0.025811007,0.022489162,-0.08387637,0.006688391,-0.06496129,0.008230337,-0.0721175,0.0071864454,-0.01047949,-0.29265082,0
0.079059534,-0.01947636,-0.08028273,0.009459166,0.002549059,0.0060866987,-0.04754934,-0.1297317,-0.24068616,-1.1096717,-1.1010196,-0.6321754,0.15011586,-0.9845029,-0.16799895,0.88695294,-0.027411329,-0.047483046,0.13065562,0.019599285,-0.12313651,0.11528762,-0.04135124,-0.14763069,-0.004132348,-0.12658454,0.08474418,-0.5548246,0.012121957,-0.60017896,0.12150631,-0.4181141,-0.17877626,-0.018095186,0.9040834,0.039893553,-0.02542104,0.16428933,0.04213067,0.06564359,0.0023285637,0.07850574,0.0012729086,0.042819843,-0.024172075,0.016777504,-0.07635656,0.0034629102,0.058041528,0.0072536557,-0.030951953,-0.0070391996,-0.0024975147,-0.27324533,0
-0.37383607,-0.0025581368,0.024922738,0.023385203,0.0103792045,0.0019101105,0.017017536,-0.0489696,-0.101241246,0.16948374,0.013133571,-0.41105953,-0.122217216,0.23214565,-0.1546681,-1.614156,-0.08333476,-0.13374066,-0.2346529,0.0011234661,-0.12912665,-0.18693489,-0.046743486,-0.09473056,-0.009145975,0.2523031,-0.05619372,-0.4300168,-0.19546948,-0.9498595,-0.37878248,0.6155265,-0.04029416,-0.050707538,-0.9244436,-0.07501951,-0.00020398339,-0.06366618,-0.044559237,-0.08809902,-0.011774035,0.055804733,-0.0024945755,-0.02003697,-0.049114853,-0.025296407,-0.13162337,0.008151552,-0.021175612,0.003224405,-0.012139009,0.0099047525,-0.0111593725,-0.06823573,0
-0.1849996,-0.012872821,0.010181904,0.0076690633,0.007799758,0.0047807614,0.023625683,-0.030027779,-0.086238876,-0.40566966,0.16814506,-0.38699657,-0.2184831,-1.0539271,0.088250756,0.9966469,0.057219382,0.07254815,-0.023956617,-0.015424507,-0.22142361,0.116393834,-0.0011562635,-0.3195492,-0.018537778,-0.15962954,0.17168438,0.50464976,0.06392281,0.120437644,0.21484633,-0.16931176,-0.14561976,-0.014846044,-0.5760156,-0.25842482,0.057613455,-0.17512552,-0.016037745,-0.06094133,-0.023587264,-0.08900322,-0.004377805,-0.023729844,-0.051220953,0.001081181,-0.16608326,0.0018741695,-0.078488,0.013214342,-0.06033525,0.0032491628,-0.010602218,-0.37364596,0
-0.17557627,-0.009651066,0.004381467,0.008254043,0.016138105,0.0054136873,-0.04891843,-0.1264949,-0.2152235,-1.1459556,-1.1933997,-0.5786859,0.15713756,-1.0955329,-0.13414294,1.020275,0.056928985,0.028152095,0.11143875,-0.009661665,-0.13992523,0.086487874,-0.024573736,0.029438272,-0.02157111,-0.23378678,0.06054108,-0.6266295,0.027559604,-0.05631434,0.12716633,0.20525835,-0.12944551,0.018070847,0.7686892,0.017084885,-0.036684286,0.16553138,0.0363492,0.06637601,0.004839139,0.074266225,0.00092266395,0.03574221,-0.02357729,0.012371082,-0.08464649,-0.002371442,0.022900214,0.006705,-0.023184534,0.0006097052,-0.010184863,0.139119,0
-0.22965562,-0.013140458,0.004745024,0.0073577035,0.0029332081,-0.00046498957,0.027577598,-0.13234916,-0.22026627,-1.059163,-0.9988339,-0.6719816,0.11596454,-0.8693817,-0.1644437,0.17187165,0.07487883,-0.047508825,0.13183667,-0.0062152417,-0.14735328,-0.14191432,-0.009952902,-0.08185333,-0.0027895204,-0.22535531,0.11115499,-0.6687417,0.055759154,0.24641705,0.16817461,-0.32688373,-0.17921862,-0.019633519,0.78052676,-0.0021163253,-0.038313106,0.158336,0.029148713,0.0538435,0.003737768,0.06872538,-0.006388168,0.03955444,-0.02597698,0.0030257823,-0.09808561,0.007766205,-0.042660885,0.007664434,-0.071469285,-0.0061908057,-0.012103778,0.41708723,0
-0.16653104,-0.02452691,0.011479359,-0.0024913428,0.005272953,0.00076460186,0.0094105145,-0.10547354,-0.19251482,-1.0666931,-1.1442468,-0.5454471,-0.13843776,-1.0429754,0.050684292,0.90583116,0.051003937,0.022813566,0.106845915,-0.008012631,-0.1337159,0.076782286,0.07709015,-0.20306374,0.0028473313,-0.26153836,0.0695353,-0.3939692,0.055653874,-0.6262931,0.108256154,0.32966036,-0.15751512,0.0052150413,0.95173115,0.018012509,-0.02125697,0.16336372,0.016901582,0.077846296,0.004953526,0.08065074,0.0018007096,0.040898435,-0.026715567,0.007017287,-0.08175588,0.021615727,-0.065616824,0.0019723328,-0.023754025,0.0027535702,0.004786452,-0.011074317,0
-0.19714604,-0.02940509,0.0040924666,0.0086087575,0.0026111358,0.010108508,-0.041003477,-0.12236151,-0.2026013,-1.1816387,-1.1269878,-0.603271,0.17008471,-1.0488734,-0.16457638,0.36957747,0.011548949,-0.040190767,0.116494685,-0.0058471933,-0.13945316,0.07962759,-0.0069536963,-0.07208493,-0.021539113,-0.24010132,0.07051757,-0.65621185,0.048926987,0.18116093,0.14117141,0.19128574,-0.1283145,0.022037912,0.79489756,0.025177948,-0.041092772,0.15992515,0.041551672,0.06799803,0.005836391,0.071549065,0.00034176616,0.036453232,-0.020896373,0.009813983,-0.0992018,-0.0025990182,0.02610126,0.0064953156,-0.071980685,0.019022856,-0.010836416,0.029647594,0
-0.21640602,0.001312477,0.010503164,0.007854798,0.005392171,0.00498101,-0.03203752,-0.09438193,-0.13301781,-0.8795917,-0.9272283,-0.5366973,-0.19101109,-0.8368051,0.16313308,-0.21141222,0.09702815,0.11652207,-0.010302213,-0.009732153,-0.21407902,0.14005382,-0.02545012,-0.08473285,0.003574528,-0.08685447,0.18452118,-0.43862566,0.023946539,-0.32451805,0.12882261,-0.41060838,-0.15582919,-0.016682275,-0.56264484,-0.15222801,0.058256973,-0.15484911,-0.0152779445,-0.032173943,-0.0034570866,-0.09468971,0.0034199054,-0.018183239,-0.033041216,-0.019099263,-0.06621234,0.010558509,-0.037626874,-0.00076160487,-0.065647095,-0.0065358127,-0.0040064575,-0.29682943,0
-0.17214485,-0.018852985,0.001594054,0.008226796,0.0042728316,0.004355577,0.026616722,-0.024284625,-0.06588583,-0.8712657,-0.9521063,-0.36595318,-0.050049044,-0.9907303,-0.07751962,0.95526904,0.08242056,0.08709929,-0.55028385,-0.0063155713,-0.24738567,0.09568977,0.050553683,-0.23543271,0.02465635,-0.14444727,0.14401715,0.12196932,0.05111257,-0.30781078,0.15853986,0.22506282,-0.1630711,-0.0189952,-0.5286107,-0.24197537,0.058799572,-0.14130454,-0.008479416,-0.065779164,-0.0077130916,-0.07558043,0.0017121341,-0.02055711,-0.05912537,-0.0111946855,-0.14736308,-0.008246547,-0.0663437,0.0040765223,-0.011222953,0.00010158471,-0.0005689794,-0.12582499,0
-0.21801478,-0.029645057,0.0060999477,0.011438891,0.0028008348,0.006040488,0.029547697,-0.1284599,-0.21884961,-1.090847,-1.15484,-0.6192146,-0.20811288,-1.0379697,-0.17524518,0.47819236,0.06819306,-0.037653565,0.123300806,-0.007949219,-0.14570221,-0.15574275,-0.04655075,-0.18249886,-0.014920012,-0.12893483,0.13596782,-0.64813226,0.058838926,-0.039419428,0.06987106,0.16247843,-0.16407621,-0.017126216,0.87883455,-0.026309421,-0.029300665,0.1712082,0.03797128,0.07226184,0.0065318923,0.07201195,0.0009986585,0.03864898,-0.027668232,0.016661206,-0.09202413,0.027520325,0.032862715,-0.008578067,-0.017670518,-0.00567062,0.008021466,-0.118673496,0
-0.17283134,0.009434536,0.0065523526,-0.0017568412,0.0034093787,0.0002851626,0.021573337,-0.12024026,-0.2372102,-1.0772781,-1.0838042,-0.6462013,-0.028749261,-1.0152898,-0.004327322,0.5945457,-0.028691145,-0.05247434,0.101715356,0.0202603,-0.133765,0.106695965,-0.0114294365,-0.19051878,0.0016020255,-0.22118741,0.10647395,-0.59503716,0.0627646,-0.5465691,0.11563247,-0.13025147,-0.16962318,-0.020621276,0.93479043,0.03604,-0.02448797,0.1665601,0.029648105,0.054944634,0.00679609,0.07964351,0.0021953902,0.044876803,-0.022831714,0.015679238,-0.07785556,0.025549732,-0.040169053,-0.0018444709,-0.083305076,-0.006173465,0.0051126075,-0.2892529,0
-0.14889938,-0.025822764,0.0058384864,0.010319159,0.0013489882,0.002353293,-0.046948064,-0.12715305,-0.24392028,-1.1359843,-1.1718425,-0.6331616,-0.017742228,-1.0635026,-0.00042236084,0.9586655,0.049247164,-0.018232422,0.10175955,-0.003372989,-0.12745315,0.09744385,-0.044631515,-0.13559414,-0.0025141446,-0.12762897,0.07369331,-0.57400376,0.01288601,-0.56691,0.13023184,-0.35558802,-0.16810392,-0.01541369,0.8788251,0.037666425,-0.024964169,0.16793862,0.041240744,0.06456067,0.0064441785,0.07876933,0.0029224365,0.042632926,-0.027257524,0.025448201,-0.07574238,0.0048299823,0.060276277,0.007183457,-0.011033004,-0.0028510226,0.0027947654,-0.27693555,0
-0.18847802,-0.006880946,0.009986104,0.00028524693,0.003506919,0.0006253056,0.00462946,-0.10424304,-0.12363008,-1.0375631,-1.0275267,-0.49108443,-0.21847737,-0.97302735,-0.16054209,0.66349983,0.059005637,0.047259483,0.13348985,-0.011864982,-0.15305533,0.04046655,0.041727807,-0.22448103,-0.008255444,-0.23509881,0.095132,0.17907342,0.043183863,-0.6241009,0.12841666,0.5051253,-0.16029523,-0.01960372,1.0258468,-0.14291677,-0.025236923,-0.024534523,0.002410742,0.045708813,0.008630464,0.06739284,0.0015935695,0.044562213,-0.02293847,0.012671988,-0.12042709,0.02468845,-0.063573174,0.004455076,0.053621903,-0.0019698995,0.0040004733,-0.040472142,0
-0.37045795,0.0055298093,0.0015690667,0.009983962,0.008462851,0.0025870164,0.029945081,-0.13138297,-0.20869558,-0.85959446,-0.91519153,-0.72401226,-0.18349883,-0.73242784,0.08877796,-0.68787175,0.11594398,-0.042958625,0.12807854,-0.0050084107,-0.13891743,0.10568689,-0.042607356,-0.10614544,-0.010803063,0.121097855,0.12643094,-0.6436708,0.035643317,0.2904868,0.16919713,-0.34490922,0.23839456,0.0054066814,0.9920269,0.053195413,-0.037032526,-0.016357888,0.043228835,0.048529603,0.0013432882,0.07572449,-0.0006470285,-0.016973028,-0.033351462,-0.025856286,-0.10508768,0.0153923435,0.061885443,-0.0018451178,-0.07746126,0.014775261,0.010853793,-0.29333898,0
-0.1680736,-0.006706444,0.010278467,0.0027482703,0.0063094855,0.005443143,-0.044081524,-0.08593242,-0.12620556,-1.0218318,-0.9998069,-0.48330742,-0.24817775,-1.0113028,0.15512699,0.6541792,0.009202616,0.10615969,-0.18533082,-0.006391083,-0.22098763,0.119647786,-0.025343722,-0.021678576,-0.0055561466,-0.105697356,0.17834672,-0.36638102,0.029160969,-0.5077809,0.0469637,-0.31333265,-0.14316168,-0.01742745,-0.55469877,-0.14150041,0.05513736,-0.15223417,-0.011396954,-0.044298403,-0.004832776,-0.094151706,0.0030794041,-0.015586802,-0.03697724,-0.020693697,-0.056907136,0.018837433,-0.026075292,0.0032900772,-0.067087,0.0055095935,-0.0010643415,-0.34319925,0
-0.20570488,0.0009496053,0.004879492,0.007985903,0.004948013,0.004039037,-0.040587027,-0.07875506,-0.098257706,-0.91341233,-0.96903294,-0.47071207,-0.21280234,-0.96651626,0.1531237,0.18681778,0.001742294,0.05771772,-0.0455322,-0.005491197,-0.24346845,0.110893354,-0.022293983,-0.12656298,-0.013216088,-0.080286995,0.17642364,-0.38807213,-0.07763044,-0.27807447,0.18367001,0.013584127,-0.1640625,-0.018296747,-0.5674685,-0.13863361,0.06056634,-0.14754039,0.0022991984,-0.037972827,-0.0039334553,-0.08532756,0.00363096,-0.015150729,-0.039140426,-0.035836417,-0.048372548,0.019840542,-0.047124784,0.0029686622,-0.06329498,-0.009501281,-0.005854062,-0.35093647,0
-0.27929935,0.004940106,0.009668307,0.009011312,0.001251393,0.003369445,-0.010330446,-0.09027842,-0.1116321,-0.7244795,-0.78764516,-0.5111368,-0.1772846,-0.7240064,0.15185413,-0.5246377,0.012686947,0.116681606,-0.27090085,-0.006128432,-0.24055283,0.13172884,-0.021862973,-0.10189856,-0.0063070673,-0.13609631,0.20448403,-0.30965877,0.013373198,-0.5257127,0.19826044,0.17243475,-0.16572553,-0.020195175,-0.5803078,-0.1676602,0.057606056,-0.1435647,-0.009541791,-0.038822774,-0.0035244883,-0.08858492,0.003507073,-0.018065969,-0.035563827,-0.030263472,-0.073471665,0.010895106,-0.021192286,-0.0053710938,-0.04297651,-0.0067343973,-0.0036679292,-0.33527786,0
0.5138512,0.000974125,-0.07156631,0.009545786,-0.0017198203,0.0032327473,-0.00034611463,-0.13144322,-0.16455607,-0.6011673,-0.7048497,-0.589258,0.083442196,-0.2148717,-0.0104081705,-0.9264021,-0.094057344,-0.09496142,-0.48641333,0.0012936257,-0.11621495,-0.015881227,0.07346245,0.057698313,0.007897841,0.177033,-0.011394488,-0.5522039,-0.12052893,0.4491333,0.2135571,-0.6197228,-0.21293356,-0.039718945,0.48742163,-0.19539547,-0.053621884,0.14858787,0.031014673,0.045780808,-0.003285223,0.053647313,-0.0023209495,0.036174376,-0.03874694,-0.012590342,-0.118452355,-0.020577975,0.044041343,-0.012299532,-0.075649686,0.016781462,-0.023040624,0.5991723,0
0.41587326,-0.0066602323,-0.08361776,0.01167619,0.004236786,0.005773073,0.02493089,-0.15769212,-0.2318765,-0.6743456,-0.76955855,-0.75026464,0.08980246,-0.22614753,-0.14841954,-1.0561762,-0.068064615,-0.087481245,-0.023167377,0.0012095827,-0.13558581,-0.13081847,-0.0014243498,0.06252656,-0.004479124,-0.10965642,0.02282981,-0.26615036,0.021503758,-0.6639284,0.2378364,-0.68958455,-0.13660331,0.038298897,1.2005059,-0.16661815,-0.041946273,-0.04354001,-0.024849704,0.014958512,-0.018559238,0.038618065,0.0035077233,0.052298594,-0.03758208,-0.019486465,-0.110889226,0.013377242,0.04836872,-0.010666577,-0.07987148,-0.0018155163,-0.021544546,0.31392136,0
0.3340289,0.0019235379,0.003596662,0.0033513387,0.004429584,0.0049990704,-0.039833937,-0.09157284,-0.11358435,-1.0589067,-1.0478611,-0.449015,-0.23398489,-1.0023139,-0.07409435,0.36448535,0.09494844,0.119252786,-0.19952336,0.0034417973,-0.22481056,0.09155998,-0.024404053,-0.1893245,0.030379562,0.13587178,0.15922928,-0.4921297,0.03149069,-0.107160255,0.14165509,0.11966904,-0.11905055,-0.015634224,-0.4750883,-0.15930513,0.06785596,-0.14561175,-0.0007057999,-0.060964987,0.0065152524,-0.04958524,-0.0036592048,-0.014253565,-0.038531486,-0.005085164,-0.10701913,0.0069851875,-0.057784345,0.0033431067,-0.0050010816,0.0088793365,-0.0064166603,-0.1267292,0
0.22835486,-0.014377627,-0.10514051,0.011004515,0.007054565,0.0041573336,-0.03621252,-0.10502281,-0.17482443,-0.8249804,-0.8883693,-0.49612162,0.14494722,-0.15251915,-0.15639967,1.0733726,-0.039058387,-0.0656232,-0.6715551,0.0064214543,-0.13746354,-0.053351227,-0.05135774,0.11769575,-0.0006196231,0.22745244,0.0022883494,-0.446824,-0.10579662,-0.47168818,-0.15390591,0.23113078,-0.13294457,-0.052098464,0.66498345,-0.23510563,-0.044638846,-0.14426444,0.010764699,-0.04648111,-0.0025947292,0.048725534,0.0047490587,-0.005105681,-0.03053916,-0.011964684,-0.12774761,-0.0021016393,0.05392608,0.006614538,-0.07767965,-0.0011863133,-0.015698908,-0.28685805,0
0.38508713,0.019362645,0.010110736,0.0071256105,-0.0002016392,0.004696494,-0.00757295,-0.113236055,-0.12513603,-0.63491446,-0.80699146,-0.5032116,-0.1550642,-0.6928287,-0.15988372,-0.58319086,0.12554796,0.12886854,-0.4926601,-0.0071126837,-0.20247419,-0.117253855,-0.043700293,0.06374087,0.0039241672,0.2586964,0.19505487,-0.4477997,-0.07703771,-0.35886374,0.19274445,-0.26007202,-0.13744752,-0.02349751,-0.73859537,-0.17686981,0.05998048,-0.12868512,-0.0058899466,-0.027873699,-0.0016715755,-0.061791625,-0.005104889,-0.019452408,-0.061290678,-0.024417562,-0.11115882,-0.0040774085,-0.024694823,-0.001703234,-0.024474077,-0.008706219,-0.016091065,-0.31801826,0
0.50120556,-0.0026578205,0.06266612,0.013641148,-0.0005096716,0.004613222,0.026751518,-0.14175378,-0.22671227,-0.8143108,-0.93712384,-0.7058664,0.101326816,-0.76584125,0.14832866,-0.6501479,0.07430195,-0.044206917,0.10133551,-0.0020208762,-0.11761622,0.1453658,-0.002523371,-0.100744344,-0.00040853024,-0.21900238,0.12526675,-0.52148944,0.003115172,-0.6467189,0.15091686,0.32945475,-0.12137404,0.0034491702,1.0971605,0.065991454,-0.02697641,0.14533377,0.026121927,0.07384396,-0.00042297575,0.07322248,0.0053420793,0.047654405,-0.020493887,-0.013357284,-0.10850808,0.02071347,-0.019557228,-0.0035403823,0.05316257,0.010383124,-0.022790266,-0.25674793,0
0.4826436,0.02513458,0.008082794,0.007123541,-0.0029882258,0.0026066878,-0.0061952565,-0.10551514,-0.11001798,-0.6410681,-0.78769684,-0.4636917,-0.14664501,-0.73440814,0.09337214,-0.6875769,0.14244442,0.1357042,-0.4764915,-0.0004241122,-0.19792852,-0.018484067,-0.032941006,0.06541645,-0.0066488893,0.2613415,0.17568102,-0.53591955,-0.080127805,0.22897641,0.18257466,-0.25570545,-0.1495927,-0.026736312,-0.6013566,0.07173826,0.05942089,-0.111447334,-0.017528765,-0.022609774,0.0046180217,-0.07381678,0.006046497,-0.0052762865,-0.025633523,-0.023377031,0.2290475,0.0030234256,-0.010446842,-0.00086879404,-0.062313493,-0.008378567,-0.016510354,-0.33959946,0
0.47694293,-0.004932301,0.055368073,0.013402693,0.0015323026,0.008070999,-0.013194941,-0.14602464,-0.24430327,-0.844914,-0.9673049,-0.7977598,0.10657165,-0.7748188,-0.0040862174,-0.45939955,0.026656495,-0.059399813,0.12722735,-0.0040389,-0.13137993,0.16119857,-0.041961446,-0.09967789,-0.0064827814,-0.0893251,0.14180933,-0.6424341,0.06994138,-0.12180724,-0.043741114,-0.39928028,0.0054236865,-0.010177765,1.01866,0.07457606,-0.035243362,0.16971903,0.041828804,0.052299164,-0.0023827238,0.06845953,0.001011906,-0.009186178,-0.02376699,-0.011752041,-0.091294184,-0.021914873,0.043153834,0.0069027934,-0.08843603,0.017155675,0.012896922,-0.2664484,0
-0.2064766,0.0028379103,0.008485902,0.006348804,0.0029045506,0.002747577,-0.007461589,-0.087551735,-0.1134061,-0.61101645,-0.7723795,-0.4844897,-0.095401004,-0.68178153,0.13293892,-0.95731294,0.10968231,0.115800396,-0.46745846,-0.0052946527,-0.20080546,-0.020613022,-0.039346714,0.06571138,-0.003546933,0.26166937,0.213661,-0.54260725,-0.063498035,-0.31680542,0.22769862,-0.25561708,-0.14398387,-0.023706175,-0.6261609,0.015778638,0.056092557,-0.112229854,-0.012895951,-0.025605818,-0.00086971885,-0.072474055,0.0031120437,-0.015595027,-0.048086524,-0.026572563,0.22365081,0.006703059,-0.01838046,-0.001332271,-0.052252814,-0.0069352477,-0.0073396573,-0.31883448,0
0.40976593,-0.0090858,-0.058888145,0.012545637,-0.0019743843,0.004818324,0.01829577,-0.15524578,-0.2507048,-0.81063294,-0.897871,-0.79651123,0.10828089,-0.6715717,0.072720826,-0.6707043,-0.06005863,-0.073213905,0.11236702,0.007666176,-0.12292491,0.1555876,0.07882642,-0.08962202,-0.00396954,-0.16945897,0.12698798,-0.5638802,0.0049052187,-0.478151,0.17991517,-0.58285725,-0.20579502,0.03415078,1.0825574,0.07909144,-0.03301664,0.15728505,0.02182512,0.051435888,-0.0011464723,0.078146875,0.0028518543,0.051914264,-0.023230273,0.0039822166,-0.09279342,0.030978058,0.047185622,0.0024451455,-0.098165005,-0.00074457785,-0.024012698,-0.06590035,0
0.4734073,0.012203284,0.0056693805,0.002995568,-0.0031971755,0.0026225417,-0.0089468565,-0.10325655,-0.100950815,-0.68708134,-0.81182367,-0.44687226,-0.16545181,-0.7684052,0.059308212,-0.5312545,0.13317622,0.13933824,-0.5311267,-0.004941795,-0.19541939,0.059291538,-0.041960455,0.06730186,-0.0015232735,0.26969805,0.23691456,-0.571291,-0.061823092,0.514959,0.16103232,-0.0011908163,-0.18685514,-0.020720916,-0.63934666,-0.004422532,0.059132103,-0.11801486,-0.016523076,-0.030182919,0.007540774,-0.06658979,0.008243272,-0.005616635,-0.049757816,-0.022144675,0.14368244,0.0017509961,-0.02550026,0.0026593315,-0.061567456,0.004678591,-0.016446905,-0.39477664,0
0.34301773,0.016249398,-0.025710996,0.008701212,0.004390764,0.0047342167,-0.0075292652,-0.09912327,-0.13366885,-0.7303373,-0.8463735,-0.5175132,-0.17199923,-0.7047623,-0.1465483,-0.176899,0.01309629,0.06261001,-0.5685237,0.010800591,-0.24819778,0.07473859,0.009700904,-0.13438942,0.005285174,0.13162151,0.19243148,-0.32522494,0.020869007,-0.42601657,0.15853408,-0.26504543,-0.13842215,-0.019198181,-0.5602689,-0.15880395,0.055832975,-0.1383691,-0.017649898,-0.042792853,-0.015059394,0.052210685,-0.006018211,-0.0082035875,-0.06226835,-0.021838855,-0.1302381,0.014821938,-0.040167414,-0.0015714724,-0.00815629,0.0025201445,-0.010870911,0.040038228,0
0.44058567,-0.0034427186,0.016623046,0.011659617,-0.0008877643,0.004517529,-0.0114569245,-0.14661536,-0.24048586,-0.8296957,-0.9463022,-0.7553098,0.09857548,-0.27202833,-0.14831097,-0.92159814,0.08939542,0.00682192,0.12843792,0.0017861694,-0.1083966,0.15344328,-0.03965425,-0.08901448,0.005035674,0.15498239,0.16470411,-0.5559766,-0.019375416,-0.6258104,0.13487637,-0.24411891,-0.1965843,-0.03628391,1.0421522,0.082811505,-0.03074919,0.15180707,0.036884144,0.05297994,-0.0013027496,0.06231166,-0.0033691763,0.03248499,-0.027975086,-0.0066224984,-0.08736879,-0.017828487,0.051660106,0.0045193816,-0.05957545,-0.00066595536,0.00022328517,-0.22586913,0
0.5257864,-0.0024073424,-0.07836974,0.009545786,-0.0012070211,0.0032327473,-0.006420819,-0.12598796,-0.16101377,-0.76855654,-0.79566324,-0.58318025,0.09061077,-0.23651588,-0.010867566,-1.0407096,-0.0954411,-0.096190155,-0.033065442,0.0015104776,-0.12389479,0.07465148,0.092459194,0.068231516,0.007921819,0.21543789,0.059796598,-0.61269826,-0.13868545,0.6126094,0.22484265,-0.42475274,-0.21911037,-0.04084341,0.4575244,-0.19784433,-0.057309087,0.14551154,0.03970483,0.051083587,-0.0032183246,0.06326633,-0.003003555,0.0053466815,-0.039543968,-0.0145265935,-0.11312646,-0.029682327,0.025464054,0.0057309126,-0.075649686,-0.006572257,-0.020744195,0.6485376,0
0.48659122,0.0030252496,-0.081321865,0.012811578,0.010561292,0.006329305,0.029249087,-0.14578195,-0.22923766,-0.8152955,-0.9080947,-0.6923612,0.10651946,-0.6646062,0.15079536,-0.7377304,-0.06779942,-0.08710569,0.10487978,0.0010260991,-0.11898771,0.15195853,-0.003927244,-0.100968175,-0.008387922,-0.110629916,0.12760608,-0.5723069,0.04083499,-0.6424412,0.18019788,0.43322006,-0.20082365,-0.03099852,1.0603552,0.07424087,-0.028671129,0.1541243,0.04204733,0.07628595,-0.0010348184,0.073972605,0.0058612926,0.047387693,-0.018875951,-0.026021179,-0.08286098,0.002108733,0.020218035,-0.0019614678,-0.028371256,0.009954535,-0.02264591,-0.25882638,0
-0.29897496,-0.002308791,0.06816964,0.003035332,0.013896253,0.000249953,0.012169514,0.03912649,0.18215515,0.13601625,0.11388415,0.029972062,0.064926766,0.23217574,0.006586011,-1.6604348,-0.079854295,-0.09816838,-0.066498816,-0.00085462886,-0.16262008,-0.25177324,0.07056926,0.06464464,-0.0047677653,0.19832365,-0.0028919736,-0.34091717,-0.16626218,-0.8982268,-0.42728594,-0.7088789,-0.15891974,-0.038070854,-0.8474379,-0.24689725,-0.075724326,-0.17299402,-0.043356527,0.11083334,0.0031086674,-0.1135718,-0.004948452,0.013745982,-0.024577491,-0.020264277,-0.10541171,0.0037614168,0.030862166,0.0020591542,-0.05809994,-0.004704644,-0.0059952154,0.46769625,0
-0.35992032,0.0031925514,0.06700966,0.017537732,0.005787821,0.011672163,0.03905522,-0.06255664,-0.11844686,-0.34030193,-0.06463395,-0.5535338,0.064055,0.22182877,0.014537739,-1.5351465,0.16492274,0.15890527,-0.037481166,0.00822715,-0.091554,-0.18712954,0.039881516,0.05280078,0.0007670389,0.189138,-0.1093264,-0.5737192,-0.21637316,-0.8990922,-0.29624826,-0.81564975,-0.19811952,-0.045628373,0.5842373,-0.17605196,-0.043046996,-0.09227694,-0.02839026,-0.067559995,0.0018621006,0.02776818,-0.0018659179,-0.01052462,-0.03228952,-0.019917937,-0.11430986,-0.018943336,0.028319608,0.0007532273,-0.071345486,-0.008760322,0.016486952,0.49959838,0
-0.36814553,0.011212385,0.0054771844,0.009884333,0.0055724382,0.007854159,0.019399544,-0.06921389,-0.096326396,-0.7056333,-0.7706987,-0.44335535,0.13189554,-0.72904164,-0.14564799,-0.55480534,0.12118405,0.11332459,0.18452775,-0.0020144656,0.479322,-0.041420482,-0.013505245,0.06101705,0.014473751,-0.28051308,-0.018186154,-0.61434597,0.040148806,0.6054799,-0.27572653,0.025349578,-0.09677484,0.03062344,-0.36685768,0.10628493,-0.055671915,-0.13161841,-0.022050815,-0.062418886,-0.004585118,-0.05428956,-0.008670533,-0.013216488,-0.037491802,-0.0051073297,-0.12928729,0.0054446305,0.028228257,0.009255579,-0.04197608,-0.006022489,-0.0023277132,-0.11985463,0
-0.31701466,0.010205095,0.013191461,0.00660859,0.0048942217,0.0045633176,-0.0072063114,-0.07426034,-0.11317482,-0.42833114,-0.6034403,-0.4373754,0.0030923518,-0.5535398,-0.13229829,-1.1687808,0.1204496,0.10641368,0.025106499,-0.0059427777,0.35723576,-0.10853981,-0.0067782407,0.0707014,0.002186297,0.2517331,-0.042295408,-0.64789385,-0.14452437,-0.853112,-0.26348436,-0.4969237,-0.17321503,0.006921556,-0.5383049,0.041587695,0.060070377,-0.092562005,-0.014541667,-0.031320643,-0.002571898,-0.06160981,-0.0010822462,-0.015111837,0.1214885,0.038535174,0.41378826,0.008063853,0.025682375,0.008411167,-0.049637187,-0.004760325,0.0025287233,-0.24540225,0
-0.40571132,-0.019024098,0.033657644,0.0026165822,0.010288119,0.0005373033,0.008141221,-0.055141408,-0.103925765,-0.35225654,0.02799085,-0.4995315,0.083209805,0.23085488,-0.109600775,-1.6320055,-0.10474415,-0.11959065,-0.08476876,-0.00491809,-0.15690365,-0.16599904,-0.031772383,0.06924633,0.0001764798,0.21197852,-0.063571766,-0.512847,-0.18412365,0.44707984,-0.30902258,-0.74775964,-0.15653846,0.036115635,-0.70255345,-0.10654132,-0.083954915,-0.17329828,-0.05479204,0.06667726,-0.004918221,-0.08752304,-0.011619767,-0.010301547,-0.03940378,-0.019393863,-0.12119886,-0.004290931,-0.06152142,0.013749208,0.018509325,0.02350508,-0.0025933716,-0.06787349,0
-0.3147718,0.003360827,0.07292673,-0.0024873996,0.0121461395,-0.0008348515,0.012832997,-0.05907299,-0.13653539,0.167531,0.0007568712,-0.49311483,0.071718164,0.23489028,-0.14731213,-1.455491,-0.07981373,0.015877958,-0.23031595,-0.00022062752,-0.14723827,-0.16719419,-0.018482754,0.068777904,0.0064044013,0.19410487,-0.039604943,-0.41900963,0.26298606,-0.97272205,-0.35273433,-0.6659511,-0.15728718,-0.028372284,-0.82466537,-0.014417086,-0.06030639,-0.19198148,-0.042364527,0.09850945,-0.008340828,-0.073243126,-0.006801283,-0.01384725,-0.057655398,-0.022646658,-0.13509713,0.005236107,-0.08099337,0.0041227513,-0.050565645,0.0031719697,-0.00076616695,-0.18122075,0
-0.31844744,0.007128761,0.008260058,0.007585613,0.004208075,0.0052970587,-0.0052395537,-0.079156145,-0.119531415,-0.47010934,-0.6306749,-0.45361567,-0.03405572,-0.55067927,-0.13699907,-1.1544437,0.115523666,0.10578373,0.03250712,-0.0018298039,0.44172987,-0.10401773,-0.017506713,0.06804416,-0.007076987,0.07191703,-0.071469106,-0.6533782,-0.054554436,-0.9379238,-0.29789805,-0.61987,-0.13918184,0.0308243,-0.49308935,0.03512814,0.056171767,-0.09967289,-0.011362303,-0.03125309,-0.0022974121,-0.07043317,-0.0011390406,-0.00016602362,0.12470822,0.0374834,0.2587286,0.013095146,0.026387297,0.0026074925,-0.047359414,-0.0077838367,0.003776298,-0.10972635,0
-0.31103376,0.0093803005,0.011683829,0.007617335,0.0044010086,0.0055648945,-0.0074955057,-0.08244251,-0.11939176,-0.45114625,-0.6219815,-0.4594201,-0.025667679,-0.5606833,-0.13333023,-1.1685402,0.114792824,0.10613123,0.13913544,-0.0050267773,0.47477046,-0.10931498,-0.0050906767,0.06617363,-0.004148309,0.25764057,-0.061996568,-0.6721967,-0.16766758,-0.6463926,-0.2714077,-0.5983807,-0.16488114,0.031601124,-0.44660667,0.046931274,0.05975496,-0.097470835,-0.01719908,-0.030654363,-0.002369898,-0.06644872,0.0062085288,0.001679416,0.11608747,0.0409021,0.22412173,0.008057502,0.026927892,0.0120948255,-0.045966174,-0.00700311,0.0012324875,-0.17872712,0
-0.31492576,0.009760757,0.010732006,0.007235488,0.0048038866,0.004279973,-0.006735068,-0.07846323,-0.11982332,-0.44342518,-0.61565787,-0.4503189,-0.07536335,-0.5601972,-0.13231032,-1.1602552,0.12278347,0.10787279,0.024568716,-0.0015686518,0.30021372,-0.10394997,-0.0167957,0.06302471,0.003997527,0.25629514,-0.0351112,-0.64027613,-0.11041729,-0.84529567,-0.2693755,-0.5578956,-0.16813897,0.015075616,-0.5515604,0.024801496,0.055069316,-0.09857048,-0.01476061,-0.032368474,-0.0024994132,-0.066551164,-0.0012022406,-0.015178935,0.12306593,0.03821052,0.25945008,0.0136637185,0.025741145,-0.0003499994,-0.049637187,-0.0065103993,0.0025046212,-0.24559465,0
-0.4322814,-0.025566267,0.015282895,-0.003879726,0.008794026,-0.0029452136,0.013586917,-0.057240847,-0.09238425,0.15228455,0.07803442,-0.49407476,0.12414035,0.1839582,0.06491772,-1.3564001,-0.111147165,-0.11267053,0.19656561,-0.0053701797,-0.12739706,0.22028168,0.068917714,-0.09312316,-0.0039413315,-0.22634748,-0.012218527,-0.47387683,-0.22888288,1.0090387,-0.38307714,-0.61054677,-0.034330968,0.05727373,-0.1730096,-0.16466792,-0.07808977,-0.1446579,-0.069629714,0.06559623,-0.018423451,-0.102003716,0.0071919905,-0.022469588,-0.04503878,-0.014359649,-0.12013361,0.033854138,0.037044015,-0.013752774,-0.0515745,-0.00623837,0.007288388,-0.029625244,0
-0.43373087,0.019818055,0.06775482,0.00061807875,0.014811115,-0.0019942224,0.0071060406,-0.067431286,-0.11041375,0.12528089,0.025281008,-0.51604146,0.017753433,0.27846342,0.017027069,-1.4934256,-0.086889654,0.12976195,-0.07828605,0.0017373173,-0.17320772,-0.19333716,-0.034153413,0.07238222,-0.0059196553,0.22557479,-0.0987991,-0.47643983,-0.2303462,0.506249,-0.34388292,-0.7653734,-0.15212452,0.03737081,-0.73398507,-0.14895649,-0.08812586,-0.08823936,-0.076535314,0.00568538,-0.011631714,-0.090569764,-0.0038484079,-0.016427346,-0.038345687,-0.022583542,-0.12385537,-0.010093158,-0.086361125,0.0018853679,0.020040834,0.0125402585,-0.005299338,-0.20692743,0
-0.2934233,-0.004988665,0.06737407,0.0029394042,0.012749456,0.0006264141,0.013771892,-0.023959048,0.14672099,0.1262945,0.09062055,-0.24117792,0.050431214,0.21647611,-0.13534452,-1.858405,-0.07204081,-0.09620416,-0.034412388,-0.008095783,-0.10522748,-0.24547924,0.043444503,0.05225095,-0.004780717,0.19998261,-0.004361107,-0.47028595,-0.21083415,-0.9157363,-0.40291435,-0.74939436,-0.19520515,-0.060254205,0.12605223,-0.21630336,-0.05744867,-0.1298393,0.02120136,0.0066566085,0.006612583,-0.11274714,-0.0066111903,-0.021024201,-0.04385821,-0.020301076,-0.11271383,-0.014558766,0.027011793,0.006608507,-0.06401763,-0.0031942963,-0.0060845595,0.43944108,0
-0.29745367,-0.0031103767,0.07028343,0.017465988,0.010914812,0.0109317135,0.040073812,-0.061685093,-0.09602325,0.12987082,0.0031379396,-0.23683424,0.07035421,0.2060201,-0.16117556,-1.550367,-0.073893234,-0.10390785,-0.20235941,-0.00812139,-0.12614654,-0.24005543,0.046243493,0.056967344,0.0070672026,0.17916854,-0.2543867,-0.47011298,-0.21058297,-0.9494986,-0.38619217,-0.71939856,-0.19336751,-0.048864078,-0.28796196,-0.21825029,-0.0661104,-0.12141605,-0.042578794,-0.07785364,0.004345024,0.028940577,0.008337908,-0.013231723,-0.028737742,-0.005816997,-0.10114309,-0.027761552,0.051776458,0.00097363733,-0.050917294,-0.002921231,0.0032385425,0.24411145,0
-0.38137197,-0.017199604,0.0064628925,0.009319277,0.0054608504,0.005873513,0.017058693,-0.079851605,-0.10306232,-0.6686353,-0.71292293,-0.48072082,-0.022120982,-0.6628669,-0.14442176,-0.88538927,-0.06707598,0.04905697,0.1741345,0.010365626,0.4126974,-0.04890599,-0.009626485,-0.06469289,0.0078507755,-0.256141,0.01171012,-0.62926394,-0.04371417,0.55208606,-0.21864448,-0.2082563,-0.07261506,0.034235995,-0.35771474,0.087043695,0.06846108,-0.13070779,-0.019299133,-0.049321696,0.0052065803,-0.078640185,-0.0075047333,-0.017418003,-0.06242382,-0.020079589,-0.1279551,0.0057745,0.004031926,0.0027805204,-0.039399195,0.00138486,-0.003944825,-0.1099341,0
-0.4007518,-0.0364796,-0.124192044,-0.020883022,-0.027897002,-0.019325197,-0.035045806,0.060841538,0.14324558,0.22262466,0.21580286,0.642502,0.055453926,0.23240413,0.120764785,-1.5802914,-0.070622295,-0.098711915,0.04191194,0.00064770854,-0.09031646,-0.2357278,0.0066254,0.051496603,-0.006389551,-0.21470378,-0.3596454,-0.52945834,0.08384553,-0.8428213,-0.42978978,0.41232574,-0.16956432,-0.026203163,1.5071964,0.20969579,-0.039431725,-0.06885044,-0.044779394,-0.13516831,-0.024120264,-0.20269658,0.0069339587,-0.033959247,-0.06676455,-0.0062477896,-0.10023909,-0.01342856,0.05464831,-0.017374365,0.046979416,0.0045517907,0.0076378835,0.03145243,0
-0.44766027,-0.026418963,0.07863991,0.0006509253,0.010859107,-0.004160194,0.017854106,-0.05207862,-0.064693145,0.17242031,0.087518714,-0.449447,0.13705863,0.18751484,0.15841934,-1.4405928,-0.11700314,-0.13148975,-0.017597957,-0.005171039,-0.18693498,0.17821217,0.087491974,0.07923986,0.007413873,-0.2684883,-0.05929878,-0.45083934,0.0014166515,1.1347075,-0.43505317,0.31439346,-0.049312413,0.045390688,-0.7077368,-0.13679655,-0.09790232,-0.1525737,-0.006387696,-0.06839475,9.469944e-05,0.08517209,-0.012263674,-0.01969454,-0.044843268,-0.01529823,-0.12666517,0.009275563,0.032805875,-0.009076975,-0.0048476756,0.0074667307,0.009031077,0.04955496,0
-0.3106404,0.004556902,0.07655164,0.0015461831,0.009314643,0.0016739081,0.0203945,-0.048667315,-0.10847068,0.13726689,-0.0037570663,-0.45747814,0.07445323,0.21835801,0.0017470289,-1.4989991,-0.08440845,-0.08043625,-0.535798,0.0056620752,-0.15005243,-0.18723884,-0.013966687,0.066601865,0.006099211,0.21324593,-0.10529886,-0.4392636,0.2501146,-0.949282,-0.35018486,-0.22314923,-0.15910974,-0.033368573,-0.803594,-0.13863407,-0.064019814,-0.18602647,-0.014415055,0.06054964,-0.010707455,-0.09252674,-0.009800625,-0.022735085,-0.030339772,-0.021659577,-0.13621247,0.00547754,-0.08224934,0.0040328754,-0.051243573,0.0041559217,-0.001906216,-0.18832484,0
-0.45527688,-0.018859072,-0.06580788,0.014305606,0.006274049,0.003775049,0.041325938,-0.04030152,-0.059574835,0.16517238,0.04969438,-0.39155072,0.111256555,-0.16000111,0.06949297,-1.6816418,-0.10715831,-0.124283604,0.12611374,0.008667724,-0.18445376,0.0014242274,-0.036398552,-0.0971815,-0.024782386,-0.33110216,0.20010035,0.8608252,-0.011171946,0.8143795,-0.30103773,0.22831813,0.21428034,-0.0160117,-0.61878157,-0.19931993,0.08220823,-0.16834608,-0.024383856,-0.04894758,-0.024493208,-0.08088856,-0.013111965,-0.028611135,-0.07047421,-0.025351549,-0.1854376,-0.0014784569,0.018568888,-0.0071393047,0.026698334,-0.005266389,-0.01334667,-0.37647343,0
-0.22969514,0.00700564,-0.0116527155,0.00822071,0.0062408573,0.0007041344,0.03724898,-0.08471228,-0.11248056,-0.9922866,-0.98002636,-0.39308405,-0.17609283,-1.030943,-0.14837939,0.63497525,-0.04088281,-0.075818494,0.1657272,0.01993984,-0.19886383,0.07042287,-0.047006737,-0.14471236,0.021007186,-0.28341663,0.10238683,-0.445406,-0.061616357,0.89160395,0.020408956,0.2530663,0.35541108,0.02151497,-0.5459257,-0.18743365,-0.058663104,0.18815298,-0.027297953,-0.051165007,0.0032579883,0.012658169,-0.0010922132,0.0064242543,-0.045626417,0.006378114,-0.10799259,-0.0042519574,0.061852176,0.011558797,0.0017308793,-0.003250997,-0.005603827,-0.45771214,0
-0.43781975,-0.031006435,0.0017774687,-0.0005459576,0.0049720746,-0.0027091275,0.004636816,-0.06632243,-0.07920158,-0.57529384,-0.029806398,-0.503297,-0.23509447,-0.18294324,0.11531854,-1.127456,-0.0017154068,-0.07946628,0.16850442,-0.007722145,-0.19174284,0.13220486,-0.038103886,-0.11242835,0.002849923,-0.10380127,0.1837071,-0.48167026,-0.16389723,0.97390366,0.3017047,-0.66631365,0.40244618,-0.016928094,-0.61205417,-0.16588975,-0.060228627,-0.047343396,-0.05061029,0.0453657,-0.011174376,-0.09871827,-0.0069833086,-0.015164113,-0.068657614,-0.023500409,-0.121269196,0.014387951,-0.014818656,0.011310011,0.030353285,0.0040576137,-0.0050452817,-0.33789238,0
-0.38393068,-0.03631687,-0.06313346,-0.012763334,-0.005046123,-0.0026344021,-0.03090646,-0.052399684,-0.03548762,0.14076972,0.056554735,-0.41577533,0.09735975,0.25140423,0.06803938,-1.5908371,-0.093647815,-0.1182513,-0.28599003,0.0017163455,-0.14064416,-0.13877493,-0.027945003,0.06983763,-0.014924388,-0.1730958,-0.068292014,0.84417635,-0.2824654,0.95275486,0.34270886,-0.6826522,-0.10501186,-0.02820008,-0.16460481,-0.16791862,-0.07315054,0.20453963,-0.04117407,-0.06642437,-0.022627331,0.026587602,0.006338707,-0.027366616,-0.06392622,-0.02589606,-0.15019001,0.030163717,-0.059473827,-0.007913262,0.031608835,0.001166719,0.008565323,-0.26601332,0
-0.30226836,-0.037464418,-0.08305405,-0.017640254,0.00335907,-0.013367366,-0.026861968,-0.013599671,0.04828877,0.3239681,0.20696792,-0.57358897,-0.13146962,0.3431888,-0.08948238,-0.4575855,-0.08800188,-0.10197053,0.15662055,-0.00094428984,-0.1153615,0.18457793,-0.023293382,0.07254274,-0.011498553,-0.0742339,0.20829967,-0.56076735,0.18870448,0.40871313,-0.413629,-0.3150767,0.009376176,-0.07875511,1.0350306,0.054696314,-0.041762378,-0.24758132,-0.069632575,-0.09239925,-0.01614274,-0.18253238,-0.013360236,-0.03571901,-0.07141127,-0.022673154,-0.10416499,-0.017271824,-0.14202112,-0.03728428,0.037342854,-0.010097664,-0.012055034,-0.2967342,0
-0.4649256,-0.010154429,0.002882671,0.012378189,-0.00035743252,0.0041787117,0.023429593,-0.043593373,-0.05148116,-0.5662028,-0.22014426,-0.39960313,0.13628766,-0.37577832,0.015301327,-1.3291556,-0.067925684,0.04304245,0.17403504,-0.0039117886,-0.18203449,-0.110262625,-0.044446673,-0.09776826,-0.012884516,-0.32646304,0.19055705,0.13685988,0.00888588,1.0128601,-0.2842201,0.16759779,0.4285967,-0.016895587,-0.51502246,-0.20032066,0.06967975,-0.13580574,-0.015925087,-0.05390188,-0.0020636735,-0.08345694,-0.0081815645,-0.01979054,-0.021902688,0.03510014,-0.16115065,-0.0013585351,0.03700106,0.0021937503,-0.0022188723,-0.0006917269,-0.0141655,-0.4025687,0
-0.2033051,-0.005053971,0.0019454812,0.0021913005,0.0066568432,0.0011043036,0.016174806,-0.08096294,-0.12156265,-0.8663666,-0.9047591,-0.407179,-0.19593413,-0.86171824,-0.15548125,1.220097,0.039278332,0.08565623,0.046561662,0.013888476,0.26141125,0.015969878,-0.022237934,0.10307234,0.013501426,-0.11067709,0.1934023,-0.66799045,-0.028165322,0.0402125,-0.22105846,-0.49213752,-0.12142612,-0.018541038,-0.39235893,0.19030601,0.066061445,-0.10779356,-0.014634287,-0.03236376,-0.004734553,-0.07581341,0.00036620285,-0.0034536554,0.12574786,0.017592471,0.20343634,-0.00029212178,0.0314379,0.008680831,-0.037660044,-0.0037912084,0.00309047,-0.1373651,0
-0.4325956,-0.034659818,-0.06611154,-0.015989693,-0.003604354,-0.0061938134,-0.031079182,-0.054388646,-0.06012454,0.14852905,0.055493876,-0.4135461,0.107872374,0.2638701,0.14385155,-1.749497,-0.09926211,-0.11310874,0.044250447,-0.0046977066,-0.18111223,0.18413648,-0.010923966,0.09042348,0.012540834,-0.19856721,0.02615522,0.84923446,-0.21899554,0.9599515,-0.20486303,-0.64269584,-0.06291265,0.001995846,-0.8014251,-0.10345184,-0.063254945,-0.13263863,-0.04693807,0.04691662,-0.0014475414,0.06611949,-0.011841063,-0.019615367,-0.03460737,-0.02163835,-0.15379436,0.01703359,-0.07777765,-0.008348189,0.030489061,0.0024512457,0.0069318023,-0.27515313,0
-0.42800078,-0.029581035,-0.037916113,-0.019300997,0.0025665797,-0.003947795,-0.026656937,-0.061755005,-0.090274796,0.23982319,0.07874242,-0.4719801,-0.22107057,0.16841729,0.11582199,-1.2480152,-0.0945561,-0.10996889,0.18350947,-0.0026604235,-0.15143342,0.22618762,-0.011024262,-0.11710652,0.008374377,-0.057299145,0.26607665,-0.42422754,-0.20374613,0.9338704,-0.2129754,-0.6557218,0.35670337,0.028616197,-0.64236546,-0.0033022894,-0.067990825,0.24607821,-0.085405365,0.056762196,-0.024817254,-0.10819269,-0.0064612706,-0.019080985,-0.015597422,-0.019043518,-0.09999302,0.008761249,-0.08237296,0.012090821,0.021356983,0.00074934796,0.006678367,-0.30138737,0
-0.4275324,0.0144402515,-0.118433006,-0.020314582,-0.008205498,-0.010739962,-0.043873698,-0.015245079,0.09437056,0.23982172,0.15335989,-0.44059184,0.07939948,0.28670022,0.11996196,-1.637991,-0.10156728,-0.12143462,0.13282818,-0.0018893597,-0.120401025,-0.2041232,-0.040400006,0.054429743,0.00051714416,-0.24244614,-0.2626729,-0.6042582,0.08272309,0.14332995,-0.4154741,0.3481203,-0.20502104,-0.08326115,1.2481006,0.095344596,-0.06371515,-0.114937305,-0.055515084,-0.08774951,-0.0059792735,-0.18996955,-0.0013880052,-0.029093813,-0.06460717,-0.022056798,-0.117293835,-0.017021716,0.05860737,-0.01638622,0.035190225,0.0005194738,0.012426237,-0.0069272537,0
-0.27955416,0.009439431,-0.07520461,0.0146884415,0.00864654,-0.001446594,0.019623194,-0.0859555,-0.07316395,0.31829658,0.12513742,-0.5158447,-0.17241473,0.3332135,-0.1060617,-0.44742495,-0.09987524,-0.124208584,-0.04811222,0.0073177665,-0.17631073,0.18346837,-0.01649928,0.06126554,-0.011045414,0.07469074,0.25316763,-0.44550636,0.08898221,0.567758,-0.3694656,-0.6908931,-0.063766845,-0.040942013,-0.7365367,-0.005767919,-0.04742611,-0.2435114,-0.06144679,-0.04339879,-0.022497442,0.04566421,-0.00762881,-0.024279958,-0.063807085,-0.02789354,-0.12940161,-0.006869751,-0.07485891,-0.043987844,0.019033832,0.0011267392,-0.011859846,-0.33623326,0
-0.48386636,0.023983745,0.0008793925,0.011672469,-0.00067401724,0.0027356916,0.014543059,-0.0689345,-0.0771437,-0.5545913,-0.6564479,-0.36160314,-0.21534273,-0.74979764,-0.05821625,-0.81064814,0.1207445,0.13792856,0.019183451,-0.003269673,-0.2318677,0.097167656,-0.028571066,-0.13453206,-0.008824993,-0.27280697,0.16947657,1.171772,0.018703362,0.47604033,-0.18869025,0.2574607,0.37330002,0.02176986,-0.743818,-0.13570032,-0.058488164,-0.12574932,-0.02211308,-0.03742077,-0.010457924,-0.067152664,-0.009171105,-0.022063386,0.13702148,0.03591185,0.19090119,-0.0033733288,0.03582327,-0.002333151,0.03372442,-0.01038356,-0.014491948,-0.43414646,0
-0.18536927,-0.020154694,-0.13989541,0.0013704548,0.0021563205,-0.00021066156,0.009885188,-0.042247802,-0.097422555,0.17822623,0.11051543,-0.40350276,0.08008003,0.23443557,-0.15546463,1.213685,-0.07625081,-0.10593444,0.06311081,-0.0032901077,-0.2312913,-0.16809535,0.07703909,-0.3354385,0.0036179314,-0.20816739,-0.40902597,0.842511,0.09314704,-0.12593505,0.06449911,-0.5534266,0.008800991,-0.022139398,-0.8512499,-0.19229218,-0.018607978,-0.117516875,-0.048628934,-0.068193406,-0.018470045,-0.07481747,-0.006889606,-0.013992305,-0.037573177,-0.025534151,-0.16627888,0.0026224414,0.044321623,-0.006374733,0.024558902,0.0122936955,-0.043635175,-0.04691597,0
-0.21829228,-0.02266204,-0.08099265,0.012395922,0.0027173667,-0.0055689192,0.012291359,-0.07369335,-0.0998188,0.25796562,0.11609563,-0.5007456,-0.20247854,0.25405964,-0.16007857,0.2793669,-0.08777503,-0.120065056,-0.114183865,-0.0023963605,-0.20009169,-0.11596988,-0.016569456,-0.26877064,-0.012830295,0.22918001,-0.34949684,-0.39676848,0.086333245,0.55541456,0.30662423,-0.8569905,-0.04012751,0.047866188,-0.8074639,-0.1680396,-0.08838272,-0.13995177,-0.06650627,-0.073431954,-0.018857822,-0.084407486,-0.008408606,-0.025242763,-0.070606,-0.027644437,-0.13779469,0.0014630739,0.06145487,-0.0520501,0.016253164,0.0041389056,0.006441345,-0.2690714,0
-0.2817754,0.011697322,-0.06794144,0.012849608,0.010514008,-0.00089136604,0.037562206,-0.065630265,-0.11174557,0.18990956,0.034969427,-0.50011724,0.095812134,0.26659808,-0.15531094,-0.47840554,-0.10379356,-0.10794066,-0.85956293,0.00021276902,-0.19668782,-0.18336013,-0.040504694,0.0894957,0.001126434,0.13241327,-0.05048974,0.1225224,0.030048914,0.16232526,-0.32435003,-0.83248526,-0.15810397,-0.069361426,-0.76154864,-0.19420516,-0.08360106,-0.15224609,0.006412676,0.029762749,0.008047265,0.025101934,-0.0031160712,0.031133026,-0.0606028,-0.02343425,-0.15831774,-0.00072986295,-0.028982164,-0.009638201,-0.050639495,0.010964927,0.0054849344,0.02539918,0
-0.2853586,0.010461517,0.011558078,0.017288547,0.0104168765,0.0018562004,0.018186044,-0.07065213,-0.13339253,0.12692773,-0.019099372,-0.480426,-0.008093937,0.2170613,-0.14090689,-1.2010999,-0.063528,-0.09120915,-0.0009230885,0.002703752,-0.10695789,-0.17005771,-0.008836325,0.068785995,0.011023067,0.17422196,-0.26531416,0.9671989,-0.12818795,-0.8069039,-0.38064304,-0.7848184,0.00949545,-0.047652345,0.8719965,0.15783465,-0.03228559,-0.18289647,0.034132563,0.010976479,-0.023677194,0.056914546,-0.011814804,-0.0365792,-0.066786535,-0.012734896,-0.1804224,-0.015328477,-0.11226624,0.00070253015,-0.015448645,0.002370379,-0.0056530545,-0.19553918,0
-0.17212705,-0.00093035825,0.002110044,0.008424527,0.004468933,0.0046897503,0.031992532,-0.05346951,-0.09088222,-0.7322511,-0.71985924,-0.39462057,0.084156476,-0.109294444,-0.08188579,0.94517756,-0.04665851,-0.05065379,-0.049619053,-0.00047156215,-0.25580618,-0.087623924,0.048551317,-0.27127117,-0.02833934,-0.089214824,-0.09429134,1.0696532,0.056058984,0.3566892,0.16981901,-0.8309696,-0.051451206,0.034524057,-0.74526376,-0.24281526,0.026753707,-0.1392089,-0.03110552,0.022254065,0.0062410445,0.02936314,-0.008703826,-0.0256239,-0.056595497,-0.029098902,-0.15962775,0.0020732754,-0.065372236,-0.011117,0.026461268,0.017888127,0.007329709,0.38877878,0
-0.16932593,-0.028511416,-0.001096931,0.0029508113,0.0051271953,0.0050111115,-0.021436488,-0.074266545,-0.13577528,-0.74772227,-0.7801842,-0.41302773,-0.2204586,-0.8183933,-0.14311528,0.66087025,-0.037644066,0.096200965,0.038033474,-0.0039968016,-0.23282756,0.018449241,-0.007278616,-0.22022676,-0.014941718,0.08814562,0.1651144,1.0635649,-0.013733042,-0.6291655,0.1827764,-0.5958643,-0.13089933,0.010489882,-0.5452681,-0.19355842,0.06088158,-0.111262426,-0.007850144,-0.049014214,-0.007997517,-0.057318717,-0.00045086746,-0.022702632,0.12326579,-0.014266118,0.2851138,-0.0034594,-0.058347713,0.0043589775,-0.045540046,0.0062350417,0.0008344983,0.016010314,0
-0.3494405,-0.048350506,0.0111131985,0.018694576,0.010811957,-0.00085177366,0.02770472,-0.06409634,-0.10717707,0.12133383,0.008416013,-0.46403077,0.07804816,0.23527497,-0.085535325,-1.5109296,-0.08576425,-0.07436253,-0.12128386,-0.00019435864,-0.205371,-0.1797005,-0.01239675,0.087540604,0.005978808,0.15321553,-0.01919018,0.6975513,0.026118476,0.23624793,-0.36936954,-0.8693886,-0.15577182,-0.06505099,-0.8005075,-0.20704542,-0.08425886,-0.15555774,-0.024235655,0.03731221,0.0075170207,0.05321884,-0.004052971,-0.00045964099,-0.03353473,-0.02927747,-0.15561855,0.002636049,-0.081763506,-0.017264748,-0.045687743,0.004763052,-0.00025716564,0.30751878,0
-0.19137254,-0.0095303655,0.017905816,0.00077084516,0.0038692304,-0.0015603841,0.01499831,-0.06922723,-0.1409248,0.2328513,0.14377412,-0.47214916,-0.21964662,-0.043315854,-0.16017073,0.9835663,-0.032025583,-0.05453474,0.22699536,-0.009014387,-0.18712606,-0.13728572,-0.035108376,-0.29121116,-0.009537307,0.22947836,-0.3880035,-0.38992205,0.07995231,-0.09042189,0.27952635,-0.8725904,0.32030442,0.023465615,-0.797277,0.029929468,-0.082219645,-0.16880439,-0.04978993,0.04187382,-0.015931219,0.02769228,-0.0023062874,-0.014010247,-0.06829643,-0.024175106,-0.13521008,0.011799023,0.06875148,-0.048468553,0.0235688,0.0035010595,0.0057849786,-0.27772754,0
-0.19380727,-0.035524085,-0.09040504,-0.0049358653,0.00430432,-0.002460647,0.003914921,-0.067019686,-0.08672185,0.14042059,0.08811547,-0.40899223,0.10601108,0.21117331,-0.14924237,0.8342054,-0.07907381,-0.10739715,-1.1622826,-0.0036241603,-0.2054184,-0.13486333,-0.015956132,-0.18084314,0.009596028,-0.18032643,-0.27895743,0.849468,0.08566243,0.42863798,0.031324185,-0.81005365,-0.010458492,-0.033451136,-0.884876,-0.26472592,-0.083762504,0.18285267,-0.044174362,-0.07215182,-0.01825907,0.020876773,-0.005431135,-0.0060814694,-0.042815786,-0.020737767,-0.16008292,-0.0007674907,-0.03912759,-0.008042558,0.028466474,0.010461683,-0.025696825,-0.013975522,0
-0.160231,-0.0029236856,0.0007324853,0.008624284,0.0055700396,-0.00055763894,0.022431258,-0.05361496,-0.10755485,-0.52177995,-0.6427798,-0.4327904,-0.013902075,-0.11715905,0.015675003,0.662047,0.0062443074,0.057220526,-0.76289195,-0.0074399905,-0.24105664,-0.060529348,0.054159466,-0.22353585,-0.027345456,-0.093253,-0.16397682,1.0226958,0.13086556,-0.63012993,0.012617258,-0.7560669,-0.14896482,0.0386801,-0.7861767,-0.22298573,0.06362051,-0.048894938,-0.018661829,-0.031186745,-0.00743826,0.01557665,-0.005655736,-0.017774832,-0.042560887,-0.027657203,-0.16912422,-0.00023392797,-0.056399833,0.00072823605,-0.014964869,0.015750986,0.0029536192,0.11005571,0
-0.29991165,0.006336983,0.01011513,0.008894588,0.0064853984,0.007207526,-0.0062845126,-0.085684,-0.11319609,-0.4525863,-0.6511972,-0.48349798,-0.11800427,-0.27794367,-0.15366325,-1.1943874,0.10248993,0.12163178,0.14901826,-0.004854666,-0.14415285,-0.11023772,-0.017113583,0.037263952,-0.0008101505,0.25063068,-0.039599042,-0.58968216,-0.14121176,-0.67149794,-0.25639904,-0.59403586,-0.11681075,-0.026709897,-0.5898332,0.055945925,0.063925706,-0.10186903,-0.01823143,-0.029924657,-0.00046186685,-0.06717193,0.0009335205,-0.017336024,0.11574328,0.02554057,0.40828484,0.0075977007,0.025623444,0.011321629,-0.048992213,-0.008926108,0.0022830071,-0.20427094,0
-0.19696392,-0.007223991,0.0029399586,0.0016122967,-0.0010657604,0.0032502464,-0.047922067,-0.09742755,-0.116651975,-0.9605147,-0.96957684,-0.41122648,-0.22462124,-1.0183368,-0.09692376,1.1484033,0.011188913,0.08464841,0.054678697,0.012480244,-0.1589336,0.009124757,-0.041919164,0.07706165,-0.012623394,0.12016877,0.022145243,-0.61504036,0.03921511,0.38622767,0.020341335,-0.42620933,-0.10016578,-0.0215904,-0.4536173,0.2425229,0.063656665,-0.115540236,-0.018820072,-0.033680785,-0.0035815393,-0.08197234,0.002123856,-0.016365703,0.0021180222,0.01381579,0.34072024,0.0016226837,-0.01843037,-0.0019964841,-0.05007277,-0.0042186757,0.0012345908,-0.37737918,0
-0.2909286,0.0009190337,0.055764116,0.00282603,0.0054500187,0.00672794,-0.021895777,-0.07862224,-0.10155217,-0.71222657,-0.7792303,-0.45149943,-0.1688959,-0.70490867,-0.15373904,-0.31111228,0.10050124,0.12037856,0.01777575,-0.004563365,-0.17779824,-0.055589724,-0.041740257,0.04939664,-0.005150139,0.2835823,-0.042144176,-0.640773,0.032485258,0.6555578,-0.25385067,-0.52926546,-0.09253344,-0.024591617,-0.5085008,0.14860365,0.07127354,-0.1068852,-0.01685713,-0.025336862,0.0022344657,-0.07382185,0.0060307966,-0.014363328,0.12649429,0.03750393,0.27379712,0.017197322,0.026368955,0.020830113,-0.051030762,0.0032522534,0.0032096915,-0.024154726,0
-0.3215335,-0.039398406,-0.018079469,0.008595101,0.00352882,0.0062720203,0.012547601,-0.08286006,-0.103553295,-0.537959,-0.6153918,-0.47027066,-0.15522403,-0.56410414,-0.13399857,-0.74410546,-0.061596498,-0.0819397,0.17146564,0.0070844665,-0.22038268,-0.0520351,-0.036682382,-0.12140184,-0.013593284,0.083521776,0.108717196,1.2458346,0.04848712,0.10098817,-0.03780237,-0.6248824,-0.077668376,-0.017444726,-0.5850946,-0.13429259,0.06537693,-0.14570445,-0.011227271,-0.0494692,-0.01102744,-0.06449685,-0.0051646833,-0.0042200247,0.12287147,-0.019233229,-0.17004244,0.027526047,-0.02012391,0.005761469,-0.05043925,0.00018073793,-0.00094601535,-0.009880407,0
-0.19017777,-0.020009352,0.0075207152,0.016053027,0.0078689065,0.00047789887,0.015194374,-0.073434114,-0.11007691,0.17855942,0.03664802,-0.40334082,0.06690341,0.26744026,-0.14235476,0.21684372,-0.051062893,-0.057922624,-0.3118153,-0.013748572,-0.1915507,-0.20223922,-0.011226974,0.09823468,0.015167728,0.16166891,-0.23376012,0.73431873,-0.042137362,-1.0161326,-0.37528092,-0.79672545,-0.068564296,-0.058620136,-0.8985161,-0.007718263,-0.05602282,-0.19460975,-0.0098382365,-0.04861141,-0.021574598,0.021338442,-0.0016323696,-0.031910837,-0.06097773,-0.032503583,-0.18324688,0.0026965593,-0.07731888,-0.021837685,-0.012820341,-0.004977702,0.0056726243,-0.233059,0
-0.297645,-0.012194254,0.008248737,0.008680334,0.0045367763,0.0055030193,0.020953257,-0.09879785,-0.12809248,-0.6483457,-0.7364798,-0.53504735,-0.016397953,-0.622197,-0.13780631,-0.86723334,0.10888933,0.04042537,0.03352514,-0.0036037683,-0.17153126,0.09483299,-0.005882161,-0.124453634,-0.012580017,-0.22867107,0.11312199,-0.43314034,0.010321388,-0.84162956,0.2683001,-0.5286823,-0.18394656,-0.03273436,-0.62583774,-0.19416568,-0.056479786,0.14072427,0.0010316777,0.019310337,-0.010070596,0.06165071,0.0026669146,-0.019100875,-0.045650925,-0.006388232,-0.119753,0.0005943584,0.033307016,-0.00074629067,-0.017368866,0.0018771356,-0.006061723,-0.0020346832,0
-0.3043838,0.0094324,0.008832905,0.0066742254,0.0064690574,0.0050429637,-0.007935473,-0.08848743,-0.12126761,-0.486515,-0.6787067,-0.4855828,-0.1186371,-0.5699727,-0.14589076,-1.1346655,0.10088353,0.114776395,0.026693707,-0.006581623,-0.14325815,-0.10471959,-0.03935404,0.027177714,-0.007302842,0.2604136,-0.030060494,-0.579697,-0.13281925,-0.6447822,-0.24385694,-0.5127466,-0.09204236,-0.017289344,-0.6052666,0.044729352,0.06773241,-0.09981507,-0.017985826,-0.027578657,-0.0007046263,-0.06611472,0.001636142,-0.01774812,0.122496694,0.038427,0.37870568,0.015097721,0.026833907,0.0050337366,-0.017366184,-0.008270225,0.0018871723,-0.20755138,0
-0.29617086,0.012024116,0.012975572,0.007830545,0.004820227,0.006008625,-0.005211504,-0.087209255,-0.11903182,-0.50093216,-0.66834736,-0.47290206,-0.083912246,-0.60000163,0.019728791,-1.0059026,0.12973815,0.110789955,0.15661341,-0.004295434,0.28184122,-0.10498948,-0.042153116,0.028170787,0.004833228,0.03000032,-0.018190546,-0.6535638,-0.13527666,-0.66085273,-0.24081583,-0.48428315,-0.1637695,-0.03663679,-0.4620984,0.08493324,0.059085995,-0.09761376,-0.017921783,-0.029094275,-0.0023176936,-0.077359855,-0.0032376698,-0.014939996,0.11964266,0.029882474,0.41434994,0.0024028812,0.027718496,0.0016079907,-0.0562945,0.004427302,-0.00086750137,-0.23890644,0
-0.17153381,-0.02218213,0.0056874594,0.007772078,0.022394497,0.010347584,-0.027496368,-0.08902179,-0.14364906,-0.54376805,-0.6240998,-0.47597247,0.12965472,-0.45357513,-0.15365054,0.08289386,-0.0384196,-0.050774004,-0.54825634,0.009884657,-0.1931828,-0.1741635,-0.022637455,0.10200842,0.0035559225,0.2104885,-0.17685047,-0.31899247,-0.08587321,-0.7524454,-0.21730213,-0.4808699,-0.15916695,-0.039523177,-0.72550803,-0.1932047,-0.047142025,-0.15593219,0.019967804,0.07601108,0.0076556467,-0.07441754,0.0027075873,-0.0011133959,-0.030710319,-0.006965855,-0.1315192,0.014967082,-0.0049326746,0.001410206,0.039882995,0.0060130497,0.004610955,-0.24932142,0
-0.28583786,-0.00508144,0.0070455447,0.013660503,0.005102954,0.0073937317,0.018327413,-0.061374385,-0.061734673,-0.68295383,-0.7905567,-0.3676129,-0.25346047,-0.24372925,0.016400727,0.12013508,0.101918325,0.14086741,-0.680612,-0.010117503,-0.20216972,0.07750596,0.06040632,-0.15309429,-0.0019076853,0.18957795,-0.2322602,-0.49910507,0.05587562,0.9434655,-0.14888942,0.23603587,-0.109681204,-0.039594382,-0.6378422,-0.22581272,-0.06800472,0.040559225,0.014310385,-0.06580353,-0.0033444525,0.06443397,-0.004952996,0.0032561417,-0.0272605,-0.01837223,-0.12329629,0.009158971,0.04364171,0.0082173245,0.012573188,0.0055949884,-0.013473064,0.13330464,0
-0.22381584,0.0038692844,0.01681263,0.008277412,0.0073987893,0.0073630195,-0.036972903,-0.082206786,-0.14181232,-0.7044505,-0.7668705,-0.47148317,-0.08901114,-0.757122,-0.15492389,0.013291313,0.090087846,0.10210466,0.14857015,-0.0061077755,-0.14417693,-0.04042059,-0.0149331745,0.08153142,0.006968865,0.07600798,-0.027231755,-0.63095456,-0.1150285,-0.62213373,-0.17672569,-0.43342984,-0.1672596,-0.0259983,-0.5416283,0.1864348,0.057634078,-0.11074629,-0.016382897,-0.032554075,-0.0040201577,-0.07335146,0.0011453622,-0.01882882,0.049539376,0.024533762,0.40810016,-0.0016386283,0.008973403,0.005562471,-0.05601433,-0.0011841195,0.00024277507,-0.26897302,0
-0.2556744,0.0069632586,0.017533824,0.00860681,0.0064853984,0.0064025396,-0.0045341346,-0.07583941,-0.10932654,-0.47528398,-0.60751796,-0.4623805,0.019382905,-0.5615056,-0.14728855,-0.92895,0.10108909,0.111454815,0.13210495,-0.0032494331,0.3123392,-0.08635004,-0.04678679,0.081313394,0.0031232073,0.0631414,-0.054367002,-0.6926306,-0.15210877,-0.95059776,-0.25923613,-0.495483,-0.17267862,-0.024390085,-0.5004197,0.07616835,0.05668019,-0.10395448,-0.013758665,-0.03219455,-0.0011590826,-0.07343029,-0.0031192806,-0.014875952,0.091519944,0.030093277,0.38850576,0.01252351,0.030486654,0.00022249622,-0.050163098,-0.008285316,-0.00031052413,0.037591398,0
-0.26707065,0.0071973233,0.010968549,0.0077775028,0.0063089286,0.004884318,-0.00414443,-0.08056283,-0.12015767,-0.48943788,-0.6350098,-0.46715346,0.035116713,-0.56293005,-0.10898745,-0.970154,0.10257405,0.114108,0.03688944,-0.0017141309,0.36917353,-0.11044797,-0.04461121,0.064521894,0.0045153117,0.056573465,-0.060674015,-0.6781279,-0.1499667,-0.8463325,-0.2577371,-0.5286076,-0.1487514,-0.033821367,-0.5239078,0.053335093,0.062717214,-0.102756195,-0.013491167,-0.028331762,-0.0027003014,-0.071657054,-0.0010358724,-0.016135555,0.11727206,0.027530875,0.39391214,0.011336123,0.017800257,-0.0015142304,-0.051178247,-0.0021113444,-0.0010529652,-0.120483845,0
-0.28165886,-0.023797905,0.010604931,0.008366933,0.0036012223,0.00374561,-0.00040597538,-0.07609437,-0.09964378,-0.4976715,-0.59105474,-0.44941598,-0.0328619,-0.6061138,-0.14763647,-0.91661143,0.009057255,0.11357485,0.16709599,-0.0032090566,-0.21709868,-0.073015556,-0.041659813,-0.14594954,-0.009725065,-0.2858508,-0.034991384,0.52222127,0.06336001,-0.9449622,0.26961908,0.10048558,-0.19186884,-0.02776069,-0.59405243,0.09070499,-0.05734837,-0.13537483,-0.009173634,-0.035431214,-0.010812208,-0.059439328,-0.00034938194,-0.023158131,-0.038032785,-0.025129013,-0.16814518,0.011542287,0.014131514,0.003193194,-0.060492333,-0.006879396,0.0037705177,0.78869957,0
-0.1891578,-0.008291821,0.013778023,0.022879032,0.008814879,0.021529414,-0.0191372,-0.072785206,-0.12529007,0.16056333,-0.061560523,-0.48764122,0.09656519,0.18835516,-0.0046796133,0.11109915,-0.06885165,-0.07617608,-0.5334926,-0.00068797986,-0.17114833,-0.21231788,0.059718624,0.09171169,-0.0060768584,-0.094581485,-0.23772307,-0.4367393,-0.20664743,-0.9863585,-0.29246554,-0.74271053,-0.16188322,-0.06339781,-0.74555355,-0.22757523,-0.059767563,-0.07462615,0.023482863,0.05182744,0.0074450495,0.06629065,-0.0015382278,-0.0005076376,-0.052609432,-0.019412322,-0.13849962,-0.0059706075,0.03733277,-0.0035459592,-0.05355507,-0.0031077072,0.0028100829,0.29216793,0
-0.24588747,-0.0044509894,0.00023250666,0.008972963,0.004547359,0.006755827,-0.012378888,-0.10180151,-0.10754832,-0.6360287,-0.7301759,-0.43794507,0.13344856,-0.65244734,0.013657846,0.17917733,0.09752655,0.0507057,-0.57650083,-0.0068673864,-0.20776927,-0.14592658,0.09453765,0.105961755,0.006661516,-0.19426441,-0.16598204,-0.42443493,-0.034692515,0.030129984,0.0726259,-0.64245063,-0.17021759,0.03039715,-0.68872535,-0.23766065,-0.058819894,-0.07783299,-0.013383376,0.023408867,-0.004092262,0.040894523,-0.0053088013,0.0025183829,-0.032287404,-0.020803811,-0.12529953,0.017953478,0.04290157,-0.0029848793,0.032620817,-0.013830041,-0.00559903,0.2879673,0
-0.24416637,-0.020984637,0.0037415284,0.008133198,0.0054562734,0.007690168,-0.0049713347,-0.09342261,-0.13680597,-0.42681295,-0.59586567,-0.5079841,0.08775939,-0.5002836,-0.15671128,-0.722614,0.093879625,0.01103917,-0.43438527,-0.0066172946,-0.1881668,-0.11347999,-0.023540644,0.07955468,0.0033222053,0.19978225,-0.18181255,-0.30364022,-0.055312082,-0.77018917,-0.21382405,-0.48138973,-0.16360877,-0.03713758,-0.73352075,-0.148468,-0.0453471,-0.14697994,0.020039747,0.023230169,0.0075219385,0.011264201,0.0025597326,0.0347982,-0.03083614,-0.025577998,-0.112409174,0.0048020007,-0.017319176,0.010230668,-0.017403236,-0.008708124,0.005045534,-0.2330508,0
-0.22355908,-0.0009447025,0.012181975,0.006818818,0.006645312,-0.0024159597,0.018563977,-0.07160731,-0.111002095,-0.65742284,-0.71669716,-0.45212948,-0.13686416,-0.6414456,-0.1713269,0.046198707,0.08701052,-0.068651,-0.550523,-0.0037329334,-0.2081357,-0.059384312,-0.0075590643,-0.17475936,-0.013113406,-0.25636187,0.07998326,-0.4624997,0.017231317,-0.8057846,0.23316756,0.2995102,-0.17131655,-0.015119161,-0.7416332,-0.23706849,-0.0582468,0.17803241,-0.017276695,0.005061292,-0.011089754,0.025891166,-0.0060443897,-0.020223275,-0.055613343,-0.015348238,-0.107076555,-0.0051189037,0.037699852,-0.0065801544,0.038121205,-0.008229296,0.004356427,0.3471451,0
-0.1857704,0.0012642215,0.0033438555,0.010519183,0.0059290007,0.0053062467,-0.030607324,-0.09508687,-0.14782538,-0.7016351,-0.7418419,-0.44730186,0.13483433,-0.66195434,0.10689192,0.1746667,0.08265983,0.113214694,-0.04630876,-0.00959116,-0.20115812,-0.03063999,0.10741361,0.10953012,-0.006301306,-0.18488657,-0.16930923,-0.43528268,-0.106519595,-0.8432933,0.09972197,-0.6423445,-0.15615791,0.040560804,-0.69907147,-0.22233835,-0.05265049,-0.03979552,0.005998006,-0.057946283,-0.008371404,0.06490392,-0.003933573,-0.0033117584,-0.03160145,-0.015387184,0.19655594,0.018637061,0.048730638,-0.0038091033,-0.0023032806,0.002855244,0.0019765855,0.50662196,0
-0.3378283,-0.0089577595,0.017350957,0.006564955,0.0041855187,0.0035290355,-0.0032191516,-0.0875314,-0.10656134,-0.5393772,-0.68905056,-0.43250823,-0.15396962,-0.63457745,-0.16035399,-0.98729396,0.11205681,0.13053478,0.14076409,-0.00397469,-0.16603284,-0.08058501,-0.048153862,-0.11092772,-0.0038063556,-0.28862488,-0.0142736025,-0.5408943,0.0364651,-0.8756145,0.29659498,0.37602973,-0.18315242,-0.032580834,-0.51964235,0.09256045,0.035059586,-0.09927604,0.01207115,-0.010737594,-0.00090233656,-0.064415865,-0.00062868604,-0.018714478,-0.05679887,0.049371447,0.24980526,0.013252482,0.018355142,-0.0011619093,-0.059658047,-0.0041247625,0.00035848678,0.5511629,0
-0.255221,-0.009117623,0.015524935,0.01792653,0.008108171,0.013704518,0.008652463,-0.06334975,-0.13963778,-0.00013468124,-0.26953083,-0.51514345,0.089298636,0.17857827,-0.108235955,-1.1378856,-0.07244842,-0.08897917,-0.47602516,0.005319011,-0.14535446,-0.22171424,-0.011879306,0.06783044,-0.005993381,-0.09369184,-0.21911503,-0.49753788,-0.22231041,-0.902221,-0.2528379,-0.6757999,-0.1650282,-0.047682773,-0.53804505,-0.1857309,-0.05268692,0.18336527,-0.0059714443,0.068033464,0.0046546822,0.057084665,-0.0009280662,0.048281696,-0.021011978,-0.013240467,-0.099751934,-0.016335085,0.040854417,0.0024421066,-0.050024886,-0.002560163,-0.0052534714,0.26709387,0
-0.25680602,-0.013251612,0.008185115,0.01697296,0.0057082004,0.0051350365,0.02534621,-0.07534061,-0.071717195,-0.9500862,-0.96227586,-0.37117782,-0.27835453,-0.45187807,0.05849561,0.5394036,0.10025872,0.062314145,-0.040007114,0.0007323073,-0.17925893,0.08289836,0.060035475,-0.21538457,-0.00852836,0.050440587,-0.2202839,-0.55221426,0.05902541,0.51480174,-0.17127092,0.47755274,-0.107616246,-0.017939074,-0.6462599,-0.243307,-0.068950124,0.19153403,-0.013635965,-0.06853099,-0.010741653,-0.050629746,-0.004770404,0.006870719,-0.030192627,-0.01256117,-0.11380169,0.011627999,0.047631122,0.0025820003,0.0021220325,0.0039177565,-0.024060462,0.113416694,0
-0.3558205,-0.038574114,0.03714475,-0.018491484,0.005080036,-0.013864869,-0.026119543,0.13918683,0.1993741,0.24435653,0.5231994,0.98049134,0.065155394,0.22474368,0.012560161,-1.6037506,-0.064517796,-0.08772425,-0.012401345,-0.007975596,-0.08321983,-0.259032,-0.0273385,0.047363475,0.00560918,0.18668827,-0.26302695,-0.4922443,-0.030795861,-0.89397585,-0.45676178,-0.5356237,-0.10839093,0.043837547,0.661579,-0.14786704,-0.044081066,0.05056933,-0.049356516,-0.09877178,-0.025382828,-0.15489736,-0.0033358857,-0.022947943,-0.054244425,-0.02186206,-0.10791258,-0.025264189,-0.13901468,0.0023992928,-0.024181472,-0.008661107,0.0036554798,-0.13100964,0
-0.31576997,0.007253171,0.0037633465,0.009320197,0.0046529183,0.004279973,0.003819267,-0.07214944,-0.11339339,-0.4214297,-0.61176074,-0.44372004,-0.07652965,-0.53558296,0.09389205,-1.2253543,0.09929299,0.11138862,0.042116046,-0.0023143226,0.36373383,-0.10387836,-0.03865486,0.041345812,-0.0006274525,0.25641266,-0.037028704,-0.6500371,-0.14295992,-0.94239867,-0.27736795,-0.61520493,-0.112461634,0.02792806,-0.5119656,0.035171837,0.056171767,-0.09791209,-0.012030333,-0.029652707,-0.00198729,-0.07597324,-0.0011985954,-0.013670968,0.11908099,0.029183382,0.25543773,0.0018655173,0.027287118,-0.0045842687,-0.0072679515,0.0031828573,0.0010460548,-0.107468426,0
-0.36733392,-0.002745679,0.07412573,0.010940422,0.00797982,-0.0004094023,0.03456649,-0.04979836,-0.087823786,0.13842346,-0.06760731,-0.41035804,0.09601554,-0.18844025,-0.106321566,-1.5672505,-0.08291522,-0.10137074,0.16751161,-0.0051625036,-0.1551757,-0.19305998,-0.021991577,0.060898785,-0.01408772,-0.29336566,0.31223387,-0.5459364,-0.2322646,-1.0679053,-0.36139387,0.61391985,-0.08476833,0.010030849,-0.6927249,-0.09436289,-0.0695742,-0.09512149,-0.0029379728,-0.06434578,-0.009146245,-0.0028709131,-0.002047263,-0.029064318,0.080354996,-0.0025643795,-0.13114098,0.016945414,0.029792672,-0.004085685,-0.019456485,-0.004215385,-0.0019305703,0.5089986,0
-0.32048604,0.012059224,0.00409532,0.0064013107,0.004181497,0.005816606,-0.0054828636,-0.07220708,-0.11721712,-0.42188394,-0.58770645,-0.4225483,-0.11174849,-0.5538686,-0.065105855,-1.1497247,0.11192352,0.104751706,0.031244576,-0.006822204,0.43275568,-0.10091143,-0.03878979,0.0712191,-0.0071672658,0.23336133,-0.03364896,-0.6559507,-0.13135831,-0.90782344,-0.293654,-0.53413385,0.4182912,0.026754668,-0.55355763,0.05754301,0.05318904,-0.09276452,-0.012796035,-0.033133324,-0.0022974121,-0.06411903,-0.0010822462,-0.015889918,0.11994846,0.038102344,0.22456415,0.0046791085,0.02637611,-0.0019030717,-0.048755173,0.0020147595,0.002184517,-0.105530046,0
-0.39447206,-0.009258856,0.08276792,-0.016373238,0.0048478264,-0.014180055,-0.05153604,-0.04795964,-0.10436898,0.1632975,0.03364226,-0.43707722,0.09639581,0.22229673,0.011335248,-1.7592673,-0.09138501,-0.1300648,-0.07147723,-0.008416388,-0.13624255,0.19977349,0.116029,-0.06556962,0.00019759382,-0.21553396,-0.022443527,-0.50665975,-0.16084982,-0.9415776,-0.39811358,0.64472365,-0.030376207,0.054009624,-0.059663936,-0.18217917,-0.065630846,-0.0690445,-0.04331878,-0.08927672,-0.017370816,-0.09900187,-0.010317529,-0.009796686,-0.05902457,-0.018044606,-0.10855481,0.024903242,-0.061099082,-0.022727419,0.04858712,0.0027017402,0.00648963,0.17241542,0
-0.3423626,-0.011591986,0.018949963,-0.014417481,0.005839791,-0.008616468,-0.022796025,0.05237293,0.19289714,0.18845247,0.14402239,-0.08903776,0.041410156,0.21310377,-0.0013998165,-1.7385762,-0.07114683,-0.08191269,-0.02967366,0.0024638844,-0.10102972,-0.28942412,-0.011277144,0.042632733,-0.00338251,0.07863333,-0.16409047,-0.5032002,-0.22048646,-0.87373793,-0.41824594,-0.6984691,-0.1802245,-0.04676756,1.1920595,-0.27354172,-0.040298674,0.20577265,0.05995462,0.05111479,0.0065931184,-0.1556343,0.0045195203,0.008167837,-0.022426844,-0.006125003,-0.08172065,-0.027214766,-0.08956321,-0.0172224,-0.07719105,0.0034397668,-0.000735661,0.15791018,0
-0.31745037,0.007253171,0.004210193,0.009669061,0.006318089,0.0045633176,0.015749095,-0.07391396,-0.1200994,-0.43150568,-0.6049813,-0.44940987,-0.08109413,-0.37596127,-0.003983594,-1.357089,0.1004463,0.1169131,0.04065636,-0.002718444,0.36060733,-0.10578689,-0.037389837,0.069528595,-0.0052213455,0.25258708,-0.025518827,-0.6481494,-0.14682706,-0.8890541,-0.26643357,-0.5414311,-0.12293943,0.029690454,-0.5291087,0.040719293,0.05560316,-0.095794775,-0.012556823,-0.03131319,-0.0020575584,-0.06372336,-0.0011276025,-0.015874235,0.120111644,0.039928857,0.24641566,0.006444875,0.027009305,-0.004059999,-0.05100569,-0.0057841092,-0.00019983866,-0.24462111,0
-0.32604563,0.004383342,0.03521043,-0.013084638,0.012483664,0.002844051,-0.02208245,-0.02776284,-0.11855631,0.15017205,0.09634534,-0.22939011,0.07261801,0.23213367,-0.0019065868,-1.466692,0.14289655,0.09584094,-0.4768131,0.002979228,-0.16228189,-0.26071912,-0.038384896,0.059287157,-0.001217003,-0.08800273,-0.22993201,-0.41504297,-0.15361233,-1.0081704,-0.34921914,-0.6547972,-0.14486851,0.044246756,-0.7361371,-0.2224782,-0.06847431,0.2474766,-0.032535747,0.037367217,0.004845497,0.025246292,-0.004577672,-0.017152319,-0.06053146,0.0014783689,-0.11934587,-0.004681533,-0.066226184,-0.011775162,-0.046742328,0.0030138767,0.008854327,0.22049943,0
-0.30968052,-0.0048937225,0.07024156,-0.015060449,0.004953865,-0.012084799,-0.031766772,-0.05970571,-0.10201957,0.14634092,-0.0009619859,-0.49228254,0.07172327,0.21202363,-0.14091259,-1.5702455,-0.06623356,-0.10014565,-0.47229314,-0.0007680063,-0.08539391,-0.22931837,-0.02145967,0.054166764,0.01148628,0.17236494,-0.2500588,-0.504265,-0.13724272,-0.79575396,-0.36637384,-0.7156179,0.1588973,0.04018356,0.14783178,-0.20632404,-0.04479687,0.16073176,0.06292779,0.09042489,0.0053636963,0.060166072,0.0077174315,-0.014113889,-0.026134236,-0.008078588,-0.117146224,-0.02504275,-0.07842914,0.0076595284,0.023694836,0.006240817,-0.0003365823,-0.14035839,0
-0.36535892,0.00154712,0.07359982,0.0097308,0.0077212895,0.0056801676,0.031937454,-0.049832597,-0.09094408,0.0283958,-0.07037576,-0.4149151,0.09942832,-0.39914578,-0.16670825,-1.5603434,-0.07553759,-0.09756228,0.167177,0.0046694903,-0.14162181,-0.18982917,0.0011323658,0.039461862,-0.0172788,-0.30650136,0.128012,-0.5211163,-0.19396725,-1.0737213,-0.40137306,0.5475119,-0.08864366,0.036843285,-0.68355757,-0.007972941,0.05628393,-0.053893287,-0.017874865,-0.0673462,-0.012271767,0.029256381,0.0001624925,-0.02866503,0.08357231,-0.02020959,-0.1161515,0.009989954,0.02897408,-0.003075963,-0.05643246,0.0016897975,-0.006009745,0.56230956,0
-0.36649114,0.005259778,0.06996389,-0.016196797,0.0054081287,-0.01016539,-0.03060004,-0.022220088,0.14341977,0.15843533,0.10702175,-0.4073773,0.061845295,0.21970798,0.14109494,-1.660616,-0.06852265,0.13177814,-0.047668327,0.007851105,-0.108985156,-0.25885752,-0.014248633,0.045558855,-0.0008400115,-0.08311091,-0.287474,-0.51639616,-0.21651946,-0.90551865,-0.41409916,-0.7300636,-0.12926573,0.043633573,0.5972377,-0.23490806,-0.05254341,0.20813549,-0.023000244,-0.083215475,-0.012006608,-0.13179067,-0.0006877641,-0.009969347,-0.02798312,0.0022842048,-0.113211915,0.008681301,-0.098519996,-0.01247653,-0.028843192,0.0071156714,0.0032283552,0.28180566,0
-0.42626998,-0.02398785,0.06846618,-0.018087635,-0.0076604895,-0.011462389,-0.036247957,-0.02917306,0.18695356,0.17792962,0.13106458,-0.42253393,0.059332404,0.22628333,-0.07530476,-1.6054959,-0.09088432,-0.10276942,-0.5306543,-0.008192756,-0.10347937,-0.250699,-0.022493666,0.039969303,-0.0003635438,0.19653559,-0.27285618,-0.5301367,-0.19917195,-0.0073798373,-0.3516089,-0.72434056,0.0074841487,0.065556705,0.512473,-0.22843473,-0.057948742,0.1603667,0.08875389,0.00605392,-0.01911025,0.03422308,0.007818244,-0.009051738,-0.021432767,-0.0077156965,-0.09907687,0.017007995,-0.09195305,0.009778841,0.018541234,0.005778739,0.01216277,0.0008603176,0
-0.31821916,0.0070532346,0.004768573,0.007946539,0.006318089,0.005555269,-0.0015661647,-0.07339732,-0.11444846,-0.43400484,-0.59816116,-0.442976,-0.07786639,-0.5559451,-0.0007976475,-1.1066421,0.11958958,0.10586232,0.13628125,-0.0048210397,0.37680635,-0.10645316,-0.036947925,0.058228604,-0.0055669006,0.21623765,-0.027509661,-0.66455406,-0.14826469,-0.86481315,-0.27049893,-0.59265065,-0.12889344,0.027981006,-0.48753688,0.05564533,0.055069316,-0.09869931,-0.012803344,-0.029819705,-0.00216327,-0.06890024,-0.0011985954,-0.016552525,0.11552483,0.029728457,0.2535392,0.013295828,0.026073843,-0.0016819366,-0.05587911,-0.0067515997,-0.0005525501,-0.24993627,0
-0.35938385,-0.021366687,0.06667147,-0.020379744,-0.008744196,-0.012984157,-0.030084796,-0.026146816,0.20560366,0.20982005,0.14373843,-0.55829835,0.06061315,0.23051196,0.14356142,-1.7812678,-0.07954568,-0.092580475,0.016798185,-0.008028464,-0.101606704,-0.23034419,-0.030245079,0.039831303,0.00030272175,0.18269193,-0.25678706,-0.5288315,-0.22758216,-0.21467885,-0.38305524,-0.7481425,-0.16501005,0.059765756,1.2313348,-0.12008368,-0.041735906,0.1970278,-0.07740699,0.037131406,-0.025367228,0.08780965,-0.0024357494,-0.0027157995,-0.03267164,-0.026881209,-0.104382485,0.019290864,-0.111719094,0.009015444,-0.07334275,-0.006081597,0.0075324643,0.01428684,0
-0.370945,-0.0021797079,0.07851802,-0.013908669,0.01136262,-0.010107057,-0.04394476,-0.050354827,-0.09918599,0.1813948,0.0105730435,-0.43809393,0.10425433,0.24164917,-0.10214603,-1.5460135,-0.0905627,-0.1395973,-0.0031201695,0.0014030471,-0.18007931,-0.19376278,-0.019741472,-0.10652689,0.0027399024,-0.2492644,0.10054309,-0.4344509,-0.20104815,-0.9993233,-0.36249292,0.6061804,-0.111425586,0.035913184,-0.89393586,-0.1958197,-0.08195651,-0.09765237,-0.028908623,-0.06848288,-0.017439552,-0.08530921,-0.008754062,-0.010935231,-0.05640557,-0.01880018,-0.13850683,0.0060273297,0.03387767,-0.004363258,0.04228183,0.0034466148,0.0029614717,-0.06628107,0
0.5276581,0.015325969,0.011244899,0.010328606,0.004205859,0.0033072121,0.01186707,-0.10054358,-0.109651335,-0.68364066,-0.8172008,-0.44549757,-0.039103687,-0.71487266,-0.095544145,-0.73001796,-0.019507332,0.1499069,0.15298153,-0.00803129,-0.16186044,-0.11652332,-0.05294093,-0.11025506,0.0022808288,-0.27562478,-0.0041239834,-0.5622052,0.063932486,-0.642523,0.25303698,0.58640724,-0.2004674,-0.04476364,-0.576805,-0.16975048,0.064843185,-0.12073748,-0.013820013,-0.0521369,0.0034362434,-0.06611639,0.0010921524,-0.020259788,-0.039582323,0.04494917,0.13367343,0.00039384235,0.035080954,-0.007933525,-0.011337394,-0.005641223,0.00016433327,-0.28971788,0
0.54702294,-0.0038979212,-0.13073832,-0.023009485,-0.010437407,-0.0010658926,0.016249232,-0.04017845,-0.10664852,0.17152706,0.042135183,-0.3819687,-0.1217253,0.2422616,0.13151069,-1.3040019,-0.11011465,-0.15331648,-0.03833772,-0.0021483498,-0.16032822,0.25762072,-0.020013677,-0.12950316,0.0073845843,-0.22463548,-0.28417352,-0.4883609,0.18781997,-0.6290147,-0.036491603,0.39820337,-0.026660338,0.06818503,-0.86018896,0.03540229,-0.07746993,-0.13666229,-0.049902257,-0.076278105,-0.0037370143,-0.09747597,-0.004185358,-0.019814681,-0.028040169,-0.030322956,0.21363494,0.015903573,-0.08525933,0.0022315802,-0.024798784,6.526359e-05,0.004726491,-0.26111805,0
-0.33765185,0.008224602,0.06946103,-0.011764583,0.032185674,-0.0060509355,-0.024981793,0.12686855,0.20284577,0.19451618,0.18354604,0.8436585,0.067153275,0.23187655,-0.09083331,-1.5230615,-0.07236312,-0.06651476,-0.34809992,0.0057425136,-0.1410384,-0.25155124,-0.032304004,0.052586634,0.0028672572,0.16706713,-0.06856477,-0.3860426,-0.17310455,-0.95062387,-0.3612908,-0.49889922,-0.14609586,-0.05289406,-0.88510555,-0.2457524,-0.06407935,-0.12804471,0.051639047,-0.10341297,0.0068383054,0.07381949,0.009285747,0.035532933,-0.009140789,0.0036055816,-0.09463478,-0.0094939815,0.033107344,0.00020983815,-0.045558874,-0.0024685669,0.007888618,-0.1563046,0
0.57704586,0.00056024594,0.03794448,-0.02025616,-0.027500594,0.0017535306,-0.03455161,-0.0119233,0.11796851,0.1872703,0.14285766,0.5658118,-0.15116268,0.2519874,0.08096867,-1.2852465,0.021701997,-0.09114203,-0.037005737,0.0035490822,-0.13817674,-0.1530112,-0.014989091,-0.08479493,0.0037838763,0.01390654,-0.37133777,-0.4224714,0.2195677,-1.0393027,-0.40969306,0.47767878,-0.14833786,0.03553121,-0.9640343,0.11025702,-0.06557092,-0.19312145,-0.042836245,-0.06778769,0.0032594092,-0.11368799,0.005007516,-0.022844609,-0.053967535,-0.02504963,-0.08575991,-7.132534e-06,-0.055211816,0.013657404,0.058053035,-0.007574092,0.006417923,-0.23596488,0
0.5227729,-0.0033476483,-0.13700283,-0.017148156,-0.009661468,-0.001593071,-0.03633646,-0.042357117,-0.058379464,0.25211978,0.060962874,-0.3322079,-0.020125408,0.2685732,-0.08796605,-1.3359913,-0.0994799,-0.17043535,3.3087563e-05,-0.008403907,-0.14837869,0.21889421,-0.028629767,-0.13066544,0.0007333399,-0.25419194,0.26956362,-0.34324604,0.11643807,-1.066727,0.3041409,0.54941773,-0.20977607,0.05250247,-0.88217753,-0.09771989,-0.07959515,0.1393112,-0.03821613,-0.071932316,-0.025987344,-0.006334897,0.0029126506,-0.023284204,-0.033244543,-0.022087652,0.17314439,0.01672599,0.03842232,-0.0023536915,-0.007630599,-0.0028487374,-0.014469038,-0.27144897,0
0.44376266,-0.004646362,-0.10993987,-0.021416925,-0.028908549,-0.0085352585,-0.032955166,0.044844992,-0.046180878,0.20949996,0.1876374,0.85384417,-0.13763858,0.253154,0.087219685,-1.166927,-0.088006526,-0.11060739,-0.61599106,0.001676477,-0.13648191,0.20936795,-0.012916472,-0.10573452,0.011199519,-0.17171586,-0.30948624,-0.3854262,0.17978121,-0.5157328,0.2698533,-0.26893434,-0.15359765,0.06466124,-0.9672512,0.1358458,-0.06865917,-0.18679227,-0.02549589,0.052709892,-0.023723694,0.08372391,-0.009138343,-0.0030765543,-0.058374878,-0.024825623,-0.04418081,0.014346359,-0.035004575,0.008975013,0.017811883,-0.0051496956,-0.017794779,-0.21318518,0
0.49196312,-0.00589526,-0.11038124,-0.02688973,-0.007166886,-0.011802105,-0.034617256,-0.08118631,-0.14453585,0.18803017,0.001737308,-0.4738517,0.054826215,0.21240921,0.013777008,-1.5546434,-0.085748225,-0.110783674,-0.011843641,-0.0031110127,-0.10712726,-0.19932166,0.0811436,0.04325413,-0.00056573027,-0.14743768,-0.26304004,-0.51021695,-0.14364876,-0.62422884,-0.23911862,-0.6487822,0.0058544567,-0.037446402,1.37801,-0.20120327,-0.050779764,0.16009901,-0.026837729,0.0715179,-0.0025091781,0.07120693,-0.011186544,-0.016776467,-0.027924068,-0.027748812,-0.09895359,-0.025831137,0.027158234,-0.012342474,0.06603685,-0.0018759228,0.009024308,0.19199972,0
0.45189396,0.01689423,0.06345552,0.01346035,0.0065433485,0.007159109,0.021141512,-0.09299782,-0.09856892,-0.41706574,-0.6762892,-0.48491737,-0.12710771,-0.16470045,-0.10484369,-1.1414526,0.013746325,0.040738344,0.04342307,0.004949283,0.28385708,-0.07329845,-0.03959941,0.027060827,0.0029320638,0.07807312,-0.029278709,-0.6891913,-0.15360188,-0.50526303,-0.14491531,-0.5151827,-0.19440624,-0.04489324,-0.58011705,0.01170959,0.063483216,-0.10579423,-0.024190374,-0.02547239,0.0023346443,-0.06815817,-0.0033821133,-0.008507557,0.12733082,0.02661315,0.41143036,0.022076037,0.027079359,-0.003801182,-0.015672648,-0.012400331,0.006133451,-0.25731465,0
0.5004349,-0.008392756,0.07274214,-0.023157028,-0.008543948,-0.010360313,-0.042263713,-0.0317195,-0.115481384,0.16695996,0.060982935,-0.06647103,0.08893555,0.25229445,0.020045338,-1.2386547,-0.09992018,-0.1344862,-0.48293465,0.0111850565,-0.1465218,-0.22793442,-0.046624895,0.06614061,-0.009899666,-0.1648161,-0.29133934,-0.4097295,0.11605976,-0.6731764,-0.30498493,-0.35536018,0.21608251,0.04084547,-0.8502994,-0.19013181,-0.061143454,-0.06322776,-0.048600767,0.06493366,-0.013938605,0.03826003,-0.00463597,-0.026836481,-0.03305587,-0.029251235,0.19365971,0.0088551715,-0.08500636,-0.010846797,0.058105193,0.0021445784,-0.0039021322,-0.16838813,0
0.5246886,-0.007952482,0.056442134,0.011672276,0.004205859,0.003789431,0.0023586703,-0.09234481,-0.107827276,-0.61263335,-0.7583444,-0.4302906,0.10850056,-0.662798,0.061860662,-0.8125116,-0.016458118,-0.04923458,0.13574752,-0.009311613,-0.1761935,-0.10343668,-0.030507132,-0.11430111,-0.00089822477,-0.26602286,-0.008102952,-0.43082625,0.07820503,-0.9414798,0.22320877,0.6383834,-0.06323506,-0.039737593,-0.6984212,-0.17615008,0.061576147,-0.14107098,-0.007302062,-0.054012068,0.003413627,-0.08089964,-0.0033454336,-0.014567135,-0.008715788,-0.017322822,-0.12825231,0.0059022284,0.02983566,-0.010104404,-0.015092244,-0.0029403456,0.0047602584,0.02470819,0
0.6015189,0.001755835,0.039507907,0.0038473757,-0.015135578,0.0034606773,-0.006595624,-0.029459216,-0.015802432,0.16573365,0.15593046,0.6296062,0.07902309,0.26191527,-0.08590266,-1.5237346,-0.056027446,-0.13381673,-0.10354909,0.015214564,-0.12552838,-0.27114004,-0.038095716,0.05393394,-0.0034767203,-0.21050593,-0.35146198,-0.47203413,-0.22873335,-0.5984803,-0.38213038,0.41796216,-0.120111294,-0.06922102,-0.315703,-0.1431269,-0.05596873,-0.101857044,-0.06285896,-0.10900916,0.0012680307,-0.088590086,0.018467639,-0.01828448,-0.05860648,-0.018564068,-0.109400555,-0.016788412,-0.06338987,-0.014101351,0.014481749,-0.008302892,-0.008988643,-0.16883926,0
0.5139741,-0.0028675536,0.07407316,-0.0060027,0.008445399,-0.0015535634,0.007847167,-0.046163842,-0.11608067,0.17250313,0.04704784,-0.3259573,0.013226934,0.3069303,0.07925832,-1.1634713,-0.080632836,-0.12021441,-0.6084513,-0.00016796729,-0.17598112,0.1715075,-0.02960193,-0.14355022,-0.0040780073,-0.22474194,0.08725258,-0.21460891,0.1149789,-0.9773389,0.28977326,0.5696473,-0.21070445,0.05826081,-0.96160567,0.011000056,-0.053283807,-0.1690595,0.015498921,-0.07397938,0.0018587413,-0.040599085,-0.003605107,-0.014604411,-0.054991234,-0.024768328,-0.1259542,0.011189213,0.05621684,-0.013760068,-0.01795634,0.0021865712,-0.005399579,-0.25943306,0
0.57836306,-0.0041711605,-0.11871915,-0.019034602,-0.035033897,-0.010450933,-0.035324384,0.08023466,0.18600047,0.21091208,0.20323469,0.82006025,-0.16557728,0.22915092,0.12618198,-1.2950789,-0.089087486,-0.10114605,0.035282414,-0.008501245,-0.06971018,0.22051409,-0.014403364,-0.033379186,0.0043799896,-0.07745044,-0.39190346,-0.49869654,0.17539091,-0.94299185,-0.39800674,-0.22723511,0.16572797,0.026517358,0.38836628,-0.013466701,-0.03956221,-0.20919442,-0.028325716,-0.08986745,-0.00010048074,-0.17307839,0.0032973886,-0.01868429,-0.044007514,-0.017747464,-0.09085561,-0.01785075,-0.14153089,0.0021492327,0.032428913,-0.0007310489,-0.021594118,-0.17585945,0
0.526357,0.016283793,0.00950578,0.009313341,0.0064690574,0.0061054216,0.00048104138,-0.10016021,-0.11548688,-0.5744178,-0.75903267,-0.47468272,0.06749326,-0.5229647,-0.08796166,-0.9508189,0.009866258,0.06689802,0.036127824,0.004864294,-0.14765438,-0.14725463,-0.041742466,0.02441861,0.007106791,-0.13205697,-0.042399455,-0.6506121,-0.061842557,-0.34510833,-0.25032514,-0.276648,-0.0904208,0.0068401955,-0.6079936,-0.04339978,0.0731831,-0.11057295,-0.010768987,-0.024305277,0.004456614,-0.066728115,-0.00046626548,-0.011655176,0.13538522,0.032375213,0.26019582,0.009274356,0.029742539,-0.0034683235,-0.024736585,-0.007341479,-0.0043254434,-0.09873725,0
0.49417603,-0.009999023,-0.108135894,-0.02187042,-0.0066593993,-0.012448557,-0.037022054,-0.03132576,-0.08933653,0.16637383,0.0689017,-0.14273779,0.0723129,0.2070928,0.13339564,-1.614619,-0.08464846,-0.1204422,-0.022870837,-0.010595089,-0.08912005,-0.22432715,-0.019417454,0.067568764,-0.015719816,-0.16182025,-0.31723478,0.22314502,0.058073755,-1.0949843,-0.35459808,-0.52780455,0.041669626,0.04469911,0.3502985,-0.18747513,-0.04099886,0.17838524,-0.01404583,0.03394623,-0.010302402,0.069245614,-0.004214244,-0.020577438,-0.057853416,-0.022838425,-0.1373882,0.033395767,-0.12232129,-0.018593006,0.06964096,-0.0067667817,-0.002134418,0.012000671,0
-0.4324692,-0.023902597,-0.020047598,0.0009434449,0.008516757,-0.0028319675,0.0111038,-0.064057305,-0.086320445,0.14378487,0.06355827,-0.53014266,-0.19660057,0.1662704,0.0068229325,-1.6282403,-0.111124545,-0.119128406,-0.040650405,-0.0032369902,-0.15169518,0.22794178,-0.011857124,-0.109017864,0.0031719888,-0.18037146,-0.051519033,-0.42513394,-0.026419017,0.98947495,-0.33735752,-0.63042456,-0.16066436,0.04027222,-0.7481405,0.016802583,-0.0832342,-0.16236177,-0.058837872,-0.061690878,-0.021372885,-0.08753771,-0.003248476,0.048618026,-0.06245303,-0.021617522,-0.13008818,0.0008185442,0.05697474,-0.012704035,-0.0025344128,0.0034884028,-0.0043982165,-0.3143205,0
-0.37912983,-0.01865471,0.056729086,0.010062088,0.0049358215,0.0068512117,0.030497532,-0.08780007,-0.10709631,-0.6665075,-0.6974879,-0.515014,0.11189379,-0.4315554,0.0020850115,-1.31472,-0.06994382,-0.083815634,-0.04533616,0.004946497,-0.1933004,-0.030763084,-0.0024463586,0.09559287,0.0043846495,-0.18307275,-0.16467687,-0.46321407,0.05081024,0.41592133,0.10743671,-0.54234976,-0.17340511,0.025202012,-0.7301266,-0.10261006,-0.05293077,-0.11419825,-0.018748447,-0.036555126,-0.0019233951,0.04201449,-0.011709699,0.00816186,-0.042084858,-0.018500635,-0.124411166,0.0118639255,0.04913056,-0.004765665,0.033637382,-0.012874307,0.008107111,-0.31666133,0
0.5082576,0.0025120287,0.011056539,0.01415855,0.0062601096,0.008534863,0.014776868,-0.10414381,-0.11442311,-0.6158074,-0.7691215,-0.505497,-0.15993777,-0.2077565,-0.15637091,-1.0539619,0.0016946816,0.08822506,0.016432699,-0.009271884,-0.14492485,-0.07554234,-0.021640671,0.043747023,0.00096621533,-0.14192244,-0.039680403,-0.63594043,0.018267564,-0.46410558,-0.12723769,-0.3919516,-0.08207716,0.016480682,-0.66690934,-0.032234367,0.06759865,-0.11436319,-0.012798328,-0.028241606,0.004254614,-0.07644281,-0.00043024193,-0.011041993,0.008597687,0.033894956,0.2707403,0.018367372,0.03736827,-0.0022653602,-0.025780832,-0.010529221,-0.0007346388,-0.26298207,0
0.5005442,0.012604771,0.013232256,0.010837702,0.003362868,0.007429021,-0.001120881,-0.09137261,-0.1192352,-0.5620955,-0.7256662,-0.45641604,-0.11051492,-0.3019908,-0.15357883,-1.0112289,0.005575699,0.1099193,0.020357147,-0.009644773,-0.16789733,-0.12948264,-0.044505935,0.038424365,0.00104081,-0.105582714,-0.041447256,-0.6085114,-0.048971042,-1.0147653,-0.12775685,0.0042823176,-0.12932155,-0.019457709,-0.7339338,-0.02434969,0.060340293,-0.10434616,-0.008245166,-0.033790834,0.004456614,-0.06302788,-0.0021037892,0.004633718,0.13623929,0.031803325,0.27583262,0.015503486,0.0338939,-0.004778719,-0.022138432,-0.008470371,0.004408526,-0.10925776,0
-0.4040287,0.014402429,0.0583625,0.009067789,0.00080288807,0.0034878892,0.02498517,-0.07388043,-0.10392692,-0.68074054,-0.69990885,-0.43312293,-0.15526804,-0.70899767,-0.079733126,-0.92619544,0.02469594,0.12159645,0.17726186,-0.009078044,0.5582502,-0.020891022,-0.0146307815,-0.14957447,0.00028174487,-0.28785348,0.053933468,0.21540144,0.05322512,0.50406647,0.2301387,-0.19268663,-0.18542425,-0.014885083,-0.3026965,0.10779908,0.06051577,-0.12278195,-0.028128585,0.039024755,-0.0026526223,0.035655048,0.008837447,0.0016686018,-0.046031725,0.046974212,-0.11489777,0.0233558,0.03802473,0.0047919177,-0.042006638,-0.0044190856,-0.0014240475,-0.39212874,0
-0.2907509,-0.0007203217,0.06373116,0.016538685,0.00804803,0.0062148715,0.033929583,-0.05950857,-0.11268947,-0.35659623,-0.04253618,-0.5014518,0.07400788,0.08846492,-0.14241561,-1.5584608,-0.074184336,-0.102430284,-0.23822936,-0.005744904,-0.1444338,-0.18499951,-0.0037584356,0.062910184,-0.0038732549,-0.16068776,-0.19135486,-0.511058,-0.20435509,-0.65484023,-0.21268024,-0.7080765,-0.17881003,-0.043843422,-0.67508495,-0.20355378,-0.07625438,0.17998528,-0.031782288,0.038988806,0.0089392625,-0.082472906,-0.0066676084,-0.015034327,-0.0601508,-0.020057626,-0.118227154,-0.004625961,0.028772194,-0.0101312045,-0.048301727,-0.0059169997,0.002407347,0.39752588,0
-0.3596054,-0.006038997,0.06176962,0.015572908,0.0051646386,0.0046143048,0.044522457,-0.05307535,-0.09860676,0.0051073134,-0.06434575,-0.43736875,0.03905599,-0.16598222,0.0020410526,-1.6133448,-0.077569336,-0.11954628,-0.0578704,0.008223743,-0.20814912,0.22804919,-0.044757836,-0.18870543,-0.017999034,-0.24530941,-0.0038504559,0.7208936,0.10341491,-0.829251,0.024783356,0.49871755,-0.18205489,-0.032019593,-0.9317634,0.025800211,0.031924445,-0.18790554,-0.004920863,-0.087187104,-0.02093997,0.054268524,0.00033582258,0.042813584,-0.051125877,-0.030099533,-0.15516236,-0.004005883,0.024616826,-0.013718603,0.050055195,-0.0035200403,-0.023007682,-0.28115633,0
-0.31012273,0.0037985318,0.009849515,0.012717248,0.0071480214,0.012401271,0.021808157,-0.08794612,-0.11706054,-0.012787088,-0.46854234,-0.50554526,-0.1363927,-0.4647982,0.0069837742,-1.1870399,0.012606138,0.11280216,0.03788989,-0.0064004026,-0.14915065,-0.12995544,-0.009800306,-0.09468015,0.00251351,-0.15142925,-0.015544327,-0.5051848,-0.09135035,-0.94923943,-0.31064332,-0.5198339,-0.1674682,0.034330558,-0.6358845,0.0080188755,0.059923816,-0.13081944,-0.008552751,-0.036286067,-0.0007149277,-0.07941449,0.00033354177,-0.018409096,0.123146206,0.03227906,0.22082745,0.005303601,0.025604282,-0.0010191757,-0.008897284,-0.005928259,0.00540842,-0.21515174,0
-0.25879496,0.0021441947,0.010617755,0.008982642,0.0076493174,0.008317046,0.0018887839,-0.083615616,-0.117529035,-0.5815396,-0.7309813,-0.5094221,-0.14504409,-0.64737505,-0.10315438,-0.4945927,0.100691766,0.11570757,0.021320023,-0.0014964761,0.090684064,-0.13897775,-0.019659398,-0.11543397,0.002314212,-0.20036784,0.016775202,-0.6162192,0.03011432,-0.6262008,-0.22854665,-0.5347208,-0.17435601,-0.024042271,-0.5283042,0.07320604,0.061405934,-0.11069444,-0.017106965,-0.028518513,-0.002695465,-0.07575684,0.00068521546,-0.01676823,0.12501137,0.030656917,0.26150256,-0.0028988349,0.026991274,-0.002581175,-0.0042671454,-0.0075534596,0.0043783886,-0.28906298,0
-0.433805,-0.0053837257,0.01525273,0.018437,0.002492712,0.016045738,0.03758672,-0.07040261,-0.11128769,0.15456672,0.049911916,-0.5658665,-0.157189,0.17446983,-0.0914593,-1.5019628,-0.087488234,-0.120507635,-0.18136105,0.0014373006,-0.14067361,0.1793382,-0.01980715,-0.10933252,-0.010490102,-0.07480196,0.012325905,-0.43332702,0.032252755,0.41747877,-0.31240436,-0.6649169,-0.14659344,-0.035969928,-0.7991479,0.03691701,-0.08625313,-0.2364956,-0.0585332,-0.021686375,-0.011117017,0.072550334,-0.0066238446,-0.0089577045,-0.06122762,-0.024554862,-0.12742096,-0.0035493765,-0.056052577,-0.009220986,0.034977555,-0.0025182436,-0.0134584075,-0.29372752,0
-0.2816305,-0.0239675,0.05795282,0.008271702,0.004458257,0.003979559,0.024375634,-0.07825402,-0.12195106,-0.5277973,-0.6333937,-0.45638496,-0.12377181,-0.5730738,-0.06894984,-1.2655144,-0.05907602,-0.07556109,0.18026781,0.006772697,0.44499263,-0.06238559,-0.0057835854,-0.13302644,-0.014631759,-0.25698343,0.052637376,1.0309094,0.053985026,-0.36102068,0.077572905,-0.18871962,-0.17452997,0.016463676,-0.4797635,0.06810679,0.053838324,-0.13014895,-0.015261693,0.0318004,-0.012488162,0.0268494,0.001151663,-0.0083444705,-0.05158459,0.038850404,-0.16233788,0.020685673,0.025369622,8.850999e-05,-0.04542091,-0.0006557718,0.0053405194,-0.33152416,0
-0.44039968,0.013961559,0.06544027,0.016604569,-0.0014672894,0.005427174,0.045841634,-0.051318925,-0.11062401,-0.5079193,-0.030827649,-0.50152665,0.10610804,0.17901893,0.0058565475,-1.2573714,0.048514765,0.10939587,-0.61053115,-0.0037789433,-0.18651666,-0.11718951,-0.020501446,0.07935003,0.006373724,-0.18649355,-0.18248564,-0.34325787,-0.020515792,0.6106275,0.29745197,-0.66769433,-0.19985458,0.038459897,-0.7654419,-0.0036625527,-0.05907919,-0.09628872,-0.014424205,-0.010391059,-0.001484511,0.045629956,-0.012770529,-0.005438476,-0.07015985,-0.02899165,-0.031083876,0.008183376,0.04953769,-0.0071440497,0.033384524,-0.011323236,0.0007634235,-0.29277626,0
-0.4310338,-0.023890233,-0.018390987,-0.0066564595,0.009149382,-0.0034157224,-0.024539452,-0.052653212,-0.083315805,0.14833175,0.043164536,-0.52976745,-0.20036645,0.14224456,0.0833953,-1.4577577,-0.11626437,-0.12526864,-0.5820109,-0.00492231,-0.16644064,0.20797522,-0.033783536,-0.116558194,-0.00060793076,-0.1728034,-0.048421882,-0.42316025,0.0034618652,0.95226437,-0.25679797,-0.5284168,-0.1565532,0.033046745,-0.70868397,-0.15217978,0.07158456,-0.06008258,-0.058809556,-0.069056354,-0.01383284,0.00038263644,-0.0070971455,-0.020771924,-0.06531809,-0.017382165,-0.12181465,0.0038539027,0.05077249,-0.0035716607,-0.03176773,0.013295343,-0.0046562003,-0.29532632,0
-0.42631283,-0.024726385,-0.01828453,-0.01612952,0.011405613,-0.0014357939,-0.03267695,-0.050513845,-0.06809843,0.20696661,0.1398843,-0.5120834,-0.14161219,0.27847683,0.0011189803,-1.4432045,-0.114517376,-0.1227961,-0.5527584,-0.005030169,-0.1616287,0.13990256,-0.012688551,-0.10312545,-0.011661223,0.07684908,-0.05736208,-0.4205952,0.041990682,0.49794996,-0.31029347,-0.68206316,-0.14594945,-0.03237535,-0.7725645,-0.12990111,-0.07187449,-0.22457398,-0.062242158,0.084195934,-0.0061717103,-0.05965543,-0.008061059,0.009244748,-0.070636086,-0.020788258,-0.13004184,-0.0059201363,-0.049962245,-0.007485085,0.02802028,0.010055704,-0.0062253466,-0.26652032,0
-0.33764347,0.007197024,0.019793093,0.018125717,0.0075545018,0.02571437,0.03955979,-0.062569216,-0.1351026,0.13025637,-0.020947557,-0.49630105,0.06952222,0.22776373,-0.0944692,-1.5108148,-0.0006649203,0.18471129,-0.4625707,0.0065284874,-0.1498338,-0.21610686,-0.014488436,0.058339935,-0.0011309537,-0.15209785,-0.23410505,-0.45708174,-0.2844484,-0.698712,-0.23195948,-0.75155246,-0.17145209,-0.046874654,-0.6370971,-0.1742372,-0.072360106,0.22172171,-0.024911933,0.055939324,0.0018355453,0.023012796,-0.008454339,-0.013601425,-0.061391946,-0.008537711,-0.11757901,0.00021221407,0.042530492,-0.009824707,-0.017164545,0.000156753,0.0049250117,0.22588897,0
-0.36532757,-0.0044486835,0.064428836,0.012108828,0.006933014,0.002659395,0.03944221,-0.049820688,-0.10148492,-0.5016256,-0.092337094,-0.48243445,-0.0030170665,-0.23881602,-0.08992995,-1.2496234,-0.07700108,-0.1099332,-0.5290753,0.008079533,-0.18023986,0.17362158,-0.04993556,-0.14594132,-0.010741821,-0.24564618,0.18865696,0.021598073,0.07495058,-0.45997894,-0.18498923,0.23385322,-0.16378424,-0.028313609,-0.8313681,-0.01608607,-0.05750028,-0.10974656,-0.013187972,-0.077946655,0.002813075,0.070602246,-0.0049718497,0.056784444,-0.029318566,-0.029888786,-0.12848283,-0.006861656,0.041524466,-0.017415354,0.044444174,-0.010210761,-0.008939703,-0.2958371,0
-0.33095604,0.00565639,0.0076579154,0.00817485,0.006078607,0.0054765185,0.017954417,-0.09165923,-0.12238087,-0.56007624,-0.70337117,-0.51815856,-0.13950264,-0.59221834,-0.09980665,-0.88536465,0.10162094,0.120685495,0.02273787,-0.003214157,-0.1454849,-0.12637356,-0.018869812,-0.09331581,0.004138927,-0.16108833,0.07628486,-0.5733278,0.0136855235,-0.6037952,-0.2217137,-0.53936297,-0.17232741,-0.017755315,-0.5671302,0.012009113,0.063290656,-0.11035593,-0.01699282,-0.027688455,-0.00091898395,-0.07629836,0.0015803103,-0.018062819,0.12525593,0.03219756,0.22412632,0.0016544276,0.02610252,-0.0046566892,-0.007324701,-0.0066363094,0.003048895,-0.23945941,0
-0.3417335,-0.0107581625,-0.10436943,-0.011478217,-0.0070865033,-0.004318921,-0.03949992,-0.04519399,-0.10718558,0.16584043,0.026213283,-0.40666938,0.08389754,0.2517025,-0.10274651,-1.4835676,-0.0863204,-0.13059093,-0.5574482,-0.0049186028,-0.16287604,-0.16509385,-0.035277575,-0.09712989,-0.007278025,-0.24691997,0.12339214,-0.4065891,-0.21698307,-0.91873294,0.37057927,0.54678094,-0.08510496,-0.05067754,-0.84313256,-0.15088192,0.05621568,-0.057730127,0.0017629224,-0.083232045,-0.017018784,0.057143748,-0.001102701,-0.009951535,-0.029349165,-0.033290803,-0.1383231,0.006776718,0.047401246,-0.004474702,0.021720752,-0.00068642246,0.0056099184,-0.24428137,0
-0.3404444,-0.06312337,-0.12513214,-0.014321182,-0.026947992,-0.01133514,-0.030678488,0.101751044,0.18114898,0.2652047,0.5689338,0.86063945,0.10022275,0.2722016,0.086883515,-1.5605052,-0.07694082,-0.1182695,-0.037581168,0.0017428782,-0.14060797,0.25091994,-0.022248318,0.019162294,0.013579527,-0.08409861,0.08983566,-0.24492273,0.022908498,-0.9679644,-0.38373408,0.2176738,-0.13742074,-0.05642197,-0.92786413,-0.09708628,-0.06193823,-0.21361999,0.030334428,-0.1142009,-0.025066422,0.038398538,-0.010647237,-0.012663899,-0.057394046,-0.007771835,-0.11883158,-0.00064562494,-0.10738064,0.012858073,-0.05219547,-0.0017571938,0.006688476,-0.21512327,0
-0.29313302,0.006974749,0.0064773737,0.00887848,0.008432723,0.005486144,0.0015318627,-0.09212333,-0.117680244,-0.52731717,-0.7108178,-0.5251585,-0.1390592,-0.59374887,-0.102624014,-0.7767047,0.108447686,0.1168566,-0.0013825819,-0.0056319134,-0.14652327,-0.13031887,-0.019365633,-0.09824428,0.0013448803,-0.20184629,0.001007309,-0.578589,0.030058507,-0.61781394,-0.22285204,-0.52071637,-0.17659321,-0.025195591,-0.57634854,0.04123272,0.06340426,-0.113705285,-0.016163863,-0.02804396,-0.00091898395,-0.07567465,0.0006142224,-0.018446596,0.12525593,0.033262666,0.26556224,-0.00096955174,0.026685793,-0.0037499783,-0.0006858064,-0.008892069,0.004772554,-0.25385007,0
0.50576884,-0.039253816,0.019188263,-0.012611949,-0.0015045076,-0.0030581998,-0.033347443,-0.04471795,0.14819099,0.24091594,0.11908392,-0.2011283,0.08711074,0.26604906,-0.09513494,-1.5032107,-0.10175935,-0.12553996,-0.09891628,-0.00023029535,-0.19550243,-0.16800916,-0.013613203,0.063866794,-0.0014914975,-0.21097791,-0.0726362,-0.33616215,-0.20682369,0.8316321,0.33892828,-0.5658486,-0.21195619,-0.08800372,-0.8189834,-0.2496105,-0.07842589,-0.101834826,-0.06710318,0.03544066,-0.0011519713,0.080544695,0.0008664203,0.032025117,-0.045748953,-0.0152487205,-0.11849311,-0.0042826906,0.03261138,-0.014042278,-0.0473526,-0.0024197483,-0.009900633,0.044022024,0
-0.3058921,0.009358686,0.004826833,0.007437898,0.006453043,0.0053604743,0.00075700536,-0.07309885,-0.12025695,-0.44525182,-0.6289123,-0.45541885,-0.044527136,-0.57689863,-0.116617255,-1.2189173,0.1003269,0.11412378,0.1322376,-0.0050786985,0.29104334,-0.11099301,-0.02037478,0.060741168,0.0032806962,-0.13949138,-0.019527778,-0.6869595,-0.1553522,-0.91746515,-0.229793,-0.48973328,-0.13519542,0.02835208,-0.516197,0.027301751,0.056243084,-0.1018397,-0.016208244,-0.031427253,-0.002573785,-0.06741868,-0.0009803828,-0.018451758,0.123744085,0.028815545,0.35427716,0.014483095,0.026095707,-0.0016304315,-0.014870601,0.004342106,-0.0042077694,-0.1132472,0
-0.37198398,0.017279534,0.018282004,0.001503536,0.015421985,0.0005915761,0.010979634,-0.064787254,-0.051142275,0.17225559,0.028132383,-0.48789486,0.07721202,0.27831078,-0.16777435,-1.5025413,0.048396636,-0.077706225,-0.6192048,0.0065685064,-0.15716733,-0.2202281,-0.03878455,0.05996573,-0.007923149,-0.1740385,-0.14506185,-0.23073386,-0.24756527,-0.05468078,-0.088904075,-0.65595627,-0.15844299,-0.025668448,-0.8329961,-0.16394149,-0.08448564,0.24060349,-0.049709767,0.0028915992,-0.017852606,0.043020137,-0.0026725053,0.04300075,-0.028179454,-0.026830662,-0.115416914,-0.0020889603,0.038460076,-0.011945801,0.008769804,-0.01067541,-0.0061772713,-0.18768069,0
-0.33332923,-0.0033628666,0.05533711,0.006712459,0.0020007484,0.007564006,0.016448392,-0.08975256,-0.105179965,-0.5885609,-0.73930633,-0.44529057,-0.16453996,-0.6714125,-0.08490919,-0.96307075,0.004341746,0.12323594,0.1550578,0.009066738,-0.16736685,-0.072603926,-0.050430547,-0.1041821,0.007137599,-0.31170285,0.2001939,-0.59508085,-0.1459946,-0.41223115,0.06620543,0.219893,-0.07488303,-0.00036795565,-0.49797517,0.094883,0.06754463,-0.10319442,-0.01884973,-0.032799106,-0.0011153906,-0.07177066,0.0014119684,-0.020058826,-0.041007537,0.032234903,0.22554125,0.012180323,0.019802695,-0.007695484,-0.047847316,-0.0016023364,-0.00967455,-0.052420776,0
-0.3251814,-0.016918419,0.02532589,-0.0149457315,0.00012345752,-0.0008744439,-0.037088454,-0.047036264,-0.12003569,0.18370223,0.017617105,-0.42617238,0.07207658,0.28315273,0.13236123,-1.5112354,-0.07581417,-0.103025146,-0.26180068,-0.00049288827,-0.19140863,-0.15012823,-0.037909303,-0.14637458,-0.022936983,-0.22826403,0.28465858,0.67711556,-0.18967055,-0.9521124,0.38054192,0.51152337,-0.15259267,0.03896852,-0.94246674,-0.08584922,0.051227007,0.16029964,-0.012495694,-0.007752531,0.015338842,0.04945352,-0.0092066815,-0.027889706,-0.021969369,-0.015765259,-0.16037112,-0.0031900706,0.041123178,0.004426456,0.048009414,0.009177787,-0.006592131,-0.26169792,0
-0.41403577,-0.05090486,-0.087172985,-0.013308844,-0.006304036,-0.012361638,-0.0254549,-0.029002577,0.057465896,0.19451281,0.1315481,-0.20957129,-0.12328545,0.27153757,-0.1361348,-1.4801692,-0.11057132,-0.12789443,-0.568438,-0.0036461032,-0.16579475,-0.18926172,-0.028448386,-0.08652529,0.0049902755,0.09620966,-0.23465255,-0.4527123,-0.1509277,0.1690821,-0.33479905,0.12948953,-0.08876328,-0.019180868,-0.8378925,0.039907366,-0.0852645,-0.18318751,-0.020943806,-0.096411586,-0.01603578,0.034641143,-0.007886872,-0.019049136,-0.06748969,-0.028215041,-0.13242358,0.0046159737,0.042142462,0.0089553865,0.0009019965,0.0043784827,-0.0112755345,-0.26553026,0
-0.33634368,-0.018874021,0.032623343,0.00021296553,0.011783512,0.00016294466,0.01461178,-0.047436718,-0.04524227,0.13873406,0.015146889,-0.40559876,0.08749949,0.25395498,-0.13975726,-1.5032842,-0.08856931,-0.1339068,-0.49408424,0.00060862326,-0.17213993,-0.2057176,-0.0250288,0.022240965,0.012012884,0.013211878,-0.027109742,-0.38161704,0.06564408,-0.9230889,-0.37740606,0.54688954,-0.16619024,-0.051808525,-0.9158926,-0.14658132,-0.07122011,-0.09177098,-0.045468897,-0.084281296,-0.008313235,-0.057015736,-0.009905576,-0.013392239,-0.025829278,-0.02290532,-0.116633385,-0.00036564516,-0.07936466,0.018351173,-0.046755537,-0.0045705065,-0.009132604,-0.24376866,0
-0.27068308,-0.0016347682,-0.03814937,0.006350997,0.004880763,0.0034026871,0.017711002,-0.08627169,-0.11327395,-0.50231725,-0.65495586,-0.47570387,-0.13523419,-0.60983574,-0.03392983,-1.1055142,0.008611064,0.110622644,0.1500022,0.0067371875,-0.16977657,-0.0806165,-0.025483845,-0.097002394,-0.009969749,-0.23966591,0.08581092,-0.5516707,-0.14517798,-0.8763342,0.27964568,-0.40888992,-0.15176159,0.03278494,-0.51169044,0.03136178,0.060101327,-0.10201005,-0.014878349,-0.029613506,0.00019519567,-0.077344246,-0.0003731167,-0.004065577,-0.030781861,0.048430283,0.41340482,0.0075470842,0.016332062,-0.005222151,-0.023750668,0.012207503,-0.0057543768,-0.10355002,0
-0.3433114,0.0014897059,0.008207601,0.008128565,0.0037971053,0.0066663236,0.016750442,-0.07049296,-0.09368355,-0.42555746,-0.6357701,-0.41575176,-0.12521076,-0.4920242,-0.136986,-1.2970082,0.102421455,0.12608084,0.1395085,-0.0047118915,-0.14233105,-0.107736535,-0.024406133,0.04149863,-0.0046125213,-0.067025445,-0.023657013,-0.6342587,-0.15459295,-0.90580195,-0.26987642,0.21103711,-0.129131,-0.017599683,-0.54561347,0.032931365,0.05966256,-0.10235395,-0.014887501,-0.03850093,-0.00077616563,-0.0636353,-0.0009261833,-0.0024600697,0.11697781,0.035547692,0.41831276,0.012458152,0.027508385,-0.008033863,-0.019997103,-0.008850281,0.0017888617,-0.24856107,0
-0.43809342,-0.03456357,-0.10551476,-0.0103027765,0.0044747517,5.860813e-06,-0.027904047,-0.021150868,0.15351611,0.23071569,0.16318096,-0.06493989,-0.0014707507,0.3131076,0.045220327,-1.4954547,-0.109194145,-0.130613,-0.09088004,-0.005079314,-0.1584003,0.25085425,-0.04083479,-0.12317908,0.0025625138,-0.238913,-0.04084545,-0.421275,-0.20508064,0.5625799,-0.30649307,0.1612927,0.2080912,-0.07148684,-0.81936103,-0.13891453,-0.08843432,-0.081469625,-0.07809388,0.078250095,-0.01371757,-0.11554018,-0.00412286,-0.021214625,-0.06771026,-0.0109882895,-0.12185645,0.016918123,0.03048761,0.008549003,-0.05077404,0.0030753799,0.010730828,-0.2588448,0
-0.023266077,-0.035905108,-0.105656646,-0.005514391,0.028915644,0.0018466107,0.016836751,0.10383362,0.13553767,0.1884377,0.18226038,0.8722667,0.0667979,0.25896,-0.1697998,-1.4466853,-0.09930666,-0.10628304,-0.59231883,0.0012898913,-0.15028675,-0.24905522,-0.035686724,0.058936093,-0.008673905,-0.0954005,-0.025505653,-0.22122757,-0.19540995,0.058689155,0.02242633,-0.50966054,-0.15796965,-0.059917208,-0.8783181,-0.2128542,-0.07487385,0.25518897,-0.067203365,0.09458259,0.007451708,0.069939286,-5.5905315e-05,-0.0064669787,-0.017581388,-0.010302138,-0.09241258,0.00074484025,0.040595975,-0.017554177,-0.038002044,0.0030165976,-0.007963798,-0.039067596,0
-0.37719768,-0.041361444,-0.0906368,-0.012408565,-0.009887379,-0.0085540805,-0.034923706,-0.06002332,-0.048711326,0.16505112,0.055791397,-0.42770082,0.08826177,0.2536772,0.14443734,-1.6907066,-0.10724935,-0.1282771,-0.22807395,-0.005031406,-0.19969721,-0.16692472,0.017269127,0.07796067,-0.019157967,-0.17449297,-0.09316666,0.7788398,-0.20808552,0.50852644,0.028941352,-0.66039705,-0.045176856,-0.027939169,-0.9022601,-0.16133097,-0.08543142,-0.07105902,-0.03245429,-0.07754906,-0.01741363,0.054749794,-0.012717131,-0.0059106387,-0.037833326,-0.012599612,-0.15920839,0.018234909,0.047229193,-0.011321427,0.028936042,0.0040050726,0.005020237,-0.20754062,0
-0.28411826,0.0026068068,0.05787207,0.009021807,0.006329096,0.0056492747,0.011366738,-0.08673535,-0.12002809,-0.5288397,-0.633176,-0.5117666,-0.13033423,-0.5760897,0.066135906,-1.0428107,0.086191654,-0.037729792,0.13862094,0.009493422,-0.10230093,-0.13004693,-0.0387984,-0.083019555,0.0052528214,-0.19499855,0.21707648,-0.59151816,-0.14800349,-0.6088745,-0.19123784,-0.4978987,-0.16590005,0.008508632,-0.5371863,-0.02488603,0.063785344,-0.10162523,-0.01618662,-0.028010258,-0.0016844901,-0.07483716,0.0013516452,-0.0035108794,0.12221295,0.03261617,0.3713139,0.00033480662,0.019893304,-0.004211542,-0.008516697,-0.010913362,-0.004712073,-0.24741586,0
-0.31045234,0.007674433,0.004120738,0.012209418,0.0065208175,0.008969287,0.019208096,-0.0799814,-0.1051216,-0.4083834,-0.5982558,-0.46922505,-0.10928728,-0.35823807,0.14946155,-1.2664186,0.010183275,0.12816359,0.028874848,-0.0022159452,-0.13015972,0.096323945,-0.03884394,-0.074191935,-0.0020275817,-0.115177974,0.02220836,-0.57546574,-0.12058458,-0.8516692,-0.23739842,-0.5290532,0.29338375,0.026751665,-0.60837823,-0.0013089391,0.055721965,-0.106273465,-0.019744106,-0.034070127,0.0011947087,-0.079785936,0.00076616067,0.00046471832,0.11413386,0.024785249,0.40903246,0.0066244546,0.02930636,-0.0036610886,-0.00983352,0.002257769,-0.005600973,-0.2230831,0
